Report Number,Local Case Number,Agency Name,ACRS Report Type,Crash Date/Time,Route Type,Road Name,Cross-Street Name,Off-Road Description,Municipality,Related Non-Motorist,Collision Type,Weather,Surface Condition,Light,Traffic Control,Driver Substance Abuse,Non-Motorist Substance Abuse,Person ID,Pedestrian Type,Pedestrian Movement,Pedestrian Actions,Pedestrian Location,At Fault,Injury Severity,Safety Equipment,Latitude,Longitude,Location
MCP26860079,240025890,MONTGOMERY,Property Damage Crash,05/31/2024 05:11:00 PM,County Route,BROADWAY AVE,,,,Cyclist (non-electric),Single Vehicle,Clear,Dry,Daylight,Pedestrian Crossing Sign,"Not Suspect of Alcohol Use, Not Suspect of Drug Use","Not Suspect of Alcohol Use, Not Suspect of Drug Use",F78244FE-BBD1-496A-BBC2-CDB75E26D378,Cyclist (non-electric),Cross/Enter at Intersection,"Dart/Dash, Failure to Yield Right-Of-Way, In Roadway Improperly (Standing, Lying, Working, Playing)",Intersection Unmarked Crosswalk,Yes,No Apparent Injury,None,39.21944333,-77.2862065,"(39.21944333, -77.2862065)"
MCP285300B6,250022228,MONTGOMERY,Injury Crash,05/19/2025 09:06:00 PM,US (State),COLUMBIA PIKE,,,,Pedestrian,Single Vehicle,Clear,Dry,Dark - Lighted,No Controls,"Not Suspect of Alcohol Use, Not Suspect of Drug Use","Suspect of Alcohol Use, Not Suspect of Drug Use",BE394FB4-2A91-4F51-8D40-C53F5983C88C,Pedestrian,Walking/Cycling on Sidewalk,"In Roadway Improperly (Standing, Lying, Working, Playing)",Sidewalk,No,Possible Injury,None,39.032216,-77.00361283,"(39.032216, -77.00361283)"
MCP32790034,240019581,MONTGOMERY,Property Damage Crash,04/26/2024 04:16:00 PM,Ramp,RAMP 2 FR RANDOLPH RD WB TO MD 97 NB,,,,"Other Pedestrian (person in a building, skater, personal conveyance, etc.), Pedestrian",Single Vehicle,Clear,Dry,Daylight,Pedestrian Crossing,"Not Suspect of Alcohol Use, Not Suspect of Drug Use","Not Suspect of Alcohol Use, Not Suspect of Drug Use",F47585D9-BA23-4F5B-90E3-349BA3BC3C38,Pedestrian,Other,None (No Improper Action),Intersection Marked Crosswalk,No,No Apparent Injury,None,39.05840249,-77.04991186,"(39.05840249, -77.04991186)"
MCP3129009F,240025812,MONTGOMERY,Injury Crash,05/31/2024 11:57:00 AM,County Route,ASPEN HILL RD,,,,"Other Pedestrian (person in a building, skater, personal conveyance, etc.)",Single Vehicle,Clear,Dry,Daylight,No Controls,"Not Suspect of Alcohol Use, Not Suspect of Drug Use","Not Suspect of Alcohol Use, Not Suspect of Drug Use",F15B7010-B1A6-4AEB-8622-E6A29175564A,"Other Pedestrian (person in a building, skater, personal conveyance, etc.)",Standing,None (No Improper Action),Other,No,Suspected Minor Injury,None,39.08023358,-77.08100069,"(39.08023358, -77.08100069)"
MCP3129009G,240026455,MONTGOMERY,Injury Crash,06/04/2024 06:39:00 AM,Maryland (State) Route,GEORGIA AVE,NORBECK RD,,,Pedestrian,Single Vehicle,Clear,Dry,Daylight,Traffic Control Signal,"Not Suspect of Alcohol Use, Not Suspect of Drug Use","Not Suspect of Alcohol Use, Not Suspect of Drug Use",99DD1951-7BCB-4764-A991-287A03A67FFF,Pedestrian,Unknown,Unknown,Unknown,No,Suspected Serious Injury,None,39.10939844,-77.07577749,"(39.10939844, -77.07577749)"
MCP3181002J,240014382,MONTGOMERY,Injury Crash,03/26/2024 10:45:00 PM,Private Route,,CONNECTICUT AVE,,,Pedestrian,Single Vehicle,Cloudy,Dry,Dark - Lighted,Pedestrian Crossing,"Unknown, Unknown","Not Suspect of Alcohol Use, Not Suspect of Drug Use",A3854B05-E69E-4239-9522-1D828E3F991E,Pedestrian,Cross/Enter at Intersection,None (No Improper Action),Intersection Unmarked Crosswalk,No,Suspected Minor Injury,None,39.08921605,-77.07181031,"(39.08921605, -77.07181031)"
DD5633008N,240010884,ROCKVILLE,Injury Crash,03/06/2024 12:02:00 PM,Municipality Route,A ST (WB/L),HUNGERFORD DR,,,Pedestrian,Single Vehicle,Cloudy,Dry,Daylight,Pedestrian Crossing,"Not Suspect of Alcohol Use, Not Suspect of Drug Use","Not Suspect of Alcohol Use, Not Suspect of Drug Use",BFE6A0C4-501A-4AC3-8F64-91FF3508356B,Pedestrian,Cross/Enter at Intersection,None (No Improper Action),Intersection Marked Crosswalk,No,Suspected Minor Injury,None,39.09199536,-77.15319388,"(39.09199536, -77.15319388)"
MCP2270003S,240049020,MONTGOMERY,Injury Crash,10/14/2024 07:20:00 AM,Maryland (State) Route,BRADLEY BLVD,RAYBURN RD,,,Cyclist (non-electric),Single Vehicle,Clear,Dry,Daylight,Stop Sign,"Not Suspect of Alcohol Use, Not Suspect of Drug Use","Not Suspect of Alcohol Use, Not Suspect of Drug Use",F3A68473-D28E-472F-917F-B91BDD398DE0,Cyclist (non-electric),Walking/Cycling Along Roadway With Traffic (In or Adjacent to Travel Lane),None (No Improper Action),Intersection Other,No,Suspected Minor Injury,"Helmet, Lighting, Reflectors",38.99303314,-77.12081277,"(38.99303314, -77.12081277)"
MCP2455006M,240009809,MONTGOMERY,Injury Crash,02/28/2024 08:15:00 PM,Municipality Route,PIER DR,,,,Pedestrian,Single Vehicle,Unknown,,Dark - Lighted,Stop Sign,"Unknown, Unknown","Not Suspect of Alcohol Use, Not Suspect of Drug Use",80F9BA46-AB3C-4201-8905-57CA87E3C7F6,Pedestrian,Cross/Enter at Intersection,None (No Improper Action),Intersection Unmarked Crosswalk,No,Possible Injury,Unknown,39.06797883,-77.1142694,"(39.06797883, -77.1142694)"
DM83860026,240019199,TAKOMA,Injury Crash,04/24/2024 07:25:00 PM,County Route,DIVISION ST,,,,Cyclist (non-electric),Single Vehicle,Clear,Dry,Daylight,Stop Sign,"Not Suspect of Alcohol Use, Not Suspect of Drug Use","Not Suspect of Alcohol Use, Not Suspect of Drug Use",D2321726-B827-4D45-A483-851967930554,Cyclist (non-electric),Walking/Cycling Along Roadway With Traffic (In or Adjacent to Travel Lane),Failure to Yield Right-Of-Way,Intersection Unmarked Crosswalk,Yes,Suspected Minor Injury,None,38.98705937,-77.00000987,"(38.98705937, -77.00000987)"
MCP21810059,240009261,MONTGOMERY,Injury Crash,02/25/2024 11:58:00 PM,County Route,CHERRY HILL RD,,,,Pedestrian,Single Vehicle,Clear,Dry,Dark - Lighted,No Controls,"Not Suspect of Alcohol Use, Not Suspect of Drug Use","Suspect of Alcohol Use, Not Suspect of Drug Use",22E60ECF-508E-4142-82EF-6B47AACDB6B2,Pedestrian,Cross/Enter Not at Intersection,"Dart/Dash, Not Visible (Dark Clothing, No Lighting, etc.)",Travel Lane Other Location,Yes,Suspected Serious Injury,None,39.04950426,-76.95247673,"(39.04950426, -76.95247673)"
MCP30580059,240011001,MONTGOMERY,Injury Crash,03/07/2024 03:46:00 AM,County Route,E GUDE DR (WB/L),FREDERICK RD,,,Cyclist (non-electric),Single Vehicle,Cloudy,Wet,Dark - Lighted,Pedestrian Crossing Sign,"Not Suspect of Alcohol Use, Not Suspect of Drug Use","Not Suspect of Alcohol Use, Not Suspect of Drug Use",9803DF14-4039-4FE7-840D-59CC02D4BD28,Cyclist (non-electric),Cross/Enter at Intersection,"Not Visible (Dark Clothing, No Lighting, etc.)",Intersection Marked Crosswalk,No,Suspected Minor Injury,None,39.10667667,-77.15829333,"(39.10667667, -77.15829333)"
MCP28700023,16066832,Montgomery County Police,Injury Crash,12/28/2016 07:00:00 PM,Maryland (State),NEW HAMPSHIRE AVE,POWDER MILL RD,,N/A,PEDESTRIAN,SINGLE VEHICLE,CLEAR,DRY,DARK LIGHTS ON,NO CONTROLS,NONE DETECTED,ALCOHOL PRESENT,6A3F019F-499B-48A6-9F0E-1C950FB3758E,PEDESTRIAN,Walking/Cycling on Sidewalk,NO IMPROPER ACTIONS,SIDEWALK,No,SUSPECTED MINOR INJURY,NONE,39.02323333,-76.97833667,"(39.02323333, -76.97833667)"
MCP320000BQ,240013628,MONTGOMERY,Injury Crash,03/22/2024 07:18:00 AM,County Route,TUCKERMAN LA,APARTMENT SVC RD GROSVENOR PL,,,Pedestrian,Single Vehicle,Clear,Dry,Dawn,Pedestrian Crossing,"Not Suspect of Alcohol Use, Not Suspect of Drug Use","Not Suspect of Alcohol Use, Not Suspect of Drug Use",2ED42C29-8729-4AFA-AAAE-25AF270AF3FD,Pedestrian,Cross/Enter at Intersection,None (No Improper Action),Intersection Marked Crosswalk,No,Possible Injury,None,39.0290638,-77.10818382,"(39.0290638, -77.10818382)"
MCP1389002J,190049063,Montgomery County Police,Injury Crash,10/12/2019 04:30:00 PM,County,LOST KNIFE RD,ODENDHAL AVE,,N/A,OTHER CONVEYANCE,STRAIGHT MOVEMENT ANGLE,CLEAR,DRY,DAYLIGHT,OTHER,NONE DETECTED,NONE DETECTED,14B5B731-26B4-4E57-800C-50E3D84E4131,OTHER CONVEYANCE,Other,NO IMPROPER ACTIONS,MIDBLOCK MARKED CROSSWALK,No,SUSPECTED SERIOUS INJURY,N/A,39.15281153,-77.1985404,"(39.15281153, -77.1985404)"
MCP32790034,240019581,MONTGOMERY,Property Damage Crash,04/26/2024 04:16:00 PM,Ramp,RAMP 2 FR RANDOLPH RD WB TO MD 97 NB,,,,"Other Pedestrian (person in a building, skater, personal conveyance, etc.), Pedestrian",Single Vehicle,Clear,Dry,Daylight,Pedestrian Crossing,"Not Suspect of Alcohol Use, Not Suspect of Drug Use","Not Suspect of Alcohol Use, Not Suspect of Drug Use",DD19E271-9437-4594-B1AB-3F4F371B1550,"Other Pedestrian (person in a building, skater, personal conveyance, etc.)",Other,None (No Improper Action),Intersection Marked Crosswalk,No,No Apparent Injury,None,39.05840249,-77.04991186,"(39.05840249, -77.04991186)"
MCP3039006V,240011994,MONTGOMERY,Property Damage Crash,03/12/2024 08:52:00 PM,County Route,COLONIAL LA,,,,Pedestrian,Single Vehicle,Clear,Dry,Dark - Lighted,No Controls,"Not Suspect of Alcohol Use, Not Suspect of Drug Use","Not Suspect of Alcohol Use, Not Suspect of Drug Use",0F69230C-4584-4293-A802-451DA976C6CB,Pedestrian,Standing,"In Roadway Improperly (Standing, Lying, Working, Playing)",Travel Lane Other Location,Yes,No Apparent Injury,None,38.99188743,-77.0279085,"(38.99188743, -77.0279085)"
MCP3319002C,240013810,MONTGOMERY,Injury Crash,03/23/2024 08:09:00 AM,County Route,CAMERON ST,GEORGIA AVE,,,Pedestrian,Single Vehicle,Rain,Wet,Daylight,Traffic Control Signal,"Not Suspect of Alcohol Use, Not Suspect of Drug Use","Not Suspect of Alcohol Use, Not Suspect of Drug Use",C169AE40-2123-42C9-BA3B-1B0095BBDC5E,Pedestrian,Cross/Enter at Intersection,None (No Improper Action),Intersection Marked Crosswalk,No,Possible Injury,None,38.99760114,-77.02967876,"(38.99760114, -77.02967876)"
MCP20450009,240005184,MONTGOMERY,Injury Crash,02/01/2024 11:50:00 AM,Local Route,QUINCE ORCHARD HS ENT,,,,Pedestrian,Single Vehicle,Clear,Dry,Daylight,"Person (including flagger, law enforcement, crossing guard, etc.","Not Suspect of Alcohol Use, Unknown","Not Suspect of Alcohol Use, Not Suspect of Drug Use",658F2CC5-71FA-46E3-A5EE-9F1462DB622F,Pedestrian,Standing,None (No Improper Action),Driveway Access,No,Suspected Minor Injury,Other,39.11757882,-77.25384597,"(39.11757882, -77.25384597)"
MCP2348006J,230031638,Montgomery County Police,Fatal Crash,07/03/2023 12:00:00 AM,Maryland (State),NEW HAMPSHIRE AVE,SLIGO CREEK PKWY,,N/A,PEDESTRIAN,SINGLE VEHICLE,CLEAR,DRY,DARK LIGHTS ON,N/A,ALCOHOL PRESENT,NONE DETECTED,805F51DF-272F-47D0-A509-AFC7E05B8594,PEDESTRIAN,Other,NO IMPROPER ACTIONS,OTHER,No,FATAL INJURY,N/A,38.98109532,-76.98930911,"(38.98109532, -76.98930911)"
MCP30940059,240054921,MONTGOMERY,Injury Crash,11/15/2024 07:25:00 PM,Maryland (State) Route,,FLOWER HILL WAY,,,Pedestrian,Single Vehicle,Clear,Dry,Dark - Lighted,Traffic Control Signal,"Unknown, Unknown","Not Suspect of Alcohol Use, Not Suspect of Drug Use",0998A842-D78F-45BB-95B6-2F1DC69F2FEB,Pedestrian,Cross/Enter at Intersection,None (No Improper Action),Intersection Marked Crosswalk,No,Possible Injury,None,39.15629709,-77.16548354,"(39.15629709, -77.16548354)"
MCP31450045,230059537,Montgomery County Police,Injury Crash,10/09/2023 07:30:00 PM,Maryland (State),UNIVERSITY BLVD W,BRUNETT AVE,,N/A,OTHER PEDALCYCLIST,SINGLE VEHICLE,CLEAR,DRY,DARK NO LIGHTS,NO CONTROLS,NONE DETECTED,NONE DETECTED,0EC48BED-082B-4A00-A89B-BCF4B4AB600B,OTHER PEDALCYCLIST,Cross/Enter at Intersection,NO IMPROPER ACTIONS,ON ROADWAY AT CROSSWALK,No,SUSPECTED MINOR INJURY,N/A,39.02294531,-77.0167265,"(39.02294531, -77.0167265)"
EJ7902001M,240051564,GAITHERSBURG,Injury Crash,10/27/2024 11:49:00 PM,,,,Parking Lot Way        112 PARAMOUNT PARK DR GARAGE,,Pedestrian,Single Vehicle,Clear,,Dark - Lighted,,"Suspect of Alcohol Use, Not Suspect of Drug Use","Suspect of Alcohol Use, Not Suspect of Drug Use",9F318979-EA93-4CD7-B9D2-39371901D047,Pedestrian,Other,None (No Improper Action),Other,No,Suspected Serious Injury,None,39.15592665,-77.21824437,"(39.15592665, -77.21824437)"
HA24920018,24002426,MCPARK,Injury Crash,11/17/2024 12:33:00 PM,Government Route,BEACH DR,,,,Pedestrian,Single Vehicle,Clear,Dry,Daylight,No Controls,"Not Suspect of Alcohol Use, Not Suspect of Drug Use","Not Suspect of Alcohol Use, Not Suspect of Drug Use",703F6B00-C062-437D-A1F9-D51BF2DDFF79,Pedestrian,Other,"None (No Improper Action), Unknown",Driveway Access,No,Suspected Minor Injury,None,38.98646597,-77.06239228,"(38.98646597, -77.06239228)"
MCP3193005J,240019209,MONTGOMERY,Property Damage Crash,04/24/2024 08:32:00 PM,County Route,AMHERST AVE,UNIVERSITY BLVD W,,,Pedestrian,Single Vehicle,Clear,Dry,Dark - Lighted,Traffic Control Signal,"Not Suspect of Alcohol Use, Not Suspect of Drug Use","Not Suspect of Alcohol Use, Not Suspect of Drug Use",6DEB3CD8-FFAE-4C3E-9299-AFB8C6E7E403,Pedestrian,Cross/Enter at Intersection,Unknown,Intersection Marked Crosswalk,No,No Apparent Injury,None,39.04110667,-77.04817333,"(39.04110667, -77.04817333)"
EJ7884006J,240018524,GAITHERSBURG,Injury Crash,04/20/2024 08:12:00 PM,Maryland (State) Route,S FREDERICK RD,,,,Pedestrian,Single Vehicle,Clear,Dry,Dusk,No Controls,"Unknown, Unknown","Suspect of Alcohol Use, Not Suspect of Drug Use",DB15B8D1-2BC9-4231-93A0-AF1B7BEEC022,Pedestrian,Cross/Enter Not at Intersection,"Dart/Dash, Failure to Obey Traffic Signs, Signals, or Officer",Shoulder/Roadside,No,Suspected Minor Injury,None,39.13543574,-77.1918265,"(39.13543574, -77.1918265)"
MCP28980060,250014774,MONTGOMERY,Injury Crash,04/03/2025 05:00:00 PM,County Route,SHADY GROVE RD (SB/L),COMPRINT CT,,,Pedestrian,Single Vehicle,Unknown,,Daylight,Traffic Control Signal,"Unknown, Unknown","Unknown, Unknown",336D92AF-3803-48F1-8C7B-AFB4FB0FC6E2,Pedestrian,Cross/Enter at Intersection,Unknown,Intersection Marked Crosswalk,No,Possible Injury,None,39.11913916,-77.18279159,"(39.11913916, -77.18279159)"
DD56580038,250003552,ROCKVILLE,Injury Crash,01/25/2025 12:08:00 PM,Municipality Route,SHERBROOKE WAY,HURLEY AVE,,,Pedestrian,Single Vehicle,Clear,Dry,Daylight,No Controls,"Unknown, Unknown","Not Suspect of Alcohol Use, Not Suspect of Drug Use",B271683B-03A4-4BE8-B25C-4EF727C974F3,Pedestrian,Walking/Cycling on Sidewalk,Unknown,Sidewalk,No,Possible Injury,None,39.08219505,-77.18338282,"(39.08219505, -77.18338282)"
MCP3355001P,250027484,MONTGOMERY,Injury Crash,06/20/2025 12:18:00 PM,Maryland (State) Route,WAYNE AVE,GEORGIA AVE,,,Pedestrian,Single Vehicle,Clear,Dry,Daylight,Pedestrian Crossing Sign,"Not Suspect of Alcohol Use, Not Suspect of Drug Use","Not Suspect of Alcohol Use, Not Suspect of Drug Use",2ABCC134-FE5A-4B35-A393-955B43E6D6ED,Pedestrian,Cross/Enter at Intersection,None (No Improper Action),Intersection Marked Crosswalk,No,Suspected Minor Injury,None,38.99446385,-77.02660766,"(38.99446385, -77.02660766)"
MCP33870018,240024557,MONTGOMERY,Injury Crash,05/24/2024 08:51:00 AM,US (State),COLUMBIA PIKE,,,,Cyclist (non-electric),Single Vehicle,Clear,Dry,Daylight,No Controls,"Not Suspect of Alcohol Use, Not Suspect of Drug Use","Not Suspect of Alcohol Use, Not Suspect of Drug Use",FA344226-5250-429E-83FA-2CEC3B8A7DC1,Cyclist (non-electric),Walking/Cycling on Sidewalk,None (No Improper Action),Sidewalk,No,Suspected Minor Injury,Helmet,39.03178688,-77.00401095,"(39.03178688, -77.00401095)"
MCP2760005D,240018485,MONTGOMERY,Property Damage Crash,04/20/2024 03:00:00 PM,County Route,LOST KNIFE RD (NB/L),,,,Cyclist (non-electric),Single Vehicle,Clear,Dry,Daylight,Stop Sign,"Not Suspect of Alcohol Use, Not Suspect of Drug Use","Unknown, Unknown",720C9538-E848-4F09-B73E-05E2AD188981,Cyclist (non-electric),Cross/Enter at Intersection,Dart/Dash,Midblock Marked Crosswalk,No,No Apparent Injury,None,39.153895,-77.19978,"(39.153895, -77.19978)"
MCP292300CM,240034253,MONTGOMERY,Injury Crash,07/20/2024 10:40:00 AM,Maryland (State) Route,GEORGIA AVE (SB/L),,,,Cyclist (non-electric),Single Vehicle,Clear,Dry,Daylight,No Controls,"Not Suspect of Alcohol Use, Not Suspect of Drug Use","Not Suspect of Alcohol Use, Not Suspect of Drug Use",2021DAD9-28E9-44F0-8218-0BD10482FECD,Cyclist (non-electric),Walking/Cycling Along Roadway With Traffic (In or Adjacent to Travel Lane),Improper Turn/Merge),Travel Lane Other Location,No,Suspected Serious Injury,Helmet,39.07042517,-77.0630785,"(39.07042517, -77.0630785)"
MCP3308002F,240010602,MONTGOMERY,Injury Crash,03/04/2024 09:10:00 PM,County Route,AMHERST AVE,,,,Pedestrian,Single Vehicle,Clear,Dry,Dark - Not Lighted,Traffic Control Signal,"Not Suspect of Alcohol Use, Not Suspect of Drug Use","Not Suspect of Alcohol Use, Not Suspect of Drug Use",5DD7082C-0A15-4242-9B58-4C02D46169C9,Pedestrian,Cross/Enter at Intersection,None (No Improper Action),Intersection Marked Crosswalk,No,Suspected Minor Injury,None,39.0414744,-77.04813343,"(39.0414744, -77.04813343)"
MCP3402000Y,240012529,MONTGOMERY,Injury Crash,03/15/2024 05:03:00 PM,County Route,BRUNETT AVE,UNIVERSITY BLVD W,,,Cyclist (non-electric),Single Vehicle,Clear,Dry,Daylight,Stop Sign,"Not Suspect of Alcohol Use, Not Suspect of Drug Use","Not Suspect of Alcohol Use, Not Suspect of Drug Use",2B961361-CC26-46C2-AA2A-4FDBEBF99876,Cyclist (non-electric),Cross/Enter at Intersection,Unknown,Intersection Marked Crosswalk,No,Suspected Minor Injury,None,39.02290373,-77.01687151,"(39.02290373, -77.01687151)"
MCP3245005G,240018190,MONTGOMERY,Property Damage Crash,04/18/2024 08:22:00 PM,County Route,,STEDWICK RD,,,Pedestrian,Single Vehicle,Clear,Dry,Dark - Lighted,Stop Sign,"Not Suspect of Alcohol Use, Not Suspect of Drug Use","Not Suspect of Alcohol Use, Not Suspect of Drug Use",07E1F58C-63A6-4F2C-86AF-E0B84683ECA4,Pedestrian,Walking/Cycling on Sidewalk,"Not Visible (Dark Clothing, No Lighting, etc.)",Sidewalk,No,No Apparent Injury,None,39.17609007,-77.20987068,"(39.17609007, -77.20987068)"
MCP2966007J,240024847,MONTGOMERY,Property Damage Crash,05/25/2024 08:01:00 PM,Bicycle Route,,STARDRIFT DR,,,Cyclist (Electric),Single Vehicle,Rain,Wet,Dark - Not Lighted,Pedestrian Crossing Sign,"Not Suspect of Alcohol Use, Not Suspect of Drug Use","Not Suspect of Alcohol Use, Not Suspect of Drug Use",31CDC2F4-3F04-49EF-BA3B-F35737775068,Cyclist (Electric),Cross/Enter at Intersection,None (No Improper Action),Intersection Marked Crosswalk,No,No Apparent Injury,"Helmet, Lighting, Reflectors",39.20659944,-77.24652014,"(39.20659944, -77.24652014)"
MCP302600DL,250012584,MONTGOMERY,Injury Crash,03/21/2025 06:20:00 PM,,,,Parking Lot Way        ENTRANCE / EXIT TO PARKING GARAGE,,Wheelchair (electric),Single Vehicle,Clear,,Unknown,,"Unknown, Unknown","Not Suspect of Alcohol Use, Not Suspect of Drug Use",6FDECB7B-D95E-430C-ADB1-1357DCF3C72D,Wheelchair (electric),Walking/Cycling Along Roadway With Traffic (In or Adjacent to Travel Lane),None (No Improper Action),Driveway Access,No,Suspected Minor Injury,Other,39.04269526,-77.11276741,"(39.04269526, -77.11276741)"
EJ7893001Y,220050558,Gaithersburg Police Depar,Injury Crash,11/15/2022 09:05:00 PM,Municipality,GIRARD ST,VICTORY FARM DR,,GAITHERSBURG,PEDESTRIAN,OTHER,RAINING,WET,DARK LIGHTS ON,YIELD SIGN,NONE DETECTED,NONE DETECTED,3F4211D4-511F-4BAB-986B-D5ABB8824586,PEDESTRIAN,Cross/Enter at Intersection,IN ROADWAY IMPROPERLY,ON ROADWAY NOT AT CROSSWALK,Yes,SUSPECTED MINOR INJURY,N/A,39.14650785,-77.18509507,"(39.14650785, -77.18509507)"
DD561500G8,240013645,ROCKVILLE,Injury Crash,03/22/2024 09:40:00 AM,Municipality Route,,,,,Pedestrian,Single Vehicle,Clear,Dry,Daylight,No Controls,"Not Suspect of Alcohol Use, Not Suspect of Drug Use","Not Suspect of Alcohol Use, Not Suspect of Drug Use",306B8CD3-02CF-41D5-BF05-985FC07FAC7A,Pedestrian,None,None (No Improper Action),Driveway Access,No,Possible Injury,None,39.10970043,-77.17074205,"(39.10970043, -77.17074205)"
EJ7905001L,240048333,GAITHERSBURG,Injury Crash,10/10/2024 07:31:00 AM,County Route,LONGDRAFT RD,PHEASANT RUN DR,,,Pedestrian,Single Vehicle,Clear,Dry,Daylight,Stop Sign,"Not Suspect of Alcohol Use, Not Suspect of Drug Use","Not Suspect of Alcohol Use, Not Suspect of Drug Use",E1680551-21ED-4BD2-A1F6-8B2B046784AC,Pedestrian,Unknown,Unknown,Intersection Marked Crosswalk,No,Suspected Serious Injury,None,39.14456616,-77.2383461,"(39.14456616, -77.2383461)"
MCP32790034,240019581,MONTGOMERY,Property Damage Crash,04/26/2024 04:16:00 PM,Ramp,RAMP 2 FR RANDOLPH RD WB TO MD 97 NB,,,,"Other Pedestrian (person in a building, skater, personal conveyance, etc.), Pedestrian",Single Vehicle,Clear,Dry,Daylight,Pedestrian Crossing,"Not Suspect of Alcohol Use, Not Suspect of Drug Use","Not Suspect of Alcohol Use, Not Suspect of Drug Use",F565902D-11D2-42CB-BC63-762C99BACFFE,Pedestrian,Other,None (No Improper Action),Intersection Marked Crosswalk,No,No Apparent Injury,None,39.05840249,-77.04991186,"(39.05840249, -77.04991186)"
EJ7894003W,240007132,GAITHERSBURG,Injury Crash,02/13/2024 10:45:00 AM,Local Route,ELLINGTON BLVD,,,,Pedestrian,Single Vehicle,Rain,Wet,Daylight,No Controls,"Not Suspect of Alcohol Use, Not Suspect of Drug Use","Not Suspect of Alcohol Use, Not Suspect of Drug Use",2BDC1453-F132-4293-B753-B99E0E440607,Pedestrian,Cross/Enter Not at Intersection,None (No Improper Action),Other,No,Possible Injury,None,39.11489385,-77.20476717,"(39.11489385, -77.20476717)"
MCP31730032,230054553,Montgomery County Police,Fatal Crash,09/13/2023 04:12:00 AM,Maryland (State),NEW HAMPSHIRE AVE,CHALMERS RD,,N/A,PEDESTRIAN,SINGLE VEHICLE,CLOUDY,WET,DARK LIGHTS ON,TRAFFIC SIGNAL,NONE DETECTED,ILLEGAL DRUG PRESENT,B633A10A-7B70-442B-8B96-0D82CE5B50AA,PEDESTRIAN,Walking/Riding w/Traffic,WRONG WAY RIDING OR WALKING,ON ROADWAY NOT AT CROSSWALK,Yes,FATAL INJURY,N/A,39.02987252,-76.9837096,"(39.02987252, -76.9837096)"