Report Number,Local Case Number,Agency Name,ACRS Report Type,Crash Date/Time,Route Type,Road Name,Cross-Street Name,Off-Road Description,Municipality,Related Non-Motorist,Collision Type,Weather,Surface Condition,Light,Traffic Control,Driver Substance Abuse,Non-Motorist Substance Abuse,Person ID,Pedestrian Type,Pedestrian Movement,Pedestrian Actions,Pedestrian Location,At Fault,Injury Severity,Safety Equipment,Latitude,Longitude,Location
MCP3245005P,240019328,MONTGOMERY,Injury Crash,04/25/2024 02:43:00 PM,County Route,MONTGOMERY VILLAGE AVE (SB/L),APPLE RIDGE RD,,,Pedestrian,Single Vehicle,Clear,Dry,Daylight,Traffic Control Signal,"Not Suspect of Alcohol Use, Not Suspect of Drug Use","Not Suspect of Alcohol Use, Not Suspect of Drug Use",DF60373D-2586-489B-AD9D-54B4CC4D2598,Pedestrian,Cross/Enter at Intersection,Unknown,Intersection Marked Crosswalk,Yes,Suspected Minor Injury,None,39.18686188,-77.19853501,"(39.18686188, -77.19853501)"
MCP33770011,240012503,MONTGOMERY,Property Damage Crash,03/15/2024 02:33:00 PM,County Route,WILTON AVE,,,,"Other Pedestrian (person in a building, skater, personal conveyance, etc.)",Single Vehicle,Clear,Dry,Daylight,No Controls,"Not Suspect of Alcohol Use, Not Suspect of Drug Use","Not Suspect of Alcohol Use, Not Suspect of Drug Use",4D6EF7E3-BBB5-402B-918F-4E86C8B00AB6,"Other Pedestrian (person in a building, skater, personal conveyance, etc.)",Other,None (No Improper Action),Other,No,No Apparent Injury,None,39.01080648,-77.061296,"(39.01080648, -77.061296)"
MCP3329002F,240007076,MONTGOMERY,Injury Crash,02/12/2024 08:36:00 PM,County Route,MUSGROVE RD,,,,Pedestrian,Single Vehicle,Rain,Wet,Dark - Lighted,Lane Use Control Signal,"Not Suspect of Alcohol Use, Not Suspect of Drug Use","Not Suspect of Alcohol Use, Not Suspect of Drug Use",A9ACF596-232B-4A7A-9037-26AC95ADD3B6,Pedestrian,Unknown,Unknown,Intersection Marked Crosswalk,No,Suspected Minor Injury,None,39.06768364,-76.95952942,"(39.06768364, -76.95952942)"
DM8503001J,240024641,TAKOMA,Injury Crash,05/24/2024 03:45:00 PM,Maryland (State) Route,,PINEY BRANCH RD,,,Scooter (electric),Single Vehicle,Clear,Dry,Daylight,Pedestrian Crossing Sign,"Not Suspect of Alcohol Use, Not Suspect of Drug Use","Not Suspect of Alcohol Use, Not Suspect of Drug Use",1683087F-0F66-4085-8F5B-DCF609A63C1C,Scooter (electric),Cross/Enter at Intersection,None (No Improper Action),Intersection Marked Crosswalk,No,Suspected Minor Injury,None,38.98323571,-77.01546145,"(38.98323571, -77.01546145)"
MCP31970046,240033854,MONTGOMERY,Injury Crash,07/17/2024 05:47:00 PM,,,,Driveway        13515 GEORGIA AVENUE SILVER SPRING MD,,Pedestrian,Single Vehicle,Clear,,Daylight,,"Unknown, Unknown","Suspect of Alcohol Use, Not Suspect of Drug Use",7AA92D84-C775-4E06-AE27-F7D9B7D7EC99,Pedestrian,Walking/Cycling on Sidewalk,None (No Improper Action),Driveway Access,No,Suspected Minor Injury,None,39.07844182,-77.071745,"(39.07844182, -77.071745)"
MCP3254003Z,240015181,MONTGOMERY,Injury Crash,04/01/2024 01:44:00 PM,County Route,PINNACLE DR,CENTURY BLVD CENTURY BLVD (SB/L),,,Pedestrian,Single Vehicle,Clear,Wet,Daylight,Stop Sign,"Not Suspect of Alcohol Use, Not Suspect of Drug Use","Not Suspect of Alcohol Use, Not Suspect of Drug Use",EDAADA68-D9FA-4C17-8756-B2C428CDA5A4,Pedestrian,Cross/Enter at Intersection,None (No Improper Action),Intersection Marked Crosswalk,No,Suspected Minor Injury,None,39.182118,-77.26520344,"(39.182118, -77.26520344)"
MCP235800CM,240022214,MONTGOMERY,Property Damage Crash,05/11/2024 09:30:00 AM,County Route,BEECH TREE RD,RIVER RD (WB/L),,,Cyclist (non-electric),Single Vehicle,Clear,Dry,Daylight,Traffic Control Signal,"Not Suspect of Alcohol Use, Not Suspect of Drug Use","Not Suspect of Alcohol Use, Not Suspect of Drug Use",6825FB61-4567-404B-AF1D-0EC8F9A07125,Cyclist (non-electric),Cross/Enter at Intersection,None (No Improper Action),Intersection Unmarked Crosswalk,No,No Apparent Injury,Helmet,38.98625838,-77.14324522,"(38.98625838, -77.14324522)"
DD5649003R,240011337,ROCKVILLE,Injury Crash,03/08/2024 08:12:00 PM,Maryland (State) Route,ROCKVILLE PIKE,CHURCH ST (WB/L),,,Pedestrian,Unknown,Clear,Dry,Dark - Lighted,Flashing Traffic Control Signal,"Unknown, Unknown","Not Suspect of Alcohol Use, Not Suspect of Drug Use",DAC9EB4E-CBBC-4CE6-A88E-E6682F835057,Pedestrian,Cross/Enter at Intersection,None (No Improper Action),Intersection Marked Crosswalk,No,Suspected Minor Injury,None,39.08355692,-77.14678104,"(39.08355692, -77.14678104)"
MCP26860072,240020371,MONTGOMERY,Injury Crash,05/01/2024 05:17:00 PM,County Route,CRYSTAL ROCK DR (SB/L),,,,Pedestrian,Single Vehicle,Clear,Dry,Daylight,Traffic Control Signal,"Not Suspect of Alcohol Use, Not Suspect of Drug Use","Not Suspect of Alcohol Use, Not Suspect of Drug Use",50B3B2B8-7703-460A-A53F-F4B611D5A938,Pedestrian,Cross/Enter at Intersection,Unknown,Intersection Marked Crosswalk,No,Suspected Minor Injury,None,39.18265403,-77.26327362,"(39.18265403, -77.26327362)"
MCP30530083,240056089,MONTGOMERY,Injury Crash,11/22/2024 03:11:00 PM,,,,Parking Lot Way        PARKING LOT,,Pedestrian,Front to Front,Cloudy,,Daylight,,,"Not Suspect of Alcohol Use, Not Suspect of Drug Use",F52C0B83-3ED7-4A13-8093-85DAF16750BE,Pedestrian,Other,Other,Other,No,Suspected Minor Injury,None,39.05059667,-77.07737833,"(39.05059667, -77.07737833)"
DD5651004H,240008174,ROCKVILLE,Property Damage Crash,02/19/2024 04:13:00 PM,Municipality Route,,NORTH ST,,,Cyclist (Electric),Single Vehicle,Clear,Dry,Daylight,No Controls,"Not Suspect of Alcohol Use, Not Suspect of Drug Use","Not Suspect of Alcohol Use, Not Suspect of Drug Use",0C597264-B57E-4F1E-9751-077D30E26CD1,Cyclist (Electric),Walking/Cycling Along Roadway With Traffic (In or Adjacent to Travel Lane),Unknown,Driveway Access,No,No Apparent Injury,Helmet,39.09016879,-77.1537381,"(39.09016879, -77.1537381)"
MCP28000052,220014387,Montgomery County Police,Injury Crash,04/04/2022 09:32:00 PM,,,,GARAGE DRIVEWAY ACCESS OF WF MARKET 11355 WOODGLEN DR/CROSSWALK  FACING EXECUTIVE BLVD AT PASSEO DR,,OTHER CONVEYANCE,OTHER,CLEAR,,DARK LIGHTS ON,NO CONTROLS,NONE DETECTED,N/A,4BA7FBEB-2444-4A51-A586-FE577B8F0643,OTHER CONVEYANCE,Walking/Cycling on Sidewalk,NO IMPROPER ACTIONS,DRIVEWAY ACCESS MARKED CROSSWALK,No,SUSPECTED MINOR INJURY,N/A,39.04329667,-77.11219167,"(39.04329667, -77.11219167)"
MCP27300053,250016207,MONTGOMERY,Injury Crash,04/11/2025 01:30:00 PM,County Route,FALCONBRIDGE DR,JONES LA,,,Pedestrian,Single Vehicle,Clear,Wet,Daylight,Traffic Control Signal,"Unknown, Unknown","Not Suspect of Alcohol Use, Not Suspect of Drug Use",88BA6CB9-5182-4684-B475-4F30EE5F9BA6,Pedestrian,Standing,None (No Improper Action),Intersection Marked Crosswalk,No,Possible Injury,None,39.10395897,-77.26446587,"(39.10395897, -77.26446587)"
MCP2545001B,240021222,MONTGOMERY,Injury Crash,05/06/2024 10:25:00 AM,County Route,DAHILL RD,,,,Pedestrian,Single Vehicle,Cloudy,Dry,Daylight,No Controls,"Not Suspect of Alcohol Use, Not Suspect of Drug Use","Not Suspect of Alcohol Use, Not Suspect of Drug Use",7066B07E-227C-4B22-BE90-5F658C1CB870,Pedestrian,Other Working,None (No Improper Action),Travel Lane Other Location,No,Suspected Minor Injury,"Reflective Wear (backpack, triangles, etc.)",39.04790141,-77.08255989,"(39.04790141, -77.08255989)"
EJ78940044,240012277,GAITHERSBURG,Injury Crash,03/14/2024 02:34:00 PM,Maryland (State) Route,,WHETSTONE DR,,,Pedestrian,Single Vehicle,Clear,Dry,Daylight,No Controls,"Not Suspect of Alcohol Use, Not Suspect of Drug Use","Not Suspect of Alcohol Use, Not Suspect of Drug Use",3E81DC7E-F581-4C17-80BA-BDABB3031971,Pedestrian,Walking/Cycling on Sidewalk,None (No Improper Action),Sidewalk,No,Possible Injury,None,39.14769554,-77.20609231,"(39.14769554, -77.20609231)"
MCP3339003T,240017628,MONTGOMERY,Injury Crash,04/15/2024 09:58:00 PM,County Route,KAYSON ST,DEAN RD,,,Pedestrian,Single Vehicle,Clear,Dry,Dark - Not Lighted,No Controls,"Not Suspect of Alcohol Use, Not Suspect of Drug Use","Not Suspect of Alcohol Use, Not Suspect of Drug Use",3D8D39B7-5B1B-4128-8C02-C17DCF83A5B3,Pedestrian,Cross/Enter at Intersection,"Not Visible (Dark Clothing, No Lighting, etc.)",Intersection Unmarked Crosswalk,Yes,Suspected Minor Injury,None,39.0671244,-77.07042909,"(39.0671244, -77.07042909)"
MCP3213001X,240009989,MONTGOMERY,Injury Crash,03/01/2024 01:29:00 AM,County Route,BONIFANT ST,BONIFANT ST FENTON ST,,,Pedestrian,Single Vehicle,Clear,Dry,Dark - Lighted,Flashing Traffic Control Signal,"Unknown, Unknown","Unknown, Unknown",8723D578-787B-4C99-B2B4-D643EA3EDA12,Pedestrian,Unknown,Unknown,Intersection Marked Crosswalk,No,Suspected Serious Injury,None,38.9944221,-77.02414245,"(38.9944221, -77.02414245)"
MCP2563001Q,230073738,Montgomery County Police,Fatal Crash,12/26/2023 06:49:00 PM,Maryland (State),VEIRS MILL RD,ATLANTIC AVE,,ROCKVILLE,PEDESTRIAN,OTHER,CLOUDY,WET,DARK LIGHTS ON,TRAFFIC SIGNAL,NONE DETECTED,NONE DETECTED,76AB62A4-E042-40C4-9A13-94206C8E3DEA,PEDESTRIAN,Cross/Enter at Intersection,FAILURE TO OBEY TRAFFIC SIGNS SIGNALS OR OFFICER,ON ROADWAY AT CROSSWALK,Yes,FATAL INJURY,NONE,39.07488193,-77.11553024,"(39.07488193, -77.11553024)"
MCP33550016,240026468,MONTGOMERY,Injury Crash,06/04/2024 08:48:00 AM,County Route,RIPLEY ST,GEORGIA AVE,,,Pedestrian,Single Vehicle,Clear,Dry,Daylight,No Controls,"Not Suspect of Alcohol Use, Not Suspect of Drug Use","Not Suspect of Alcohol Use, Not Suspect of Drug Use",DBB30A74-DBDC-46CB-9B84-C03DDC811A9E,Pedestrian,Cross/Enter at Intersection,None (No Improper Action),Intersection Other,Yes,Suspected Serious Injury,None,38.99249509,-77.02663011,"(38.99249509, -77.02663011)"
DD5567002X,240009297,ROCKVILLE,Injury Crash,02/26/2024 09:43:00 AM,Municipality Route,KING FARM BLVD,FREDERICK RD (SB/L),,,Pedestrian,Single Vehicle,Clear,Dry,Daylight,Pedestrian Crossing,"Unknown, Unknown","Not Suspect of Alcohol Use, Not Suspect of Drug Use",F49EF1ED-1E00-4DA6-B5A2-AC9FFE5D42A1,Pedestrian,Cross/Enter at Intersection,None (No Improper Action),Intersection Marked Crosswalk,No,Possible Injury,None,39.11710704,-77.16889101,"(39.11710704, -77.16889101)"
MCP34080016,250016181,MONTGOMERY,Injury Crash,04/13/2025 08:30:00 PM,County Route,SILVER SPRING AVE,,,,Pedestrian,Single Vehicle,Clear,Dry,Dark - Lighted,Traffic Control Signal,"Unknown, Unknown","Unknown, Unknown",5E5B97BC-D81B-4B2E-B01C-08F737AFF1CF,Pedestrian,Cross/Enter at Intersection,Unknown,Intersection Marked Crosswalk,No,Possible Injury,None,38.99161383,-77.02641286,"(38.99161383, -77.02641286)"
MCP27300044,240023963,MONTGOMERY,Injury Crash,05/21/2024 01:00:00 PM,County Route,CRYSTAL ROCK DR (SB/L),,,,Wheelchair (non-electric),Single Vehicle,Clear,Dry,Daylight,Traffic Control Signal,"Not Suspect of Alcohol Use, Not Suspect of Drug Use","Not Suspect of Alcohol Use, Not Suspect of Drug Use",C4607F16-CC02-4593-8476-8F0066713006,Wheelchair (non-electric),Cross/Enter at Intersection,None (No Improper Action),Midblock Marked Crosswalk,No,Suspected Minor Injury,None,39.18282868,-77.26368294,"(39.18282868, -77.26368294)"
MCP20010027,240016003,MONTGOMERY,Fatal Crash,04/05/2024 10:12:00 PM,County Route,RANDOLPH RD (WB/L),,,,Pedestrian,Single Vehicle,Clear,Dry,Dark - Unknown Lighting,No Controls,"Not Suspect of Alcohol Use, Not Suspect of Drug Use, Unknown, Unknown","Not Suspect of Alcohol Use, Not Suspect of Drug Use",17EC1CC0-78CA-48F1-AB5E-071323E5E3B8,Pedestrian,Walking/Cycling on Sidewalk,None (No Improper Action),Sidewalk,No,Fatal Injury,None,39.07065997,-77.0127855,"(39.07065997, -77.0127855)"
MCP2935001G,170545545,Montgomery County Police,Injury Crash,11/28/2017 08:18:00 PM,County,FENTON ST,COLESVILLE RD,,N/A,PEDESTRIAN,SINGLE VEHICLE,CLEAR,DRY,DARK LIGHTS ON,TRAFFIC SIGNAL,NONE DETECTED,NONE DETECTED,A879CB6B-7134-4C1F-8EEF-1C8F17F2A833,PEDESTRIAN,Cross/Enter at Intersection,NO IMPROPER ACTIONS,AT INTERSECTION MARKED CROSSWALK,No,SUSPECTED MINOR INJURY,NONE,38.98209667,-77.02003833,"(38.98209667, -77.02003833)"
MCP3351002D,240022168,MONTGOMERY,Injury Crash,05/10/2024 08:12:00 PM,County Route,CALVERTON BLVD,,,,Pedestrian,Single Vehicle,Rain,Wet,Dark - Not Lighted,Pedestrian Crossing,"Not Suspect of Alcohol Use, Not Suspect of Drug Use","Not Suspect of Alcohol Use, Not Suspect of Drug Use",0A76F700-B32F-4C17-9432-B228029312AD,Pedestrian,Cross/Enter at Intersection,Unknown,Intersection Marked Crosswalk,No,Suspected Serious Injury,None,39.05692158,-76.9484018,"(39.05692158, -76.9484018)"
DD5643003V,240020615,ROCKVILLE,Injury Crash,05/02/2024 04:00:00 PM,Municipality Route,KING FARM BLVD,FREDERICK RD (SB/L),,,Pedestrian,Single Vehicle,Clear,Dry,Daylight,Traffic Control Signal,"Unknown, Unknown","Not Suspect of Alcohol Use, Not Suspect of Drug Use",C272CE3C-F445-4001-95A2-8C071F0DC304,Pedestrian,Cross/Enter at Intersection,None (No Improper Action),Intersection Marked Crosswalk,No,Possible Injury,None,39.11709539,-77.16900101,"(39.11709539, -77.16900101)"
MCP3245005R,240020226,MONTGOMERY,Injury Crash,04/30/2024 07:51:00 PM,County Route,BRASSIE PL (WB/L),CLUB HOUSE RD,,,Pedestrian,Single Vehicle,Clear,Dry,Dark - Lighted,No Controls,"Not Suspect of Alcohol Use, Not Suspect of Drug Use","Not Suspect of Alcohol Use, Not Suspect of Drug Use",29BF485A-B8E7-44E4-A34C-D5102204707B,Pedestrian,Cross/Enter at Intersection,"Dart/Dash, Not Visible (Dark Clothing, No Lighting, etc.)",Intersection Other,Yes,Suspected Minor Injury,None,39.17415206,-77.20218494,"(39.17415206, -77.20218494)"
MCP2992001H,170538604,Montgomery County Police,Injury Crash,10/24/2017 07:15:00 PM,County,HOMECREST RD,LONGMEAD CROSSING DR,,N/A,PEDESTRIAN,OTHER,CLEAR,DRY,DARK NO LIGHTS,STOP SIGN,NONE DETECTED,N/A,DAF8B730-5DFC-4A2E-B92E-9FDECF481761,PEDESTRIAN,Cross/Enter at Intersection,UNKNOWN,AT INTERSECTION MARKED CROSSWALK,No,SUSPECTED MINOR INJURY,NONE,39.10351633,-77.05449033,"(39.10351633, -77.05449033)"
MCP3400000T,240014695,MONTGOMERY,Injury Crash,03/28/2024 07:45:00 PM,Local Route,METRORAIL TRACK B2 RAIL,FOREST GLEN RD (WB/L),,,Scooter (electric),Single Vehicle,Clear,Dry,Dark - Lighted,Traffic Control Signal,"Not Suspect of Alcohol Use, Not Suspect of Drug Use","Not Suspect of Alcohol Use, Not Suspect of Drug Use",965F2954-9678-475A-B1EE-216AE9CC62E2,Scooter (electric),Other,None (No Improper Action),Intersection Marked Crosswalk,No,Possible Injury,None,39.01558822,-77.04274834,"(39.01558822, -77.04274834)"
MCP3016004W,240010048,MONTGOMERY,Injury Crash,02/28/2024 08:15:00 AM,County Route,CENTURY BLVD,,,,Pedestrian,Unknown,Cloudy,Wet,Daylight,Pedestrian Crossing,"Unknown, Unknown","Not Suspect of Alcohol Use, Not Suspect of Drug Use",4BC91D86-023E-4C95-9BDE-26870E259C4D,Pedestrian,Cross/Enter at Intersection,Unknown,Intersection Marked Crosswalk,Yes,Suspected Serious Injury,None,39.18033057,-77.26837062,"(39.18033057, -77.26837062)"
MCP2047005T,250006786,MONTGOMERY,Injury Crash,02/15/2025 12:46:00 PM,Maryland (State) Route,ROCKVILLE PIKE,RAMP 2 FR MONTROSE PKWY TO MD 355 NB,,,Pedestrian,Single Vehicle,Rain,Wet,Daylight,No Controls,"Not Suspect of Alcohol Use, Not Suspect of Drug Use","Not Suspect of Alcohol Use, Not Suspect of Drug Use",77048FF1-9C82-469A-8A9E-0C02408683AD,Pedestrian,Cross/Enter Not at Intersection,Unknown,Travel Lane Other Location,No,Suspected Minor Injury,None,39.05407,-77.11741333,"(39.05407, -77.11741333)"
DD56070055,240016049,ROCKVILLE,Injury Crash,04/06/2024 12:20:00 PM,Maryland (State) Route,ROCKVILLE PIKE,,,,Pedestrian,Single Vehicle,Clear,Dry,Daylight,No Controls,"Not Suspect of Alcohol Use, Not Suspect of Drug Use","Not Suspect of Alcohol Use, Not Suspect of Drug Use",F8524CA4-1A01-4F06-BE78-2B9060374CEE,Pedestrian,None,None (No Improper Action),Driveway Access,No,Suspected Minor Injury,None,39.06473867,-77.1262035,"(39.06473867, -77.1262035)"
MCP263900BY,210014685,Montgomery County Police,Injury Crash,04/20/2021 09:57:00 AM,,,,PARKING LOT OF 2201 RANDOLPH RD,,PEDESTRIAN,OTHER,CLEAR,,DAYLIGHT,NO CONTROLS,NONE DETECTED,NONE DETECTED,3931ECCD-BE70-412E-BDAB-CECDFE3D72C1,PEDESTRIAN,Other,NO IMPROPER ACTIONS,OTHER,No,POSSIBLE INJURY,NONE,39.05984667,-77.047215,"(39.05984667, -77.047215)"
MCP3376001L,240021970,MONTGOMERY,Injury Crash,05/09/2024 08:59:00 PM,Maryland (State) Route,GEORGIA AVE,,,,Cyclist (non-electric),Single Vehicle,Clear,Dry,Dark - Lighted,No Controls,"Not Suspect of Alcohol Use, Not Suspect of Drug Use","Not Suspect of Alcohol Use, Not Suspect of Drug Use",F3FC6FFD-6159-4254-92E2-AAEAEA921391,Cyclist (non-electric),Walking/Cycling on Sidewalk,None (No Improper Action),Sidewalk,No,Suspected Minor Injury,None,39.08536731,-77.07844132,"(39.08536731, -77.07844132)"
MCP3414001D,250000846,MONTGOMERY,Injury Crash,01/07/2025 04:12:00 PM,US (State),GEORGIA AVE (SB/L),SILVER SPRING AVE,,,Pedestrian,Single Vehicle,Cloudy,Snow,Daylight,Traffic Control Signal,"Not Suspect of Alcohol Use, Not Suspect of Drug Use","Not Suspect of Alcohol Use, Not Suspect of Drug Use",3CB103E9-050F-4687-9078-36CCB40A336A,Pedestrian,Cross/Enter at Intersection,None (No Improper Action),Intersection Marked Crosswalk,No,Possible Injury,None,38.99154861,-77.02688084,"(38.99154861, -77.02688084)"
DD56430032,230053719,Rockville Police Departme,Injury Crash,09/07/2023 09:19:00 PM,Maryland (State),ROCKVILLE PIKE,WOOTTON PKWY,,ROCKVILLE,PEDESTRIAN,N/A,N/A,DRY,DARK LIGHTS ON,TRAFFIC SIGNAL,NONE DETECTED,NONE DETECTED,E0BC5C65-CC79-458C-82BC-D9F6E471C043,PEDESTRIAN,Cross/Enter at Intersection,NO IMPROPER ACTIONS,ON ROADWAY AT CROSSWALK,No,SUSPECTED MINOR INJURY,NONE,39.07708866,-77.13961517,"(39.07708866, -77.13961517)"
MCP3205000M,190060261,Montgomery County Police,Injury Crash,12/14/2019 09:56:00 AM,Maryland (State),GEORGIA AVE,PLYERS MILL RD,,N/A,PEDESTRIAN,SINGLE VEHICLE,RAINING,WET,DAYLIGHT,TRAFFIC SIGNAL,NONE DETECTED,NONE DETECTED,5DF12AC4-8D4A-4022-8C6F-FC400F122A50,PEDESTRIAN,Cross/Enter at Intersection,NO IMPROPER ACTIONS,ON ROADWAY AT CROSSWALK,No,SUSPECTED SERIOUS INJURY,N/A,39.03006429,-77.04760872,"(39.03006429, -77.04760872)"
MCP2662000V,16030737,Montgomery County Police,Property Damage Crash,06/17/2016 09:02:00 PM,Maryland (State),WOODFIELD RD,ENT TO SHOPPING CENTER,,N/A,BICYCLIST,SINGLE VEHICLE,CLEAR,DRY,DARK LIGHTS ON,STOP SIGN,NONE DETECTED,NONE DETECTED,C94F8F19-F916-4EF0-A1CB-9BA8BCBC11BD,BICYCLIST,Cross/Enter at Intersection,NO IMPROPER ACTIONS,DRIVEWAY ACCESS MARKED CROSSWALK,No,NO APPARENT INJURY,NONE,39.155295,-77.167535,"(39.155295, -77.167535)"
MCP3221002Z,240022104,MONTGOMERY,Injury Crash,05/10/2024 03:15:00 PM,Maryland (State) Route,ROCKVILLE PIKE (SB/L),,,,Scooter (non-Electric),Single Vehicle,Rain,Wet,Daylight,Stop Sign,"Not Suspect of Alcohol Use, Not Suspect of Drug Use","Not Suspect of Alcohol Use, Not Suspect of Drug Use",C4013EC5-3341-4905-BD30-4DB09A19FF1B,Scooter (non-Electric),Walking/Cycling on Sidewalk,None (No Improper Action),Driveway Access,No,Suspected Minor Injury,None,39.07618815,-77.13861157,"(39.07618815, -77.13861157)"
MCP28370065,240018059,MONTGOMERY,Property Damage Crash,04/18/2024 09:08:00 AM,County Route,HARTLEY HALL PL,,,,Cyclist (non-electric),Single Vehicle,Clear,Dry,Daylight,No Controls,"Not Suspect of Alcohol Use, Not Suspect of Drug Use","Not Suspect of Alcohol Use, Not Suspect of Drug Use",EEFAE4E2-2778-4F66-9B82-DE237C29E67D,Cyclist (non-electric),Walking/Cycling Along Roadway With Traffic (In or Adjacent to Travel Lane),None (No Improper Action),Intersection Other,No,No Apparent Injury,"Helmet, Reflectors",39.08520636,-77.2983856,"(39.08520636, -77.2983856)"
MCP33870011,240022015,MONTGOMERY,Injury Crash,05/10/2024 08:44:00 AM,US (State),COLUMBIA PIKE (SB/L),GREENCASTLE RD,,,Pedestrian,Single Vehicle,Rain,Wet,Daylight,Traffic Control Signal,"Not Suspect of Alcohol Use, Not Suspect of Drug Use","Not Suspect of Alcohol Use, Not Suspect of Drug Use",666D3EA2-00C7-497D-9C86-03A8F95A2869,Pedestrian,Cross/Enter at Intersection,Unknown,Intersection Marked Crosswalk,Yes,Suspected Minor Injury,None,39.09563465,-76.93813654,"(39.09563465, -76.93813654)"
MCP23390086,230022456,Montgomery County Police,Injury Crash,05/10/2023 05:01:00 PM,Municipality,E GUDE DR,TAFT ST,,ROCKVILLE,PEDESTRIAN,OTHER,CLEAR,DRY,DAYLIGHT,NO CONTROLS,NONE DETECTED,NONE DETECTED,7966200F-DECD-469A-AF74-BFCDDC41F42A,PEDESTRIAN,Walking/Cycling on Sidewalk,NO IMPROPER ACTIONS,SIDEWALK,No,POSSIBLE INJURY,N/A,39.09669446,-77.1353897,"(39.09669446, -77.1353897)"
MCP2967005P,240024468,MONTGOMERY,Injury Crash,05/23/2024 04:02:00 PM,County Route,WOODMONT AVE,,,,Pedestrian,Single Vehicle,Clear,Dry,Daylight,Pedestrian Crossing,"Unknown, Unknown","Not Suspect of Alcohol Use, Not Suspect of Drug Use",1491A62A-6412-4853-8269-3B090CA486E1,Pedestrian,Cross/Enter at Intersection,None (No Improper Action),Intersection Marked Crosswalk,No,Possible Injury,None,38.99524152,-77.09669791,"(38.99524152, -77.09669791)"
MCP2159001S,240016048,MONTGOMERY,Injury Crash,04/06/2024 12:23:00 PM,Maryland (State) Route,GREAT SENECA HWY,MIDDLEBROOK RD (WB/L),,,Cyclist (non-electric),Single Vehicle,Cloudy,Dry,Daylight,Pedestrian Crossing,"Not Suspect of Alcohol Use, Not Suspect of Drug Use","Not Suspect of Alcohol Use, Not Suspect of Drug Use",0E6E1119-FF16-47FB-B881-912B92A8FB56,Cyclist (non-electric),Cross/Enter at Intersection,"Failure to Obey Traffic Signs, Signals, or Officer",Intersection Marked Crosswalk,Yes,Suspected Minor Injury,None,39.17502518,-77.26104048,"(39.17502518, -77.26104048)"