Report Number,Local Case Number,Agency Name,ACRS Report Type,Crash Date/Time,Route Type,Road Name,Cross-Street Name,Off-Road Description,Municipality,Related Non-Motorist,Collision Type,Weather,Surface Condition,Light,Traffic Control,Driver Substance Abuse,Non-Motorist Substance Abuse,Person ID,Pedestrian Type,Pedestrian Movement,Pedestrian Actions,Pedestrian Location,At Fault,Injury Severity,Safety Equipment,Latitude,Longitude,Location
MCP31270039,240025697,MONTGOMERY,Injury Crash,05/30/2024 07:21:00 PM,Maryland (State) Route,EAST WEST HWY,,,,Pedestrian,"Sideswipe, Same Direction",Clear,Dry,Daylight,No Controls,"Not Suspect of Alcohol Use, Not Suspect of Drug Use, Unknown, Unknown","Not Suspect of Alcohol Use, Not Suspect of Drug Use",0EDDC619-5F95-46C4-889E-1D07EAF778AB,Pedestrian,Walking/Cycling on Sidewalk,None (No Improper Action),Sidewalk,No,Possible Injury,None,38.98797057,-77.08202809,"(38.98797057, -77.08202809)"
MCP22980173,250021436,MONTGOMERY,Injury Crash,05/15/2025 01:27:00 PM,County Route,ASPEN HILL RD,CONNECTICUT AVE (SB/L),,,Cyclist (Electric),Unknown,Clear,Dry,Daylight,Traffic Control Signal,"Not Suspect of Alcohol Use, Not Suspect of Drug Use","Not Suspect of Alcohol Use, Not Suspect of Drug Use",358F002A-D8F5-4721-814A-F86041BACED6,Cyclist (Electric),Walking/Cycling Along Roadway Against Traffic (In or Adjacent to Travel Lane),Failure to Yield Right-Of-Way,Intersection Other,Yes,Suspected Minor Injury,None,39.08023256,-77.08076385,"(39.08023256, -77.08076385)"
MCP3424000V,240056695,MONTGOMERY,Injury Crash,11/25/2024 11:24:00 PM,Maryland (State) Route,S FREDERICK RD,,,,Pedestrian,Single Vehicle,Clear,Dry,Dark - Lighted,No Controls,"Not Suspect of Alcohol Use, Not Suspect of Drug Use","Not Suspect of Alcohol Use, Not Suspect of Drug Use",14B0FD4E-1D7B-45C3-A499-BA48B04B7BA7,Pedestrian,None,None (No Improper Action),Unknown,No,Possible Injury,None,39.13850018,-77.19492969,"(39.13850018, -77.19492969)"
MCP219800FF,240011751,MONTGOMERY,Injury Crash,03/11/2024 03:42:00 PM,Bicycle Route,,,,,Pedestrian,Single Vehicle,Clear,Dry,Daylight,No Controls,"Unknown, Unknown","Not Suspect of Alcohol Use, Not Suspect of Drug Use",6C279AFF-4F14-4688-BBCD-3E7316F77956,Pedestrian,None,None (No Improper Action),Other,No,Suspected Minor Injury,None,39.1325029,-77.17078989,"(39.1325029, -77.17078989)"
DD5538004D,240018173,ROCKVILLE,Injury Crash,04/17/2024 07:35:00 AM,Municipality Route,WOOTTON PKWY,MCCORMICK RD,,,Cyclist (non-electric),Single Vehicle,Clear,Dry,Daylight,Pedestrian Crossing Sign,"Not Suspect of Alcohol Use, Not Suspect of Drug Use","Not Suspect of Alcohol Use, Not Suspect of Drug Use",1A30DBD9-9B5D-4F93-801C-99E584CBFA4A,Cyclist (non-electric),Cross/Enter at Intersection,Dart/Dash,Midblock Marked Crosswalk,Yes,Possible Injury,"Helmet, Reflectors",39.08513003,-77.18712133,"(39.08513003, -77.18712133)"
MCP3039006S,240007550,MONTGOMERY,Injury Crash,02/15/2024 06:51:00 PM,Maryland (State) Route,,BELVEDERE PL,,,Cyclist (non-electric),Single Vehicle,Clear,Dry,Dark - Not Lighted,No Controls,"Not Suspect of Alcohol Use, Not Suspect of Drug Use","Not Suspect of Alcohol Use, Not Suspect of Drug Use",1661DDBE-F6C9-4CDC-98B0-C52729762C27,Cyclist (non-electric),Walking/Cycling Along Roadway With Traffic (In or Adjacent to Travel Lane),None (No Improper Action),Travel Lane Other Location,No,Possible Injury,"Helmet, Reflective Wear (backpack, triangles, etc.)",39.01542819,-77.04747522,"(39.01542819, -77.04747522)"
DM8447000H,15013384,Takoma Park Police Depart,Injury Crash,03/23/2015 03:40:00 PM,,,,"Parking lot of 7676 New Hampshire Ave
Takoma Park MD 20912",,PEDESTRIAN,SINGLE VEHICLE,CLEAR,,DAYLIGHT,NO CONTROLS,NONE DETECTED,N/A,ABEC3CF9-E38A-47CD-B19A-467FC07170BD,PEDESTRIAN,Cross/Enter not at Intersection,NOT VISIBLE,OTHER,,SUSPECTED MINOR INJURY,N/A,38.988001,-76.987934,"(38.988001, -76.987934)"
MCP3341003R,240026896,MONTGOMERY,Injury Crash,06/06/2024 09:38:00 AM,County Route,,RIPPLING BROOK DR,,,Scooter (non-Electric),Single Vehicle,Clear,Dry,Daylight,Stop Sign,"Unknown, Unknown","Not Suspect of Alcohol Use, Not Suspect of Drug Use",490C4354-A677-4D03-83D2-18C5C9607572,Scooter (non-Electric),Cross/Enter at Intersection,None (No Improper Action),Intersection Marked Crosswalk,No,Suspected Minor Injury,None,39.09035726,-77.05366061,"(39.09035726, -77.05366061)"
MCP33950016,240023603,MONTGOMERY,Property Damage Crash,05/19/2024 10:41:00 AM,County Route,PARKLAWN DR,PARKLAWN TERR,,,Cyclist (non-electric),Single Vehicle,Clear,Dry,Daylight,Stop Sign,"Not Suspect of Alcohol Use, Not Suspect of Drug Use","Not Suspect of Alcohol Use, Not Suspect of Drug Use",9AF2AB6B-C26A-47EF-8241-5A6F30F83442,Cyclist (non-electric),Walking/Cycling on Sidewalk,Other,Sidewalk,No,No Apparent Injury,Helmet,39.05091012,-77.10540351,"(39.05091012, -77.10540351)"
MCP29050067,240018103,MONTGOMERY,Injury Crash,04/18/2024 11:25:00 AM,Municipality Route,BALTIMORE ST,CONNECTICUT AVE (SB/L),,,Pedestrian,Single Vehicle,Cloudy,Dry,Daylight,No Controls,"Unknown, Unknown","Not Suspect of Alcohol Use, Not Suspect of Drug Use",7E212C15-1A78-4299-8EC2-065A395E4486,Pedestrian,Unknown,Unknown,Intersection Unmarked Crosswalk,No,Possible Injury,None,39.02473085,-77.07616238,"(39.02473085, -77.07616238)"
MCP2351005N,240020920,MONTGOMERY,Injury Crash,05/04/2024 08:30:00 AM,Bicycle Route,,,,,Pedestrian,Unknown,Rain,Wet,Daylight,Pedestrian Crossing Sign,"Not Suspect of Alcohol Use, Not Suspect of Drug Use","Not Suspect of Alcohol Use, Not Suspect of Drug Use",E10892CE-92E7-464D-8798-51BF4FC9A3BA,Pedestrian,Unknown,Unknown,Intersection Marked Crosswalk,No,Suspected Minor Injury,None,39.09084317,-77.11507983,"(39.09084317, -77.11507983)"
MCP2680001F,15029963,Montgomery County Police,Injury Crash,06/19/2015 02:00:00 PM,Maryland (State),COLESVILLE RD,SECOND AVE,,N/A,PEDESTRIAN,STRAIGHT MOVEMENT ANGLE,CLEAR,DRY,DAYLIGHT,TRAFFIC SIGNAL,NONE DETECTED,NONE DETECTED,096A825F-8178-42C2-8266-E1B0485D4317,PEDESTRIAN,Cross/Enter at Intersection,NO IMPROPER ACTIONS,ON ROADWAY AT CROSSWALK,,SUSPECTED MINOR INJURY,NONE,38.99485167,-77.03069833,"(38.99485167, -77.03069833)"
DD5571000B,220044711,Rockville Police Departme,Injury Crash,10/12/2022 05:27:00 PM,Municipality,MARYLAND AVE,S WASHINGTON ST,,ROCKVILLE,PEDESTRIAN,SINGLE VEHICLE,CLOUDY,DRY,DAYLIGHT,N/A,NONE DETECTED,N/A,D4F6FE8F-30A4-4B1C-8E2C-11D480558CDC,PEDESTRIAN,Cross/Enter at Intersection,NO IMPROPER ACTIONS,ON ROADWAY AT CROSSWALK,No,SUSPECTED MINOR INJURY,N/A,39.08043397,-77.15271433,"(39.08043397, -77.15271433)"
MCP3163006V,240020849,MONTGOMERY,Property Damage Crash,05/03/2024 07:14:00 PM,County Route,,OLD GEORGETOWN RD ST ELMO AVE WILSON LA,,,Pedestrian,Single Vehicle,Clear,Dry,Daylight,Traffic Control Signal,"Not Suspect of Alcohol Use, Not Suspect of Drug Use","Not Suspect of Alcohol Use, Not Suspect of Drug Use",6D546E50-0866-4FE6-B206-6A29C8198BE6,Pedestrian,Cross/Enter at Intersection,None (No Improper Action),Intersection Marked Crosswalk,No,No Apparent Injury,None,38.98746491,-77.09876544,"(38.98746491, -77.09876544)"
MCP22980154,240006066,MONTGOMERY,Injury Crash,02/07/2024 06:50:00 AM,County Route,ARLINGTON RD,BRADLEY BLVD,,,Pedestrian,Single Vehicle,Clear,Dry,Daylight,Traffic Control Signal,"Not Suspect of Alcohol Use, Not Suspect of Drug Use","Not Suspect of Alcohol Use, Not Suspect of Drug Use",1C31241A-BAB5-4FBE-8B91-7FDB97358021,Pedestrian,Cross/Enter at Intersection,"Failure to Yield Right-Of-Way, Other",Intersection Unmarked Crosswalk,Yes,Suspected Serious Injury,None,38.97798609,-77.09864215,"(38.97798609, -77.09864215)"
DD5574000B,15057604,ROCKVILLE,Injury Crash,11/11/2015 05:46:00 PM,Municipality,VEIRS MILL SERV RD,CLAGETT DR,,ROCKVILLE,PEDESTRIAN,SINGLE VEHICLE,CLEAR,DRY,DARK NO LIGHTS,NO CONTROLS,NONE DETECTED,NONE DETECTED,23D48318-35E7-4165-89F2-1A21B2857C07,PEDESTRIAN,Cross/Enter at Intersection,N/A,AT INTERSECTION BUT NO CROSSWALK,No,SUSPECTED SERIOUS INJURY,NONE,39.07829178,-77.12795019,"(39.07829178, -77.12795019)"
MCP2745002Z,240016455,MONTGOMERY,Injury Crash,04/09/2024 09:12:00 AM,Municipality Route,PARAMOUNT PARK DR (NB/L),,,,Cyclist (non-electric),Single Vehicle,Clear,Dry,Daylight,Yield Sign,"Not Suspect of Alcohol Use, Not Suspect of Drug Use","Not Suspect of Alcohol Use, Not Suspect of Drug Use",D296D2DA-5AE2-4AB5-BED7-85142204C3CF,Cyclist (non-electric),Cross/Enter at Intersection,None (No Improper Action),Intersection Marked Crosswalk,No,Suspected Minor Injury,None,39.16031938,-77.22104135,"(39.16031938, -77.22104135)"
MCP20770057,240000467,MONTGOMERY,Injury Crash,01/03/2024 06:14:00 PM,County Route,HENDERSON AVE,GEORGIA AVE (SB/L),,,Pedestrian,Single Vehicle,Clear,Dry,Dark - Lighted,Pedestrian Crossing,"Unknown, Unknown","Not Suspect of Alcohol Use, Not Suspect of Drug Use",0DB54F6A-9419-4BC1-9F5C-257B1139D811,Pedestrian,Cross/Enter at Intersection,None (No Improper Action),Intersection Marked Crosswalk,No,Suspected Serious Injury,None,39.05070153,-77.05166649,"(39.05070153, -77.05166649)"
MCP3123006Y,240011915,MONTGOMERY,Injury Crash,03/13/2024 02:21:00 PM,US (State),,,,,Pedestrian,Single Vehicle,Clear,Dry,Daylight,Traffic Control Signal,"Not Suspect of Alcohol Use, Not Suspect of Drug Use","Not Suspect of Alcohol Use, Not Suspect of Drug Use",95B3E76C-AE1C-4028-9CB8-041605F7C768,Pedestrian,Cross/Enter at Intersection,None (No Improper Action),Intersection Marked Crosswalk,No,Suspected Minor Injury,None,38.9872766,-77.02675594,"(38.9872766, -77.02675594)"
MCP30850056,240046009,MONTGOMERY,Injury Crash,09/26/2024 05:06:00 PM,,,,Parking Lot Way        PARKING LOT OF 3910 KNOWLES AVE,,Pedestrian,Single Vehicle,Cloudy,,Daylight,,"Not Suspect of Alcohol Use, Not Suspect of Drug Use","Not Suspect of Alcohol Use, Not Suspect of Drug Use",B945DE68-C1DD-41EB-844F-021C63BC7D3F,Pedestrian,Walking/Cycling Along Roadway Against Traffic (In or Adjacent to Travel Lane),None (No Improper Action),Sidewalk,No,Suspected Minor Injury,None,39.02758889,-77.07772814,"(39.02758889, -77.07772814)"
MCP3068005J,240026627,MONTGOMERY,Injury Crash,06/04/2024 07:30:00 PM,County Route,CHASE AVE,,,,Pedestrian,Single Vehicle,Clear,Dry,Daylight,No Controls,"Not Suspect of Alcohol Use, Not Suspect of Drug Use","Not Suspect of Alcohol Use, Not Suspect of Drug Use",177FEFC8-C71A-42CE-A87D-C9161CF8479C,Pedestrian,Cross/Enter Not at Intersection,Dart/Dash,Travel Lane Other Location,No,Suspected Minor Injury,None,38.9897745,-77.0934855,"(38.9897745, -77.0934855)"
MCP1378017F,240008172,MONTGOMERY,Injury Crash,02/19/2024 03:56:00 PM,Private Route,,,,,Pedestrian,Single Vehicle,Clear,Dry,Daylight,No Controls,"Not Suspect of Alcohol Use, Not Suspect of Drug Use","Not Suspect of Alcohol Use, Not Suspect of Drug Use",6C69CCCD-390F-4F11-95D0-8C1631E37EA7,Pedestrian,Cross/Enter at Intersection,None (No Improper Action),Intersection Marked Crosswalk,No,Possible Injury,None,39.05483341,-77.11595507,"(39.05483341, -77.11595507)"
DD5653003F,240022658,ROCKVILLE,Property Damage Crash,05/13/2024 11:37:00 PM,Municipality Route,BALTIMORE RD,FIRST ST,,,Cyclist (non-electric),Single Vehicle,Clear,Dry,Dark - Lighted,Traffic Control Signal,"Not Suspect of Alcohol Use, Not Suspect of Drug Use","Not Suspect of Alcohol Use, Not Suspect of Drug Use",4BF0625C-48DA-4F16-A96A-4332908C0EE4,Cyclist (non-electric),Cross/Enter at Intersection,None (No Improper Action),Shoulder/Roadside,No,No Apparent Injury,Reflectors,39.08469698,-77.13610065,"(39.08469698, -77.13610065)"
MCP3387000Y,240017689,MONTGOMERY,Injury Crash,04/16/2024 10:06:00 AM,Maryland (State) Route,EAST WEST HWY,,,,Pedestrian,Single Vehicle,Clear,Dry,Daylight,Traffic Control Signal,"Not Suspect of Alcohol Use, Not Suspect of Drug Use","Not Suspect of Alcohol Use, Not Suspect of Drug Use",AEF3F613-7DF8-4D70-9A84-2FC7A63A05E1,Pedestrian,Cross/Enter at Intersection,None (No Improper Action),Intersection Marked Crosswalk,No,Suspected Minor Injury,None,38.99281634,-77.0317111,"(38.99281634, -77.0317111)"
MCP120500BR,240010850,MONTGOMERY,Injury Crash,03/06/2024 08:38:00 AM,Maryland (State) Route,16TH ST,,,,Pedestrian,Single Vehicle,Rain,Wet,Daylight,Pedestrian Crossing Sign,"Unknown, Unknown","Not Suspect of Alcohol Use, Not Suspect of Drug Use",4DF21834-0B3A-4525-A1DE-B56E2609D76B,Pedestrian,Cross/Enter at Intersection,None (No Improper Action),Intersection Marked Crosswalk,No,Possible Injury,None,38.99462923,-77.0361474,"(38.99462923, -77.0361474)"
DD5651004W,240024175,ROCKVILLE,Property Damage Crash,05/22/2024 07:40:00 AM,Municipality Route,BLANDFORD ST,MT VERNON PL,,,Scooter (electric),Single Vehicle,Clear,Dry,Daylight,Stop Sign,"Not Suspect of Alcohol Use, Not Suspect of Drug Use","Not Suspect of Alcohol Use, Not Suspect of Drug Use",4ADB4E94-27C2-4139-AB64-60629B9165D9,Scooter (electric),Cross/Enter at Intersection,"Failure to Obey Traffic Signs, Signals, or Officer",Intersection Unmarked Crosswalk,No,No Apparent Injury,None,39.07865633,-77.1500469,"(39.07865633, -77.1500469)"
MCP3337002P,240021303,MONTGOMERY,Injury Crash,05/06/2024 03:49:00 PM,County Route,WOODSON AVE,,,,Pedestrian,Single Vehicle,Cloudy,Dry,Daylight,No Controls,"Not Suspect of Alcohol Use, Not Suspect of Drug Use","Not Suspect of Alcohol Use, Not Suspect of Drug Use",E46F3D4B-7174-4353-B967-298FF4DAC32C,Pedestrian,Cross/Enter Not at Intersection,"Dart/Dash, In Roadway Improperly (Standing, Lying, Working, Playing)",Travel Lane Other Location,Yes,Suspected Minor Injury,None,39.04118444,-77.07513197,"(39.04118444, -77.07513197)"
MCP31680063,230069182,Montgomery County Police,Injury Crash,11/30/2023 06:13:00 PM,County,SHADY GROVE RD,BRIARDALE RD,,N/A,OTHER,SAME DIRECTION SIDESWIPE,CLEAR,DRY,DARK LIGHTS ON,TRAFFIC SIGNAL,NONE DETECTED,N/A,6B8020BD-4DDD-448F-97E6-B52485BD45B3,OTHER,Other,NO IMPROPER ACTIONS,OTHER,No,NO APPARENT INJURY,N/A,39.13361819,-77.15808041,"(39.13361819, -77.15808041)"
MCP3334002J,240017090,MONTGOMERY,Injury Crash,04/12/2024 08:15:00 PM,Maryland (State) Route,16TH ST (SB/L),,,,Pedestrian,Single Vehicle,Clear,Dry,Dark - Lighted,Traffic Control Signal,"Unknown, Unknown","Not Suspect of Alcohol Use, Not Suspect of Drug Use",118CCEB5-C8B0-4D2C-80E7-71A0B576391C,Pedestrian,Cross/Enter Not at Intersection,Other,Shoulder/Roadside,Yes,Possible Injury,None,38.996082,-77.03619031,"(38.996082, -77.03619031)"
MCP3094003Y,240008731,MONTGOMERY,Injury Crash,02/22/2024 04:56:00 PM,County Route,,FLOWER HILL WAY MINERAL SPRINGS DR,,,Pedestrian,Single Vehicle,Rain,Wet,Daylight,Stop Sign,"Not Suspect of Alcohol Use, Not Suspect of Drug Use","Not Suspect of Alcohol Use, Not Suspect of Drug Use",7366AA58-2A1D-42BB-ABF2-1FD1F79CCB3D,Pedestrian,Cross/Enter at Intersection,None (No Improper Action),Intersection Marked Crosswalk,No,Suspected Minor Injury,None,39.15467038,-77.16380452,"(39.15467038, -77.16380452)"
MCP1519004P,240005474,MONTGOMERY,Injury Crash,02/03/2024 10:31:00 AM,Maryland (State) Route,GREAT SENECA HWY,,,,Pedestrian,Single Vehicle,Clear,Dry,Daylight,Pedestrian Crossing Sign,"Not Suspect of Alcohol Use, Not Suspect of Drug Use","Not Suspect of Alcohol Use, Not Suspect of Drug Use",4061AF81-2C71-499C-82E6-B96F6D026E68,Pedestrian,Cross/Enter at Intersection,Unknown,Intersection Marked Crosswalk,No,Suspected Serious Injury,None,39.14623737,-77.27467884,"(39.14623737, -77.27467884)"
MCP291700DF,240023909,MONTGOMERY,Injury Crash,05/21/2024 08:10:00 AM,Maryland (State) Route,GEORGIA AVE (SB/L),,,,Pedestrian,"Sideswipe, Same Direction",Clear,Dry,Daylight,No Controls,"Not Suspect of Alcohol Use, Not Suspect of Drug Use, Not Suspect of Alcohol Use, Not Suspect of Drug Use","Not Suspect of Alcohol Use, Not Suspect of Drug Use",F1921D9D-F0B7-472B-BB46-7380C4477817,Pedestrian,Standing,None (No Improper Action),Other,No,Suspected Minor Injury,None,39.03920585,-77.05110082,"(39.03920585, -77.05110082)"
MCP3121002G,190048939,Montgomery County Police,Property Damage Crash,10/11/2019 07:50:00 PM,County,WALKERS CHOICE RD,LAKE LANDING RD,,N/A,PEDESTRIAN,SINGLE VEHICLE,CLEAR,DRY,DARK LIGHTS ON,TRAFFIC SIGNAL,UNKNOWN,NONE DETECTED,1AE34311-0563-4631-A417-BA827EDBD59A,PEDESTRIAN,Cross/Enter at Intersection,NO IMPROPER ACTIONS,ON ROADWAY AT CROSSWALK,No,NO APPARENT INJURY,NONE,39.16144578,-77.20209489,"(39.16144578, -77.20209489)"
DD5666000S,240013817,ROCKVILLE,Injury Crash,03/23/2024 10:31:00 AM,Municipality Route,HENSLOWE DR,,,,Cyclist (non-electric),Single Vehicle,Rain,Wet,Daylight,Traffic Control Signal,"Not Suspect of Alcohol Use, Not Suspect of Drug Use","Not Suspect of Alcohol Use, Not Suspect of Drug Use",D468574B-069D-4B44-98FF-5132676CEA7E,Cyclist (non-electric),Cross/Enter at Intersection,None (No Improper Action),Intersection Marked Crosswalk,No,Suspected Minor Injury,None,39.06675831,-77.1647899,"(39.06675831, -77.1647899)"
MCP242500GL,210005127,Montgomery County Police,Injury Crash,02/09/2021 10:50:00 AM,Maryland (State),GEORGIA AVE,COLESVILLE RD,,N/A,PEDESTRIAN,OTHER,N/A,DRY,DAYLIGHT,TRAFFIC SIGNAL,NONE DETECTED,NONE DETECTED,BC8BD9F9-4378-4788-B8C3-FA23F779CD54,PEDESTRIAN,Cross/Enter at Intersection,NO IMPROPER ACTIONS,ON ROADWAY AT CROSSWALK,No,SUSPECTED MINOR INJURY,NONE,38.99574167,-77.02811167,"(38.99574167, -77.02811167)"
MCP2401001Q,230019346,Montgomery County Police,Injury Crash,04/23/2023 03:05:00 AM,Interstate (State),EISENHOWER MEMORIAL HWY,W MONTGOMERY AVE,,N/A,PEDESTRIAN,SAME DIR REAR END,CLEAR,DRY,DARK LIGHTS ON,N/A,"N/A, NONE DETECTED",N/A,6A046E88-A720-4841-BD4A-6EB5A5560BF2,PEDESTRIAN,Push/Work on Vehicle,DISABLED VEHICLE RELATED,OTHER,No,SUSPECTED MINOR INJURY,NONE,39.08079833,-77.17058167,"(39.08079833, -77.17058167)"
MCP12270022,240016275,MONTGOMERY,Fatal Crash,04/08/2024 12:02:00 AM,Maryland (State) Route,VEIRS MILL RD (WB/L),,,,"Other Pedestrian (person in a building, skater, personal conveyance, etc.)",Single Vehicle,Clear,Dry,Dark - Lighted,Pedestrian Crossing Sign,"Unknown, Unknown","Unknown, Unknown",5B9386C3-5632-4781-9041-ED82070E7C3D,"Other Pedestrian (person in a building, skater, personal conveyance, etc.)",Other,Unknown,Travel Lane Other Location,No,Fatal Injury,None,39.0438054,-77.06244142,"(39.0438054, -77.06244142)"
MCP3381000L,240005434,MONTGOMERY,Injury Crash,02/02/2024 11:41:00 PM,Municipality Route,W EDMONSTON DR,EDMONSTON DR EDMONSTON DR (SB/L),,,Cyclist (non-electric),Single Vehicle,Clear,Dry,Dark - Lighted,Traffic Control Signal,"Not Suspect of Alcohol Use, Not Suspect of Drug Use","Not Suspect of Alcohol Use, Not Suspect of Drug Use",3D15DE0F-D62D-4914-998D-71E4F782CC6C,Cyclist (non-electric),Cross/Enter at Intersection,None (No Improper Action),Intersection Marked Crosswalk,No,Suspected Minor Injury,None,39.07451754,-77.13566528,"(39.07451754, -77.13566528)"
MCP2932007C,240012171,MONTGOMERY,Injury Crash,03/13/2024 10:18:00 PM,County Route,OAKVIEW DR,NEW HAMPSHIRE AVE (SB/L),,,Pedestrian,Single Vehicle,Clear,Dry,Dark - Lighted,Traffic Control Signal,"Not Suspect of Alcohol Use, Not Suspect of Drug Use","Not Suspect of Alcohol Use, Not Suspect of Drug Use",0F6607CE-4D6C-4994-B0AE-339E413FAA21,Pedestrian,Cross/Enter at Intersection,None (No Improper Action),Intersection Marked Crosswalk,No,Suspected Minor Injury,None,39.01530819,-76.97797122,"(39.01530819, -76.97797122)"
DD5598003F,190053600,Rockville Police Departme,Injury Crash,11/07/2019 07:40:00 AM,Municipality,MARYLAND AVE,S WASHINGTON ST,,ROCKVILLE,PEDESTRIAN,OTHER,CLOUDY,DRY,DAYLIGHT,OTHER,N/A,N/A,AE7B7B88-0DE2-410A-96F7-1C9E36935A78,PEDESTRIAN,Cross/Enter at Intersection,NO IMPROPER ACTIONS,ON ROADWAY AT CROSSWALK,No,POSSIBLE INJURY,N/A,39.08040683,-77.15259717,"(39.08040683, -77.15259717)"
MCP3145004Q,240005352,MONTGOMERY,Injury Crash,02/02/2024 02:45:00 PM,Maryland (State) Route,NEW HAMPSHIRE AVE (SB/L),,,,Pedestrian,Single Vehicle,Clear,Dry,Daylight,Traffic Control Signal,"Not Suspect of Alcohol Use, Not Suspect of Drug Use","Suspect of Alcohol Use, Suspect of Drug Use",01777F13-C9D5-410D-AC88-C4049743D8D7,Pedestrian,Walking/Cycling on Sidewalk,"In Roadway Improperly (Standing, Lying, Working, Playing)",Sidewalk,No,Suspected Minor Injury,None,39.0206038,-76.97690901,"(39.0206038, -76.97690901)"
MCP9113000Z,15056420,MONTGOMERY,Injury Crash,11/05/2015 05:23:00 PM,Maryland (State),OLNEY SANDY SPRING RD,VILLAGE CENTER DR,,N/A,BICYCLIST,SINGLE VEHICLE,CLEAR,DRY,DARK LIGHTS ON,STOP SIGN,NONE DETECTED,NONE DETECTED,3FA7741B-CCD5-48AB-977A-C94C8C74CF5D,BICYCLIST,Cross/Enter at Intersection,N/A,ON ROADWAY AT CROSSWALK,No,SUSPECTED MINOR INJURY,N/A,39.151609,-77.063577,"(39.151609, -77.063577)"
MCP33500035,240022827,MONTGOMERY,Injury Crash,05/14/2024 08:56:00 PM,County Route,OLD GEORGETOWN RD (SB/L),,,,Pedestrian,Other,Rain,Wet,Dark - Not Lighted,Traffic Control Signal,"Not Suspect of Alcohol Use, Not Suspect of Drug Use, Not Suspect of Alcohol Use, Not Suspect of Drug Use","Not Suspect of Alcohol Use, Not Suspect of Drug Use",841B6384-1750-475D-8B4A-030D66334AF9,Pedestrian,Other,None (No Improper Action),Midblock Marked Crosswalk,No,Suspected Minor Injury,None,39.04952927,-77.11431887,"(39.04952927, -77.11431887)"