Report Number,Local Case Number,Agency Name,ACRS Report Type,Crash Date/Time,Route Type,Road Name,Cross-Street Name,Off-Road Description,Municipality,Related Non-Motorist,Collision Type,Weather,Surface Condition,Light,Traffic Control,Driver Substance Abuse,Non-Motorist Substance Abuse,Person ID,Pedestrian Type,Pedestrian Movement,Pedestrian Actions,Pedestrian Location,At Fault,Injury Severity,Safety Equipment,Latitude,Longitude,Location
MCP26670097,240022004,MONTGOMERY,Injury Crash,05/10/2024 07:30:00 AM,Maryland (State) Route,WOODFIELD RD (SB/L),,,,Cyclist (non-electric),Single Vehicle,Cloudy,Dry,Daylight,No Controls,"Not Suspect of Alcohol Use, Not Suspect of Drug Use","Unknown, Unknown",CE442334-8707-4CA7-9D11-8A7C204CD541,Cyclist (non-electric),Cross/Enter Not at Intersection,"In Roadway Improperly (Standing, Lying, Working, Playing)",Travel Lane Other Location,Yes,Suspected Serious Injury,"Helmet, Lighting, Reflective Wear (backpack, triangles, etc.)",39.16279636,-77.1707702,"(39.16279636, -77.1707702)"
MCP2799007T,240021515,MONTGOMERY,Injury Crash,05/07/2024 04:05:00 PM,County Route,FENTON ST,,,,Pedestrian,Single Vehicle,Clear,Dry,Daylight,No Controls,"Not Suspect of Alcohol Use, Not Suspect of Drug Use","Not Suspect of Alcohol Use, Not Suspect of Drug Use",5CB63A41-195E-49FB-97E2-B54D669379EE,Pedestrian,Cross/Enter at Intersection,"Inattentive (Talking, Eating, etc.)",Intersection Marked Crosswalk,No,Suspected Minor Injury,None,38.99536046,-77.02441446,"(38.99536046, -77.02441446)"
MCP3229001Y,240006253,MONTGOMERY,Injury Crash,02/08/2024 06:11:00 AM,County Route,FRIENDSHIP BLVD,,,,Scooter (electric),Single Vehicle,Clear,Dry,Dark - Lighted,No Controls,"Not Suspect of Alcohol Use, Not Suspect of Drug Use","Not Suspect of Alcohol Use, Not Suspect of Drug Use",D1404CC7-C67F-4281-A0A5-913480789725,Scooter (electric),Other,None (No Improper Action),Shoulder/Roadside,No,Suspected Minor Injury,None,38.96065304,-77.08796601,"(38.96065304, -77.08796601)"
MCP2656007B,240024940,MONTGOMERY,Property Damage Crash,05/26/2024 03:40:00 PM,County Route,WISTERIA DR,FATHER HURLEY BLVD,,,Pedestrian,Single Vehicle,Clear,Dry,Daylight,Traffic Control Signal,"Not Suspect of Alcohol Use, Not Suspect of Drug Use","Unknown, Not Suspect of Drug Use",53727E77-8B68-41F6-B420-8B0E599A5194,Pedestrian,Cross/Enter at Intersection,Unknown,Intersection Marked Crosswalk,No,No Apparent Injury,None,39.18155678,-77.27635162,"(39.18155678, -77.27635162)"
MCP29310055,210026292,Montgomery County Police,Injury Crash,07/08/2021 05:17:00 PM,Maryland (State),ROCKVILLE PIKE,BOU AVE,,N/A,PEDESTRIAN,OTHER,CLEAR,DRY,DAYLIGHT,TRAFFIC SIGNAL,UNKNOWN,NONE DETECTED,C9EDB24A-7EFE-4D33-859F-6E5CB828EFD2,PEDESTRIAN,Cross/Enter at Intersection,NO IMPROPER ACTIONS,ON ROADWAY AT CROSSWALK,No,SUSPECTED MINOR INJURY,NONE,39.05611333,-77.11922907,"(39.05611333, -77.11922907)"
DD5668000S,240006008,ROCKVILLE,Injury Crash,02/06/2024 06:10:00 PM,Municipality Route,,,,,Pedestrian,Front to Rear,Clear,Dry,Dark - Lighted,No Controls,"Not Suspect of Alcohol Use, Not Suspect of Drug Use, Not Suspect of Alcohol Use, Not Suspect of Drug Use","Not Suspect of Alcohol Use, Not Suspect of Drug Use",B6F6C801-CDD9-47A4-8FA2-B32DE85A4097,Pedestrian,Standing,None (No Improper Action),Sidewalk,No,Suspected Minor Injury,None,39.07846387,-77.11221092,"(39.07846387, -77.11221092)"
MCP31290093,240019902,MONTGOMERY,Property Damage Crash,04/29/2024 09:12:00 AM,County Route,BURNING BUSH LA,,,,"Other Pedestrian (person in a building, skater, personal conveyance, etc.)",Single Vehicle,Clear,Dry,Daylight,No Controls,"Not Suspect of Alcohol Use, Not Suspect of Drug Use","Not Suspect of Alcohol Use, Not Suspect of Drug Use",97755F8F-3F2C-4E6C-9A70-06587C1DA368,"Other Pedestrian (person in a building, skater, personal conveyance, etc.)",None,None (No Improper Action),Other,No,No Apparent Injury,None,39.089868,-77.05889183,"(39.089868, -77.05889183)"
MCP15640070,230009627,Montgomery County Police,Injury Crash,02/26/2023 01:41:00 PM,Ramp,RAMP 6 FR RP 3 (FR MD200 EB) TO MD97 SB,GEORGIA AVE,,N/A,BICYCLIST,OTHER,CLEAR,DRY,DAYLIGHT,NO CONTROLS,NONE DETECTED,NONE DETECTED,EE3B38C1-530B-427E-A568-E7BBEFB8D454,BICYCLIST,Walking/Riding w/Traffic,NO IMPROPER ACTIONS,ON ROADWAY NOT AT CROSSWALK,No,SUSPECTED MINOR INJURY,MC/BIKE HELMET,39.117673,-77.07472367,"(39.117673, -77.07472367)"
MCP2939007K,250018565,MONTGOMERY,Injury Crash,04/28/2025 05:37:00 PM,,,,Parking Aisle        PARKING LOT OF GIANT LOCATED AT 20944 FREDERICK RD GERMANTOWN MD,,Occupant of Motor Vehicle Not in Transport,Single Vehicle,Clear,,Daylight,,"Not Suspect of Alcohol Use, Not Suspect of Drug Use, Unknown, Unknown","Not Suspect of Alcohol Use, Not Suspect of Drug Use",4B208CF7-E68A-41B7-B920-891ABD292BA4,Occupant of Motor Vehicle Not in Transport,Getting Off/On Vehicle,None (No Improper Action),Other,No,Suspected Minor Injury,None,39.20254922,-77.24779627,"(39.20254922, -77.24779627)"
DD55670045,240025636,ROCKVILLE,Injury Crash,05/30/2024 02:14:00 PM,Municipality Route,MAPLE AVE,BALTIMORE RD,,,Cyclist (non-electric),Single Vehicle,Clear,Dry,Daylight,No Controls,"Unknown, Unknown","Not Suspect of Alcohol Use, Not Suspect of Drug Use",754CBF79-DA36-42F6-BA8C-B515B8E84C9F,Cyclist (non-electric),Walking/Cycling Along Roadway With Traffic (In or Adjacent to Travel Lane),Improper Turn/Merge),Intersection Other,Yes,Suspected Minor Injury,None,39.08397212,-77.14064733,"(39.08397212, -77.14064733)"
MCP3085004J,240008772,MONTGOMERY,Injury Crash,02/22/2024 07:57:00 PM,Maryland (State) Route,CONNECTICUT AVE,EAST WEST HWY,,,Pedestrian,Single Vehicle,Rain,Wet,Dark - Lighted,Traffic Control Signal,"Not Suspect of Alcohol Use, Not Suspect of Drug Use","Not Suspect of Alcohol Use, Not Suspect of Drug Use",3A602CC9-9E1D-4D12-8F8F-426A9E87B709,Pedestrian,Cross/Enter Not at Intersection,Other,Travel Lane Other Location,No,Suspected Minor Injury,None,38.9879328,-77.07702617,"(38.9879328, -77.07702617)"
MCP94060012,17000446,Montgomery County Police,Injury Crash,01/03/2017 06:29:00 PM,County,HEWITT AVE,RIPPLING BROOK DR,,N/A,PEDESTRIAN,SINGLE VEHICLE,CLOUDY,DRY,DARK LIGHTS ON,N/A,NONE DETECTED,NONE DETECTED,00D5276E-DFEC-4411-974B-6427643DA834,PEDESTRIAN,Standing,NO IMPROPER ACTIONS,UNKNOWN,No,SUSPECTED MINOR INJURY,N/A,39.08112667,-77.056505,"(39.08112667, -77.056505)"
MCP3391000T,240020219,MONTGOMERY,Injury Crash,04/30/2024 07:02:00 PM,County Route,REEDIE DR,TRIANGLE LA,,,Pedestrian,Single Vehicle,Clear,Dry,Daylight,Pedestrian Crossing Sign,"Not Suspect of Alcohol Use, Not Suspect of Drug Use","Not Suspect of Alcohol Use, Unknown",DF20D100-650D-46A5-A55E-92CC431BDA83,Pedestrian,Cross/Enter Not at Intersection,"Dart/Dash, In Roadway Improperly (Standing, Lying, Working, Playing), Inattentive (Talking, Eating, etc.)",Intersection Other,Yes,Suspected Minor Injury,None,39.03850063,-77.05172492,"(39.03850063, -77.05172492)"
DD56630010,240016375,ROCKVILLE,Injury Crash,04/08/2024 02:51:00 PM,Maryland (State) Route,ROCKVILLE PIKE (SB/L),,,,Cyclist (non-electric),Single Vehicle,Clear,Dry,Daylight,No Controls,"Not Suspect of Alcohol Use, Not Suspect of Drug Use","Not Suspect of Alcohol Use, Not Suspect of Drug Use",A69184A4-FAFB-4749-8A89-16F432C711AA,Cyclist (non-electric),Walking/Cycling on Sidewalk,None (No Improper Action),Sidewalk,No,Possible Injury,None,39.0661019,-77.1276435,"(39.0661019, -77.1276435)"
DD5633000T,180055238,Rockville Police Departme,Property Damage Crash,11/03/2018 09:27:00 PM,Municipality,WOOTTON PKWY,W EDMONSTON DR,,ROCKVILLE,BICYCLIST,SINGLE VEHICLE,CLEAR,DRY,DARK LIGHTS ON,TRAFFIC SIGNAL,NONE DETECTED,NONE DETECTED,D19F4527-2A3A-4DED-AB62-98FC68FF23AD,BICYCLIST,Cross/Enter at Intersection,NOT VISIBLE,AT INTERSECTION MARKED CROSSWALK,No,NO APPARENT INJURY,NONE,39.07287556,-77.1381867,"(39.07287556, -77.1381867)"
MCP2492001M,210015917,Montgomery County Police,Fatal Crash,04/28/2021 11:02:00 PM,Maryland (State),GEORGIA AVE,RIPPLING BROOK DR,,N/A,PEDESTRIAN,OTHER,CLEAR,DRY,DARK LIGHTS ON,NO CONTROLS,NONE DETECTED,MEDICATION PRESENT,4A8EF8F3-B579-4AC5-942B-4471F0C71574,PEDESTRIAN,Cross/Enter not at Intersection,NO IMPROPER ACTIONS,ON ROADWAY NOT AT CROSSWALK,No,FATAL INJURY,NONE,39.07258,-77.06476,"(39.07258, -77.06476)"
MCP302600CN,240013190,MONTGOMERY,Injury Crash,03/19/2024 04:32:00 PM,Municipality Route,EAST AVE,,,,Pedestrian,Single Vehicle,Clear,Dry,Daylight,Stop Sign,"Not Suspect of Alcohol Use, Not Suspect of Drug Use","Not Suspect of Alcohol Use, Not Suspect of Drug Use",5E6977EF-ACB5-40E8-8E27-AF68C48EC90C,Pedestrian,Cross/Enter at Intersection,None (No Improper Action),Intersection Marked Crosswalk,No,Suspected Minor Injury,None,38.9772305,-77.086782,"(38.9772305, -77.086782)"
MCP3387001B,240027052,MONTGOMERY,Injury Crash,06/07/2024 05:37:00 AM,County Route,TAMARACK RD,E RANDOLPH RD E RANDOLPH RD (WB/L),,,Pedestrian,Single Vehicle,Clear,Wet,Dawn,Traffic Control Signal,"Not Suspect of Alcohol Use, Not Suspect of Drug Use","Not Suspect of Alcohol Use, Not Suspect of Drug Use",729346F6-F89E-4620-B7B9-C467FF838551,Pedestrian,Cross/Enter at Intersection,None (No Improper Action),Intersection Marked Crosswalk,No,Suspected Minor Injury,None,39.0677689,-76.98574508,"(39.0677689, -76.98574508)"
MCP3396000H,240005414,MONTGOMERY,Injury Crash,02/02/2024 08:32:00 PM,Maryland (State) Route,OLNEY SANDY SPRING RD (WB/L),,,,Pedestrian,Single Vehicle,Clear,Dry,Dark - Lighted,No Controls,"Not Suspect of Alcohol Use, Not Suspect of Drug Use","Not Suspect of Alcohol Use, Unknown",57E4111C-834E-4B45-BDC1-346210B2F197,Pedestrian,Cross/Enter Not at Intersection,None (No Improper Action),Travel Lane Other Location,Yes,Suspected Serious Injury,None,39.15296583,-77.0662905,"(39.15296583, -77.0662905)"
DM8498000Z,240020619,TAKOMA,Injury Crash,05/02/2024 07:38:00 PM,Maryland (State) Route,UNIVERSITY BLVD,,,,Pedestrian,Single Vehicle,Clear,Dry,Daylight,No Controls,"Not Suspect of Alcohol Use, Not Suspect of Drug Use","Not Suspect of Alcohol Use, Not Suspect of Drug Use",905F25CD-FF8C-46F4-AE05-4C4349A16CA6,Pedestrian,Walking/Cycling Along Roadway Against Traffic (In or Adjacent to Travel Lane),None (No Improper Action),Intersection Unmarked Crosswalk,No,Suspected Minor Injury,None,38.98956538,-76.98858805,"(38.98956538, -76.98858805)"
MCP33980016,240022040,MONTGOMERY,Injury Crash,05/10/2024 10:30:00 AM,County Route,STEDWICK RD,,,,Cyclist (non-electric),Single Vehicle,Rain,Wet,Daylight,Traffic Control Signal,"Not Suspect of Alcohol Use, Not Suspect of Drug Use","Not Suspect of Alcohol Use, Not Suspect of Drug Use",663AB215-50A3-44FD-8A51-B1D955F6E689,Cyclist (non-electric),Walking/Cycling on Sidewalk,Unknown,Intersection Marked Crosswalk,Yes,Suspected Minor Injury,None,39.16981992,-77.20488477,"(39.16981992, -77.20488477)"
MCP2934005T,240013723,MONTGOMERY,Injury Crash,03/22/2024 03:10:00 PM,County Route,ROCKLEDGE DR (SB/L),,,,Pedestrian,Single Vehicle,Clear,Dry,Daylight,No Controls,"Not Suspect of Alcohol Use, Not Suspect of Drug Use","Not Suspect of Alcohol Use, Not Suspect of Drug Use",F77995C3-C69E-46D8-A68F-0CB42997BEFC,Pedestrian,Other,"In Roadway Improperly (Standing, Lying, Working, Playing)",Travel Lane Other Location,Yes,Suspected Minor Injury,None,39.02365833,-77.13244333,"(39.02365833, -77.13244333)"
MCP20010026,240007244,MONTGOMERY,Fatal Crash,02/13/2024 08:04:00 PM,Maryland (State) Route,METRORAIL TRACK B1 RAIL,,,,Pedestrian,Single Vehicle,Clear,Dry,Dark - Not Lighted,No Controls,"Not Suspect of Alcohol Use, Not Suspect of Drug Use","Not Suspect of Alcohol Use, Suspect of Drug Use",64B58DB3-8B0C-417C-99FF-3FF6A7048980,Pedestrian,Standing,"In Roadway Improperly (Standing, Lying, Working, Playing), Not Visible (Dark Clothing, No Lighting, etc.)",Travel Lane Other Location,Yes,Fatal Injury,None,39.01069829,-77.04096076,"(39.01069829, -77.04096076)"
MCP1519003J,210034390,Montgomery County Police,Injury Crash,09/02/2021 01:36:00 PM,County,MATENY RD,GREAT SENECA HWY,,N/A,BICYCLIST,SINGLE VEHICLE,CLEAR,DRY,DAYLIGHT,TRAFFIC SIGNAL,NONE DETECTED,NONE DETECTED,E8A0442D-1AF8-471A-8D11-54E2F7B55485,BICYCLIST,Cross/Enter at Intersection,NO IMPROPER ACTIONS,AT INTERSECTION MARKED CROSSWALK,No,SUSPECTED MINOR INJURY,NONE,39.14625167,-77.27472833,"(39.14625167, -77.27472833)"
EJ7904000X,240024343,GAITHERSBURG,Injury Crash,05/23/2024 07:04:00 AM,Local Route,FELLOWSHIP CIR,,,,Wheelchair (electric),Single Vehicle,Cloudy,Dry,Daylight,Stop Sign,"Not Suspect of Alcohol Use, Not Suspect of Drug Use","Not Suspect of Alcohol Use, Not Suspect of Drug Use",5067F440-2868-4D65-8DC4-09C9DD471AA4,Wheelchair (electric),Cross/Enter at Intersection,Unknown,Intersection Marked Crosswalk,No,Suspected Serious Injury,None,39.14847788,-77.19880316,"(39.14847788, -77.19880316)"
EJ7879004C,240035989,GAITHERSBURG,Injury Crash,08/21/2024 05:20:00 PM,Municipality Route,S WESTLAND DR,FREDERICK RD (SB/L),,,Pedestrian,Unknown,Clear,Dry,Daylight,Lane Use Control Signal,"Not Suspect of Alcohol Use, Not Suspect of Drug Use","Not Suspect of Alcohol Use, Not Suspect of Drug Use",6000818A-70CF-4D83-8F6E-D2FC4A4BFD40,Pedestrian,Cross/Enter at Intersection,Unknown,Intersection Marked Crosswalk,No,Possible Injury,None,39.12591519,-77.18288302,"(39.12591519, -77.18288302)"
MCP304800C7,240016679,MONTGOMERY,Injury Crash,04/10/2024 01:00:00 PM,Maryland (State) Route,KNOWLES AVE,BEACH DR,,,"Other Pedestrian (person in a building, skater, personal conveyance, etc.)",Single Vehicle,Clear,Dry,Daylight,Traffic Control Signal,"Not Suspect of Alcohol Use, Not Suspect of Drug Use","Not Suspect of Alcohol Use, Not Suspect of Drug Use",D9ADE396-3FB5-4F50-BC5B-96B9594AD7D7,"Other Pedestrian (person in a building, skater, personal conveyance, etc.)",Cross/Enter Not at Intersection,Dart/Dash,Intersection Marked Crosswalk,No,Suspected Minor Injury,None,39.03098125,-77.08612198,"(39.03098125, -77.08612198)"
MCP22030094,250016066,MONTGOMERY,Injury Crash,04/13/2025 06:40:00 AM,County Route,,,,,Pedestrian,Single Vehicle,Unknown,,Dark - Unknown Lighting,No Controls,"Unknown, Unknown","Unknown, Unknown",9B53915E-AE93-43CB-8F02-3F52A7BF689F,Pedestrian,Unknown,Unknown,Unknown,No,Suspected Serious Injury,None,39.04759411,-77.0511802,"(39.04759411, -77.0511802)"
MCP3319002D,240017529,MONTGOMERY,Injury Crash,04/15/2024 12:30:00 PM,County Route,COLUMBIA BLVD,,,,Pedestrian,Unknown,Clear,Dry,Daylight,Traffic Control Signal,"Unknown, Unknown","Not Suspect of Alcohol Use, Not Suspect of Drug Use",3220636C-981D-43E9-9219-6C9B03BA5F1E,Pedestrian,Unknown,Unknown,Unknown,No,Possible Injury,None,39.00871503,-77.04023594,"(39.00871503, -77.04023594)"
MCP3249005K,240011476,MONTGOMERY,Property Damage Crash,03/09/2024 07:50:00 PM,County Route,SCARLET SAGE DR,CEDAR TREE DR,,,Pedestrian,Single Vehicle,Rain,Wet,Dark - Not Lighted,No Controls,"Not Suspect of Alcohol Use, Not Suspect of Drug Use","Not Suspect of Alcohol Use, Not Suspect of Drug Use",C5539E09-07EB-4539-B756-EF202D7229D9,Pedestrian,Cross/Enter at Intersection,Unknown,Intersection Unmarked Crosswalk,No,No Apparent Injury,None,39.10359182,-76.92336952,"(39.10359182, -76.92336952)"
MCP31610076,240053563,MONTGOMERY,Injury Crash,11/07/2024 07:16:00 PM,County Route,,ELM ST,,,Scooter (electric),Single Vehicle,Clear,Dry,Dark - Lighted,Traffic Control Signal,"Unknown, Unknown","Not Suspect of Alcohol Use, Not Suspect of Drug Use",F9158D18-703C-418A-B794-EB43D1413B83,Scooter (electric),Cross/Enter at Intersection,None (No Improper Action),Intersection Marked Crosswalk,No,Suspected Minor Injury,None,38.98207129,-77.09845948,"(38.98207129, -77.09845948)"
MCP2054000K,190058955,Montgomery County Police,Injury Crash,12/06/2019 09:15:00 PM,Maryland (State),16TH ST,EAST WEST HWY,,N/A,PEDESTRIAN,STRAIGHT MOVEMENT ANGLE,CLEAR,DRY,DARK LIGHTS ON,TRAFFIC SIGNAL,UNKNOWN,NONE DETECTED,2FD4974C-DC42-44DB-8FED-EC3C88493B23,PEDESTRIAN,Cross/Enter at Intersection,NO IMPROPER ACTIONS,AT INTERSECTION MARKED CROSSWALK,No,SUSPECTED MINOR INJURY,N/A,38.99464661,-77.03620287,"(38.99464661, -77.03620287)"
MCP29870090,240057017,MONTGOMERY,Injury Crash,11/27/2024 07:20:00 PM,County Route,FAIRLAND RD,,,,Pedestrian,Single Vehicle,Clear,Dry,Dark - Lighted,No Controls,"Unknown, Unknown","Not Suspect of Alcohol Use, Not Suspect of Drug Use",5189F91E-F5E0-49AC-A797-19B8838779D8,Pedestrian,Cross/Enter Not at Intersection,"Failure to Obey Traffic Signs, Signals, or Officer, Not Visible (Dark Clothing, No Lighting, etc.)",Travel Lane Other Location,No,Suspected Minor Injury,None,39.07692278,-76.9585157,"(39.07692278, -76.9585157)"
MCP2861004Y,210030265,Montgomery County Police,Injury Crash,08/04/2021 03:17:00 PM,,,,SIDEWALK BY 4710 BETHESDA AVE,,BICYCLIST,OTHER,CLEAR,,DAYLIGHT,OTHER,NONE DETECTED,NONE DETECTED,DC2DD3C2-3BDD-4E79-9E72-E91F26A4F1A8,BICYCLIST,Walking/Riding against Traffic,INATTENTIVE,SIDEWALK,Unknown,SUSPECTED MINOR INJURY,NONE,38.981225,-77.094355,"(38.981225, -77.094355)"
MCP2420005Z,250008490,MONTGOMERY,Injury Crash,02/26/2025 12:45:00 PM,County Route,RANDOLPH RD,,,,Pedestrian,Single Vehicle,Clear,Dry,Daylight,Lane Use Control Signal,"Not Suspect of Alcohol Use, Not Suspect of Drug Use","Not Suspect of Alcohol Use, Not Suspect of Drug Use",66B96D3C-E19D-4544-8787-33A6DC3719CC,Pedestrian,Cross/Enter at Intersection,Unknown,Intersection Marked Crosswalk,No,Suspected Serious Injury,None,39.06592609,-77.03436935,"(39.06592609, -77.03436935)"
MCP242500J5,240009833,MONTGOMERY,Injury Crash,02/29/2024 08:03:00 AM,County Route,DENNIS AVE,,,,Pedestrian,Single Vehicle,Clear,Dry,Daylight,No Controls,"Not Suspect of Alcohol Use, Not Suspect of Drug Use","Not Suspect of Alcohol Use, Not Suspect of Drug Use",FA5E9182-801D-4CCB-89A9-BCB6379FD686,Pedestrian,Cross/Enter Not at Intersection,None (No Improper Action),Intersection Marked Crosswalk,No,Suspected Serious Injury,None,39.02604876,-77.03444774,"(39.02604876, -77.03444774)"
MCP26780051,240046835,MONTGOMERY,Injury Crash,10/01/2024 11:45:00 AM,,,,"Parking Lot Way        PARKING LOT OF 10700 GEORGIA AVE, SILVER SPRING MD 20902",,Pedestrian,Single Vehicle,Rain,,Daylight,,"Not Suspect of Alcohol Use, Not Suspect of Drug Use","Not Suspect of Alcohol Use, Not Suspect of Drug Use",B127342B-8C2B-43FD-87B7-1F2582493447,Pedestrian,Other,None (No Improper Action),Other,No,Suspected Minor Injury,None,39.03084881,-77.04860837,"(39.03084881, -77.04860837)"
MCP3312004S,240012802,MONTGOMERY,Injury Crash,03/17/2024 01:40:00 PM,County Route,DEERHEAD CT,AUTUMN DR,,,Cyclist (non-electric),Single Vehicle,Clear,Dry,Daylight,Stop Sign,"Not Suspect of Alcohol Use, Not Suspect of Drug Use","Not Suspect of Alcohol Use, Not Suspect of Drug Use",29861CB0-19AD-477D-A7B3-4121998D3E33,Cyclist (non-electric),Walking/Cycling Along Roadway With Traffic (In or Adjacent to Travel Lane),"Failure to Obey Traffic Signs, Signals, or Officer",Intersection Other,Yes,Suspected Minor Injury,None,39.06750575,-76.99758036,"(39.06750575, -76.99758036)"
MCP3404000L,240011633,MONTGOMERY,Injury Crash,03/11/2024 06:43:00 AM,Maryland (State) Route,NEW HAMPSHIRE AVE,OAKVIEW DR,,,Pedestrian,Single Vehicle,Clear,Dry,Daylight,Traffic Control Signal,"Not Suspect of Alcohol Use, Not Suspect of Drug Use","Not Suspect of Alcohol Use, Not Suspect of Drug Use",BE68C93E-B552-4BA4-BD46-745D8085E37D,Pedestrian,Cross/Enter at Intersection,None (No Improper Action),Intersection Marked Crosswalk,No,Suspected Minor Injury,None,39.01535671,-76.97775138,"(39.01535671, -76.97775138)"
EJ7895005J,240017654,GAITHERSBURG,Injury Crash,04/16/2024 07:30:00 AM,Municipality Route,E DIAMOND AVE,,,,Pedestrian,Single Vehicle,Clear,Dry,Daylight,No Controls,"Not Suspect of Alcohol Use, Not Suspect of Drug Use","Suspect of Alcohol Use, Not Suspect of Drug Use",11E19EC0-0FD0-4944-AF06-4E9340059A7F,Pedestrian,Other,"In Roadway Improperly (Standing, Lying, Working, Playing)",Travel Lane Other Location,No,Suspected Serious Injury,None,39.14199308,-77.19535197,"(39.14199308, -77.19535197)"
MCP312900CW,250025829,MONTGOMERY,Property Damage Crash,06/10/2025 10:27:00 AM,Private Route,,,,,"Other Pedestrian (person in a building, skater, personal conveyance, etc.)",Single Vehicle,Clear,Dry,Daylight,No Controls,"Not Suspect of Alcohol Use, Not Suspect of Drug Use, Not Suspect of Alcohol Use, Not Suspect of Drug Use","Not Suspect of Alcohol Use, Not Suspect of Drug Use",2F8F658B-3406-4080-B74C-33F35C23A5C6,"Other Pedestrian (person in a building, skater, personal conveyance, etc.)",None,None (No Improper Action),Other,No,No Apparent Injury,None,39.09486797,-77.07085314,"(39.09486797, -77.07085314)"
MCP3258003S,240020952,MONTGOMERY,Injury Crash,05/04/2024 02:47:00 PM,County Route,GRANDVIEW AVE,LINDELL ST,,,Cyclist (non-electric),Single Vehicle,Rain,Wet,Daylight,Traffic Control Signal,"Not Suspect of Alcohol Use, Not Suspect of Drug Use","Not Suspect of Alcohol Use, Not Suspect of Drug Use",3235A165-EC24-4BD4-B102-DFCC83B44C59,Cyclist (non-electric),Cross/Enter at Intersection,None (No Improper Action),Intersection Marked Crosswalk,No,Suspected Minor Injury,None,39.04116014,-77.05310545,"(39.04116014, -77.05310545)"
MCP3111007R,240004060,MONTGOMERY,Injury Crash,01/26/2024 07:33:00 AM,County Route,ARLINGTON RD,EDGEMOOR LA,,,Pedestrian,Single Vehicle,Cloudy,Wet,Dawn,Traffic Control Signal,"Not Suspect of Alcohol Use, Not Suspect of Drug Use","Not Suspect of Alcohol Use, Not Suspect of Drug Use",1B4F44DB-CF17-4D3F-A705-03F6742F9FD2,Pedestrian,Cross/Enter at Intersection,None (No Improper Action),Intersection Marked Crosswalk,No,Suspected Minor Injury,None,38.98465601,-77.09870588,"(38.98465601, -77.09870588)"