Report Number,Local Case Number,Agency Name,ACRS Report Type,Crash Date/Time,Route Type,Road Name,Cross-Street Name,Off-Road Description,Municipality,Related Non-Motorist,Collision Type,Weather,Surface Condition,Light,Traffic Control,Driver Substance Abuse,Non-Motorist Substance Abuse,Person ID,Pedestrian Type,Pedestrian Movement,Pedestrian Actions,Pedestrian Location,At Fault,Injury Severity,Safety Equipment,Latitude,Longitude,Location
MCP292300C2,240020258,MONTGOMERY,Injury Crash,05/06/2024 06:50:00 AM,County Route,CAMDEN ST,DALEWOOD DR (EB/L),,,Pedestrian,Single Vehicle,Clear,Dry,Daylight,Stop Sign,"Not Suspect of Alcohol Use, Not Suspect of Drug Use","Not Suspect of Alcohol Use, Not Suspect of Drug Use",19A35136-C3FB-4B60-B88A-F0B747AF1496,Pedestrian,Cross/Enter at Intersection,None (No Improper Action),Intersection Unmarked Crosswalk,No,Suspected Minor Injury,None,39.05820469,-77.06888661,"(39.05820469, -77.06888661)"
MCP3126005H,240024640,MONTGOMERY,Injury Crash,05/24/2024 03:41:00 PM,County Route,NEWCUT RD,,,,Pedestrian,Single Vehicle,Clear,Dry,Daylight,No Controls,"Not Suspect of Alcohol Use, Not Suspect of Drug Use","Not Suspect of Alcohol Use, Not Suspect of Drug Use",7FC553C8-C415-4475-8F63-D6883523A3FD,Pedestrian,Cross/Enter Not at Intersection,"Dart/Dash, Failure to Yield Right-Of-Way",Travel Lane Other Location,Yes,Possible Injury,None,39.22681996,-77.25171045,"(39.22681996, -77.25171045)"
MCP31360071,240025357,MONTGOMERY,Injury Crash,05/29/2024 08:48:00 AM,Maryland (State) Route,NEW HAMPSHIRE AVE,,,,Pedestrian,Single Vehicle,Clear,Dry,Daylight,No Controls,"Not Suspect of Alcohol Use, Not Suspect of Drug Use, Not Suspect of Alcohol Use, Not Suspect of Drug Use","Not Suspect of Alcohol Use, Unknown",4E1A8C35-0E8B-410D-9905-C748AC0F6786,Pedestrian,Other,"In Roadway Improperly (Standing, Lying, Working, Playing)",Other,Yes,Possible Injury,None,39.02071117,-76.97671633,"(39.02071117, -76.97671633)"
MCP2351005P,240027078,MONTGOMERY,Injury Crash,06/07/2024 10:10:00 AM,County Route,SHADY GROVE RD,,,,Occupant Of a Non-Motor Vehicle Transportation Device,Single Vehicle,Clear,Dry,Daylight,No Controls,"Not Suspect of Alcohol Use, Not Suspect of Drug Use","Not Suspect of Alcohol Use, Not Suspect of Drug Use",3ECBE1DD-346D-47F8-A07A-2742797BD468,Occupant Of a Non-Motor Vehicle Transportation Device,Other Working,None (No Improper Action),Other,No,Suspected Minor Injury,None,39.12839914,-77.16881396,"(39.12839914, -77.16881396)"
MCP3230005K,240027847,MONTGOMERY,Injury Crash,06/11/2024 06:30:00 PM,County Route,WELLER RD,,,,Cyclist (non-electric),Single Vehicle,Clear,Dry,Daylight,No Controls,"Not Suspect of Alcohol Use, Not Suspect of Drug Use","Not Suspect of Alcohol Use, Not Suspect of Drug Use",4A1C621E-A153-40D9-9812-16E70DD56523,Cyclist (non-electric),Cross/Enter at Intersection,Failure to Yield Right-Of-Way,Intersection Unmarked Crosswalk,No,Suspected Minor Injury,None,39.0640855,-77.06972183,"(39.0640855, -77.06972183)"
MCP3227005D,240027742,MONTGOMERY,Property Damage Crash,06/11/2024 09:22:00 AM,County Route,PRELUDE DR,COLUMBIA PIKE (SB/L),,,Pedestrian,Single Vehicle,Clear,Dry,Daylight,Traffic Control Signal,"Not Suspect of Alcohol Use, Not Suspect of Drug Use","Not Suspect of Alcohol Use, Not Suspect of Drug Use",FA7C1C5D-86B3-4B45-B7A3-E8D747BCA804,Pedestrian,Cross/Enter at Intersection,None (No Improper Action),Intersection Marked Crosswalk,No,No Apparent Injury,None,39.03945034,-76.99790002,"(39.03945034, -76.99790002)"
MCP2845009M,250027921,MONTGOMERY,Injury Crash,06/23/2025 10:20:00 AM,County Route,DIXON AVE,WAYNE AVE,,,Scooter (electric),Single Vehicle,Clear,Dry,Daylight,Pedestrian Crossing Sign,"Unknown, Unknown","Not Suspect of Alcohol Use, Not Suspect of Drug Use",EA0A87E8-4891-4DB8-B2E6-879C46B9EEDD,Scooter (electric),Cross/Enter at Intersection,None (No Improper Action),Intersection Marked Crosswalk,No,Suspected Minor Injury,Helmet,38.99434464,-77.0279865,"(38.99434464, -77.0279865)"
MCP23720066,240027904,MONTGOMERY,Injury Crash,06/12/2024 08:07:00 AM,County Route,,GREENTREE RD,,,Pedestrian,Single Vehicle,Clear,Dry,Daylight,No Controls,"Not Suspect of Alcohol Use, Not Suspect of Drug Use","Not Suspect of Alcohol Use, Not Suspect of Drug Use",4CD1DDAF-86A5-4667-BDAC-96369ADC5608,Pedestrian,Cross/Enter at Intersection,None (No Improper Action),Intersection Marked Crosswalk,No,Suspected Serious Injury,None,39.00126456,-77.12319671,"(39.00126456, -77.12319671)"
MCP3379000V,240022598,MONTGOMERY,Injury Crash,05/13/2024 03:40:00 PM,County Route,OLD BUCKLODGE LA,,,,Cyclist (non-electric),Single Vehicle,Clear,Dry,Daylight,No Controls,"Unknown, Unknown","Not Suspect of Alcohol Use, Not Suspect of Drug Use",14DD0C61-3C0A-4648-9202-F10F07BE3672,Cyclist (non-electric),Unknown,None (No Improper Action),Shoulder/Roadside,No,Suspected Minor Injury,"Helmet, Reflective Wear (backpack, triangles, etc.)",39.17655502,-77.33912817,"(39.17655502, -77.33912817)"
MCP2203007V,230072598,Montgomery County Police,Property Damage Crash,12/19/2023 03:40:00 PM,County,EDWIN ST,CENTERHILL ST,,N/A,OTHER,SAME DIRECTION SIDESWIPE,CLEAR,DRY,DAYLIGHT,NO CONTROLS,NONE DETECTED,N/A,6AFCE8D8-B306-40C8-A773-AABC4D2FE0A4,OTHER,N/A,NO IMPROPER ACTIONS,OTHER,No,NO APPARENT INJURY,N/A,39.053241,-77.07055383,"(39.053241, -77.07055383)"
MCP3080004S,240026966,MONTGOMERY,Injury Crash,06/12/2024 04:21:00 PM,Maryland (State) Route,GREAT SENECA HWY (SB/L),,,,Cyclist (non-electric),Single Vehicle,Clear,Dry,Daylight,Pedestrian Crossing,"Unknown, Unknown","Not Suspect of Alcohol Use, Not Suspect of Drug Use",7462710D-10E2-42BD-8D3C-52C48F33C231,Cyclist (non-electric),Cross/Enter at Intersection,None (No Improper Action),Intersection Marked Crosswalk,No,Suspected Minor Injury,None,39.15708253,-77.27609527,"(39.15708253, -77.27609527)"
MCP3231001C,240028574,MONTGOMERY,Injury Crash,06/15/2024 10:45:00 PM,County Route,ELM ST,ARLINGTON RD,,,Pedestrian,Single Vehicle,Clear,Dry,Dark - Lighted,Traffic Control Signal,"Not Suspect of Alcohol Use, Not Suspect of Drug Use, Not Suspect of Alcohol Use, Not Suspect of Drug Use, Unknown, Unknown","Not Suspect of Alcohol Use, Not Suspect of Drug Use",23035987-73EC-4478-B2D5-00A48AC29C85,Pedestrian,Other,Entering/Exiting Parked/Standing Vehicle,Shoulder/Roadside,No,Suspected Minor Injury,None,38.98208602,-77.09833455,"(38.98208602, -77.09833455)"
MCP3231001C,240028574,MONTGOMERY,Injury Crash,06/15/2024 10:45:00 PM,County Route,ELM ST,ARLINGTON RD,,,Pedestrian,Single Vehicle,Clear,Dry,Dark - Lighted,No Controls,"Not Suspect of Alcohol Use, Not Suspect of Drug Use, Not Suspect of Alcohol Use, Not Suspect of Drug Use, Unknown, Unknown","Not Suspect of Alcohol Use, Not Suspect of Drug Use",23035987-73EC-4478-B2D5-00A48AC29C85,Pedestrian,Other,Entering/Exiting Parked/Standing Vehicle,Shoulder/Roadside,No,Suspected Minor Injury,None,38.98208602,-77.09833455,"(38.98208602, -77.09833455)"
MCP28640050,240029942,MONTGOMERY,Injury Crash,06/24/2024 05:41:00 PM,,,,Parking Stall        PARKING LOT OF 6831 WISCONSIN AVENUE,,Pedestrian,Single Vehicle,Clear,,Daylight,,"Not Suspect of Alcohol Use, Not Suspect of Drug Use","Not Suspect of Alcohol Use, Not Suspect of Drug Use",146A36C0-9DE2-44FE-BD39-B0C86EC4C366,Pedestrian,Other,None (No Improper Action),Other,No,Possible Injury,None,38.97832867,-77.08997755,"(38.97832867, -77.08997755)"
DD5663000Z,240014946,ROCKVILLE,Injury Crash,03/30/2024 03:30:00 PM,,,,Parking Aisle        SHOPPING CENTER PARKING LOT,,Pedestrian,Single Vehicle,Clear,,Daylight,,"Unknown, Unknown","Not Suspect of Alcohol Use, Not Suspect of Drug Use",944AC042-3FE4-441F-B680-80819A4E95EA,Pedestrian,Standing,None (No Improper Action),Other,No,Suspected Minor Injury,None,39.06093394,-77.12691528,"(39.06093394, -77.12691528)"
DD5567002W,240008837,ROCKVILLE,Injury Crash,02/23/2024 10:04:00 AM,,,,Parking Lot Way        PARKING LOT OF 15225 SHADY GROVE RD,,Pedestrian,Single Vehicle,Rain,,Daylight,,"Not Suspect of Alcohol Use, Not Suspect of Drug Use","Not Suspect of Alcohol Use, Not Suspect of Drug Use",A2EDEE04-0E01-4FED-987B-76D0838B373F,Pedestrian,Other,None (No Improper Action),Other,No,Possible Injury,None,39.10715961,-77.18904446,"(39.10715961, -77.18904446)"
MCP1568001Z,240035207,MONTGOMERY,Injury Crash,07/25/2024 06:20:00 PM,Maryland (State) Route,,BEALLSVILLE RD,,,Cyclist (non-electric),Single Vehicle,Cloudy,Dry,Daylight,Traffic Control Signal,"Not Suspect of Alcohol Use, Not Suspect of Drug Use","Unknown, Unknown",9161515F-BC87-415A-A9C0-560BB976E32C,Cyclist (non-electric),Walking/Cycling Along Roadway With Traffic (In or Adjacent to Travel Lane),None (No Improper Action),Intersection Other,No,Suspected Serious Injury,"Helmet, Lighting",39.1792493,-77.41292448,"(39.1792493, -77.41292448)"
MCP3397000B,240008233,MONTGOMERY,Injury Crash,02/20/2024 12:14:00 AM,,,,Parking Lot Way        PARKING LOT OF 13835 CASTLE BLVD,,Pedestrian,Single Vehicle,Clear,,Dark - Lighted,,"Not Suspect of Alcohol Use, Not Suspect of Drug Use","Not Suspect of Alcohol Use, Not Suspect of Drug Use",D53B8847-1D95-4C4E-A567-E4B53AB9701F,Pedestrian,Standing,None (No Improper Action),Other,No,Suspected Minor Injury,None,39.08240035,-76.94295242,"(39.08240035, -76.94295242)"
MCP3225004M,240006567,MONTGOMERY,Injury Crash,02/09/2024 05:30:00 PM,,,,"Parking Stall        PARKING LOT OF 2201 RANDOLPH RD UNIT A, WHEATON, MD 20902",,Occupant of Motor Vehicle Not in Transport,Front to Front,Clear,,Dusk,,"Unknown, Unknown","Not Suspect of Alcohol Use, Not Suspect of Drug Use",52A4D7BF-E38A-4792-ACB8-D33B9B032A3C,Occupant of Motor Vehicle Not in Transport,Standing,None (No Improper Action),Other,No,Suspected Minor Injury,None,39.05992043,-77.04762788,"(39.05992043, -77.04762788)"
MCP3372002M,240026811,MONTGOMERY,Property Damage Crash,06/05/2024 04:15:00 PM,,,,"Parking Stall        3860 INTERNATIONAL DRIVE SILVER SPRING, MD 20906.",,Pedestrian,Single Vehicle,Rain,,Daylight,,"Not Suspect of Alcohol Use, Not Suspect of Drug Use","Not Suspect of Alcohol Use, Not Suspect of Drug Use",4427E55B-7BFD-4874-8533-FA97E6F62783,Pedestrian,Unknown,Unknown,Other,No,No Apparent Injury,None,39.10186971,-77.07568447,"(39.10186971, -77.07568447)"
DD56650023,240015087,ROCKVILLE,Injury Crash,03/31/2024 07:40:00 PM,,,,Parking Lot Way        EXXON PARKING LOT,,Pedestrian,Unknown,Clear,,Dark - Lighted,,"Not Suspect of Alcohol Use, Not Suspect of Drug Use","Not Suspect of Alcohol Use, Not Suspect of Drug Use",E7C57B3E-A97E-4AD4-B22F-D16F164B7969,Pedestrian,Push/Work on Vehicle,"Inattentive (Talking, Eating, etc.)",Other,No,Possible Injury,None,39.08628478,-77.15330416,"(39.08628478, -77.15330416)"
MCP3094004G,240029336,MONTGOMERY,Injury Crash,06/20/2024 05:15:00 PM,,,,"Parking Aisle        PARKING LOT OF 880 RUSSEL  AVE, GAITHERSBURG, MD 20879",,Pedestrian,Single Vehicle,Clear,,Daylight,,"Not Suspect of Alcohol Use, Not Suspect of Drug Use","Not Suspect of Alcohol Use, Not Suspect of Drug Use",55154D60-9021-4801-8AC3-513F55331845,Pedestrian,Walking/Cycling Along Roadway Against Traffic (In or Adjacent to Travel Lane),None (No Improper Action),Other,No,No Apparent Injury,None,39.15644589,-77.21386805,"(39.15644589, -77.21386805)"
DM8503001M,240027178,TAKOMA,Property Damage Crash,06/07/2024 06:24:00 PM,Municipality Route,GRANT AVE,,,,Scooter (electric),Single Vehicle,Clear,Dry,Daylight,No Controls,"Not Suspect of Alcohol Use, Not Suspect of Drug Use","Not Suspect of Alcohol Use, Not Suspect of Drug Use",282B7D05-662A-4B29-877F-FA84F5E07AAF,Scooter (electric),Walking/Cycling Along Roadway Against Traffic (In or Adjacent to Travel Lane),Other,Other,No,No Apparent Injury,Helmet,38.97809118,-77.00623602,"(38.97809118, -77.00623602)"
MCP3444000P,250032875,MONTGOMERY,Injury Crash,07/23/2025 03:02:00 PM,Maryland (State) Route,,,,,Pedestrian,Angle,Clear,Dry,Daylight,Traffic Control Signal,"Not Suspect of Alcohol Use, Not Suspect of Drug Use, Not Suspect of Alcohol Use, Not Suspect of Drug Use","Not Suspect of Alcohol Use, Not Suspect of Drug Use",7B41805A-E737-482B-85EB-6D3CED217E67,Pedestrian,Standing,None (No Improper Action),Sidewalk,No,Possible Injury,None,38.99817821,-77.00371955,"(38.99817821, -77.00371955)"
MCP27830057,240006558,MONTGOMERY,Injury Crash,02/09/2024 04:00:00 PM,,,,Driveway        SIDEWALK IN FRONT OF 125 RANDOLPH ROAD,,Scooter (electric),Single Vehicle,Clear,,Daylight,No Controls,"Not Suspect of Alcohol Use, Not Suspect of Drug Use","Not Suspect of Alcohol Use, Not Suspect of Drug Use",832979EA-909A-420C-86FA-044BEE0AE73E,Scooter (electric),Walking/Cycling on Sidewalk,Unknown,Sidewalk,No,Suspected Minor Injury,None,39.07218788,-77.01051342,"(39.07218788, -77.01051342)"
MCP31970045,240025999,MONTGOMERY,Injury Crash,06/01/2024 12:25:00 PM,,,,Parking Lot Way        14101 GEORGIA AVENUE,,Cyclist (Electric),Single Vehicle,Clear,,Daylight,,"Not Suspect of Alcohol Use, Not Suspect of Drug Use","Not Suspect of Alcohol Use, Not Suspect of Drug Use",7B8AAEA5-353F-4D23-AB84-A207A487FBC5,Cyclist (Electric),Walking/Cycling on Sidewalk,Unknown,Intersection Unmarked Crosswalk,No,Possible Injury,None,39.08537506,-77.07840224,"(39.08537506, -77.07840224)"
MCP25630026,250030192,MONTGOMERY,Fatal Crash,07/07/2025 11:39:00 AM,Maryland (State) Route,,,,,Pedestrian,Single Vehicle,Clear,Dry,Daylight,Curve Ahead Warning Sign,"Not Suspect of Alcohol Use, Not Suspect of Drug Use","Unknown, Unknown",C62C459E-F54C-4F25-9CAB-069F672ED7C4,Pedestrian,Walking/Cycling on Sidewalk,None (No Improper Action),Sidewalk,No,Fatal Injury,None,39.14144708,-77.13803748,"(39.14144708, -77.13803748)"
MCP3356001W,240024947,MONTGOMERY,Injury Crash,05/26/2024 04:10:00 PM,,,,Parking Aisle        PARKING LOT OF BUBBLES SALON,,Pedestrian,Single Vehicle,Clear,,Daylight,,"Unknown, Unknown","Not Suspect of Alcohol Use, Not Suspect of Drug Use",E03A8470-C4FF-4216-8B15-A334874FC01D,Pedestrian,Other,Unknown,Other,No,Suspected Minor Injury,None,39.19912508,-77.25506564,"(39.19912508, -77.25506564)"
MCP29400079,240029707,MONTGOMERY,Injury Crash,06/23/2024 11:00:00 AM,Maryland (State) Route,RIVER RD,,,,Cyclist (non-electric),Single Vehicle,Cloudy,Dry,Daylight,No Controls,"Not Suspect of Alcohol Use, Not Suspect of Drug Use","Not Suspect of Alcohol Use, Not Suspect of Drug Use",D96404B2-71A3-4777-8CA3-0E984011389C,Cyclist (non-electric),Walking/Cycling Along Roadway With Traffic (In or Adjacent to Travel Lane),"Inattentive (Talking, Eating, etc.)",Travel Lane Other Location,Yes,Suspected Minor Injury,Helmet,39.02959499,-77.22828614,"(39.02959499, -77.22828614)"
MCP209400JH,220012302,Montgomery County Police,Injury Crash,03/22/2022 09:20:00 AM,County,FALLS RD,OAKLYN DR,,N/A,"OTHER, PEDESTRIAN",SAME DIR REAR END,CLEAR,DRY,DAYLIGHT,NO CONTROLS,NONE DETECTED,NONE DETECTED,665808A8-5C1B-4800-9AFF-67D80B211A6B,OTHER,Other Working,NO IMPROPER ACTIONS,ON ROADWAY NOT AT CROSSWALK,No,SUSPECTED SERIOUS INJURY,REFLECTIVE CLOTHING,39.010215,-77.219505,"(39.010215, -77.219505)"
MCP3094004J,240030113,MONTGOMERY,Injury Crash,06/25/2024 06:37:00 PM,County Route,STRAWBERRY KNOLL RD,,,,Cyclist (Electric),Single Vehicle,Clear,Dry,Daylight,No Controls,"Unknown, Unknown","Not Suspect of Alcohol Use, Not Suspect of Drug Use",146CFE85-F50C-49DC-B729-34B3665A3A04,Cyclist (Electric),Walking/Cycling Along Roadway With Traffic (In or Adjacent to Travel Lane),None (No Improper Action),Shoulder/Roadside,No,Suspected Minor Injury,Helmet,39.16819578,-77.17985375,"(39.16819578, -77.17985375)"
MCP29050068,240021466,MONTGOMERY,Injury Crash,05/06/2024 11:12:00 AM,,,,Parking Lot Way        INSIDE OF PARKING GARAGE LOCATED AT 5400 WESTBARD AVE,,Pedestrian,Single Vehicle,Cloudy,,Other,,"Not Suspect of Alcohol Use, Not Suspect of Drug Use","Not Suspect of Alcohol Use, Not Suspect of Drug Use",8C27330A-62EF-4517-8361-530CA30DC6E4,Pedestrian,Cross/Enter Not at Intersection,Unknown,Other,No,Suspected Minor Injury,None,38.96277811,-77.10658139,"(38.96277811, -77.10658139)"
DD5567002W,240008837,ROCKVILLE,Injury Crash,02/23/2024 10:04:00 AM,,,,Parking Lot Way        PARKING LOT OF 15225 SHADY GROVE RD,,Pedestrian,Single Vehicle,Rain,,Daylight,,"Not Suspect of Alcohol Use, Not Suspect of Drug Use","Not Suspect of Alcohol Use, Not Suspect of Drug Use",A09A8619-DC46-4BDC-9A74-FCF0F864CA7A,Pedestrian,Other,None (No Improper Action),Other,No,Possible Injury,None,39.10715961,-77.18904446,"(39.10715961, -77.18904446)"
DM8498000X,240007070,TAKOMA,Injury Crash,02/12/2024 07:33:00 PM,Maryland (State) Route,PHILADELPHIA AVE,,,,Pedestrian,Single Vehicle,Rain,Wet,Dark - Lighted,No Controls,"Not Suspect of Alcohol Use, Not Suspect of Drug Use","Not Suspect of Alcohol Use, Not Suspect of Drug Use",2A341FE1-30D2-4FD8-9C80-9E3BB3D79C1C,Pedestrian,Cross/Enter at Intersection,None (No Improper Action),Intersection Marked Crosswalk,No,Suspected Minor Injury,None,38.98333776,-77.01572177,"(38.98333776, -77.01572177)"
MCP3296001Z,230048305,Montgomery County Police,Injury Crash,08/07/2023 08:30:00 PM,,,,PARKING LOT OF 3904 BLACKBURN LN,,PEDESTRIAN,SINGLE VEHICLE,RAINING,,DARK NO LIGHTS,NO CONTROLS,NONE DETECTED,NONE DETECTED,A0485B46-CD81-4D38-AA6D-261B8F0CD36F,PEDESTRIAN,Cross/Enter not at Intersection,NOT VISIBLE,ON ROADWAY NOT AT CROSSWALK,Yes,POSSIBLE INJURY,NONE,39.10491217,-76.93036733,"(39.10491217, -76.93036733)"
MCP3199005Y,240010204,MONTGOMERY,Injury Crash,03/02/2024 12:15:00 PM,,,,Parking Lot Way        IN FRONT OF 4021 POSTGATE TER,,Pedestrian,Single Vehicle,Rain,,Daylight,,"Not Suspect of Alcohol Use, Not Suspect of Drug Use","Not Suspect of Alcohol Use, Not Suspect of Drug Use",B1DF891E-C051-4459-B440-7BBDD2F34A3F,Pedestrian,Cross/Enter Not at Intersection,Dart/Dash,Other,No,Suspected Minor Injury,None,39.08761108,-77.07762369,"(39.08761108, -77.07762369)"
MCP295200FC,240027736,MONTGOMERY,Injury Crash,06/11/2024 09:52:00 AM,County Route,WAYNE AVE,DIXON AVE,,,Scooter (electric),Single Vehicle,Cloudy,Dry,Daylight,Traffic Control Signal,"Not Suspect of Alcohol Use, Not Suspect of Drug Use","Not Suspect of Alcohol Use, Not Suspect of Drug Use",5A87AB95-5CC5-4CB0-BCDF-E9DFFB06BEEB,Scooter (electric),Cross/Enter at Intersection,None (No Improper Action),Intersection Marked Crosswalk,No,Suspected Minor Injury,"Helmet, Reflective Wear (backpack, triangles, etc.)",38.99445555,-77.02798297,"(38.99445555, -77.02798297)"
DD5538004X,240061768,ROCKVILLE,Injury Crash,12/27/2024 03:22:00 PM,,,,"Parking Aisle        1501 ROCKVILLE PIKE, ROCKVILLE MD 20852",,Pedestrian,Single Vehicle,Clear,,Daylight,,"Not Suspect of Alcohol Use, Not Suspect of Drug Use","Not Suspect of Alcohol Use, Not Suspect of Drug Use",B538C3E4-9E43-4F43-A428-C27DB676CAE3,Pedestrian,Other,"Inattentive (Talking, Eating, etc.)",Other,No,Possible Injury,None,39.06467443,-77.12793369,"(39.06467443, -77.12793369)"
MCP29500033,240027023,MONTGOMERY,Injury Crash,06/06/2024 09:07:00 PM,,,,"Parking Lot Way        20910 FREDERICK RD, GERMANTOWN MD 20876
PARKING LOT OF WALMART",,Pedestrian,Single Vehicle,Clear,,Dark - Lighted,,"Not Suspect of Alcohol Use, Not Suspect of Drug Use","Not Suspect of Alcohol Use, Not Suspect of Drug Use",66E4E26D-60DB-45D0-B3EE-ECC1906A1421,Pedestrian,Other,None (No Improper Action),Other,No,Suspected Minor Injury,None,39.19832197,-77.25103668,"(39.19832197, -77.25103668)"
MCP3094004G,240029336,MONTGOMERY,Injury Crash,06/20/2024 05:15:00 PM,,,,"Parking Aisle        PARKING LOT OF 880 RUSSEL  AVE, GAITHERSBURG, MD 20879",,Pedestrian,Single Vehicle,Clear,,Daylight,,"Not Suspect of Alcohol Use, Not Suspect of Drug Use","Not Suspect of Alcohol Use, Not Suspect of Drug Use",0CFE4111-29C2-45F4-AE63-25456601BDF2,Pedestrian,Walking/Cycling Along Roadway Against Traffic (In or Adjacent to Travel Lane),None (No Improper Action),Other,No,Suspected Minor Injury,None,39.15644589,-77.21386805,"(39.15644589, -77.21386805)"
MCP33770019,240024798,MONTGOMERY,Injury Crash,05/25/2024 03:33:00 PM,,,,"Parking Aisle        PARKING LOT OF SUNOCO 10550 CONNECTICUT AVE KENSINGTON, MD 20895",,Pedestrian,Single Vehicle,Clear,,Daylight,,"Not Suspect of Alcohol Use, Not Suspect of Drug Use","Not Suspect of Alcohol Use, Not Suspect of Drug Use",C405CA71-9B26-4066-820B-6C795156F8DF,Pedestrian,Other,None (No Improper Action),Driveway Access,No,Suspected Minor Injury,None,39.02865661,-77.07665438,"(39.02865661, -77.07665438)"
EJ77860002,240004121,GAITHERSBURG,Injury Crash,01/26/2024 07:54:00 AM,,,,Parking Lot Way        PARKING LOT OF 101 EDUCATION BOULEVARD,,Pedestrian,Single Vehicle,Clear,,Daylight,,"Not Suspect of Alcohol Use, Not Suspect of Drug Use","Not Suspect of Alcohol Use, Not Suspect of Drug Use",A3BE14BE-F61F-4897-ADF7-A2DC465814A8,Pedestrian,Cross/Enter at Intersection,None (No Improper Action),Intersection Marked Crosswalk,No,Possible Injury,None,39.13589548,-77.19316343,"(39.13589548, -77.19316343)"
MCP235800CS,240028268,MONTGOMERY,Injury Crash,06/14/2024 06:44:00 AM,Government Route,CONNECTOR RD,,,,Cyclist (non-electric),Single Vehicle,Clear,Dry,Daylight,Traffic Control Signal,"Not Suspect of Alcohol Use, Not Suspect of Drug Use","Not Suspect of Alcohol Use, Not Suspect of Drug Use",D942B889-DBDD-423E-97A5-2CDB8C923DBF,Cyclist (non-electric),Cross/Enter at Intersection,None (No Improper Action),Intersection Marked Crosswalk,No,Suspected Minor Injury,Helmet,38.96457655,-77.13603545,"(38.96457655, -77.13603545)"