Report Number,Local Case Number,Agency Name,ACRS Report Type,Crash Date/Time,Route Type,Road Name,Cross-Street Name,Off-Road Description,Municipality,Related Non-Motorist,Collision Type,Weather,Surface Condition,Light,Traffic Control,Driver Substance Abuse,Non-Motorist Substance Abuse,Person ID,Pedestrian Type,Pedestrian Movement,Pedestrian Actions,Pedestrian Location,At Fault,Injury Severity,Safety Equipment,Latitude,Longitude,Location
MCP3387001C,240028091,MONTGOMERY,Injury Crash,06/13/2024 09:10:00 AM,County Route,,,,,Pedestrian,Single Vehicle,Clear,Dry,Daylight,No Controls,"Not Suspect of Alcohol Use, Not Suspect of Drug Use","Not Suspect of Alcohol Use, Not Suspect of Drug Use",C5696441-5386-4380-8CD7-07D487F4B478,Pedestrian,Cross/Enter Not at Intersection,Dart/Dash,Shoulder/Roadside,Yes,Suspected Minor Injury,None,39.03809458,-76.99413381,"(39.03809458, -76.99413381)"
MCP3068005S,240044548,MONTGOMERY,Injury Crash,09/18/2024 04:51:00 PM,Maryland (State) Route,RIVER RD,,,,Cyclist (non-electric),Single Vehicle,Clear,Wet,Daylight,No Controls,"Not Suspect of Alcohol Use, Not Suspect of Drug Use","Not Suspect of Alcohol Use, Not Suspect of Drug Use",2C62D658-37B7-48DA-A9A0-867D8DA02DB7,Cyclist (non-electric),Walking/Cycling Along Roadway Against Traffic (In or Adjacent to Travel Lane),None (No Improper Action),OnStreet Bike Lanes,No,Suspected Minor Injury,None,38.96430251,-77.10294491,"(38.96430251, -77.10294491)"
MCP2968005L,240029076,MONTGOMERY,Injury Crash,06/19/2024 07:45:00 AM,County Route,MOLECULAR DR (SB/L),NOLAN DR TRAVILAH RD,,,Pedestrian,Single Vehicle,Clear,Dry,Daylight,Pedestrian Crossing Sign,"Not Suspect of Alcohol Use, Not Suspect of Drug Use","Not Suspect of Alcohol Use, Not Suspect of Drug Use",03858A30-2AF7-4F34-B657-F8B9D35E0970,Pedestrian,Cross/Enter at Intersection,None (No Improper Action),Intersection Marked Crosswalk,No,Possible Injury,None,39.09265667,-77.21064667,"(39.09265667, -77.21064667)"
MCP25820054,240028594,MONTGOMERY,Injury Crash,06/16/2024 01:39:00 AM,,,,Driveway        DRIVEWAY / SIDEWALK IN FRONT OF 12313 GEORGIA AVE (MCDONALDS DRIVE-THRU),,Cyclist (non-electric),Single Vehicle,Clear,,Dark - Lighted,,"Unknown, Unknown","Not Suspect of Alcohol Use, Not Suspect of Drug Use",02776FED-0BA3-416F-87F0-4556A8237411,Cyclist (non-electric),Walking/Cycling on Sidewalk,None (No Improper Action),Driveway Access,No,Suspected Minor Injury,None,39.05907262,-77.05004018,"(39.05907262, -77.05004018)"
MCP30970038,240023445,MONTGOMERY,Injury Crash,05/18/2024 04:57:00 AM,,,,Parking Lot Way        PARKING LOT OF 8451 GEORGIA AVENUE,,Pedestrian,Single Vehicle,Rain,,Dark - Lighted,,"Not Suspect of Alcohol Use, Not Suspect of Drug Use","Suspect of Alcohol Use, Not Suspect of Drug Use",F6E57504-9058-4C89-AFC5-451A5E43F7CC,Pedestrian,Other,None (No Improper Action),Other,No,Suspected Minor Injury,None,38.99615843,-77.02775953,"(38.99615843, -77.02775953)"
MCP2875009L,240053759,MONTGOMERY,Injury Crash,11/08/2024 08:35:00 PM,Maryland (State) Route,,,,,Pedestrian,Single Vehicle,Clear,Dry,Dark - Lighted,No Controls,"Not Suspect of Alcohol Use, Not Suspect of Drug Use","Suspect of Alcohol Use, Unknown",43224B36-15E3-470E-95C2-A5662D948A18,Pedestrian,Walking/Cycling Along Roadway Against Traffic (In or Adjacent to Travel Lane),"Failure to Yield Right-Of-Way, In Roadway Improperly (Standing, Lying, Working, Playing), Other, Wrong-Way Riding or Walking",Travel Lane Other Location,No,Suspected Serious Injury,None,39.21931667,-77.25694167,"(39.21931667, -77.25694167)"
MCP31180029,190041955,Montgomery County Police,Injury Crash,09/02/2019 09:55:00 AM,County,BEL PRE RD,PARKER FARM WAY,,N/A,PEDESTRIAN,SINGLE VEHICLE,CLOUDY,DRY,DAYLIGHT,TRAFFIC SIGNAL,NONE DETECTED,NONE DETECTED,F7F38AFF-4E75-4464-9FCC-C0029C50D232,PEDESTRIAN,Cross/Enter at Intersection,NO IMPROPER ACTIONS,AT INTERSECTION MARKED CROSSWALK,No,SUSPECTED MINOR INJURY,N/A,39.09036833,-77.04774667,"(39.09036833, -77.04774667)"
MCP2552006Z,240012502,MONTGOMERY,Injury Crash,03/15/2024 03:05:00 PM,,,,"Private Road        PARKING LOT OF 16185 SHADY GROVE ROAD, ROCKVILLE, MD 20850",,Pedestrian,Other,Cloudy,,Daylight,,"Not Suspect of Alcohol Use, Not Suspect of Drug Use, Not Suspect of Alcohol Use, Not Suspect of Drug Use","Not Suspect of Alcohol Use, Not Suspect of Drug Use",92F6ABD0-FED6-4E30-A12C-633F72BC1DC0,Pedestrian,Standing,None (No Improper Action),Other,No,Suspected Serious Injury,None,39.12092412,-77.17819375,"(39.12092412, -77.17819375)"
MCP3334002D,240007066,MONTGOMERY,Injury Crash,02/12/2024 07:33:00 PM,,,,Parking Lot Way        8541 GEORGIA AVENUE PARKING LOT.,,Pedestrian,Single Vehicle,Rain,,Dark - Lighted,No Controls,"Not Suspect of Alcohol Use, Not Suspect of Drug Use","Not Suspect of Alcohol Use, Not Suspect of Drug Use",4DA12B6A-747C-498C-A5E5-915CFE8EB9DC,Pedestrian,Walking/Cycling on Sidewalk,None (No Improper Action),Other,No,Possible Injury,None,38.99614787,-77.02767684,"(38.99614787, -77.02767684)"
EJ7852001K,17007003,Gaithersburg Police Depar,Injury Crash,02/08/2017 10:11:00 AM,Maryland (State),CLOPPER RD,FIRSTFIELD RD,,GAITHERSBURG,PEDESTRIAN,OTHER,CLEAR,DRY,DARK LIGHTS ON,TRAFFIC SIGNAL,NONE DETECTED,NONE DETECTED,7CB64214-6003-4779-98E7-16022AF1B980,PEDESTRIAN,Cross/Enter at Intersection,UNKNOWN,ON ROADWAY AT CROSSWALK,No,SUSPECTED MINOR INJURY,NONE,39.14376194,-77.22382441,"(39.14376194, -77.22382441)"
DM8388003C,200004793,Takoma Park Police Depart,Injury Crash,01/29/2020 02:12:00 PM,,,,PARKING LOT BEHIND 7600 FLOWER AVE.,,PEDESTRIAN,OTHER,N/A,,DAYLIGHT,NO CONTROLS,NONE DETECTED,NONE DETECTED,CAA14BD0-47DF-474F-BFBE-4AC8E7A44F44,PEDESTRIAN,Walking to/from school,NO IMPROPER ACTIONS,OTHER,No,SUSPECTED MINOR INJURY,NONE,38.985739,-76.9983205,"(38.985739, -76.9983205)"
MCP2968005L,240029076,MONTGOMERY,Injury Crash,06/19/2024 07:45:00 AM,County Route,MOLECULAR DR (SB/L),NOLAN DR TRAVILAH RD,,,Pedestrian,Single Vehicle,Clear,Dry,Daylight,Pedestrian Crossing Sign,"Not Suspect of Alcohol Use, Not Suspect of Drug Use","Not Suspect of Alcohol Use, Not Suspect of Drug Use",46688B79-4F96-4E4F-8EAB-AC94B1F1A888,Pedestrian,Cross/Enter at Intersection,None (No Improper Action),Intersection Marked Crosswalk,No,Possible Injury,None,39.09265667,-77.21064667,"(39.09265667, -77.21064667)"
MCP3010009F,240012643,MONTGOMERY,Injury Crash,03/16/2024 10:50:00 AM,,,,Parking Lot Way        IN PARKING LOT OF 4924 WYACONDA RD,,Pedestrian,Single Vehicle,Clear,,Daylight,,,"Not Suspect of Alcohol Use, Not Suspect of Drug Use",5AA16CD5-3144-439C-A6C0-C90A7AE432F0,Pedestrian,Standing,None (No Improper Action),Driveway Access,No,Suspected Minor Injury,None,39.04522453,-77.09713754,"(39.04522453, -77.09713754)"
MCP3400001K,240029193,MONTGOMERY,Injury Crash,06/19/2024 06:58:00 PM,,,,Driveway        AT THE DRIVEWAY THAT LEADS FROM THE BP GAS STATION TO UNIVERSITY BLVD WEST.,,Scooter (electric),Single Vehicle,Clear,,Daylight,,"Unknown, Unknown","Not Suspect of Alcohol Use, Not Suspect of Drug Use",69455651-8BAC-4EEA-8F5E-F4BDBAC19FA9,Scooter (electric),Walking/Cycling on Sidewalk,None (No Improper Action),Sidewalk,No,Suspected Minor Injury,None,39.02066497,-77.01440095,"(39.02066497, -77.01440095)"
EJ78880079,240061786,GAITHERSBURG,Property Damage Crash,12/27/2024 05:32:00 PM,Maryland (State) Route,S FREDERICK RD,N WESTLAND DR,,,Pedestrian,Single Vehicle,Clear,Dry,Dark - Not Lighted,No Controls,"Not Suspect of Alcohol Use, Not Suspect of Drug Use","Not Suspect of Alcohol Use, Not Suspect of Drug Use",2F906921-F77C-4806-81CA-4E3F71CCE506,Pedestrian,Other,None (No Improper Action),Other,No,No Apparent Injury,None,39.12806934,-77.18514418,"(39.12806934, -77.18514418)"
MCP2445005H,240007274,MONTGOMERY,Injury Crash,02/14/2024 08:24:00 AM,,,,"Parking Lot Way        PARKING LOT OF 20910 FREDERICK RD, GERMANTOWN, MD",,Pedestrian,Single Vehicle,Clear,,Daylight,,"Not Suspect of Alcohol Use, Not Suspect of Drug Use","Not Suspect of Alcohol Use, Not Suspect of Drug Use",90D1D99E-119D-44E2-B64C-039E76A78A57,Pedestrian,Cross/Enter at Intersection,None (No Improper Action),Intersection Marked Crosswalk,No,Suspected Minor Injury,None,39.19862631,-77.25173547,"(39.19862631, -77.25173547)"
DD5633008M,240007186,ROCKVILLE,Property Damage Crash,02/13/2024 03:30:00 PM,,,,Parking Lot Way        PARKING LOT 451 HUNGERFORD DRIVE.,,Wheelchair (electric),Single Vehicle,Clear,,Daylight,,"Not Suspect of Alcohol Use, Not Suspect of Drug Use","Not Suspect of Alcohol Use, Not Suspect of Drug Use",BD3B5C72-D3BD-4A33-B90F-7B6A91A59B59,Wheelchair (electric),Walking/Cycling Along Roadway With Traffic (In or Adjacent to Travel Lane),"In Roadway Improperly (Standing, Lying, Working, Playing)",NonTrafficway Area,Yes,No Apparent Injury,None,39.08983882,-77.15176414,"(39.08983882, -77.15176414)"
MCP320000CC,240029248,MONTGOMERY,Injury Crash,06/20/2024 09:59:00 AM,Maryland (State) Route,WILSON LA (WB/L),,,,Cyclist (non-electric),Single Vehicle,Clear,Dry,Daylight,Traffic Control Signal,"Not Suspect of Alcohol Use, Not Suspect of Drug Use","Not Suspect of Alcohol Use, Not Suspect of Drug Use",3B30BF08-0517-4EC7-AF0D-D2427BAC9AEA,Cyclist (non-electric),Standing,None (No Improper Action),Travel Lane Other Location,No,Possible Injury,Helmet,38.98399202,-77.13715592,"(38.98399202, -77.13715592)"
DM85140016,240026879,TAKOMA,Injury Crash,06/06/2024 05:22:00 AM,,,,Parking Lot Way        UNIT ONE STRUCK PED WHEN EXITING PARKING LOT,,Pedestrian,Unknown,Clear,,Dark - Not Lighted,,"Not Suspect of Alcohol Use, Not Suspect of Drug Use","Not Suspect of Alcohol Use, Not Suspect of Drug Use",04F1FA07-C45E-47CB-852D-5CB5C2F3479D,Pedestrian,Walking/Cycling on Sidewalk,"Not Visible (Dark Clothing, No Lighting, etc.)",Sidewalk,No,Suspected Minor Injury,None,38.97583083,-76.99340711,"(38.97583083, -76.99340711)"
MCP23450013,240010015,MONTGOMERY,Property Damage Crash,03/01/2024 07:40:00 AM,,,,Parking Lot Way        WOOTON HIGH SCHOOL PARKING LOT,,Pedestrian,Single Vehicle,Clear,,Daylight,,"Not Suspect of Alcohol Use, Not Suspect of Drug Use","Not Suspect of Alcohol Use, Not Suspect of Drug Use",66BDC696-29AE-4363-A5E7-34C2B51AD917,Pedestrian,Other Working,None (No Improper Action),Other,No,No Apparent Injury,None,39.07626056,-77.18332196,"(39.07626056, -77.18332196)"
MCP22860062,240019387,MONTGOMERY,Injury Crash,04/25/2024 04:10:00 PM,,,,Parking Lot Way        15609 FREDERICK RD LOT,,Pedestrian,Single Vehicle,Clear,,Daylight,,"Not Suspect of Alcohol Use, Not Suspect of Drug Use","Not Suspect of Alcohol Use, Not Suspect of Drug Use",051C100E-2655-4FB0-9DB0-81741852EB50,Pedestrian,Walking/Cycling on Sidewalk,None (No Improper Action),Sidewalk,No,Possible Injury,None,39.11173904,-77.16126246,"(39.11173904, -77.16126246)"
MCP3377001F,240028400,MONTGOMERY,Injury Crash,06/14/2024 07:09:00 PM,Municipality Route,ROSEMARY ST #2,,,,Cyclist (non-electric),Single Vehicle,Clear,Dry,Daylight,No Controls,"Not Suspect of Alcohol Use, Not Suspect of Drug Use","Not Suspect of Alcohol Use, Not Suspect of Drug Use",E0BAAE9B-BB73-424C-904E-6E9D45897776,Cyclist (non-electric),None,Other,Other,No,Suspected Minor Injury,None,38.97782517,-77.07825833,"(38.97782517, -77.07825833)"
MCP27300042,240015339,MONTGOMERY,Injury Crash,04/02/2024 12:15:00 PM,,,,"Parking Aisle        PARKING AREA OF 12922 MIDDLEBROOK ROAD, GERMANTOWN MD",,Pedestrian,Single Vehicle,Rain,,Other,,"Not Suspect of Alcohol Use, Not Suspect of Drug Use","Not Suspect of Alcohol Use, Not Suspect of Drug Use",04CA65F3-53C2-4AF2-8AB5-A52CC9C0C5CD,Pedestrian,Other,None (No Improper Action),Other,No,Possible Injury,None,39.17996054,-77.23634584,"(39.17996054, -77.23634584)"
MCP2752006F,240029321,MONTGOMERY,Injury Crash,06/20/2024 04:41:00 PM,Private Route,,MOTOR CITY DR WESTLAKE TERR WESTLAKE TERR (WB/L),,,Pedestrian,Single Vehicle,Clear,Dry,Daylight,Traffic Control Signal,"Not Suspect of Alcohol Use, Not Suspect of Drug Use","Not Suspect of Alcohol Use, Not Suspect of Drug Use",0707EC6A-6FDE-465D-9623-6E1A7F1A563F,Pedestrian,Cross/Enter at Intersection,Unknown,Intersection Marked Crosswalk,No,Suspected Minor Injury,None,39.02641051,-77.14402384,"(39.02641051, -77.14402384)"
MCP3245005W,240029630,MONTGOMERY,Injury Crash,06/22/2024 05:41:00 PM,,,,Parking Lot Way        IN FRONT OF DOLLAR TREE,,Pedestrian,Single Vehicle,Clear,,Daylight,,"Not Suspect of Alcohol Use, Not Suspect of Drug Use","Not Suspect of Alcohol Use, Not Suspect of Drug Use",9318597D-E123-4B7E-BCED-020958F7B7F6,Pedestrian,Cross/Enter Not at Intersection,Dart/Dash,Travel Lane Other Location,Yes,Suspected Minor Injury,None,39.17157726,-77.20507312,"(39.17157726, -77.20507312)"
MCP1378018K,240028019,MONTGOMERY,Injury Crash,06/12/2024 05:47:00 PM,Maryland (State) Route,COLESVILLE RD (WB/L),EAST WEST HWY,,,Cyclist (non-electric),Single Vehicle,Cloudy,Dry,Daylight,Traffic Control Signal,"Not Suspect of Alcohol Use, Not Suspect of Drug Use","Not Suspect of Alcohol Use, Not Suspect of Drug Use",48F906CD-F38C-4C26-B3C5-4F1364279F4C,Cyclist (non-electric),Cross/Enter at Intersection,None (No Improper Action),Intersection Marked Crosswalk,No,Possible Injury,Helmet,38.99368589,-77.03235792,"(38.99368589, -77.03235792)"
EJ77860002,240004121,GAITHERSBURG,Injury Crash,01/26/2024 07:54:00 AM,,,,Parking Lot Way        PARKING LOT OF 101 EDUCATION BOULEVARD,,Pedestrian,Single Vehicle,Clear,,Daylight,,"Not Suspect of Alcohol Use, Not Suspect of Drug Use","Not Suspect of Alcohol Use, Not Suspect of Drug Use",AA34D698-BA15-4F06-9F6C-81DA1F679D84,Pedestrian,Cross/Enter at Intersection,None (No Improper Action),Intersection Marked Crosswalk,Yes,Possible Injury,None,39.13589548,-77.19316343,"(39.13589548, -77.19316343)"
MCP31230071,240018994,MONTGOMERY,Injury Crash,04/23/2024 04:48:00 PM,,,,Parking Stall        PARKING LOT OF 12935 PINNACLE DR GERMANTOWN MD 20874,,Pedestrian,Rear To Side,Clear,,Daylight,,"Not Suspect of Alcohol Use, Not Suspect of Drug Use","Not Suspect of Alcohol Use, Not Suspect of Drug Use",1BCDE1D1-2E83-4C5F-9BD9-9FC240C9F963,Pedestrian,Standing,None (No Improper Action),Other,No,Suspected Minor Injury,None,39.1837859,-77.265646,"(39.1837859, -77.265646)"
MCP2906003H,240021945,MONTGOMERY,Injury Crash,05/09/2024 12:00:00 PM,,,,Parking Lot Way        PARKING LOT OF 23 WEST DIAMOND AVENUE,,Pedestrian,Single Vehicle,"Fog, Smog, Smoke",,Daylight,,"Unknown, Unknown","Unknown, Unknown",0D0E76C0-615B-4FF0-A20B-64D648780DF2,Pedestrian,Other Working,None (No Improper Action),Other,No,Suspected Minor Injury,None,39.14057149,-77.19994739,"(39.14057149, -77.19994739)"
MCP2612005M,250020271,MONTGOMERY,Injury Crash,05/07/2025 12:57:00 PM,County Route,GRANDVIEW AVE,WEISMAN RD,,,Pedestrian,Single Vehicle,Clear,Dry,Daylight,Stop Sign,"Unknown, Unknown","Unknown, Unknown",7F0989EF-A3B2-4180-B9B6-E4F92CAE7BD7,Pedestrian,Cross/Enter at Intersection,None (No Improper Action),Intersection Marked Crosswalk,No,Possible Injury,None,39.04308501,-77.05313664,"(39.04308501, -77.05313664)"
DD5673001V,250022139,ROCKVILLE,Injury Crash,05/19/2025 02:23:00 PM,,,,Private Road        PARKING LOT AT FLAGSHIP CAR WASH,,Pedestrian,Single Vehicle,Clear,,Daylight,,"Not Suspect of Alcohol Use, Not Suspect of Drug Use","Not Suspect of Alcohol Use, Not Suspect of Drug Use",F3211CD6-C692-4B79-86D0-03865E96383E,Pedestrian,Standing,None (No Improper Action),Other,No,Suspected Minor Injury,None,39.0578314,-77.11629767,"(39.0578314, -77.11629767)"
EJ77860002,240004121,GAITHERSBURG,Injury Crash,01/26/2024 07:54:00 AM,,,,Parking Lot Way        PARKING LOT OF 101 EDUCATION BOULEVARD,,Pedestrian,Single Vehicle,Clear,,Daylight,,"Not Suspect of Alcohol Use, Not Suspect of Drug Use","Not Suspect of Alcohol Use, Not Suspect of Drug Use",37C028F4-DD04-471A-B99A-75962903766D,Pedestrian,Cross/Enter at Intersection,None (No Improper Action),Intersection Marked Crosswalk,No,Possible Injury,None,39.13589548,-77.19316343,"(39.13589548, -77.19316343)"
EJ7894004F,2400212674,GAITHERSBURG,Injury Crash,05/08/2024 12:24:00 PM,,,,"Parking Lot Way        229 KENTLANDS BLVD, GAITHERSBURG (GIANT FOOD PARKING LOT)",,Pedestrian,Single Vehicle,Clear,,Daylight,,"Unknown, Unknown","Not Suspect of Alcohol Use, Not Suspect of Drug Use",8F7C76A4-8975-4812-AFBA-8ED589DDEBB7,Pedestrian,Standing,None (No Improper Action),Other,No,Suspected Minor Injury,None,39.12543775,-77.23810775,"(39.12543775, -77.23810775)"
EJ7902000R,240010146,GAITHERSBURG,Injury Crash,03/01/2024 08:05:00 PM,,,,Parking Stall        PARKING LOT OF POPEYES,,Pedestrian,Single Vehicle,Rain,,Dark - Lighted,,"Unknown, Unknown","Suspect of Alcohol Use, Unknown",9BFA2478-C382-449E-B760-EC25D8CFB4C1,Pedestrian,Other,"In Roadway Improperly (Standing, Lying, Working, Playing), Not Visible (Dark Clothing, No Lighting, etc.), Other",NonTrafficway Area,No,Suspected Minor Injury,None,39.14671797,-77.20447312,"(39.14671797, -77.20447312)"
MCP2783005D,240024035,MONTGOMERY,Injury Crash,05/23/2024 03:21:00 PM,,,,Driveway        13311 NEW HAMPSHIRE AVE,,Pedestrian,Single Vehicle,Clear,,Daylight,,"Unknown, Unknown","Not Suspect of Alcohol Use, Not Suspect of Drug Use",F196F280-3F4B-46AD-A5A2-1D9E40BC00F7,Pedestrian,Walking/Cycling on Sidewalk,None (No Improper Action),Driveway Access,No,Possible Injury,None,39.07463562,-77.00210476,"(39.07463562, -77.00210476)"
MCP2298015X,240030409,MONTGOMERY,Injury Crash,06/27/2024 02:45:00 PM,,,,Parking Lot Way        20910 FREDERICK ROAD  PARKING LOT OF WALMART,,Pedestrian,Single Vehicle,Clear,,Daylight,,"Not Suspect of Alcohol Use, Not Suspect of Drug Use","Not Suspect of Alcohol Use, Not Suspect of Drug Use",91D4E293-03EB-466C-B8BE-D578D85B872D,Pedestrian,Other,None (No Improper Action),Other,No,Suspected Serious Injury,None,39.19829218,-77.25145092,"(39.19829218, -77.25145092)"
DD5538004G,240031080,ROCKVILLE,Injury Crash,07/01/2024 04:35:00 PM,Maryland (State) Route,HUNGERFORD DR,,,,Wheelchair (electric),Single Vehicle,Clear,Dry,Daylight,No Controls,"Not Suspect of Alcohol Use, Not Suspect of Drug Use","Not Suspect of Alcohol Use, Not Suspect of Drug Use",FDCE8986-3841-4B07-B2E0-3BD2DCCE188F,Wheelchair (electric),Walking/Cycling on Sidewalk,None (No Improper Action),Driveway Access,No,Possible Injury,None,39.09476779,-77.15319541,"(39.09476779, -77.15319541)"
MCP2351005C,240000031,MONTGOMERY,Injury Crash,01/01/2024 06:23:00 AM,County Route,RANDOLPH RD,,,,Pedestrian,Single Vehicle,Clear,Wet,Dark - Not Lighted,No Controls,"Unknown, Unknown","Not Suspect of Alcohol Use, Not Suspect of Drug Use",83B1A628-CB28-4CEF-AF31-28D746EB356B,Pedestrian,Push/Work on Vehicle,"Disabled Vehicle-Related (Working on, Pushing, Leaving/Approaching)",Travel Lane Other Location,No,Suspected Minor Injury,None,39.05392942,-77.09529695,"(39.05392942, -77.09529695)"
MCP29670052,240000278,MONTGOMERY,Injury Crash,01/02/2024 07:10:00 AM,County Route,TUCKERMAN LA,,,,Pedestrian,Single Vehicle,Clear,Dry,Daylight,Traffic Control Signal,"Not Suspect of Alcohol Use, Not Suspect of Drug Use","Not Suspect of Alcohol Use, Not Suspect of Drug Use",068578E5-EBDE-4348-A724-36959BB0C56F,Pedestrian,Cross/Enter at Intersection,None (No Improper Action),Intersection Marked Crosswalk,No,Possible Injury,None,39.03064752,-77.10527832,"(39.03064752, -77.10527832)"
MCP2991009H,240028307,MONTGOMERY,Injury Crash,06/14/2024 10:45:00 AM,County Route,GOOD HOPE RD,,,,Cyclist (non-electric),Single Vehicle,Clear,Dry,Daylight,No Controls,"Not Suspect of Alcohol Use, Not Suspect of Drug Use","Not Suspect of Alcohol Use, Not Suspect of Drug Use",22A6AF6A-21CA-4239-B3B7-35CABCCB0BAC,Cyclist (non-electric),Walking/Cycling Along Roadway With Traffic (In or Adjacent to Travel Lane),None (No Improper Action),Other,No,Suspected Minor Injury,Helmet,39.09892295,-76.98443781,"(39.09892295, -76.98443781)"
MCP3280005J,240029440,MONTGOMERY,Injury Crash,06/21/2024 12:05:00 PM,Maryland (State) Route,NEW HAMPSHIRE AVE (SB/L),LOCKWOOD DR (SB/L),,,Scooter (electric),Single Vehicle,Clear,Dry,Daylight,Traffic Control Signal,"Not Suspect of Alcohol Use, Not Suspect of Drug Use","Not Suspect of Alcohol Use, Not Suspect of Drug Use",77C55758-BBF4-4AF4-8D7F-5DB222221E03,Scooter (electric),Cross/Enter at Intersection,"Failure to Obey Traffic Signs, Signals, or Officer",Intersection Marked Crosswalk,No,Suspected Minor Injury,None,39.03979415,-76.99075001,"(39.03979415, -76.99075001)"
MCP2351005C,240000031,MONTGOMERY,Injury Crash,01/01/2024 06:23:00 AM,County Route,RANDOLPH RD,,,,Pedestrian,Single Vehicle,Clear,Wet,Dark - Not Lighted,No Controls,"Unknown, Unknown","Not Suspect of Alcohol Use, Not Suspect of Drug Use",9A935576-0150-4AD9-83AD-64398A5143DD,Pedestrian,Other,"Disabled Vehicle-Related (Working on, Pushing, Leaving/Approaching)",Other,No,Suspected Minor Injury,None,39.05392942,-77.09529695,"(39.05392942, -77.09529695)"
MCP3360001H,240000673,MONTGOMERY,Injury Crash,01/04/2024 01:20:00 PM,,,,"Parking Lot Way        IN THE PARKING LOT OF (WALMART) - 20910 FREDERICK ROAD, GERMANTOWN MD 20876",,Pedestrian,Single Vehicle,Clear,,Daylight,,"Unknown, Unknown","Not Suspect of Alcohol Use, Not Suspect of Drug Use",4035B48A-62DF-4070-A007-C2D7D5DA4C63,Pedestrian,Other,None (No Improper Action),Driveway Access,No,Suspected Minor Injury,None,39.19833361,-77.25116728,"(39.19833361, -77.25116728)"