Report Number,Local Case Number,Agency Name,ACRS Report Type,Crash Date/Time,Route Type,Road Name,Cross-Street Name,Off-Road Description,Municipality,Related Non-Motorist,Collision Type,Weather,Surface Condition,Light,Traffic Control,Driver Substance Abuse,Non-Motorist Substance Abuse,Person ID,Pedestrian Type,Pedestrian Movement,Pedestrian Actions,Pedestrian Location,At Fault,Injury Severity,Safety Equipment,Latitude,Longitude,Location
MCP2800006C,240029977,MONTGOMERY,Injury Crash,06/24/2024 09:55:00 PM,County Route,NICHOLSON LA,,,,Pedestrian,Single Vehicle,Clear,Dry,Dark - Lighted,No Controls,"Not Suspect of Alcohol Use, Not Suspect of Drug Use","Not Suspect of Alcohol Use, Not Suspect of Drug Use",CB9821A9-0A60-4B81-AEEF-FF3ECABFDFD7,Pedestrian,Cross/Enter Not at Intersection,"In Roadway Improperly (Standing, Lying, Working, Playing), Not Visible (Dark Clothing, No Lighting, etc.), Other",Travel Lane Other Location,Yes,Suspected Minor Injury,None,39.04744423,-77.10214177,"(39.04744423, -77.10214177)"
EJ78650068,240000846,GAITHERSBURG,Property Damage Crash,01/06/2024 01:06:00 AM,Other Public Roadway,CENTER POINT WAY,CENTER POINT WAY MARKET ST E,,,Scooter (electric),Single Vehicle,Clear,Dry,Dark - Lighted,No Controls,"Unknown, Unknown","Not Suspect of Alcohol Use, Not Suspect of Drug Use",6F12427D-8AF5-4DC2-8671-636807A99AB0,Scooter (electric),Cross/Enter at Intersection,None (No Improper Action),Intersection Other,No,No Apparent Injury,None,39.12187321,-77.23458649,"(39.12187321, -77.23458649)"
MCP3261001B,240030308,MONTGOMERY,Injury Crash,06/26/2024 09:58:00 PM,County Route,WASHINGTON GROVE LA,,,,Pedestrian,Single Vehicle,Rain,Wet,Dark - Not Lighted,No Controls,"Not Suspect of Alcohol Use, Not Suspect of Drug Use","Suspect of Alcohol Use, Not Suspect of Drug Use",26C76565-808A-4ED7-9533-F99238D1CE96,Pedestrian,Cross/Enter Not at Intersection,"Dart/Dash, Inattentive (Talking, Eating, etc.), Not Visible (Dark Clothing, No Lighting, etc.)",Travel Lane Other Location,Yes,Suspected Serious Injury,None,39.1522949,-77.16479472,"(39.1522949, -77.16479472)"
EJ7863000N,16066010,Gaithersburg Police Depar,Injury Crash,12/23/2016 04:24:00 PM,Municipality,PROFESSIONAL DR,FREDERICK RD,,N/A,PEDESTRIAN,N/A,CLEAR,DRY,DAYLIGHT,TRAFFIC SIGNAL,NONE DETECTED,NONE DETECTED,80A78B07-F7FC-4F9A-B9E5-DC7D2F58B471,PEDESTRIAN,Cross/Enter not at Intersection,DART DASH,ON ROADWAY NOT AT CROSSWALK,Yes,SUSPECTED MINOR INJURY,NONE,39.16337167,-77.22609,"(39.16337167, -77.22609)"
MCP3264004B,240030898,MONTGOMERY,Property Damage Crash,06/30/2024 01:29:00 PM,US (State),GEORGIA AVE (SB/L),,,,Cyclist (non-electric),Single Vehicle,Clear,Dry,Daylight,No Controls,"Not Suspect of Alcohol Use, Not Suspect of Drug Use","Not Suspect of Alcohol Use, Not Suspect of Drug Use",4EAF2783-C9CC-4C17-B069-C7A2618847EE,Cyclist (non-electric),Walking/Cycling on Sidewalk,None (No Improper Action),Driveway Access,No,No Apparent Injury,Helmet,38.99129379,-77.0267533,"(38.99129379, -77.0267533)"
EJ78650068,240000846,GAITHERSBURG,Property Damage Crash,01/06/2024 01:06:00 AM,Other Public Roadway,CENTER POINT WAY,CENTER POINT WAY MARKET ST E,,,Scooter (electric),Single Vehicle,Clear,Dry,Dark - Lighted,No Controls,"Unknown, Unknown","Not Suspect of Alcohol Use, Not Suspect of Drug Use",5A1514FE-48AF-4D00-BB32-8DDEFFBCE791,Scooter (electric),Cross/Enter at Intersection,None (No Improper Action),Intersection Other,No,No Apparent Injury,None,39.12187321,-77.23458649,"(39.12187321, -77.23458649)"
MCP2399007R,240001045,MONTGOMERY,Injury Crash,01/07/2024 05:54:00 PM,County Route,MONTGOMERY VILLAGE AVE,HOB HILL WAY,,,Pedestrian,Single Vehicle,Clear,Dry,Unknown,Traffic Control Signal,"Not Suspect of Alcohol Use, Not Suspect of Drug Use","Not Suspect of Alcohol Use, Not Suspect of Drug Use",77E3E5D3-2C74-44F0-98F0-9223453A2D8D,Pedestrian,Cross/Enter at Intersection,None (No Improper Action),Intersection Marked Crosswalk,No,Possible Injury,None,39.18676841,-77.19823307,"(39.18676841, -77.19823307)"
MCP31610065,240000920,MONTGOMERY,Injury Crash,01/06/2024 04:23:00 PM,County Route,HAMPDEN LA,WOODMONT AVE,,,Pedestrian,Single Vehicle,Rain,Wet,Daylight,Traffic Control Signal,"Not Suspect of Alcohol Use, Not Suspect of Drug Use","Not Suspect of Alcohol Use, Not Suspect of Drug Use",CE8BA4A0-F322-435F-A8F8-7ADF522B0165,Pedestrian,Cross/Enter at Intersection,None (No Improper Action),Intersection Marked Crosswalk,No,Suspected Minor Injury,None,38.98271344,-77.09614773,"(38.98271344, -77.09614773)"
MCP33800015,240030460,MONTGOMERY,Injury Crash,06/27/2024 07:47:00 PM,County Route,ELKIN ST,,,,Cyclist (non-electric),Single Vehicle,Clear,Dry,Daylight,No Controls,"Not Suspect of Alcohol Use, Not Suspect of Drug Use","Not Suspect of Alcohol Use, Not Suspect of Drug Use",294665C8-057E-4604-842A-7D13F7D65203,Cyclist (non-electric),Cross/Enter at Intersection,Failure to Yield Right-Of-Way,Intersection Unmarked Crosswalk,Yes,Suspected Minor Injury,None,39.04447922,-77.0490021,"(39.04447922, -77.0490021)"
DD5660000Z,240000929,ROCKVILLE,Injury Crash,01/06/2024 05:56:00 PM,Maryland (State) Route,W JEFFERSON ST,S WASHINGTON ST,,,Pedestrian,Single Vehicle,Rain,Wet,Daylight,Traffic Control Signal,"Not Suspect of Alcohol Use, Not Suspect of Drug Use","Not Suspect of Alcohol Use, Not Suspect of Drug Use",D64EAB2D-CFA5-449A-A8DE-4EFD5F484FF7,Pedestrian,Cross/Enter at Intersection,None (No Improper Action),Intersection Marked Crosswalk,No,Possible Injury,None,39.08319471,-77.15277299,"(39.08319471, -77.15277299)"
MCP1425000B,170528335,Montgomery County Police,Property Damage Crash,09/02/2017 01:51:00 PM,Maryland (State),FALLS RD,GLEN RD,,N/A,OTHER,SINGLE VEHICLE,RAINING,WET,DAYLIGHT,NO CONTROLS,N/A,N/A,6467E07E-6858-429C-924D-394EC1E80AE4,OTHER,N/A,N/A,N/A,No,NO APPARENT INJURY,N/A,39.04686,-77.19077667,"(39.04686, -77.19077667)"
MCP268900BP,240044315,MONTGOMERY,Injury Crash,09/17/2024 03:53:00 PM,County Route,DUFIEF MILL RD,AMBERLEA FARM DR PLEASANT MEADOWS DR,,,Scooter (electric),Single Vehicle,Rain,Wet,Daylight,Stop Sign,"Not Suspect of Alcohol Use, Not Suspect of Drug Use","Not Suspect of Alcohol Use, Not Suspect of Drug Use",B853EFDD-21A2-4774-908C-BDBCCD7FDE9C,Scooter (electric),Cross/Enter at Intersection,"Failure to Obey Traffic Signs, Signals, or Officer, Failure to Yield Right-Of-Way",Intersection Other,No,Suspected Serious Injury,"Helmet, Protective Pads (elbows, knees, shins, etc.)",39.08889233,-77.2361005,"(39.08889233, -77.2361005)"
MCP2438002J,200019314,Montgomery County Police,Injury Crash,05/13/2020 02:42:00 PM,,,,PARKING LOT OF 12056 CHERRY HILL ROAD,,PEDESTRIAN,OTHER,N/A,,N/A,N/A,UNKNOWN,N/A,7E667A92-44B9-4441-85A2-0B3A97794304,PEDESTRIAN,Other,DART DASH,OTHER,No,POSSIBLE INJURY,N/A,39.05542924,-76.95435716,"(39.05542924, -76.95435716)"
MCP31630042,220000205,Montgomery County Police,Property Damage Crash,01/02/2022 06:24:00 PM,,,,PARKING LOT OF 11845 OLD GEORGETOWN RD (HARRIS TEETER),,OTHER,OTHER,CLEAR,,DUSK,N/A,,N/A,AB4C0BCC-8342-4A67-84CB-E20C15EE060D,OTHER,Other,INATTENTIVE,OTHER,Yes,NO APPARENT INJURY,N/A,39.04946202,-77.10907586,"(39.04946202, -77.10907586)"
DD5625001X,190008171,Rockville Police Departme,Injury Crash,02/20/2019 10:50:00 AM,,,,PARKING LOT OF 797 ROCKVILLE PIKE,,PEDESTRIAN,OTHER,SNOW,,DAYLIGHT,N/A,UNKNOWN,NONE DETECTED,2BEE8F8F-ACC5-4661-9E85-8E4B6FBD1A4A,PEDESTRIAN,Other,INATTENTIVE,OTHER,No,POSSIBLE INJURY,N/A,39.07696736,-77.14010649,"(39.07696736, -77.14010649)"
MCP3311001R,230022252,Montgomery County Police,Injury Crash,05/09/2023 04:41:00 PM,Maryland (State),16TH ST,LYTTONSVILLE RD,,N/A,PEDESTRIAN,OTHER,CLEAR,DRY,DAYLIGHT,OTHER,N/A,N/A,C5A1959A-733F-4F6D-B867-215856B171E0,PEDESTRIAN,Cross/Enter not at Intersection,NO IMPROPER ACTIONS,ON ROADWAY AT CROSSWALK,No,SUSPECTED MINOR INJURY,N/A,38.99910196,-77.03988722,"(38.99910196, -77.03988722)"
MCP2182000L,17006278,Montgomery County Police,Injury Crash,02/05/2017 09:56:00 AM,,,,"4414 MUNCASTERMILL RD.
CHINESE BIBLE CHURCH",,PEDESTRIAN,OTHER,CLEAR,,DAYLIGHT,N/A,NONE DETECTED,NONE DETECTED,E5725F9C-0AE0-44CE-ACCC-81799EA76FCF,PEDESTRIAN,Getting off/on Vehicle,N/A,OTHER,No,SUSPECTED MINOR INJURY,N/A,39.07470167,-76.94016833,"(39.07470167, -76.94016833)"
MCP2982001R,17012165,Montgomery County Police,Injury Crash,03/08/2017 10:23:00 AM,County,FENTON ST,ROEDER RD,,N/A,PEDESTRIAN,OTHER,CLEAR,DRY,DAYLIGHT,NO CONTROLS,NONE DETECTED,NONE DETECTED,76FA5E8C-640A-4ED3-A6EC-5F9ACD5A02E2,PEDESTRIAN,Cross/Enter at Intersection,NO IMPROPER ACTIONS,AT INTERSECTION MARKED CROSSWALK,No,SUSPECTED MINOR INJURY,NONE,38.99715833,-77.02614333,"(38.99715833, -77.02614333)"
EJ7888004P,230047197,Gaithersburg Police Depar,Injury Crash,07/31/2023 05:44:00 PM,,CHEYENNE RD,OLD QUINCE ORCHARD RD,,N/A,BICYCLIST,STRAIGHT MOVEMENT ANGLE,CLEAR,DRY,DAYLIGHT,NO CONTROLS,UNKNOWN,NONE DETECTED,11C05DE0-1045-4460-AE27-49FB5A3EE444,BICYCLIST,Cross/Enter not at Intersection,NO IMPROPER ACTIONS,AT INTERSECTION BUT NO CROSSWALK,No,SUSPECTED MINOR INJURY,MC/BIKE HELMET,39.12487064,-77.24742854,"(39.12487064, -77.24742854)"
MCP29740044,220011985,Montgomery County Police,Injury Crash,03/20/2022 12:41:00 PM,County,CASTLE BLVD,BRIGGS CHANEY RD,,N/A,BICYCLIST,OTHER,CLEAR,DRY,DAYLIGHT,NO CONTROLS,NONE DETECTED,NONE DETECTED,77A73065-9513-4487-901B-0490FE8B2E1C,BICYCLIST,Walking/Riding w/Traffic,INATTENTIVE,ON ROADWAY NOT AT CROSSWALK,Yes,SUSPECTED MINOR INJURY,NONE,39.08122333,-76.94549833,"(39.08122333, -76.94549833)"
MCP9442002X,230014193,Montgomery County Police,Injury Crash,03/24/2023 06:30:00 AM,County,CLUB HOUSE RD,MONTGOMERY VILLAGE AVE,,N/A,PEDESTRIAN,OTHER,RAINING,WET,DARK -- UNKNOWN LIGHTING,TRAFFIC SIGNAL,UNKNOWN,NONE DETECTED,B59480F8-514B-4EA3-B0B2-A00E76DB96B0,PEDESTRIAN,Cross/Enter at Intersection,NO IMPROPER ACTIONS,ON ROADWAY AT CROSSWALK,No,SUSPECTED MINOR INJURY,N/A,39.17462517,-77.203767,"(39.17462517, -77.203767)"
MCP3295004G,240042507,MONTGOMERY,Property Damage Crash,09/07/2024 07:47:00 PM,,,,Parking Aisle        INFRONT OF 12028 CHERRY HILL RD,,Pedestrian,Single Vehicle,Clear,,Dark - Lighted,,"Unknown, Unknown","Not Suspect of Alcohol Use, Not Suspect of Drug Use",83B7AA0B-9DB6-4E4D-8A49-E7AD12B3E12F,Pedestrian,Cross/Enter at Intersection,None (No Improper Action),Intersection Marked Crosswalk,No,No Apparent Injury,None,39.05462575,-76.95611885,"(39.05462575, -76.95611885)"
MCP27020010,15046733,MONTGOMERY,Property Damage Crash,09/15/2015 03:15:00 PM,,,,901 Jessup Blair Rd Garage (Level 2),,OTHER,OTHER,N/A,,DAYLIGHT,N/A,NONE DETECTED,NONE DETECTED,F29B3A31-7F75-421C-B39C-1BA7973D6A70,OTHER,Other,OTHER,INSIDE BUILDING,No,NO APPARENT INJURY,N/A,38.98729,-77.02467167,"(38.98729, -77.02467167)"
MCP2968004N,230003416,Montgomery County Police,Injury Crash,01/21/2023 10:54:00 AM,County,SHADY GROVE RD,DARNESTOWN RD,,N/A,PEDESTRIAN,OTHER,CLEAR,DRY,DAYLIGHT,TRAFFIC SIGNAL,N/A,N/A,B87935D9-967A-4711-95CF-17C258A107F5,PEDESTRIAN,Cross/Enter at Intersection,NO IMPROPER ACTIONS,AT INTERSECTION MARKED CROSSWALK,No,SUSPECTED MINOR INJURY,UNKNOWN,39.093945,-77.19595167,"(39.093945, -77.19595167)"
EJ7851000Z,15049380,GAITHERSBURG,Property Damage Crash,09/29/2015 12:22:00 PM,Municipality,TREWORTHY RD,DARNESTOWN RD,,N/A,OTHER,OTHER,CLOUDY,N/A,DAYLIGHT,NO CONTROLS,,NONE DETECTED,FBCDC999-810D-4EC2-8B13-9F1392D9F69D,OTHER,N/A,N/A,N/A,No,NO APPARENT INJURY,N/A,39.10428067,-77.22552896,"(39.10428067, -77.22552896)"
MCP27230069,220016036,Montgomery County Police,Injury Crash,04/15/2022 05:40:00 PM,Maryland (State),GEORGIA AVE,WENDY LA,,N/A,BICYCLIST,SINGLE VEHICLE,CLEAR,DRY,DAYLIGHT,NO CONTROLS,N/A,UNKNOWN,35CDA978-2A3F-405B-91BA-BCBD4FB749ED,BICYCLIST,Walking/Riding against Traffic,FAILURE TO YIELD RIGHT OF WAY,ON ROADWAY NOT AT CROSSWALK,Yes,SUSPECTED MINOR INJURY,NONE,39.08033167,-77.07376333,"(39.08033167, -77.07376333)"
MCP2676002N,170511356,Montgomery County Police,Injury Crash,06/02/2017 03:24:00 PM,County,GOSHEN RD,EMORY GROVE RD,,N/A,PEDESTRIAN,OTHER,CLEAR,DRY,DAYLIGHT,TRAFFIC SIGNAL,N/A,N/A,3C0085F8-EEE3-4071-A39A-2DB9CBB745C8,PEDESTRIAN,Cross/Enter at Intersection,IN ROADWAY IMPROPERLY,ON ROADWAY NOT AT CROSSWALK,Yes,SUSPECTED MINOR INJURY,N/A,39.16034667,-77.19259333,"(39.16034667, -77.19259333)"
MCP2693002Z,190031414,Montgomery County Police,Injury Crash,07/01/2019 08:14:00 PM,,,,PARKING LOT OF 3111 WHISPERING PINES DR,,PEDESTRIAN,SINGLE VEHICLE,CLEAR,,DAYLIGHT,N/A,NONE DETECTED,NONE DETECTED,4A8F68AA-610E-4E4A-9992-CAD099DAF425,PEDESTRIAN,Playing,NOT VISIBLE,OTHER,Unknown,SUSPECTED MINOR INJURY,N/A,39.08788167,-77.06415833,"(39.08788167, -77.06415833)"
MCP3168000F,190016766,Montgomery County Police,Injury Crash,04/10/2019 08:19:00 PM,Ramp,RAMP 1 FR MD 355 NB TO IS 270 WB,ROCKVILLE PIKE,,N/A,PEDESTRIAN,OTHER,CLEAR,DRY,DARK LIGHTS ON,NO CONTROLS,NONE DETECTED,NONE DETECTED,7878AEE4-4A9D-4355-A78F-D8F735C7DDCC,PEDESTRIAN,Standing,DISABLED VEHICLE RELATED,SHOULDER,No,SUSPECTED MINOR INJURY,NONE,39.02104885,-77.10488888,"(39.02104885, -77.10488888)"
DD56120035,220053012,Rockville Police Departme,Injury Crash,12/01/2022 12:13:00 PM,Maryland (State),E JEFFERSON ST,MARYLAND AVE,,ROCKVILLE,PEDESTRIAN,SINGLE VEHICLE,CLEAR,DRY,DAYLIGHT,TRAFFIC SIGNAL,NONE DETECTED,N/A,1B8BD38C-E4C3-4151-BC75-18AB3A73E95A,PEDESTRIAN,Cross/Enter at Intersection,NO IMPROPER ACTIONS,AT INTERSECTION MARKED CROSSWALK,No,POSSIBLE INJURY,N/A,39.08273505,-77.15121389,"(39.08273505, -77.15121389)"
MCP2987001H,17000541,Montgomery County Police,Injury Crash,01/04/2017 07:00:00 AM,Maryland (State),PINEY BRANCH RD,CARROLL AVE,,N/A,PEDESTRIAN,OTHER,CLEAR,DRY,OTHER,OTHER,UNKNOWN,NONE DETECTED,1752C0D3-37E6-45EA-BA80-0D28FF93DEE6,PEDESTRIAN,Cross/Enter at Intersection,NO IMPROPER ACTIONS,ON ROADWAY AT CROSSWALK,No,SUSPECTED MINOR INJURY,NONE,39.00118899,-76.98752046,"(39.00118899, -76.98752046)"
MCP30860062,210046772,Montgomery County Police,Injury Crash,11/18/2021 08:30:00 AM,County,WATKINS MILL RD,CLUB HOUSE RD,,N/A,PEDESTRIAN,OTHER,CLEAR,DRY,DAYLIGHT,TRAFFIC SIGNAL,NONE DETECTED,NONE DETECTED,02B96D01-1174-4371-8712-620254F0FDAE,PEDESTRIAN,Cross/Enter at Intersection,IN ROADWAY IMPROPERLY,ON ROADWAY AT CROSSWALK,Yes,SUSPECTED MINOR INJURY,NONE,39.17437333,-77.20837167,"(39.17437333, -77.20837167)"
MCP2348004R,190005965,Montgomery County Police,Injury Crash,02/06/2019 07:37:00 PM,Maryland (State),UNIVERSITY BLVD W,SLIGO CREEK PKWY,,N/A,PEDESTRIAN,SINGLE VEHICLE,RAINING,WET,DARK LIGHTS ON,TRAFFIC SIGNAL,NONE DETECTED,NONE DETECTED,E6E1BCDD-65B7-42CE-A28C-BF7C2B811055,PEDESTRIAN,Cross/Enter at Intersection,NO IMPROPER ACTIONS,ON ROADWAY AT CROSSWALK,No,SUSPECTED MINOR INJURY,NONE,39.03643667,-77.03033,"(39.03643667, -77.03033)"
MCP3452000D,240061770,MONTGOMERY,Injury Crash,12/23/2024 05:30:00 AM,County Route,ASPEN HILL RD,GEORGIA AVE,,,Pedestrian,Single Vehicle,Clear,Dry,Dark - Lighted,Pedestrian Crossing,"Unknown, Unknown","Unknown, Unknown",61D202F2-D1F8-4757-BA69-BDD6518AFD82,Pedestrian,Cross/Enter at Intersection,None (No Improper Action),Intersection Marked Crosswalk,No,Suspected Minor Injury,None,39.08076112,-77.07507253,"(39.08076112, -77.07507253)"
MCP04050004,15058162,Montgomery County Police,Injury Crash,11/14/2015 02:45:00 PM,,11902 RUSTIC FARM COURT,RUSTIC FARM COURT,,N/A,PEDESTRIAN,SINGLE VEHICLE,CLEAR,DRY,DAYLIGHT,NO CONTROLS,NONE DETECTED,N/A,CF636CCD-EBEC-4A4F-B84B-CA039B94FC40,PEDESTRIAN,Playing,NOT VISIBLE,ON ROADWAY NOT AT CROSSWALK,Unknown,SUSPECTED SERIOUS INJURY,N/A,39.171015,-77.24577167,"(39.171015, -77.24577167)"
MCP33370018,230012087,Montgomery County Police,Injury Crash,03/12/2023 11:42:00 AM,Maryland (State),UNIVERSITY BLVD W,FERN ST,,N/A,PEDESTRIAN,HEAD ON,CLEAR,DRY,DAYLIGHT,N/A,NONE DETECTED,N/A,976D5CD8-5CD7-4ED6-B0A8-4FFC73420C3C,PEDESTRIAN,Walking/Riding against Traffic,IN ROADWAY IMPROPERLY,ON ROADWAY NOT AT CROSSWALK,Yes,SUSPECTED MINOR INJURY,NONE,39.05821733,-77.04855467,"(39.05821733, -77.04855467)"
MCP2728005R,180042255,Montgomery County Police,Injury Crash,08/24/2018 07:50:00 PM,County,WAYNE AVE,DALE DR,,N/A,BICYCLIST,STRAIGHT MOVEMENT ANGLE,CLEAR,DRY,DUSK,NO CONTROLS,NONE DETECTED,NONE DETECTED,6EC811B7-CF93-4332-B595-065CE3BBCE51,BICYCLIST,Walking/Riding w/Traffic,NO IMPROPER ACTIONS,OTHER,No,SUSPECTED MINOR INJURY,MC/BIKE HELMET,38.99924167,-77.01722,"(38.99924167, -77.01722)"
MCP3325000D,220004915,Montgomery County Police,Injury Crash,02/04/2022 05:56:00 PM,,,,"PARKING LOT  OF 15660 OLD COLUMBIA PIKE BURTONSVILLE MD, INFRONT OF THE  GREEN TURTLE",,PEDESTRIAN,OTHER,RAINING,,DARK LIGHTS ON,NO CONTROLS,N/A,N/A,A8A7976C-EA8A-460F-B51E-B7CD6A58C6C4,PEDESTRIAN,Other,NO IMPROPER ACTIONS,OTHER,No,POSSIBLE INJURY,N/A,39.11191899,-76.93350961,"(39.11191899, -76.93350961)"
MCP3274000H,210008468,Montgomery County Police,Injury Crash,03/06/2021 01:30:00 PM,Municipality,N PARK AVE,SHOEMAKER FARM LA,,FRIENDSHIP HEIGHTS,PEDESTRIAN,SAME DIR REAR END,CLEAR,DRY,DAYLIGHT,NO CONTROLS,NONE DETECTED,NONE DETECTED,9D055FDE-D440-44E5-B9AD-D0DC9F932F92,PEDESTRIAN,Standing,NO IMPROPER ACTIONS,OTHER,No,SUSPECTED MINOR INJURY,NONE,38.96343567,-77.09180917,"(38.96343567, -77.09180917)"
MCP12270026,240045651,MONTGOMERY,Fatal Crash,09/24/2024 09:12:00 PM,Maryland (State) Route,HUNGERFORD DR,,,,Pedestrian,Single Vehicle,Rain,Wet,Dark - Lighted,Traffic Control Signal,"Not Suspect of Alcohol Use, Not Suspect of Drug Use","Suspect of Alcohol Use, Suspect of Drug Use",B26A5ADF-5818-4654-960E-6D05B84F6EE8,Pedestrian,Cross/Enter Not at Intersection,Unknown,Travel Lane Other Location,Yes,Fatal Injury,None,39.0876499,-77.15016766,"(39.0876499, -77.15016766)"
MCP30510084,250003901,MONTGOMERY,Injury Crash,01/27/2025 06:00:00 PM,County Route,OLD GEORGETOWN RD,,,,Pedestrian,Single Vehicle,Clear,Dry,Dark - Lighted,No Controls,"Not Suspect of Alcohol Use, Not Suspect of Drug Use","Not Suspect of Alcohol Use, Not Suspect of Drug Use",593A8FAA-8776-465C-9674-AF1C49BCB044,Pedestrian,Walking/Cycling on Sidewalk,None (No Improper Action),Sidewalk,No,Suspected Minor Injury,None,39.04928745,-77.11504979,"(39.04928745, -77.11504979)"
MCP1257000R,16042082,Montgomery County Police,Injury Crash,08/19/2016 09:26:00 AM,County,FATHER HURLEY BLVD,PALMETTO CIR,,N/A,BICYCLIST,STRAIGHT MOVEMENT ANGLE,CLEAR,DRY,DAYLIGHT,STOP SIGN,NONE DETECTED,NONE DETECTED,427AE9C6-A291-4154-8872-8B2C880CFB13,BICYCLIST,Cross/Enter at Intersection,DART DASH,AT INTERSECTION MARKED CROSSWALK,Yes,SUSPECTED MINOR INJURY,MC/BIKE HELMET,39.173525,-77.28379333,"(39.173525, -77.28379333)"
MCP2694002D,16053873,Montgomery County Police,Injury Crash,10/19/2016 08:00:00 PM,Maryland (State),OLD GEORGETOWN RD,WISCONSIN AVE,,N/A,PEDESTRIAN,SAME DIR REAR END,CLEAR,DRY,DARK LIGHTS ON,NO CONTROLS,NONE DETECTED,NONE DETECTED,19A1D4A0-C4D6-4125-A175-5406F9487AB0,PEDESTRIAN,Standing,DISABLED VEHICLE RELATED,OTHER,No,POSSIBLE INJURY,NONE,39.021475,-77.12278,"(39.021475, -77.12278)"
MCP1022007Y,170534854,Montgomery County Police,Injury Crash,10/05/2017 07:37:00 AM,County,WATERFORD HILLS BLVD,GALWAY BAY CIRCLE,,N/A,PEDESTRIAN,SINGLE VEHICLE,CLEAR,DRY,DAYLIGHT,NO CONTROLS,NONE DETECTED,NONE DETECTED,E51A6D29-505E-42E2-ABE4-0EC9F39D9461,PEDESTRIAN,Cross/Enter at Intersection,NO IMPROPER ACTIONS,ON ROADWAY NOT AT CROSSWALK,No,SUSPECTED MINOR INJURY,NONE,39.17783,-77.2769,"(39.17783, -77.2769)"
DD56580038,250003552,ROCKVILLE,Injury Crash,01/25/2025 12:08:00 PM,Municipality Route,SHERBROOKE WAY,HURLEY AVE,,,Pedestrian,Single Vehicle,Clear,Dry,Daylight,No Controls,"Unknown, Unknown","Not Suspect of Alcohol Use, Not Suspect of Drug Use",C007B468-7C76-4438-858C-C25CB128332B,Pedestrian,Walking/Cycling on Sidewalk,Unknown,Sidewalk,No,Possible Injury,None,39.08219505,-77.18338282,"(39.08219505, -77.18338282)"
MCP09420020,190005034,Montgomery County Police,Injury Crash,01/31/2019 07:35:00 PM,County,WOODMONT AVE,EDGEMOOR LA,,N/A,PEDESTRIAN,OTHER,CLEAR,DRY,DARK LIGHTS ON,TRAFFIC SIGNAL,UNKNOWN,UNKNOWN,2BF48C11-8A0F-4344-8E7B-840EC0CA8131,PEDESTRIAN,Cross/Enter at Intersection,NO IMPROPER ACTIONS,ON ROADWAY AT CROSSWALK,No,SUSPECTED MINOR INJURY,NONE,38.9847565,-77.09674417,"(38.9847565, -77.09674417)"
MCP27550015,180000043,Montgomery County Police,Injury Crash,01/05/2018 05:26:00 AM,County,ARCOLA AVE,NAIRN RD,,N/A,PEDESTRIAN,SINGLE VEHICLE,N/A,DRY,DARK -- UNKNOWN LIGHTING,N/A,UNKNOWN,UNKNOWN,38A814BB-1425-49C4-9B46-48CE617C9561,PEDESTRIAN,Unknown,IN ROADWAY IMPROPERLY,ON ROADWAY NOT AT CROSSWALK,Yes,POSSIBLE INJURY,N/A,39.04717746,-77.04195857,"(39.04717746, -77.04195857)"
EJ7852001X,180016641,Gaithersburg Police Depar,Injury Crash,04/05/2018 11:20:00 PM,Maryland (State),QUINCE ORCHARD RD,FIRSTFIELD RD,,GAITHERSBURG,PEDESTRIAN,N/A,CLEAR,DRY,DARK LIGHTS ON,N/A,NONE DETECTED,NONE DETECTED,AB684A85-0DF5-4498-9605-FBFD361B6EF0,PEDESTRIAN,Unknown,UNKNOWN,N/A,Unknown,POSSIBLE INJURY,N/A,39.14602935,-77.21957445,"(39.14602935, -77.21957445)"
MCP2612005J,230067692,Montgomery County Police,Injury Crash,11/21/2023 06:35:00 PM,County,BEL PRE RD,PARKER FARM WAY,,N/A,PEDESTRIAN,SINGLE VEHICLE,RAINING,WET,DARK LIGHTS ON,TRAFFIC SIGNAL,NONE DETECTED,NONE DETECTED,5A202926-3BFC-4C34-8B00-97EECA6C836B,PEDESTRIAN,Cross/Enter at Intersection,UNKNOWN,ON ROADWAY AT CROSSWALK,Unknown,POSSIBLE INJURY,NONE,39.09059417,-77.04761717,"(39.09059417, -77.04761717)"
MCP21160070,170527771,Montgomery County Police,Injury Crash,08/30/2017 02:11:00 PM,County,SOUTHLAWN LA,E GUDE DR,,N/A,PEDESTRIAN,OPPOSITE DIRECTION SIDESWIPE,CLEAR,DRY,DAYLIGHT,PERSON,NONE DETECTED,NONE DETECTED,72FD1ED6-0D3E-421F-BF25-2BF1D1517A36,PEDESTRIAN,Unknown,NO IMPROPER ACTIONS,UNKNOWN,Yes,POSSIBLE INJURY,REFLECTIVE CLOTHING,39.09872,-77.13647333,"(39.09872, -77.13647333)"