Report Number,Local Case Number,Agency Name,ACRS Report Type,Crash Date/Time,Route Type,Road Name,Cross-Street Name,Off-Road Description,Municipality,Related Non-Motorist,Collision Type,Weather,Surface Condition,Light,Traffic Control,Driver Substance Abuse,Non-Motorist Substance Abuse,Person ID,Pedestrian Type,Pedestrian Movement,Pedestrian Actions,Pedestrian Location,At Fault,Injury Severity,Safety Equipment,Latitude,Longitude,Location
MCP2717001V,15036144,MONTGOMERY,Injury Crash,07/22/2015 04:02:00 PM,County,ROCKLEDGE DR,WESTLAKE TERR,,N/A,PEDESTRIAN,OTHER,CLEAR,DRY,DAYLIGHT,NO CONTROLS,NONE DETECTED,NONE DETECTED,C76BC3F4-410F-4194-92D6-C06CF7262D78,PEDESTRIAN,Cross/Enter at Intersection,INATTENTIVE,AT INTERSECTION BUT NO CROSSWALK,Yes,SUSPECTED MINOR INJURY,NONE,39.029205,-77.136655,"(39.029205, -77.136655)"
MCP31630043,220001026,Montgomery County Police,Injury Crash,01/09/2022 05:34:00 PM,Maryland (State),ROCKVILLE PIKE,MARINELLI RD,,N/A,PEDESTRIAN,STRAIGHT MOVEMENT ANGLE,RAINING,WET,DARK LIGHTS ON,TRAFFIC SIGNAL,N/A,N/A,E14B39FB-7C9C-4500-B0B5-918A6B15FC0B,PEDESTRIAN,Cross/Enter at Intersection,N/A,ON ROADWAY AT CROSSWALK,No,POSSIBLE INJURY,N/A,39.04946202,-77.10907586,"(39.04946202, -77.10907586)"
MCP3137000T,190025697,Montgomery County Police,Injury Crash,05/29/2019 11:31:00 PM,County,RUATAN ST,QUEBEC ST,,N/A,PEDESTRIAN,HEAD ON,CLEAR,DRY,DARK LIGHTS ON,N/A,NONE DETECTED,N/A,4C2FD5B4-CCE4-4BDE-A126-BD5D5AA78F29,PEDESTRIAN,Getting off/on Vehicle,DART DASH,OTHER,No,POSSIBLE INJURY,N/A,39.00036175,-76.98955953,"(39.00036175, -76.98955953)"
DD5636000H,190046115,Rockville Police Departme,Injury Crash,09/26/2019 08:10:00 AM,Municipality,PICCARD DR,W GUDE DR,,ROCKVILLE,BICYCLIST,OTHER,CLEAR,DRY,DAYLIGHT,NO CONTROLS,NONE DETECTED,NONE DETECTED,5160D481-97A8-478B-90D6-3788C33AC0B5,BICYCLIST,N/A,NO IMPROPER ACTIONS,SIDEWALK,No,SUSPECTED MINOR INJURY,MC/BIKE HELMET,39.10320783,-77.17794864,"(39.10320783, -77.17794864)"
MCP29390030,180062302,Montgomery County Police,Injury Crash,12/13/2018 02:24:00 PM,,,,"PARKING LOT OF 18701 LIBERTY MILL RD, GERMANTOWN, MD",,OTHER,OTHER,CLEAR,,DAYLIGHT,NO CONTROLS,N/A,NONE DETECTED,6963145D-B034-4AB9-952E-F40F2E189EAA,OTHER,Other,INATTENTIVE,OTHER,Yes,POSSIBLE INJURY,NONE,39.16296572,-77.28218631,"(39.16296572, -77.28218631)"
MCP27610067,240044229,MONTGOMERY,Injury Crash,09/16/2024 08:30:00 PM,County Route,LEAMAN FARM RD,KINGSVIEW VILLAGE AVE KINGSVIEW VILLAGE AVE (NB/L),,,Pedestrian,Single Vehicle,Clear,Dry,Dark - Lighted,No Controls,"Unknown, Unknown","Not Suspect of Alcohol Use, Not Suspect of Drug Use",CF55275E-D96B-471A-AB84-30A1ECA5DDCB,Pedestrian,Cross/Enter at Intersection,None (No Improper Action),Intersection Unmarked Crosswalk,No,Suspected Minor Injury,None,39.15930392,-77.28042855,"(39.15930392, -77.28042855)"
EJ7837002N,180021966,Gaithersburg Police Depar,Injury Crash,05/04/2018 06:00:00 PM,County,S WESTLAND DR,FREDERICK RD,,N/A,BICYCLIST,OTHER,CLOUDY,DRY,DAYLIGHT,TRAFFIC SIGNAL,N/A,N/A,59C00868-AE1D-49D2-A7AB-DA3DE528D6D3,BICYCLIST,Cross/Enter at Intersection,NO IMPROPER ACTIONS,AT INTERSECTION MARKED CROSSWALK,No,SUSPECTED MINOR INJURY,NONE,39.12594047,-77.18291,"(39.12594047, -77.18291)"
DD5649002M,220042539,Rockville Police Departme,Injury Crash,09/29/2022 05:49:00 PM,Municipality,MONROE ST,ARGYLE ST,,ROCKVILLE,PEDESTRIAN,OTHER,N/A,DRY,DAYLIGHT,NO CONTROLS,N/A,N/A,0D756C0A-5695-4681-AD9F-AE8ADA05DF19,PEDESTRIAN,Getting off/on Vehicle,INATTENTIVE,OTHER,Yes,SUSPECTED MINOR INJURY,NONE,39.0774844,-77.1515522,"(39.0774844, -77.1515522)"
MCP3222000M,200017158,Montgomery County Police,Injury Crash,04/25/2020 11:19:00 AM,Government,BEACH DR,OLD SPRING RD,,N/A,BICYCLIST,STRAIGHT MOVEMENT ANGLE,CLEAR,DRY,DAYLIGHT,STOP SIGN,NONE DETECTED,NONE DETECTED,F534BEF8-CE08-4CCB-A34D-620AFB7D1DB4,BICYCLIST,Cross/Enter at Intersection,NO IMPROPER ACTIONS,AT INTERSECTION MARKED CROSSWALK,No,SUSPECTED MINOR INJURY,MC/BIKE HELMET,39.01178183,-77.0680435,"(39.01178183, -77.0680435)"
MCP2756002T,190016961,Montgomery County Police,Injury Crash,04/11/2019 07:50:00 PM,Maryland (State),GEORGIA AVE,UNIVERSITY BLVD W,,N/A,PEDESTRIAN,SINGLE VEHICLE,CLEAR,DRY,DARK LIGHTS ON,TRAFFIC SIGNAL,NONE DETECTED,NONE DETECTED,738442F1-4DA8-4D06-9FE6-BA8210DE3220,PEDESTRIAN,Cross/Enter at Intersection,NO IMPROPER ACTIONS,ON ROADWAY AT CROSSWALK,No,POSSIBLE INJURY,NONE,39.04159498,-77.05204488,"(39.04159498, -77.05204488)"
EJ79060011,240042354,GAITHERSBURG,Injury Crash,09/06/2024 06:55:00 PM,Maryland (State) Route,W DIAMOND AVE (WB/L),PERRY PKWY,,,Cyclist (non-electric),Unknown,Clear,Dry,Daylight,Traffic Control Signal,"Not Suspect of Alcohol Use, Not Suspect of Drug Use","Not Suspect of Alcohol Use, Not Suspect of Drug Use",C420F328-9A19-48F8-9DE7-242B60A20548,Cyclist (non-electric),Cross/Enter at Intersection,None (No Improper Action),Intersection Marked Crosswalk,No,Suspected Minor Injury,None,39.14053567,-77.20945223,"(39.14053567, -77.20945223)"
MCP94190034,220003387,Montgomery County Police,Injury Crash,01/26/2022 09:19:00 AM,County,SHADY GROVE RD,ZETTS AVE,,N/A,PEDESTRIAN,SAME DIRECTION SIDESWIPE,CLEAR,DRY,DAYLIGHT,NO CONTROLS,NONE DETECTED,NONE DETECTED,192B4BBE-7BC5-4C8C-AF70-FF9C86556AF8,PEDESTRIAN,Other,IN ROADWAY IMPROPERLY,OTHER,Unknown,POSSIBLE INJURY,N/A,39.12144144,-77.1787081,"(39.12144144, -77.1787081)"
MCP2187001Q,230059860,Montgomery County Police,Injury Crash,10/11/2023 01:10:00 PM,Municipality,ONEILL DR,FREDERICK RD,,N/A,OTHER CONVEYANCE,OTHER,CLEAR,DRY,DAYLIGHT,NO CONTROLS,NONE DETECTED,NONE DETECTED,D915A843-9EEE-432C-A7C6-A33498254349,OTHER CONVEYANCE,Cross/Enter at Intersection,NO IMPROPER ACTIONS,ON ROADWAY AT CROSSWALK,Yes,SUSPECTED MINOR INJURY,MC/BIKE HELMET,39.13075,-77.19038,"(39.13075, -77.19038)"
MCP27360040,16057852,Montgomery County Police,Injury Crash,11/09/2016 05:49:00 PM,Maryland (State),KNOWLES AVE,HOWARD AVE,,N/A,PEDESTRIAN,STRAIGHT MOVEMENT ANGLE,RAINING,WET,DARK LIGHTS ON,NO CONTROLS,NONE DETECTED,NONE DETECTED,302471BD-6988-4EB2-96D4-F9EF8B0216EF,PEDESTRIAN,Cross/Enter at Intersection,IN ROADWAY IMPROPERLY,ON ROADWAY NOT AT CROSSWALK,Yes,SUSPECTED MINOR INJURY,NONE,39.03023667,-77.08485167,"(39.03023667, -77.08485167)"
MCP2892004R,180019384,Montgomery County Police,Injury Crash,04/20/2018 05:18:00 PM,County,FOREST GLEN RD,DAMERON DR,,N/A,PEDESTRIAN,SINGLE VEHICLE,CLEAR,DRY,DAYLIGHT,TRAFFIC SIGNAL,NONE DETECTED,NONE DETECTED,9F259BC0-A3BD-43BE-805C-D1A06C87DC5A,PEDESTRIAN,Cross/Enter at Intersection,UNKNOWN,AT INTERSECTION MARKED CROSSWALK,No,POSSIBLE INJURY,NONE,39.01592333,-77.03641667,"(39.01592333, -77.03641667)"
MCP2635002K,15062211,MONTGOMERY,Injury Crash,12/05/2015 08:11:00 PM,County,OLD BALTIMORE RD,COVERED WAGON WAY,,N/A,PEDESTRIAN,SINGLE VEHICLE,CLEAR,DRY,DARK LIGHTS ON,NO CONTROLS,N/A,ALCOHOL CONTRIBUTED,E394E13E-4743-45CC-B7C2-257386EDF7E2,PEDESTRIAN,Walking/Riding w/Traffic,UNKNOWN,ON ROADWAY NOT AT CROSSWALK,Yes,SUSPECTED MINOR INJURY,NONE,39.13942667,-77.06134167,"(39.13942667, -77.06134167)"
MCP271700H3,180020211,Montgomery County Police,Injury Crash,04/25/2018 10:35:00 AM,Maryland (State),OLD GEORGETOWN RD,OAKMONT AVE,,N/A,PEDESTRIAN,OTHER,RAINING,WET,DAYLIGHT,TRAFFIC SIGNAL,NONE DETECTED,NONE DETECTED,AC1F60AA-589D-4FF3-AC1B-93D2676063EB,PEDESTRIAN,Cross/Enter at Intersection,NO IMPROPER ACTIONS,ON ROADWAY AT CROSSWALK,No,SUSPECTED MINOR INJURY,N/A,39.00462417,-77.1108275,"(39.00462417, -77.1108275)"
MCP29840011,180056926,Montgomery County Police,Injury Crash,11/12/2018 07:30:00 AM,Maryland (State),GREAT SENECA HWY,CLOPPER RD,,N/A,PEDESTRIAN,OTHER,N/A,DRY,DAYLIGHT,TRAFFIC SIGNAL,UNKNOWN,N/A,3BE65B21-A7EB-4769-B664-1F4A1CEDC094,PEDESTRIAN,Cross/Enter at Intersection,INATTENTIVE,AT INTERSECTION MARKED CROSSWALK,No,SUSPECTED MINOR INJURY,N/A,39.15906485,-77.27519333,"(39.15906485, -77.27519333)"
HA22880002,16001012,Maryland-National Capital,Injury Crash,08/10/2016 10:30:00 AM,,,,CAPITAL CRESENT TRAIL@LITTLE FALLS PKWY,,BICYCLIST,STRAIGHT MOVEMENT ANGLE,CLEAR,,DAYLIGHT,STOP SIGN,N/A,NONE DETECTED,178C3CAC-140D-4BD1-BC89-12699E1E0904,BICYCLIST,Cross/Enter at Intersection,NO IMPROPER ACTIONS,AT INTERSECTION MARKED CROSSWALK,No,SUSPECTED MINOR INJURY,N/A,38.97379945,-77.10178927,"(38.97379945, -77.10178927)"
MCP30910026,200008695,Montgomery County Police,Injury Crash,02/21/2020 01:17:00 PM,County,TRAVILAH RD,MCCROSSIN LA,,N/A,BICYCLIST,SAME DIRECTION LEFT TURN,CLEAR,DRY,DAYLIGHT,OTHER,N/A,N/A,06B58B1C-16BC-418B-A4D1-C3C8C8F191FA,BICYCLIST,Cross/Enter at Intersection,FAILURE TO YIELD RIGHT OF WAY,ON ROADWAY NOT AT CROSSWALK,Yes,SUSPECTED MINOR INJURY,MC/BIKE HELMET,39.0753615,-77.25885167,"(39.0753615, -77.25885167)"
MCP3029002G,190006893,Montgomery County Police,Injury Crash,02/12/2019 05:00:00 PM,,,,IHOP PARKING LOT,,PEDESTRIAN,N/A,RAINING,,DAYLIGHT,NO CONTROLS,N/A,NONE DETECTED,60321D68-6F98-479D-B81B-3103086FC32A,PEDESTRIAN,Other,NO IMPROPER ACTIONS,OTHER,No,POSSIBLE INJURY,NONE,39.05631223,-76.96647021,"(39.05631223, -76.96647021)"
MCP12130031,170534377,Montgomery County Police,Injury Crash,10/02/2017 05:45:00 PM,County,TWIG RD,ELM GROVE CIR,,N/A,PEDESTRIAN,STRAIGHT MOVEMENT ANGLE,CLEAR,DRY,DAYLIGHT,NO CONTROLS,NONE DETECTED,NONE DETECTED,95CB62E1-6696-432D-B94A-E32E4D581EC3,PEDESTRIAN,Cross/Enter at Intersection,NO IMPROPER ACTIONS,ON ROADWAY AT CROSSWALK,No,POSSIBLE INJURY,NONE,39.09462167,-76.98618667,"(39.09462167, -76.98618667)"
MCP02510012,16054086,Montgomery County Police,Injury Crash,10/20/2016 07:07:00 PM,,,,"PARKING LOT OF 20910 FREDERICK RD. GERMANTOWN, MD. 20876",,PEDESTRIAN,SINGLE VEHICLE,CLEAR,,DARK LIGHTS ON,NO CONTROLS,NONE DETECTED,NONE DETECTED,2877D29B-3F0F-4027-82DD-DAFD3E61D6B1,PEDESTRIAN,Other,INATTENTIVE,OTHER,Yes,SUSPECTED MINOR INJURY,N/A,39.19856833,-77.25118,"(39.19856833, -77.25118)"
EJ78580016,170530283,Gaithersburg Police Depar,Injury Crash,09/13/2017 07:58:00 AM,Maryland (State),FREDERICK RD,MONTGOMERY AVE,,GAITHERSBURG,PEDESTRIAN,OTHER,RAINING,WET,DAYLIGHT,NO CONTROLS,NONE DETECTED,NONE DETECTED,F6373F7F-D10A-4324-B7FF-0FE6E159AED4,PEDESTRIAN,Cross/Enter not at Intersection,FAILURE TO YIELD RIGHT OF WAY,ON ROADWAY NOT AT CROSSWALK,Yes,SUSPECTED MINOR INJURY,N/A,39.14555667,-77.20349667,"(39.14555667, -77.20349667)"
MCP27450027,190012266,Montgomery County Police,Injury Crash,03/16/2019 11:25:00 PM,,,,IN FRONT OF 9708 DIGGING RD,,PEDESTRIAN,SINGLE VEHICLE,CLEAR,,DARK LIGHTS ON,NO CONTROLS,,NONE DETECTED,FB572AF2-26EB-4F62-8597-521F4E23982F,PEDESTRIAN,Other,INATTENTIVE,OTHER,Yes,SUSPECTED SERIOUS INJURY,N/A,39.16843084,-77.19982469,"(39.16843084, -77.19982469)"
MCP26600008,15006805,Montgomery County Police,Injury Crash,02/10/2015 06:29:00 PM,County,E RANDOLPH RD,APPLEBY DR,,N/A,PEDESTRIAN,OTHER,N/A,DRY,DARK LIGHTS ON,TRAFFIC SIGNAL,N/A,N/A,F44AF7EE-2791-4823-97FA-563F4152C1EA,PEDESTRIAN,Cross/Enter at Intersection,NO IMPROPER ACTIONS,ON ROADWAY AT CROSSWALK,,SUSPECTED MINOR INJURY,NONE,39.072213,-76.988711,"(39.072213, -76.988711)"
DD5604004M,230059469,Rockville Police Departme,Injury Crash,10/09/2023 02:18:00 PM,Maryland (State),ROCKVILLE PIKE,WOOTTON PKWY,,ROCKVILLE,PEDESTRIAN,OTHER,CLEAR,DRY,DAYLIGHT,NO CONTROLS,NONE DETECTED,NONE DETECTED,9CDBEF3D-523A-477F-A66A-E400656AB7B6,PEDESTRIAN,Walking/Cycling on Sidewalk,NO IMPROPER ACTIONS,DRIVEWAY ACCESS MARKED CROSSWALK,No,POSSIBLE INJURY,NONE,39.07618533,-77.13832067,"(39.07618533, -77.13832067)"
MCP1210004M,200026547,Montgomery County Police,Injury Crash,07/08/2020 05:23:00 PM,Maryland (State),S FREDERICK RD,E DEER PARK DR,,GAITHERSBURG,BICYCLIST,OTHER,CLEAR,DRY,DAYLIGHT,TRAFFIC SIGNAL,NONE DETECTED,NONE DETECTED,3FA737A2-B04F-46A8-87FE-FF239A7B3B49,BICYCLIST,Cross/Enter at Intersection,NO IMPROPER ACTIONS,AT INTERSECTION MARKED CROSSWALK,No,SUSPECTED MINOR INJURY,NONE,39.132455,-77.18863333,"(39.132455, -77.18863333)"
MCP1354001W,230049412,Montgomery County Police,Injury Crash,08/14/2023 01:50:00 PM,,,,PARKING LOT OF 11720 ROCKVILLE PIKE,,PEDESTRIAN,STRAIGHT MOVEMENT ANGLE,CLEAR,,DAYLIGHT,N/A,UNKNOWN,NONE DETECTED,6216C4CB-447D-417E-9904-76142B46DF36,PEDESTRIAN,Walking/Cycling on Sidewalk,NO IMPROPER ACTIONS,ON ROADWAY AT CROSSWALK,No,SUSPECTED MINOR INJURY,NONE,39.04894333,-77.11410333,"(39.04894333, -77.11410333)"
EJ7873009S,240042127,GAITHERSBURG,Injury Crash,09/02/2024 03:00:00 PM,Municipality Route,TULIP DR,,,,Pedestrian,Single Vehicle,Clear,Dry,Daylight,No Controls,"Unknown, Unknown","Unknown, Unknown",3F047DF4-1C47-41F2-9DDB-F039F3252FFE,Pedestrian,Other,Other,Shoulder/Roadside,No,Possible Injury,None,39.13759112,-77.19061836,"(39.13759112, -77.19061836)"
MCP26200011,16051006,Montgomery County Police,Injury Crash,10/04/2016 05:00:00 PM,County,WELLER RD,GEORGIA AVE,,N/A,PEDESTRIAN,STRAIGHT MOVEMENT ANGLE,CLEAR,DRY,DAYLIGHT,STOP SIGN,UNKNOWN,NONE DETECTED,0A215435-935A-4A2F-BF6A-A7E87BCC9351,PEDESTRIAN,Cross/Enter at Intersection,NO IMPROPER ACTIONS,AT INTERSECTION BUT NO CROSSWALK,No,SUSPECTED MINOR INJURY,NONE,39.06663801,-77.05961823,"(39.06663801, -77.05961823)"
MCP25260013,170503188,Montgomery County Police,Injury Crash,04/20/2017 05:25:00 PM,Maryland (State),FISHER AVE,ENT TO POOLESVILLE PLAZA,,N/A,BICYCLIST,HEAD ON LEFT TURN,CLEAR,DRY,DAYLIGHT,NO CONTROLS,NONE DETECTED,N/A,2D0C3F77-9FBE-4900-8C5E-181E957D01EE,BICYCLIST,Cross/Enter at Intersection,NO IMPROPER ACTIONS,AT INTERSECTION BUT NO CROSSWALK,No,POSSIBLE INJURY,MC/BIKE HELMET,39.1440719,-77.40945339,"(39.1440719, -77.40945339)"
MCP3030004D,210038005,Montgomery County Police,Injury Crash,09/25/2021 07:24:00 PM,County,MACARTHUR BLVD,SANGAMORE RD,,N/A,PEDESTRIAN,SINGLE VEHICLE,CLEAR,DRY,DARK LIGHTS ON,TRAFFIC SIGNAL,N/A,N/A,688E91C7-FAC8-449F-8522-4EA824F73BD0,PEDESTRIAN,Other,NO IMPROPER ACTIONS,ON ROADWAY NOT AT CROSSWALK,No,POSSIBLE INJURY,NONE,38.9442785,-77.11691967,"(38.9442785, -77.11691967)"
MCP31960023,210025450,Montgomery County Police,Injury Crash,07/02/2021 04:58:00 PM,County,WATERS LANDING DR,FATHER HURLEY BLVD,,N/A,BICYCLIST,HEAD ON LEFT TURN,CLEAR,N/A,DAYLIGHT,TRAFFIC SIGNAL,N/A,N/A,3A7CEABF-BC39-4371-B540-927C3826F434,BICYCLIST,Cross/Enter at Intersection,NO IMPROPER ACTIONS,N/A,No,SUSPECTED MINOR INJURY,MC/BIKE HELMET,39.19188483,-77.27192617,"(39.19188483, -77.27192617)"
DD5620006L,210012678,Rockville Police Departme,Injury Crash,04/05/2021 11:44:00 AM,,,,1401 RESEARCH BLVD PARKING LOT,,PEDESTRIAN,OTHER,CLEAR,,DAYLIGHT,N/A,NONE DETECTED,NONE DETECTED,91B08CF6-D492-46AB-A1F7-22D1D66E08FC,PEDESTRIAN,Other,OTHER,OTHER,No,POSSIBLE INJURY,NONE,39.09105309,-77.17857984,"(39.09105309, -77.17857984)"
MCP3063003H,220043727,Montgomery County Police,Injury Crash,10/06/2022 07:15:00 PM,Maryland (State),UNIVERSITY BLVD E,SEPTEMBER LA,,N/A,PEDESTRIAN,N/A,CLEAR,DRY,DARK NO LIGHTS,NO CONTROLS,UNKNOWN,NONE DETECTED,D3B860F6-5C42-448B-B1A5-BCDA79F732B5,PEDESTRIAN,Other,IN ROADWAY IMPROPERLY,ON ROADWAY NOT AT CROSSWALK,Yes,POSSIBLE INJURY,NONE,39.00440088,-76.99661326,"(39.00440088, -76.99661326)"
MCP2654000L,15001472,Montgomery County Police,Injury Crash,01/09/2015 09:23:00 PM,,,,Parking Lot of 525 Thayer Ave,,PEDESTRIAN,SINGLE VEHICLE,CLEAR,,DARK NO LIGHTS,NO CONTROLS,NONE DETECTED,NONE DETECTED,D607FAFE-C599-4FEC-8448-4F68086C55DF,PEDESTRIAN,Cross/Enter not at Intersection,NOT VISIBLE,OTHER,,POSSIBLE INJURY,NONE,38.99605167,-77.02778,"(38.99605167, -77.02778)"
MCP3208000W,190060635,Montgomery County Police,Injury Crash,12/16/2019 05:42:00 PM,Maryland (State),PINEY BRANCH RD,FLOWER AVE,,N/A,PEDESTRIAN,HEAD ON LEFT TURN,RAINING,WET,DARK LIGHTS ON,TRAFFIC SIGNAL,N/A,N/A,826A0BE2-8A5B-45BB-9CB0-A9EC5CA09646,PEDESTRIAN,Cross/Enter at Intersection,UNKNOWN,ON ROADWAY AT CROSSWALK,Unknown,POSSIBLE INJURY,N/A,38.9982278,-77.00355235,"(38.9982278, -77.00355235)"
MCP2667009D,240028452,MONTGOMERY,Injury Crash,07/08/2024 06:30:00 AM,County Route,BEGONIA WAY,FLOWER HILL WAY HALLMARK CT,,,Pedestrian,Single Vehicle,Clear,Dry,Daylight,Stop Sign,"Not Suspect of Alcohol Use, Not Suspect of Drug Use","Not Suspect of Alcohol Use, Not Suspect of Drug Use",76D1E33C-6CA5-42BB-B74B-4C6E7EA8F26F,Pedestrian,Cross/Enter at Intersection,None (No Improper Action),Intersection Unmarked Crosswalk,No,Suspected Minor Injury,None,39.15740393,-77.16958744,"(39.15740393, -77.16958744)"
MCP209400G7,200011663,Montgomery County Police,Injury Crash,03/09/2020 05:54:00 PM,County,DECATUR AVE,CONNECTICUT AVE,,N/A,BICYCLIST,OTHER,CLEAR,DRY,DAYLIGHT,STOP SIGN,NONE DETECTED,NONE DETECTED,57C43C20-F27E-4179-A61C-0C5DB5A596A1,BICYCLIST,Cross/Enter at Intersection,NO IMPROPER ACTIONS,ON ROADWAY AT CROSSWALK,No,SUSPECTED MINOR INJURY,MC/BIKE HELMET,39.03390667,-77.07517167,"(39.03390667, -77.07517167)"
MCP2886000J,15029525,Montgomery County Police,Injury Crash,06/17/2015 01:20:00 PM,County,AMHERST AVE,REEDIE DR,,N/A,PEDESTRIAN,SAME DIR REAR END,CLEAR,DRY,DAYLIGHT,N/A,NONE DETECTED,NONE DETECTED,F21E3D71-3DB1-406E-B604-840DE667EE2B,PEDESTRIAN,Walking/Cycling on Sidewalk,NO IMPROPER ACTIONS,SIDEWALK,,POSSIBLE INJURY,N/A,39.03931966,-77.04866409,"(39.03931966, -77.04866409)"
MCP3012006V,200020047,Montgomery County Police,Injury Crash,05/19/2020 01:03:00 PM,County,ASPEN HILL RD,CONNECTICUT AVE,,N/A,PEDESTRIAN,OTHER,CLEAR,DRY,DAYLIGHT,N/A,N/A,N/A,4C450126-89C1-4F20-977C-4FF365C36115,PEDESTRIAN,Other,NO IMPROPER ACTIONS,MIDBLOCK MARKED CROSSWALK,No,POSSIBLE INJURY,NONE,39.08034,-77.078635,"(39.08034, -77.078635)"
MCP271700MF,190004985,Montgomery County Police,Injury Crash,01/31/2019 07:30:00 PM,,,,5301 TUCKERMAN LANE (PARKING LOT OF STRATHMORE CONCERT HALL),,PEDESTRIAN,OTHER,N/A,,DARK LIGHTS ON,NO CONTROLS,NONE DETECTED,NONE DETECTED,AC2F2222-F347-4259-BBAC-D79C34C091CD,PEDESTRIAN,Standing,NO IMPROPER ACTIONS,OTHER,No,SUSPECTED MINOR INJURY,NONE,39.03139367,-77.10239017,"(39.03139367, -77.10239017)"
MCP23300011,170513717,Montgomery County Police,Injury Crash,06/14/2017 07:22:00 PM,Maryland (State),GEORGIA AVE,ARCOLA AVE,,N/A,BICYCLIST,OTHER,CLEAR,DRY,DAYLIGHT,TRAFFIC SIGNAL,NONE DETECTED,NONE DETECTED,6103949E-024E-4911-8552-3849DFE81757,BICYCLIST,Cross/Enter at Intersection,N/A,AT INTERSECTION MARKED CROSSWALK,No,POSSIBLE INJURY,MC/BIKE HELMET,39.0470806,-77.05194443,"(39.0470806, -77.05194443)"
MCP1174002B,170522951,Montgomery County Police,Injury Crash,08/04/2017 12:40:00 PM,Maryland (State),WISCONSIN AVE,ELM ST,,N/A,MACHINE OPERATOR/RIDER,SINGLE VEHICLE,CLEAR,DRY,DAYLIGHT,TRAFFIC SIGNAL,NONE DETECTED,NONE DETECTED,2A632BE1-2F27-4423-8DF6-C2228D658E5B,MACHINE OPERATOR/RIDER,Cross/Enter at Intersection,FAILURE TO OBEY TRAFFIC SIGNS SIGNALS OR OFFICER,AT INTERSECTION MARKED CROSSWALK,Yes,POSSIBLE INJURY,NONE,38.98222227,-77.09306002,"(38.98222227, -77.09306002)"
MCP2717001F,15029647,Montgomery County Police,Injury Crash,06/18/2015 01:18:00 AM,US (State),COLUMBIA PIKE,STEWART LA,,N/A,PEDESTRIAN,OTHER,RAINING,WET,DARK NO LIGHTS,NO CONTROLS,NONE DETECTED,ALCOHOL PRESENT,5D1468B5-C307-4909-8A3D-2C5FA5F93C20,PEDESTRIAN,Unknown,UNKNOWN,ON ROADWAY NOT AT CROSSWALK,,SUSPECTED MINOR INJURY,NONE,39.04839167,-76.98383333,"(39.04839167, -76.98383333)"
MCP1301001V,220026609,Montgomery County Police,Injury Crash,06/20/2022 06:24:00 PM,Maryland (State),WOODFIELD RD,CLEARSPRING RD,,N/A,PEDESTRIAN,OTHER,CLEAR,DRY,DAYLIGHT,NO CONTROLS,NONE DETECTED,UNKNOWN,5FDD7FA0-6442-4A06-9E93-51BA6FF56622,PEDESTRIAN,Cross/Enter not at Intersection,FAILURE TO YIELD RIGHT OF WAY,ON ROADWAY NOT AT CROSSWALK,Yes,SUSPECTED SERIOUS INJURY,N/A,39.27226333,-77.20455333,"(39.27226333, -77.20455333)"
MCP23960036,190010789,Montgomery County Police,Injury Crash,03/08/2019 04:30:00 PM,Maryland (State),HUNGERFORD DR,BEALL AVE #2,,ROCKVILLE,PEDESTRIAN,STRAIGHT MOVEMENT ANGLE,CLEAR,DRY,DAYLIGHT,TRAFFIC SIGNAL,N/A,N/A,3648A6A3-E25B-4434-8283-0CC6BD53A3FF,PEDESTRIAN,Cross/Enter at Intersection,NO IMPROPER ACTIONS,ON ROADWAY AT CROSSWALK,No,SUSPECTED MINOR INJURY,UNKNOWN,39.08742277,-77.15015525,"(39.08742277, -77.15015525)"
MCP2348002J,17016091,Montgomery County Police,Injury Crash,03/30/2017 01:20:00 AM,Interstate (State),EISENHOWER MEMORIAL HWY,RAMP 7 FR MD 121 WB TO IS 270 SB,,N/A,PEDESTRIAN,SINGLE VEHICLE,CLEAR,DRY,DARK NO LIGHTS,NO CONTROLS,NONE DETECTED,NONE DETECTED,4356AFCA-3494-45C8-9588-4B7EECF6B8FC,PEDESTRIAN,Other,NO IMPROPER ACTIONS,ON ROADWAY NOT AT CROSSWALK,No,SUSPECTED SERIOUS INJURY,N/A,39.22098667,-77.27935667,"(39.22098667, -77.27935667)"
MCP3409000S,250030829,MONTGOMERY,Injury Crash,07/10/2025 11:27:00 PM,,,,Parking Lot Way        THE EXIT OF THE MCDONALDS PARKING LOT. TURNING RIGHT INTO MONTGOMERY VILLAGE AVE.,,Pedestrian,Single Vehicle,Clear,,Dark - Lighted,,,"Not Suspect of Alcohol Use, Not Suspect of Drug Use",E1640745-B479-4D35-8695-9B80861FD999,Pedestrian,Walking/Cycling on Sidewalk,Unknown,Sidewalk,No,Suspected Minor Injury,None,39.17341239,-77.20404577,"(39.17341239, -77.20404577)"
MCP3220001H,210041390,Montgomery County Police,Property Damage Crash,10/15/2021 04:11:00 PM,County,HOLLINGSWORTH DR,HOLLINGSWORTH TERR,,N/A,MACHINE OPERATOR/RIDER,STRAIGHT MOVEMENT ANGLE,N/A,DRY,DAYLIGHT,NO CONTROLS,NONE DETECTED,NONE DETECTED,11E5FF05-4D5E-4E3C-BE53-B83033773569,MACHINE OPERATOR/RIDER,Push/Work on Vehicle,INATTENTIVE,OTHER,Yes,NO APPARENT INJURY,N/A,39.15200617,-77.13448917,"(39.15200617, -77.13448917)"