Report Number,Local Case Number,Agency Name,ACRS Report Type,Crash Date/Time,Route Type,Road Name,Cross-Street Name,Off-Road Description,Municipality,Related Non-Motorist,Collision Type,Weather,Surface Condition,Light,Traffic Control,Driver Substance Abuse,Non-Motorist Substance Abuse,Person ID,Pedestrian Type,Pedestrian Movement,Pedestrian Actions,Pedestrian Location,At Fault,Injury Severity,Safety Equipment,Latitude,Longitude,Location
MCP1309000Z,170540675,Montgomery County Police,Injury Crash,11/03/2017 01:15:00 PM,County,SHAKESPEARE BLVD,FREDERICK RD,,N/A,PEDESTRIAN,OTHER,CLEAR,DRY,DAYLIGHT,NO CONTROLS,NONE DETECTED,NONE DETECTED,E2B78726-07A4-455B-AA06-06DA61850847,PEDESTRIAN,Cross/Enter not at Intersection,IN ROADWAY IMPROPERLY,ON ROADWAY NOT AT CROSSWALK,Yes,SUSPECTED MINOR INJURY,N/A,39.19820167,-77.2457,"(39.19820167, -77.2457)"
DD5645001M,220005078,Rockville Police Departme,Injury Crash,02/05/2022 09:20:00 PM,Municipality,HALPINE RD,ROCKVILLE PIKE,,N/A,PEDESTRIAN,SINGLE VEHICLE,CLEAR,DRY,DARK LIGHTS ON,TRAFFIC SIGNAL,N/A,NONE DETECTED,7877268B-A189-494D-AB34-E098FC4801F0,PEDESTRIAN,Cross/Enter at Intersection,NO IMPROPER ACTIONS,ON ROADWAY AT CROSSWALK,No,POSSIBLE INJURY,NONE,39.0619688,-77.12399478,"(39.0619688, -77.12399478)"
MCP31000007,180011106,Montgomery County Police,Injury Crash,03/04/2018 10:40:00 AM,,,,"PARKING LOT OF ""BIG LOTS"" 19000 BLOCK OF MONTGOMERY VILLAGE AVE",,PEDESTRIAN,SINGLE VEHICLE,CLEAR,,DAYLIGHT,N/A,UNKNOWN,N/A,262C3E01-4546-45CE-BC6B-D3FF280FC855,PEDESTRIAN,Other,NO IMPROPER ACTIONS,OTHER,No,POSSIBLE INJURY,N/A,39.16887827,-77.20541775,"(39.16887827, -77.20541775)"
MCP2848001Z,15052854,MONTGOMERY,Injury Crash,10/18/2015 09:55:00 AM,Maryland (State),MASSACHUSETTS AVE,NEWPORT AVE,,N/A,BICYCLIST,STRAIGHT MOVEMENT ANGLE,CLEAR,DRY,DAYLIGHT,NO CONTROLS,NONE DETECTED,NONE DETECTED,E52B4B2A-3483-4890-9159-BB9FFC738242,BICYCLIST,Cross/Enter at Intersection,NO IMPROPER ACTIONS,ON ROADWAY NOT AT CROSSWALK,No,SUSPECTED MINOR INJURY,MC/BIKE HELMET,38.9599,-77.10786167,"(38.9599, -77.10786167)"
MCP2917007Z,210026871,Montgomery County Police,Injury Crash,07/12/2021 06:23:00 PM,Maryland (State),CONNECTICUT AVE,WELLER RD,,N/A,PEDESTRIAN,OTHER,RAINING,WET,DAYLIGHT,TRAFFIC SIGNAL,NONE DETECTED,NONE DETECTED,FE165C69-95E3-42BA-894A-53B73B5C0E0D,PEDESTRIAN,Cross/Enter at Intersection,NO IMPROPER ACTIONS,ON ROADWAY AT CROSSWALK,No,POSSIBLE INJURY,NONE,39.06332204,-77.07341997,"(39.06332204, -77.07341997)"
MCP3057001W,190049143,Montgomery County Police,Injury Crash,09/29/2019 02:30:00 AM,,,,PARKING LOT OF SENECA VALLEY H.S. 19401 CRYSTAL ROCK DR,,PEDESTRIAN,OTHER,CLEAR,,N/A,N/A,,NONE DETECTED,6F572B7F-C122-4DD3-8386-818CC414C1AE,PEDESTRIAN,Push/Work on Vehicle,UNKNOWN,OTHER,Unknown,POSSIBLE INJURY,N/A,39.17633667,-77.26390167,"(39.17633667, -77.26390167)"
MCP2749000R,15005961,Montgomery County Police,Injury Crash,02/05/2015 09:33:00 PM,,,,Driveway entrance at Post gate,,PEDESTRIAN,STRAIGHT MOVEMENT ANGLE,CLEAR,,DARK LIGHTS ON,NO CONTROLS,NONE DETECTED,NONE DETECTED,1E175D8E-9980-4257-BFE2-ED9562D107EA,PEDESTRIAN,Walking/Cycling on Sidewalk,INATTENTIVE,SIDEWALK,,POSSIBLE INJURY,N/A,39.08676333,-77.07918,"(39.08676333, -77.07918)"
MCP3348003R,240058066,MONTGOMERY,Injury Crash,12/04/2024 07:18:00 PM,County Route,NADINE DR,BAUER DR,,,Pedestrian,Single Vehicle,Clear,Dry,Dark - Not Lighted,Stop Sign,"Not Suspect of Alcohol Use, Not Suspect of Drug Use","Not Suspect of Alcohol Use, Not Suspect of Drug Use",F44B7212-4F60-458F-8C65-D7AD45F80A3F,Pedestrian,Cross/Enter at Intersection,None (No Improper Action),Intersection Marked Crosswalk,No,Suspected Minor Injury,None,39.09096008,-77.10167646,"(39.09096008, -77.10167646)"
MCP2290001Q,180059883,Montgomery County Police,Injury Crash,11/30/2018 01:02:00 PM,,,,PARKING LOT IFO 625 HUNGERFORD DR (GIANT),,PEDESTRIAN,SINGLE VEHICLE,CLEAR,,DAYLIGHT,N/A,NONE DETECTED,NONE DETECTED,FFD03A9E-D5FA-431B-857C-ACCD6DFD39EE,PEDESTRIAN,Other,N/A,OTHER,No,SUSPECTED MINOR INJURY,N/A,39.09270667,-77.15239667,"(39.09270667, -77.15239667)"
MCP1119000Q,15007211,Montgomery County Police,Injury Crash,02/12/2015 07:14:00 PM,County,RANDOLPH RD,GLENMONT CIR #1,,N/A,PEDESTRIAN,OTHER,N/A,DRY,DARK LIGHTS ON,NO CONTROLS,NONE DETECTED,ALCOHOL PRESENT,6D3ED77E-31BB-4B78-88BA-8E6EDA8A1CB5,PEDESTRIAN,Cross/Enter not at Intersection,FAILURE TO YIELD RIGHT OF WAY,ON ROADWAY NOT AT CROSSWALK,,SUSPECTED MINOR INJURY,NONE,39.05905417,-77.04756975,"(39.05905417, -77.04756975)"
EJ78370016,16055702,Gaithersburg Police Depar,Injury Crash,10/29/2016 06:35:00 AM,Maryland (State),QUINCE ORCHARD RD,MCDONALD CHAPEL DR,,N/A,PEDESTRIAN,SINGLE VEHICLE,N/A,DRY,DARK NO LIGHTS,TRAFFIC SIGNAL,N/A,N/A,DEE2BC25-0DB0-4DAB-99E3-AC5AB7DB3E1B,PEDESTRIAN,Cross/Enter at Intersection,UNKNOWN,ON ROADWAY NOT AT CROSSWALK,Yes,SUSPECTED MINOR INJURY,N/A,39.11978638,-77.25077994,"(39.11978638, -77.25077994)"
MCP30440058,220019942,Montgomery County Police,Property Damage Crash,05/10/2022 08:47:00 PM,County,BRIGGS CHANEY RD,ROBEY RD,,N/A,BICYCLIST,OTHER,CLEAR,DRY,DARK NO LIGHTS,NO CONTROLS,NONE DETECTED,N/A,323A2E61-72AD-4D5A-80DB-965806551EC4,BICYCLIST,Cross/Enter at Intersection,N/A,ON ROADWAY AT CROSSWALK,No,NO APPARENT INJURY,NONE,39.07957667,-76.94478167,"(39.07957667, -76.94478167)"
DD5643002G,220054523,Rockville Police Departme,Injury Crash,12/09/2022 07:16:00 PM,Maryland (State),ROCKVILLE PIKE,HALPINE RD,,ROCKVILLE,PEDESTRIAN,OTHER,CLEAR,DRY,DARK LIGHTS ON,TRAFFIC SIGNAL,NONE DETECTED,NONE DETECTED,B52DAF37-AC02-47F1-BD8C-9EA61B2A8E92,PEDESTRIAN,Cross/Enter at Intersection,N/A,SIDEWALK,No,SUSPECTED SERIOUS INJURY,NONE,39.06182081,-77.12416018,"(39.06182081, -77.12416018)"
DD5538001V,16049874,Rockville Police Departme,Injury Crash,09/28/2016 09:00:00 AM,Maryland (State),ROCKVILLE PIKE,TALBOTT ST,,ROCKVILLE,BICYCLIST,SAME DIRECTION RIGHT TURN,CLOUDY,DRY,DAYLIGHT,NO CONTROLS,NONE DETECTED,NONE DETECTED,57616C88-27D9-4C4C-AE9D-758308552616,BICYCLIST,Walking/Cycling on Sidewalk,NO IMPROPER ACTIONS,SIDEWALK,No,POSSIBLE INJURY,NONE,39.07325486,-77.13445991,"(39.07325486, -77.13445991)"
MCP27590012,16009327,MONTGOMERY,Injury Crash,02/24/2016 09:25:00 PM,,,,"PARKING LOT OF 1290 EAST WEST HWY, SILVER SPRING MD 20910",,PEDESTRIAN,OTHER,RAINING,,DARK LIGHTS ON,N/A,N/A,N/A,4FE341A2-9143-4931-8214-201BEFE0C29C,PEDESTRIAN,Other,UNKNOWN,ON ROADWAY AT CROSSWALK,No,POSSIBLE INJURY,N/A,38.99217115,-77.03228116,"(38.99217115, -77.03228116)"
MCP3089001L,180032436,Montgomery County Police,Injury Crash,07/01/2018 12:37:00 PM,,,,PARKING LOT AT FENTON STREET AND CAMERON,,PEDESTRIAN,SINGLE VEHICLE,N/A,,DAYLIGHT,N/A,N/A,N/A,08002D01-3CE1-4795-A650-3C36A989CC1B,PEDESTRIAN,Unknown,UNKNOWN,SIDEWALK,Unknown,POSSIBLE INJURY,N/A,39.04507333,-76.99021167,"(39.04507333, -76.99021167)"
MCP2712004B,190058418,Montgomery County Police,Injury Crash,12/04/2019 10:28:00 AM,County,CASTLE BLVD,BRIGGS CHANEY RD,,N/A,PEDESTRIAN,N/A,N/A,DRY,DAYLIGHT,TRAFFIC SIGNAL,UNKNOWN,NONE DETECTED,C99C0007-6975-40A3-AAD6-6BCF96D9D6BC,PEDESTRIAN,Cross/Enter at Intersection,N/A,AT INTERSECTION MARKED CROSSWALK,No,POSSIBLE INJURY,N/A,39.08115345,-76.94623815,"(39.08115345, -76.94623815)"
MCP2639001F,16035359,Montgomery County Police,Injury Crash,07/12/2016 09:35:00 PM,Maryland (State),UNIVERSITY BLVD W,DRUMM AVE,,N/A,PEDESTRIAN,STRAIGHT MOVEMENT ANGLE,CLEAR,DRY,DARK LIGHTS ON,NO CONTROLS,NONE DETECTED,NONE DETECTED,ED69502E-E9D2-40A3-90CE-719AD1AC6D34,PEDESTRIAN,Other,IN ROADWAY IMPROPERLY,ON ROADWAY NOT AT CROSSWALK,Yes,POSSIBLE INJURY,N/A,39.036605,-77.06172,"(39.036605, -77.06172)"
MCP29310046,200002559,Montgomery County Police,Injury Crash,01/15/2020 07:22:00 PM,Municipality,DUNDEE RD,WOOTTON PKWY,,ROCKVILLE,BICYCLIST,OTHER,CLEAR,DRY,DARK NO LIGHTS,N/A,N/A,N/A,7A53ADCD-37A4-4E95-9910-6480EF62136C,BICYCLIST,Cross/Enter at Intersection,NO IMPROPER ACTIONS,ON ROADWAY AT CROSSWALK,No,SUSPECTED SERIOUS INJURY,N/A,39.08686167,-77.188365,"(39.08686167, -77.188365)"
MCP2997000H,16033735,Montgomery County Police,Injury Crash,07/03/2016 10:40:00 PM,County,BEL PRE RD,GRAND PRE RD,,N/A,PEDESTRIAN,OTHER,CLEAR,DRY,DARK LIGHTS ON,STOP SIGN,NONE DETECTED,NONE DETECTED,D337CBFA-E5F8-493B-9869-54EFC9B267DC,PEDESTRIAN,Cross/Enter at Intersection,NO IMPROPER ACTIONS,AT INTERSECTION BUT NO CROSSWALK,No,SUSPECTED SERIOUS INJURY,NONE,39.09353987,-77.07777679,"(39.09353987, -77.07777679)"
MCP28180029,16055385,Montgomery County Police,Injury Crash,10/27/2016 08:03:00 PM,Maryland (State),GEORGIA AVE,SPRING ST,,N/A,PEDESTRIAN,SINGLE VEHICLE,RAINING,WET,DARK LIGHTS ON,TRAFFIC SIGNAL,NONE DETECTED,N/A,E896D79B-9F51-4917-919D-475EE8923EA0,PEDESTRIAN,N/A,NO IMPROPER ACTIONS,SIDEWALK,No,POSSIBLE INJURY,N/A,39.17508,-77.197045,"(39.17508, -77.197045)"
MCP158000B4,190012614,Montgomery County Police,Property Damage Crash,03/19/2019 10:10:00 AM,Maryland (State),QUINCE ORCHARD RD,RAMP 2 FR MD 124 WB TO IS 270 NB,,N/A,BICYCLIST,STRAIGHT MOVEMENT ANGLE,CLEAR,DRY,DAYLIGHT,N/A,NONE DETECTED,NONE DETECTED,28BC3683-B5E4-4EB2-8E17-5505B092C754,BICYCLIST,Cross/Enter at Intersection,IN ROADWAY IMPROPERLY,ON ROADWAY AT CROSSWALK,Yes,NO APPARENT INJURY,NONE,39.15029,-77.21490833,"(39.15029, -77.21490833)"
MCP2181005L,250032210,MONTGOMERY,Fatal Crash,07/18/2025 10:34:00 PM,County Route,TECH RD,COLUMBIA PIKE,,,Pedestrian,Single Vehicle,Clear,Dry,Dark - Lighted,Traffic Control Signal,"Not Suspect of Alcohol Use, Not Suspect of Drug Use","Unknown, Unknown",1E55E042-9BD2-4B1E-8016-A1D662B67340,Pedestrian,Cross/Enter at Intersection,Dart/Dash,Intersection Marked Crosswalk,No,Fatal Injury,None,39.05785436,-76.9683232,"(39.05785436, -76.9683232)"
MCP2347000Q,16050908,Montgomery County Police,Injury Crash,10/04/2016 09:22:00 AM,County,OLD COLUMBIA PIKE,TECH RD,,N/A,PEDESTRIAN,OTHER,CLEAR,DRY,DAYLIGHT,STOP SIGN,NONE DETECTED,NONE DETECTED,ECDE22AD-48EC-4864-A62F-2FF0BF26C4CF,PEDESTRIAN,Cross/Enter at Intersection,NO IMPROPER ACTIONS,AT INTERSECTION MARKED CROSSWALK,No,POSSIBLE INJURY,NONE,39.05907333,-76.96934,"(39.05907333, -76.96934)"
MCP30530068,230013744,Montgomery County Police,Injury Crash,03/21/2023 05:02:00 PM,County,MONTICELLO AVE,KENBROOK DR,,N/A,PEDESTRIAN,OTHER,CLEAR,DRY,DAYLIGHT,N/A,N/A,N/A,0F0F4C39-D24B-44D3-9514-9AAAA95A80D6,PEDESTRIAN,Other,DART DASH,OTHER,Yes,POSSIBLE INJURY,N/A,39.039985,-77.02712667,"(39.039985, -77.02712667)"
MCP29050016,15034441,MONTGOMERY,Property Damage Crash,07/13/2015 05:43:00 PM,County,FERNWOOD RD,ROCK SPRING DR,,N/A,BICYCLIST,STRAIGHT MOVEMENT ANGLE,CLEAR,WET,DAYLIGHT,TRAFFIC SIGNAL,NONE DETECTED,NONE DETECTED,EA4A2940-6D33-41E5-8038-07B169F7C13C,BICYCLIST,Cross/Enter at Intersection,NO IMPROPER ACTIONS,AT INTERSECTION MARKED CROSSWALK,No,NO APPARENT INJURY,MC/BIKE HELMET,39.02381833,-77.13551333,"(39.02381833, -77.13551333)"
MCP229800LT,180059934,Montgomery County Police,Injury Crash,11/30/2018 03:48:00 PM,,,,PARKING LOT OF 26004 BRIGADIER PLACE,,OTHER,SINGLE VEHICLE,CLEAR,,N/A,NO CONTROLS,NONE DETECTED,NONE DETECTED,943F09FD-0C99-47CC-967E-F39EB5F66996,OTHER,N/A,NO IMPROPER ACTIONS,N/A,No,NO APPARENT INJURY,N/A,39.28291042,-77.20547411,"(39.28291042, -77.20547411)"
MCP3044002N,180026578,Montgomery County Police,Injury Crash,05/30/2018 05:20:00 PM,County,BROADBIRCH DR,BOURNEFIELD WAY,,N/A,BICYCLIST,OTHER,CLEAR,DRY,DAYLIGHT,STOP SIGN,UNKNOWN,NONE DETECTED,FC9670F6-A5E3-4269-8F7E-C5309A3BE419,BICYCLIST,Other,NO IMPROPER ACTIONS,OTHER,No,SUSPECTED MINOR INJURY,UNKNOWN,39.05560197,-76.96185574,"(39.05560197, -76.96185574)"
MCP235800C5,240002228,MONTGOMERY,Property Damage Crash,01/14/2024 12:01:00 PM,,,,"Parking Stall        WHOLE FOODS BUILDING 5269 RIVER ROAD BETHESDA, MD",,Unknown Type Of Non-Motorist,Single Vehicle,Clear,,Daylight,,"Not Suspect of Alcohol Use, Not Suspect of Drug Use","Not Suspect of Alcohol Use, Not Suspect of Drug Use",CA3F48E3-0229-40BF-BC7A-B8593EE58840,Unknown Type Of Non-Motorist,Other,"None (No Improper Action), Other",Other,No,No Apparent Injury,None,38.9657486,-77.104895,"(38.9657486, -77.104895)"
MCP1379003T,15013591,Montgomery County Police,Injury Crash,03/24/2015 03:05:00 PM,Maryland (State),OLD GEORGETOWN RD,DEMOCRACY BLVD,,N/A,BICYCLIST,STRAIGHT MOVEMENT ANGLE,CLEAR,DRY,DAYLIGHT,TRAFFIC SIGNAL,NONE DETECTED,NONE DETECTED,4A560FEB-43F5-4A08-9C08-7821D9098990,BICYCLIST,Cross/Enter at Intersection,NO IMPROPER ACTIONS,ON ROADWAY AT CROSSWALK,,SUSPECTED SERIOUS INJURY,MC/BIKE HELMET,39.02484167,-77.125805,"(39.02484167, -77.125805)"
MCP30800046,230071955,Montgomery County Police,Injury Crash,12/15/2023 05:26:00 PM,County,WISTERIA DR,CIRCLE GATE DR,,N/A,BICYCLIST,OTHER,CLEAR,DRY,DARK LIGHTS ON,N/A,NONE DETECTED,NONE DETECTED,86B3A346-703D-472E-B965-4E6C6E8EFDFD,BICYCLIST,Cross/Enter at Intersection,UNKNOWN,ON ROADWAY AT CROSSWALK,Unknown,POSSIBLE INJURY,NONE,39.17235282,-77.26425105,"(39.17235282, -77.26425105)"
MCP003600B8,190031917,Montgomery County Police,Injury Crash,07/04/2019 10:45:00 PM,Maryland (State),GERMANTOWN RD,RICHTER FARM RD,,N/A,PEDESTRIAN,SINGLE VEHICLE,CLOUDY,DRY,DARK LIGHTS ON,PERSON,NONE DETECTED,NONE DETECTED,86AAA26E-C1B0-46E4-A9D0-3AC613CAB3B1,PEDESTRIAN,Standing,OTHER,ON ROADWAY AT CROSSWALK,No,SUSPECTED SERIOUS INJURY,REFLECTIVE CLOTHING,39.15423749,-77.28721828,"(39.15423749, -77.28721828)"
MCP2239001N,200030242,Montgomery County Police,Injury Crash,08/04/2020 01:24:00 PM,County,SEVEN LOCKS RD,CODDLE HARBOR LA,,N/A,BICYCLIST,OTHER,CLEAR,DRY,DAYLIGHT,STOP SIGN,NONE DETECTED,N/A,750BA249-B77B-4C90-A58B-8AD8199D5189,BICYCLIST,Cross/Enter at Intersection,OTHER,ON ROADWAY NOT AT CROSSWALK,No,SUSPECTED MINOR INJURY,MC/BIKE HELMET,39.04253167,-77.15936333,"(39.04253167, -77.15936333)"
MCP3039004G,190045636,Montgomery County Police,Injury Crash,09/23/2019 07:30:00 PM,,,,SIDEWALK AT 8100 BLOCK OF GEORGIA AVENUE,,"BICYCLIST, PEDESTRIAN",SAME DIR REAR END,CLEAR,,DARK LIGHTS ON,NO CONTROLS,,UNKNOWN,075977C3-F02E-4A01-84A8-8370C7E5F3CC,BICYCLIST,Walking/Cycling on Sidewalk,INATTENTIVE,SIDEWALK,Yes,NO APPARENT INJURY,NONE,38.99117,-77.02694,"(38.99117, -77.02694)"
MCP2231005P,200040024,Montgomery County Police,Injury Crash,10/11/2020 12:39:00 PM,Municipality,MAIN ST,DARNESTOWN RD,,N/A,BICYCLIST,SINGLE VEHICLE,CLOUDY,DRY,DAYLIGHT,TRAFFIC SIGNAL,NONE DETECTED,NONE DETECTED,59DAD8CF-D49A-40A2-B39C-6CD438F3FDC8,BICYCLIST,Cross/Enter at Intersection,NO IMPROPER ACTIONS,ON ROADWAY AT CROSSWALK,No,SUSPECTED MINOR INJURY,MC/BIKE HELMET,39.11239333,-77.24042667,"(39.11239333, -77.24042667)"
DD55670053,240036296,ROCKVILLE,Injury Crash,08/01/2024 04:48:00 PM,Maryland (State) Route,FREDERICK RD,METRO ENT,,,Pedestrian,Single Vehicle,Clear,Dry,Daylight,Pedestrian Crossing Sign,"Not Suspect of Alcohol Use, Not Suspect of Drug Use","Not Suspect of Alcohol Use, Not Suspect of Drug Use",644A2B53-A06A-4FE2-9355-3153A7EDDB6E,Pedestrian,Cross/Enter at Intersection,None (No Improper Action),Intersection Marked Crosswalk,No,Suspected Minor Injury,None,39.11729908,-77.16900744,"(39.11729908, -77.16900744)"
MCP26080016,15061219,MONTGOMERY,Injury Crash,11/30/2015 09:00:00 PM,County,FENTON ST,WAYNE AVE,,N/A,PEDESTRIAN,STRAIGHT MOVEMENT ANGLE,RAINING,WET,DARK LIGHTS ON,TRAFFIC SIGNAL,NONE DETECTED,NONE DETECTED,8B288893-493E-40F7-80F4-414D4BEF8D00,PEDESTRIAN,Cross/Enter at Intersection,NO IMPROPER ACTIONS,ON ROADWAY AT CROSSWALK,No,POSSIBLE INJURY,NONE,38.99559333,-77.024345,"(38.99559333, -77.024345)"
MCP2917003Q,190008744,Montgomery County Police,Injury Crash,02/23/2019 08:10:00 PM,Maryland (State),GEORGIA AVE,HEATHFIELD RD,,N/A,PEDESTRIAN,SAME DIRECTION LEFT TURN,RAINING,WET,DARK NO LIGHTS,NO CONTROLS,NONE DETECTED,NONE DETECTED,60FB7AF8-EB40-4391-8E96-D7BA90690165,PEDESTRIAN,Cross/Enter at Intersection,NO IMPROPER ACTIONS,ON ROADWAY AT CROSSWALK,No,SUSPECTED MINOR INJURY,NONE,39.08792833,-77.07951167,"(39.08792833, -77.07951167)"
MCP2420005X,250001527,MONTGOMERY,Property Damage Crash,01/13/2025 01:02:00 PM,,,,Parking Stall        12345 GEORGIA AVE,,Pedestrian,Single Vehicle,Clear,,Daylight,,"Not Suspect of Alcohol Use, Not Suspect of Drug Use","Not Suspect of Alcohol Use, Not Suspect of Drug Use",1444DC8F-5829-4FB0-8F6E-FC26A9C5BCB5,Pedestrian,Getting Off/On Vehicle,None (No Improper Action),Other,No,No Apparent Injury,None,39.06057468,-77.04997793,"(39.06057468, -77.04997793)"
DD5668001S,250024969,ROCKVILLE,Injury Crash,06/04/2025 09:13:00 PM,Municipality Route,NELSON ST,,,,Pedestrian,Single Vehicle,Clear,Dry,Dark - Lighted,Pedestrian Crossing Sign,"Suspect of Alcohol Use, Not Suspect of Drug Use","Not Suspect of Alcohol Use, Not Suspect of Drug Use",949B7899-F824-45DD-8FBB-A104C244BBAE,Pedestrian,Cross/Enter at Intersection,None (No Improper Action),Intersection Marked Crosswalk,No,Suspected Minor Injury,None,39.09193917,-77.17372029,"(39.09193917, -77.17372029)"
MCP2425008Y,17014637,Montgomery County Police,Injury Crash,03/22/2017 12:41:00 PM,,,,PARKING LOT OF 25 E WAYNE AVE,,PEDESTRIAN,SINGLE VEHICLE,CLEAR,,DAYLIGHT,NO CONTROLS,NONE DETECTED,NONE DETECTED,3201A54E-8723-4229-A6F5-7E428B8FC881,PEDESTRIAN,Other,OTHER,OTHER,Unknown,SUSPECTED MINOR INJURY,N/A,38.99928667,-77.00916333,"(38.99928667, -77.00916333)"
MCP3190000B,190014101,Montgomery County Police,Injury Crash,03/27/2019 07:28:00 AM,County,BEL PRE RD,NORTH GATE DR,,N/A,PEDESTRIAN,SINGLE VEHICLE,CLEAR,DRY,DAYLIGHT,FLASHING TRAFFIC SIGNAL,N/A,N/A,2852889C-C29F-4BD9-B37E-3ECE64BCFABA,PEDESTRIAN,Approach/Leaving Schoolbus,NO IMPROPER ACTIONS,ON ROADWAY AT CROSSWALK,No,SUSPECTED MINOR INJURY,N/A,39.09048141,-77.0508673,"(39.09048141, -77.0508673)"
EJ78950044,230034533,Gaithersburg Police Depar,Injury Crash,07/20/2023 11:45:00 AM,County,ODENDHAL AVE,GOSHEN RD,,N/A,PEDESTRIAN,SAME DIRECTION RIGHT TURN,CLEAR,DRY,DAYLIGHT,TRAFFIC SIGNAL,NONE DETECTED,NONE DETECTED,EDCADAF6-CD68-43F0-9D4C-BC3E76263C0E,PEDESTRIAN,Cross/Enter at Intersection,NO IMPROPER ACTIONS,ON ROADWAY AT CROSSWALK,No,POSSIBLE INJURY,NONE,39.1526245,-77.19285418,"(39.1526245, -77.19285418)"
MCP20080023,16019246,Montgomery County Police,Injury Crash,04/19/2016 05:38:00 PM,Maryland (State),OLD GEORGETOWN RD,RAMP 2 FR IS 270 WB TO MD 187 NB,,N/A,BICYCLIST,STRAIGHT MOVEMENT ANGLE,CLEAR,DRY,DAYLIGHT,YIELD SIGN,NONE DETECTED,NONE DETECTED,1DAE1FA4-230D-48D5-BCB7-C0994A7651D1,BICYCLIST,Cross/Enter at Intersection,DART DASH,AT INTERSECTION MARKED CROSSWALK,Yes,POSSIBLE INJURY,MC/BIKE HELMET,39.03156667,-77.1259,"(39.03156667, -77.1259)"
MCP23720007,180007020,Montgomery County Police,Injury Crash,02/10/2018 07:59:00 AM,County,MACARTHUR BLVD,79TH ST,,N/A,BICYCLIST,SAME DIRECTION SIDESWIPE,CLOUDY,DRY,DAYLIGHT,N/A,UNKNOWN,NONE DETECTED,9164AABF-FF04-4F27-BB16-1ED47FE64EE2,BICYCLIST,Walking/Riding w/Traffic,NO IMPROPER ACTIONS,ON ROADWAY NOT AT CROSSWALK,No,SUSPECTED MINOR INJURY,MC/BIKE HELMET,38.97479,-77.16275,"(38.97479, -77.16275)"
MCP3377002B,240045812,MONTGOMERY,Injury Crash,09/25/2024 05:32:00 PM,Private Route,,EDSON LA ROCKVILLE PIKE,,,Pedestrian,Single Vehicle,Clear,Wet,Other,Traffic Control Signal,"Not Suspect of Alcohol Use, Not Suspect of Drug Use","Not Suspect of Alcohol Use, Not Suspect of Drug Use",4FB84F54-13CD-42DB-8668-C3BA247141CB,Pedestrian,Cross/Enter at Intersection,None (No Improper Action),Intersection Marked Crosswalk,No,Suspected Minor Injury,None,39.04044106,-77.10953018,"(39.04044106, -77.10953018)"
MCP2008006M,190042212,Montgomery County Police,Injury Crash,09/03/2019 06:20:00 PM,County,BRICKYARD RD,HACKAMORE DR,,N/A,BICYCLIST,HEAD ON LEFT TURN,CLEAR,DRY,DAYLIGHT,N/A,NONE DETECTED,NONE DETECTED,37F40DEC-268B-4B14-95FE-C934DC179F93,BICYCLIST,Cross/Enter at Intersection,NO IMPROPER ACTIONS,AT INTERSECTION BUT NO CROSSWALK,No,SUSPECTED MINOR INJURY,MC/BIKE HELMET,38.98569667,-77.21285667,"(38.98569667, -77.21285667)"
MCP3153001W,190060807,Montgomery County Police,Injury Crash,12/17/2019 06:04:00 PM,Maryland (State),GEORGIA AVE,PLYERS MILL RD,,N/A,PEDESTRIAN,STRAIGHT MOVEMENT ANGLE,N/A,WET,DARK LIGHTS ON,TRAFFIC SIGNAL,NONE DETECTED,NONE DETECTED,6C1B503D-9E0E-4011-9D5F-1C9FC8B0AF9B,PEDESTRIAN,Walking/Riding w/Traffic,NO IMPROPER ACTIONS,ON ROADWAY AT CROSSWALK,No,POSSIBLE INJURY,N/A,39.02998149,-77.04775969,"(39.02998149, -77.04775969)"
MCP2962001C,170514059,Montgomery County Police,Injury Crash,06/16/2017 02:21:00 PM,County,OBSERVATION DR,RIDGE RD,,N/A,OTHER,OTHER,CLEAR,DRY,DAYLIGHT,PERSON,UNKNOWN,N/A,85E92FA0-FFE6-4902-A9F4-DE2A6AD1B875,OTHER,Other Working,N/A,OTHER,No,NO APPARENT INJURY,N/A,39.20205068,-77.25325495,"(39.20205068, -77.25325495)"
DD55950015,15014635,Rockville Police Departme,Property Damage Crash,03/30/2015 05:09:00 PM,,,,The parking lot exit located at 1450 Rockville Pike,,"OTHER, OTHER CONVEYANCE",SINGLE VEHICLE,SEVERE WINDS,,DAYLIGHT,N/A,N/A,N/A,2495EB1D-0004-4983-B84E-5B1D55170EC9,OTHER,N/A,N/A,N/A,,NO APPARENT INJURY,N/A,39.06661406,-77.12771416,"(39.06661406, -77.12771416)"
MCP3290001B,220011433,Montgomery County Police,Injury Crash,03/17/2022 07:14:00 AM,Maryland (State),COLESVILLE RD,EAST WEST HWY,,N/A,PEDESTRIAN,OTHER,CLOUDY,WET,DARK LIGHTS ON,TRAFFIC SIGNAL,NONE DETECTED,N/A,153E0EA1-40C3-47E5-9297-040D5A947DAE,PEDESTRIAN,Cross/Enter at Intersection,DART DASH,ON ROADWAY NOT AT CROSSWALK,Yes,SUSPECTED SERIOUS INJURY,NONE,38.99362539,-77.03204215,"(38.99362539, -77.03204215)"
MCP1048001X,16042020,Montgomery County Police,Property Damage Crash,08/18/2016 10:41:00 PM,,,,PARKING LOT OF MONTGOMERY COUNTY FAIR GROUNDS.,,PEDESTRIAN,SINGLE VEHICLE,CLEAR,,DARK NO LIGHTS,N/A,N/A,N/A,01921220-096F-4B01-993D-D2FD6CE7611B,PEDESTRIAN,Other,INATTENTIVE,ON ROADWAY NOT AT CROSSWALK,No,NO APPARENT INJURY,N/A,39.14752861,-77.2139103,"(39.14752861, -77.2139103)"