Report Number,Local Case Number,Agency Name,ACRS Report Type,Crash Date/Time,Route Type,Road Name,Cross-Street Name,Off-Road Description,Municipality,Related Non-Motorist,Collision Type,Weather,Surface Condition,Light,Traffic Control,Driver Substance Abuse,Non-Motorist Substance Abuse,Person ID,Pedestrian Type,Pedestrian Movement,Pedestrian Actions,Pedestrian Location,At Fault,Injury Severity,Safety Equipment,Latitude,Longitude,Location
EJ7848000N,16009979,Gaithersburg Police Depar,Injury Crash,02/28/2016 09:00:00 PM,Municipality,OLDE TOWNE AVE,ENT TO PARKING,,N/A,PEDESTRIAN,OTHER,CLEAR,DRY,DARK LIGHTS ON,NO CONTROLS,UNKNOWN,ALCOHOL PRESENT,9B495FB7-D12E-4B88-B43A-20B684719456,PEDESTRIAN,Cross/Enter not at Intersection,UNKNOWN,OTHER,Unknown,SUSPECTED MINOR INJURY,N/A,39.13994833,-77.19564667,"(39.13994833, -77.19564667)"
MCP2939006N,220057902,Montgomery County Police,Injury Crash,12/30/2022 05:32:00 PM,Other Public Roadway,WOODFIELD RD EXT,MAIN ST,,N/A,PEDESTRIAN,OTHER,N/A,DRY,DARK LIGHTS ON,NO CONTROLS,N/A,N/A,9CC3026E-F92D-4EB3-B322-12E4C3D8B2E7,PEDESTRIAN,Cross/Enter not at Intersection,NO IMPROPER ACTIONS,SIDEWALK,No,SUSPECTED MINOR INJURY,NONE,39.290515,-77.20142167,"(39.290515, -77.20142167)"
EJ78950012,220012763,Gaithersburg Police Depar,Injury Crash,03/24/2022 09:10:00 PM,Maryland (State),QUINCE ORCHARD RD,FIRSTFIELD RD,,GAITHERSBURG,PEDESTRIAN,STRAIGHT MOVEMENT ANGLE,RAINING,WET,DARK LIGHTS ON,TRAFFIC SIGNAL,NONE DETECTED,UNKNOWN,5DDFE35C-8F2D-43C2-87C2-73A95C017107,PEDESTRIAN,Cross/Enter at Intersection,IN ROADWAY IMPROPERLY,ON ROADWAY AT CROSSWALK,Yes,POSSIBLE INJURY,NONE,39.14509574,-77.22008207,"(39.14509574, -77.22008207)"
MCP242500CG,180036614,Montgomery County Police,Injury Crash,07/24/2018 09:56:00 AM,Maryland (State),PINEY BRANCH RD,CROSSOVER,,N/A,PEDESTRIAN,SINGLE VEHICLE,RAINING,WET,DAYLIGHT,NO CONTROLS,NONE DETECTED,NONE DETECTED,C8507D34-EDAB-4401-98B8-989A71D24346,PEDESTRIAN,Cross/Enter not at Intersection,DART DASH,ON ROADWAY NOT AT CROSSWALK,Yes,SUSPECTED MINOR INJURY,NONE,38.999105,-76.99759667,"(38.999105, -76.99759667)"
MCP2689005C,19007418,Montgomery County Police,Injury Crash,02/15/2019 02:46:00 PM,,,,"PARKING LOT OF DOLLAR GENERAL, 19718 FISHER AVE, POOLESVILLE, MD 20837",,PEDESTRIAN,SINGLE VEHICLE,CLOUDY,,DAYLIGHT,NO CONTROLS,NONE DETECTED,NONE DETECTED,8A6C76BC-3B8F-47E4-8041-8CA3E69E2324,PEDESTRIAN,Other,NO IMPROPER ACTIONS,OTHER,No,POSSIBLE INJURY,NONE,39.14492667,-77.41332833,"(39.14492667, -77.41332833)"
MCP33550019,240034043,MONTGOMERY,Injury Crash,07/19/2024 06:28:00 AM,Maryland (State) Route,,COLESVILLE RD (WB/L),,,Cyclist (non-electric),Single Vehicle,Cloudy,Dry,Daylight,Traffic Control Signal,"Not Suspect of Alcohol Use, Not Suspect of Drug Use","Not Suspect of Alcohol Use, Not Suspect of Drug Use",DFFB4EBE-644B-48BB-8D80-F1554C8F7F6C,Cyclist (non-electric),Walking/Cycling Along Roadway With Traffic (In or Adjacent to Travel Lane),None (No Improper Action),Travel Lane Other Location,No,Suspected Minor Injury,None,38.99367978,-77.0323648,"(38.99367978, -77.0323648)"
MCP3050002D,180032646,Montgomery County Police,Injury Crash,07/02/2018 07:16:00 PM,,,,PARKING LOT NEXT TO 14339 GEORGIA AVE SILVER SPRING MD 20906,,PEDESTRIAN,OTHER,CLEAR,,DAYLIGHT,NO CONTROLS,NONE DETECTED,NONE DETECTED,14D14E8B-3539-4246-8875-2DA9A4161CF0,PEDESTRIAN,Other,OTHER,OTHER,No,SUSPECTED SERIOUS INJURY,N/A,39.09248833,-77.07799,"(39.09248833, -77.07799)"
MCP2853005R,190007242,Montgomery County Police,Injury Crash,02/14/2019 04:19:00 AM,Maryland (State),UNIVERSITY BLVD W,LEXINGTON ST,,N/A,PEDESTRIAN,OTHER,CLEAR,DRY,N/A,TRAFFIC SIGNAL,N/A,N/A,AA48C951-CCB5-4C11-87A3-2FDC82C111F6,PEDESTRIAN,Cross/Enter at Intersection,FAILURE TO OBEY TRAFFIC SIGNS SIGNALS OR OFFICER,ON ROADWAY AT CROSSWALK,Yes,SUSPECTED MINOR INJURY,N/A,39.01957,-77.01117833,"(39.01957, -77.01117833)"
MCP2536004X,230074244,Montgomery County Police,Injury Crash,12/30/2023 04:55:00 AM,Maryland (State),GEORGIA AVE,RANDOLPH RD,,N/A,OTHER,OTHER,CLEAR,DRY,DARK LIGHTS ON,NO CONTROLS,ALCOHOL PRESENT,NONE DETECTED,A84A974D-89AF-44DC-A7EA-26FA8BD9748F,OTHER,Other Working,NO IMPROPER ACTIONS,SIDEWALK,No,SUSPECTED SERIOUS INJURY,N/A,39.05920152,-77.05011059,"(39.05920152, -77.05011059)"
MCP23570024,170501222,Montgomery County Police,Injury Crash,04/09/2017 10:09:00 AM,US (State),GEORGIA AVE,SILVER SPRING AVE,,N/A,PEDESTRIAN,SAME DIR REAR END,CLEAR,N/A,DAYLIGHT,TRAFFIC SIGNAL,NONE DETECTED,N/A,374CE382-C6E1-471D-9343-2C19A17A408B,PEDESTRIAN,N/A,N/A,SIDEWALK,No,NO APPARENT INJURY,N/A,38.99150667,-77.02683833,"(38.99150667, -77.02683833)"
EJ78620003,16006062,Gaithersburg Police Depar,Injury Crash,02/05/2016 04:47:00 PM,Municipality,GATESTONE SQ ST,GATESTONE ST,,GAITHERSBURG,PEDESTRIAN,OTHER,CLEAR,DRY,DUSK,NO CONTROLS,NONE DETECTED,NONE DETECTED,E4A30B07-D95B-4EF8-AA7E-74390788ED57,PEDESTRIAN,Walking/Riding w/Traffic,UNKNOWN,ON ROADWAY NOT AT CROSSWALK,Unknown,SUSPECTED MINOR INJURY,NONE,39.11774833,-77.228455,"(39.11774833, -77.228455)"
MCP15190041,220036336,Montgomery County Police,Injury Crash,08/23/2022 08:47:00 AM,Maryland (State),GREAT SENECA HWY,MATENY RD,,N/A,BICYCLIST,SINGLE VEHICLE,CLEAR,DRY,DAYLIGHT,TRAFFIC SIGNAL,NONE DETECTED,NONE DETECTED,513257FD-2883-4CC5-B82F-A7393676CAD0,BICYCLIST,Cross/Enter at Intersection,NO IMPROPER ACTIONS,ON ROADWAY AT CROSSWALK,No,SUSPECTED MINOR INJURY,MC/BIKE HELMET,39.14615,-77.27454,"(39.14615, -77.27454)"
MCP2286001G,17003137,Montgomery County Police,Property Damage Crash,01/18/2017 03:15:00 PM,County,GAINSBOROUGH RD,TUCKERMAN LA,,N/A,PEDESTRIAN,SINGLE VEHICLE,CLEAR,DRY,DAYLIGHT,TRAFFIC SIGNAL,NONE DETECTED,NONE DETECTED,CA302C58-AA1C-490A-ACA6-4530ED141AC3,PEDESTRIAN,Walking to/from school,UNKNOWN,ON ROADWAY AT CROSSWALK,Yes,NO APPARENT INJURY,NONE,39.04096545,-77.172786,"(39.04096545, -77.172786)"
MCP2641004F,240036398,MONTGOMERY,Injury Crash,08/02/2024 10:11:00 AM,County Route,MACARTHUR BLVD,GOLDSBORO RD,,,Cyclist (non-electric),Single Vehicle,Clear,Other,Daylight,Yield Sign,"Not Suspect of Alcohol Use, Not Suspect of Drug Use","Not Suspect of Alcohol Use, Not Suspect of Drug Use",39F42DA6-3FA6-4EF5-8C36-8B2D0950D617,Cyclist (non-electric),Walking/Cycling Along Roadway With Traffic (In or Adjacent to Travel Lane),None (No Improper Action),Median/Crossing Island,No,Suspected Minor Injury,"Helmet, Lighting, Reflective Wear (backpack, triangles, etc.), Reflectors",38.96859387,-77.13859468,"(38.96859387, -77.13859468)"
MCP137800GG,170501662,Montgomery County Police,Injury Crash,04/11/2017 07:53:00 PM,Municipality,BROOKS AVE,N SUMMIT AVE,,GAITHERSBURG,BICYCLIST,STRAIGHT MOVEMENT ANGLE,CLEAR,DRY,DUSK,NO CONTROLS,NONE DETECTED,NONE DETECTED,F59087E6-5B17-4A93-B19F-4274C2147008,BICYCLIST,Walking/Cycling on Sidewalk,OTHER,SIDEWALK,Yes,SUSPECTED SERIOUS INJURY,NONE,39.14425704,-77.19369248,"(39.14425704, -77.19369248)"
MCP3392001R,240060012,MONTGOMERY,Injury Crash,12/16/2024 06:40:00 AM,County Route,DAYTON ST,WINDHAM LA,,,Pedestrian,Single Vehicle,Clear,,Dark - Unknown Lighting,Stop Sign,"Not Suspect of Alcohol Use, Not Suspect of Drug Use","Not Suspect of Alcohol Use, Not Suspect of Drug Use",9CEA5D5D-3506-4CFF-A66C-E7D8FF75F23E,Pedestrian,Other,None (No Improper Action),Shoulder/Roadside,No,Suspected Minor Injury,None,39.03192394,-77.04424162,"(39.03192394, -77.04424162)"
MCP30990025,200014974,Montgomery County Police,Injury Crash,04/04/2020 10:17:00 AM,County,RIDGE RD,OBSERVATION DR,,N/A,PEDESTRIAN,OTHER,CLEAR,DRY,DAYLIGHT,TRAFFIC SIGNAL,NONE DETECTED,NONE DETECTED,77B30705-2349-47B2-A050-FB13228DD6BB,PEDESTRIAN,Cross/Enter at Intersection,NO IMPROPER ACTIONS,ON ROADWAY AT CROSSWALK,No,SUSPECTED MINOR INJURY,N/A,39.20184629,-77.25305357,"(39.20184629, -77.25305357)"
MCP32060024,220031010,Montgomery County Police,Property Damage Crash,07/19/2022 10:30:00 AM,County,QUEBEC ST,RUATAN ST,,N/A,OTHER,OPPOSITE DIRECTION SIDESWIPE,CLEAR,DRY,DAYLIGHT,NO CONTROLS,NONE DETECTED,N/A,9BACDBB3-CF17-43C9-8EF5-64AC863C448D,OTHER,N/A,OTHER,N/A,No,NO APPARENT INJURY,NONE,38.999831,-76.98935667,"(38.999831, -76.98935667)"
MCP1309001Z,180047555,Montgomery County Police,Property Damage Crash,09/23/2018 02:36:00 PM,Maryland (State),WOODFIELD RD,LOG HOUSE RD,,N/A,OTHER,SINGLE VEHICLE,RAINING,WET,DAYLIGHT,NO CONTROLS,NONE DETECTED,NONE DETECTED,961D0619-320E-4E7C-A180-DDECB025B5AE,OTHER,N/A,NO IMPROPER ACTIONS,OTHER,No,NO APPARENT INJURY,N/A,39.25606167,-77.20020167,"(39.25606167, -77.20020167)"
MCP3257005L,220041398,Montgomery County Police,Injury Crash,09/22/2022 09:10:00 PM,Maryland (State),ROCKVILLE PIKE,MARINELLI RD,,N/A,PEDESTRIAN,SINGLE VEHICLE,CLEAR,DRY,DARK LIGHTS ON,TRAFFIC SIGNAL,NONE DETECTED,NONE DETECTED,B2317035-A975-410E-A2FD-50D2BFCA4FE2,PEDESTRIAN,Cross/Enter not at Intersection,IN ROADWAY IMPROPERLY,ON ROADWAY NOT AT CROSSWALK,Yes,POSSIBLE INJURY,NONE,39.04721162,-77.11279129,"(39.04721162, -77.11279129)"
MCP28810054,220052306,Montgomery County Police,Injury Crash,11/27/2022 12:34:00 PM,County,MIDDLEBROOK RD,LOCBURY DR,,N/A,BICYCLIST,STRAIGHT MOVEMENT ANGLE,RAINING,WET,DAYLIGHT,NO CONTROLS,NONE DETECTED,NONE DETECTED,9D4A9CBC-E02F-45D5-B944-8DA46A118FF1,BICYCLIST,Cross/Enter at Intersection,NO IMPROPER ACTIONS,ON ROADWAY AT CROSSWALK,No,POSSIBLE INJURY,N/A,39.18126833,-77.26992167,"(39.18126833, -77.26992167)"
MCP1119005T,180048244,Montgomery County Police,Injury Crash,09/27/2018 09:08:00 AM,,,,PARKING LOT OF MEDSTAR MONTGOMERY HOSPITAL 18011 PRINCE PHILIP DR,,OTHER CONVEYANCE,SINGLE VEHICLE,CLOUDY,,DAYLIGHT,N/A,NONE DETECTED,NONE DETECTED,11007FC6-0BCF-495D-A647-577538BE13F8,OTHER CONVEYANCE,Other,NO IMPROPER ACTIONS,OTHER,No,POSSIBLE INJURY,NONE,39.15295167,-77.05532833,"(39.15295167, -77.05532833)"
MCP271700SP,200040528,Montgomery County Police,Injury Crash,10/14/2020 05:00:00 PM,Government,BEACH DR,OLD SPRING RD,,N/A,BICYCLIST,OTHER,CLEAR,DRY,DAYLIGHT,NO CONTROLS,NONE DETECTED,NONE DETECTED,FBFB5E6B-D564-4550-9A52-7A6674B9DF1F,BICYCLIST,Walking/Riding w/Traffic,NO IMPROPER ACTIONS,ON ROADWAY NOT AT CROSSWALK,No,SUSPECTED MINOR INJURY,MC/BIKE HELMET,39.01167833,-77.06801983,"(39.01167833, -77.06801983)"
DD5582000Z,16027886,Rockville Police Departme,Property Damage Crash,06/03/2016 09:35:00 PM,,,,ENTRANCE/EXIT FROM CONGRESSIONAL NORTH PLAZA,,PEDESTRIAN,OTHER,CLOUDY,,DARK LIGHTS ON,NO CONTROLS,N/A,N/A,A5638D90-0743-4421-9C20-15D55FA39A87,PEDESTRIAN,Cross/Enter at Intersection,NO IMPROPER ACTIONS,DRIVEWAY ACCESS MARKED CROSSWALK,No,NO APPARENT INJURY,NONE,39.06377,-77.12707167,"(39.06377, -77.12707167)"
MCP3444000P,250032875,MONTGOMERY,Injury Crash,07/23/2025 03:02:00 PM,Maryland (State) Route,,,,,Pedestrian,Angle,Clear,Dry,Daylight,Traffic Control Signal,"Not Suspect of Alcohol Use, Not Suspect of Drug Use, Not Suspect of Alcohol Use, Not Suspect of Drug Use","Not Suspect of Alcohol Use, Not Suspect of Drug Use",2ED238E5-10DB-44C2-9D0D-DB15CF700DF4,Pedestrian,Standing,None (No Improper Action),Sidewalk,No,Possible Injury,None,38.99817821,-77.00371955,"(38.99817821, -77.00371955)"
MCP9113001W,16046883,Montgomery County Police,Injury Crash,09/13/2016 09:38:00 AM,Maryland (State),CONNECTICUT AVE,ISBELL ST,,N/A,PEDESTRIAN,OTHER,CLEAR,DRY,DAYLIGHT,NO CONTROLS,NONE DETECTED,NONE DETECTED,1C6B2FA1-EFB8-4D75-9F02-0DBB523597D0,PEDESTRIAN,Cross/Enter at Intersection,DART DASH,AT INTERSECTION BUT NO CROSSWALK,Unknown,POSSIBLE INJURY,N/A,39.06450833,-77.074015,"(39.06450833, -77.074015)"
MCP2291003S,190035774,Montgomery County Police,Injury Crash,07/27/2019 12:40:00 PM,Municipality,KENSINGTON PKWY,LITTLEDALE RD,,N/A,BICYCLIST,SINGLE VEHICLE,CLEAR,DRY,DAYLIGHT,NO CONTROLS,NONE DETECTED,NONE DETECTED,5C222B39-9BD8-4DC6-AA27-2CEABD8AF916,BICYCLIST,Walking/Riding w/Traffic,NO IMPROPER ACTIONS,ON ROADWAY NOT AT CROSSWALK,No,SUSPECTED MINOR INJURY,MC/BIKE HELMET,39.01947417,-77.075003,"(39.01947417, -77.075003)"
MCP22030074,230049162,Montgomery County Police,Injury Crash,08/12/2023 05:25:00 PM,Maryland (State),UNIVERSITY BLVD W,SLIGO CREEK PKWY,,N/A,OTHER,SAME DIR REAR END,CLEAR,DRY,DAYLIGHT,N/A,NONE DETECTED,NONE DETECTED,C3FC22A9-C76D-43C1-970D-8342136E3A22,OTHER,Push/Work on Vehicle,NO IMPROPER ACTIONS,OTHER,No,SUSPECTED MINOR INJURY,N/A,39.03648167,-77.03006467,"(39.03648167, -77.03006467)"
MCP2617006G,180057456,Montgomery County Police,Property Damage Crash,11/16/2018 09:35:00 AM,Maryland (State),NORBECK RD,GEORGIA AVE,,N/A,PEDESTRIAN,OTHER,CLEAR,WET,DAYLIGHT,TRAFFIC SIGNAL,NONE DETECTED,ALCOHOL CONTRIBUTED,B44B9881-D99F-4D22-B420-7A7A4ACB9ED9,PEDESTRIAN,Cross/Enter at Intersection,DART DASH,ON ROADWAY NOT AT CROSSWALK,Yes,NO APPARENT INJURY,NONE,39.10963667,-77.07645833,"(39.10963667, -77.07645833)"
MCP9386008X,210041163,Montgomery County Police,Injury Crash,10/14/2021 12:30:00 PM,Maryland (State),DARNESTOWN RD,JONES LA,,N/A,BICYCLIST,STRAIGHT MOVEMENT ANGLE,CLEAR,DRY,DAYLIGHT,N/A,NONE DETECTED,NONE DETECTED,60656045-3C1D-49AC-BEE2-B5ED25AF372E,BICYCLIST,Walking/Riding w/Traffic,NO IMPROPER ACTIONS,SHOULDER,No,SUSPECTED MINOR INJURY,MC/BIKE HELMET,39.11380983,-77.26768533,"(39.11380983, -77.26768533)"
DM8437001N,170501100,Takoma Park Police Depart,Injury Crash,04/08/2017 03:05:00 PM,Municipality,MAPLE AVE,SLIGO CREEK PKWY,,N/A,BICYCLIST,OTHER,CLEAR,DRY,DAYLIGHT,TRAFFIC SIGNAL,NONE DETECTED,NONE DETECTED,A154A944-6CB5-4663-9577-95C7F7BBF746,BICYCLIST,Cross/Enter at Intersection,NO IMPROPER ACTIONS,ON ROADWAY AT CROSSWALK,No,POSSIBLE INJURY,MC/BIKE HELMET,38.98613361,-77.00365663,"(38.98613361, -77.00365663)"
MCP2608001G,16028022,Montgomery County Police,Injury Crash,06/07/2016 02:21:00 PM,County,EASTWOOD AVE,MOUNTAIN QUAIL RD,,N/A,BICYCLIST,HEAD ON,CLEAR,DRY,DAYLIGHT,NO CONTROLS,N/A,NONE DETECTED,BA2ACCF5-539A-443B-BB0A-7D19F8B1CDA4,BICYCLIST,Playing,UNKNOWN,CURB,No,POSSIBLE INJURY,N/A,39.02641863,-77.01171398,"(39.02641863, -77.01171398)"
MCP3118001L,190003322,Montgomery County Police,Property Damage Crash,01/22/2019 07:57:00 AM,,,,UNIT 1 RAN INTO A TREE ON PRIVATE PROPERTY AT 309 DENNIS AVENUE.,,OTHER,SINGLE VEHICLE,CLEAR,,DAYLIGHT,N/A,NONE DETECTED,N/A,50645790-3227-4B9E-A708-E5E9EEDDC3EF,OTHER,N/A,N/A,N/A,No,NO APPARENT INJURY,N/A,39.028095,-77.01497333,"(39.028095, -77.01497333)"
MCP3112002Z,190039192,Montgomery County Police,Injury Crash,08/16/2019 05:54:00 PM,Maryland (State),WISCONSIN AVE,MIDDLETON LA,,N/A,PEDESTRIAN,OTHER,N/A,DRY,DAYLIGHT,NO CONTROLS,NONE DETECTED,NONE DETECTED,A55F8A16-06A7-4C77-B173-F77CFB00EA3E,PEDESTRIAN,Cross/Enter at Intersection,NO IMPROPER ACTIONS,ON ROADWAY AT CROSSWALK,No,SUSPECTED SERIOUS INJURY,N/A,38.98683767,-77.09462283,"(38.98683767, -77.09462283)"
MCP2610002C,210038854,Montgomery County Police,Injury Crash,09/30/2021 05:14:00 PM,County,SHADY GROVE RD,RAMP 8 FR RAMP 5 TO SHADY GROVE RD,,N/A,BICYCLIST,STRAIGHT MOVEMENT ANGLE,CLEAR,DRY,DAYLIGHT,TRAFFIC SIGNAL,NONE DETECTED,NONE DETECTED,1B7EF5A4-44CC-4A6F-AA59-8E1EC6BEA7AC,BICYCLIST,Cross/Enter at Intersection,NO IMPROPER ACTIONS,AT INTERSECTION MARKED CROSSWALK,No,POSSIBLE INJURY,MC/BIKE HELMET,39.10921333,-77.18851,"(39.10921333, -77.18851)"
MCP1086000L,250023816,MONTGOMERY,Injury Crash,05/29/2025 07:45:00 AM,,,,Parking Aisle        UPPER PARKING LOT AT NORTHWEST HIGH SCHOOL.,,Pedestrian,Single Vehicle,Cloudy,,Daylight,,"Not Suspect of Alcohol Use, Not Suspect of Drug Use","Not Suspect of Alcohol Use, Not Suspect of Drug Use",E60B23C7-191C-424C-AC1C-4E1CEB973CDD,Pedestrian,Other,"Entering/Exiting Parked/Standing Vehicle, Failure to Yield Right-Of-Way, Inattentive (Talking, Eating, etc.)",Other,No,Suspected Minor Injury,None,39.1517401,-77.28177249,"(39.1517401, -77.28177249)"
EJ7878001N,200029758,Gaithersburg Police Depar,Injury Crash,07/31/2020 07:00:00 PM,Municipality,CHESTNUT ST,E DIAMOND AVE,,GAITHERSBURG,PEDESTRIAN,SAME DIR REAR END,CLEAR,DRY,DAYLIGHT,RAILWAY CROSSING DEVICE,N/A,N/A,17594BD1-665A-4C85-B685-D9D22B6481D1,PEDESTRIAN,Other,OTHER,ON ROADWAY NOT AT CROSSWALK,Yes,POSSIBLE INJURY,N/A,39.142222,-77.20310799,"(39.142222, -77.20310799)"
MCP1002000G,16062671,Montgomery County Police,Injury Crash,12/06/2016 07:27:00 PM,Maryland (State),CLOPPER RD,MATENEY RD,,N/A,PEDESTRIAN,OTHER,RAINING,WET,DARK LIGHTS ON,TRAFFIC SIGNAL,NONE DETECTED,NONE DETECTED,C8F1551B-3163-4271-88B5-0E178C0E4E43,PEDESTRIAN,Cross/Enter at Intersection,UNKNOWN,ON ROADWAY AT CROSSWALK,No,POSSIBLE INJURY,N/A,39.14986,-77.23448333,"(39.14986, -77.23448333)"
DD5502002C,16021808,Rockville Police Departme,Injury Crash,05/03/2016 12:15:00 PM,Maryland (State),HUNGERFORD DR,A ST,,ROCKVILLE,PEDESTRIAN,OTHER,CLOUDY,DRY,DAYLIGHT,TRAFFIC SIGNAL,UNKNOWN,NONE DETECTED,305316F3-D050-4DC5-920B-76A02F99EE4F,PEDESTRIAN,Cross/Enter at Intersection,NO IMPROPER ACTIONS,ON ROADWAY AT CROSSWALK,No,SUSPECTED MINOR INJURY,NONE,39.09198065,-77.15315089,"(39.09198065, -77.15315089)"
MCP29540053,180014875,Montgomery County Police,Property Damage Crash,03/26/2018 06:05:00 PM,County,WABASH AVE,GARLAND AVE,,N/A,BICYCLIST,SAME DIRECTION SIDESWIPE,CLEAR,DRY,DAYLIGHT,NO CONTROLS,NONE DETECTED,UNKNOWN,24CC242C-D3FE-40EA-90B7-CD6D185EF9EC,BICYCLIST,Other,WRONG WAY RIDING OR WALKING,ON ROADWAY NOT AT CROSSWALK,Yes,NO APPARENT INJURY,UNKNOWN,38.99400833,-77.00075667,"(38.99400833, -77.00075667)"
MCP14910004,15046900,MONTGOMERY,Injury Crash,09/16/2015 01:43:00 PM,,,,"ENTRANCE TO 15301 FREDERICK RD. IN DRIVEWAY 
CHEVROLET DEALERSHIP",,BICYCLIST,STRAIGHT MOVEMENT ANGLE,CLEAR,,DAYLIGHT,NO CONTROLS,NONE DETECTED,N/A,E9C3A207-E5B4-4A6B-8E32-F0649F65A561,BICYCLIST,Walking/Cycling on Sidewalk,OTHER,SIDEWALK,No,SUSPECTED MINOR INJURY,NONE,39.10721,-77.158035,"(39.10721, -77.158035)"
MCP0704000J,15018940,Montgomery County Police,Property Damage Crash,04/24/2015 05:45:00 PM,Maryland (State),OLD GEORGETOWN RD,CORDELL AVE,,N/A,BICYCLIST,SINGLE VEHICLE,CLEAR,DRY,DAYLIGHT,NO CONTROLS,NONE DETECTED,NONE DETECTED,32AF35D0-4143-42EB-8D02-D82E3B4C23B9,BICYCLIST,Walking/Riding w/Traffic,NO IMPROPER ACTIONS,OTHER,,NO APPARENT INJURY,MC/BIKE HELMET,38.98662833,-77.09057333,"(38.98662833, -77.09057333)"
DD559500B7,210038447,Rockville Police Departme,Property Damage Crash,09/28/2021 04:23:00 PM,Municipality,FIRST ST,LYNN CT,,ROCKVILLE,BICYCLIST,OTHER,CLEAR,DRY,DAYLIGHT,NO CONTROLS,NONE DETECTED,NONE DETECTED,3CD76E8A-5ED7-4F77-B721-E3B8E2CF1F6C,BICYCLIST,Cross/Enter at Intersection,NO IMPROPER ACTIONS,ON ROADWAY NOT AT CROSSWALK,No,NO APPARENT INJURY,N/A,39.08993333,-77.135355,"(39.08993333, -77.135355)"
MCP2847000P,15006267,Montgomery County Police,Injury Crash,02/07/2015 01:43:00 PM,County,CONNECTICUT AVE,ROAD END - GATE,,N/A,PEDESTRIAN,SINGLE VEHICLE,CLEAR,DRY,DAYLIGHT,OTHER,NONE DETECTED,NONE DETECTED,26A95900-4FEF-4C59-B092-E3786D55D00A,PEDESTRIAN,Other,OTHER,OTHER,,POSSIBLE INJURY,N/A,39.09195,-77.07108667,"(39.09195, -77.07108667)"
MCP3053000P,170541330,Montgomery County Police,Injury Crash,11/06/2017 06:05:00 PM,Maryland (State),LAYHILL RD,GLENALLAN AVE,,N/A,PEDESTRIAN,OTHER,CLOUDY,WET,DARK LIGHTS ON,TRAFFIC SIGNAL,NONE DETECTED,N/A,30754038-FC46-4E7B-93E0-DDBBF938B5F2,PEDESTRIAN,Cross/Enter at Intersection,UNKNOWN,AT INTERSECTION MARKED CROSSWALK,No,SUSPECTED MINOR INJURY,NONE,39.06366,-77.04954833,"(39.06366, -77.04954833)"
MCP3352002H,240059477,MONTGOMERY,Injury Crash,12/12/2024 04:50:00 PM,County Route,LOST KNIFE RD (NB/L),,,,Cyclist (non-electric),Single Vehicle,Clear,Dry,Dark - Lighted,Stop Sign,"Not Suspect of Alcohol Use, Not Suspect of Drug Use","Not Suspect of Alcohol Use, Not Suspect of Drug Use",7ADC7649-72EE-4A91-8E11-3B9EE223316C,Cyclist (non-electric),Cross/Enter at Intersection,None (No Improper Action),Intersection Marked Crosswalk,No,Suspected Minor Injury,None,39.1572178,-77.20324396,"(39.1572178, -77.20324396)"
DD5611000B,15034736,ROCKVILLE,Injury Crash,07/15/2015 03:40:00 PM,Maryland (State),ROCKVILLE PIKE,CONGRESSIONAL LA,,N/A,PEDESTRIAN,SINGLE VEHICLE,CLEAR,DRY,DAYLIGHT,NO CONTROLS,N/A,NONE DETECTED,B01A66B1-FEBC-4BDE-B999-7178D6C1091A,PEDESTRIAN,Other,INATTENTIVE,ON ROADWAY NOT AT CROSSWALK,No,SUSPECTED MINOR INJURY,N/A,39.06934167,-77.161965,"(39.06934167, -77.161965)"
MCP2940007Y,250015450,MONTGOMERY,Property Damage Crash,04/09/2025 02:00:00 PM,,,,Parking Stall        PL OF 4601 LELAND ST,,Pedestrian,Angle,Clear,,Daylight,,"Unknown, Unknown","Not Suspect of Alcohol Use, Not Suspect of Drug Use",865F16BC-6899-4060-8BAF-179D43E8961A,Pedestrian,Standing,None (No Improper Action),NonTrafficway Area,No,No Apparent Injury,None,38.9814049,-77.09147628,"(38.9814049, -77.09147628)"
EJ78940051,240048153,GAITHERSBURG,Injury Crash,10/09/2024 06:41:00 AM,Municipality Route,FIRSTFIELD RD,QUINCE ORCHARD RD QUINCE ORCHARD RD (SB/L),,,Pedestrian,Single Vehicle,Clear,Dry,Dawn,Traffic Control Signal,"Not Suspect of Alcohol Use, Not Suspect of Drug Use","Not Suspect of Alcohol Use, Not Suspect of Drug Use",C20FB24C-0202-4250-BAA4-A345543F576A,Pedestrian,Cross/Enter at Intersection,None (No Improper Action),Intersection Marked Crosswalk,No,Possible Injury,None,39.14511966,-77.22006594,"(39.14511966, -77.22006594)"
MCP1564002Z,180011748,Montgomery County Police,Injury Crash,03/21/2018 09:45:00 AM,,,,"PKG LOT OF SHOPPERS FOOD WAREHOUSE LOCATED AT 18140 VILLAGE MART DRIVE, OLNEY, MD 20832",,PEDESTRIAN,OTHER,CLEAR,,DAYLIGHT,OTHER,UNKNOWN,NONE DETECTED,B22F3232-C44E-45EB-95B8-45DA029F4791,PEDESTRIAN,Cross/Enter at Intersection,NO IMPROPER ACTIONS,ON ROADWAY AT CROSSWALK,No,POSSIBLE INJURY,NONE,39.15323882,-77.06484854,"(39.15323882, -77.06484854)"