Report Number,Local Case Number,Agency Name,ACRS Report Type,Crash Date/Time,Route Type,Road Name,Cross-Street Name,Off-Road Description,Municipality,Related Non-Motorist,Collision Type,Weather,Surface Condition,Light,Traffic Control,Driver Substance Abuse,Non-Motorist Substance Abuse,Person ID,Pedestrian Type,Pedestrian Movement,Pedestrian Actions,Pedestrian Location,At Fault,Injury Severity,Safety Equipment,Latitude,Longitude,Location
MCP23300030,210031467,Montgomery County Police,Injury Crash,08/13/2021 12:47:00 PM,Maryland (State),GEORGIA AVE,UNIVERSITY BLVD W,,N/A,BICYCLIST,OTHER,CLEAR,DRY,DAYLIGHT,TRAFFIC SIGNAL,NONE DETECTED,NONE DETECTED,53DEA9FB-7377-455E-B0B6-CB5DE05E129B,BICYCLIST,Walking/Riding w/Traffic,NO IMPROPER ACTIONS,SIDEWALK,No,SUSPECTED MINOR INJURY,MC/BIKE HELMET,39.04186,-77.05174333,"(39.04186, -77.05174333)"
DD5601000H,15001410,Rockville Police Departme,Injury Crash,01/09/2015 02:56:00 PM,Maryland (State),ROCKVILLE PIKE,MONROE PL,,ROCKVILLE,PEDESTRIAN,OTHER,CLEAR,DRY,DAYLIGHT,TRAFFIC SIGNAL,N/A,N/A,1AC4359B-2F58-47DC-BE98-6BDDB5066101,PEDESTRIAN,Cross/Enter at Intersection,DART DASH,ON ROADWAY AT CROSSWALK,,SUSPECTED MINOR INJURY,N/A,39.08345,-77.14692333,"(39.08345, -77.14692333)"
MCP2990000Y,220003872,Montgomery County Police,Injury Crash,01/29/2022 12:35:00 AM,Maryland (State),FREDERICK RD,SHADY GROVE RD,,N/A,OTHER,SAME DIR REND LEFT TURN,WINTRY MIX,WET,DARK LIGHTS ON,TRAFFIC SIGNAL,"ALCOHOL PRESENT, N/A",UNKNOWN,DF95333A-FB40-46B9-A89C-B9CD223F6AD7,OTHER,Unknown,UNKNOWN,UNKNOWN,No,NO APPARENT INJURY,N/A,39.12221,-77.17792167,"(39.12221, -77.17792167)"
MCP2902004W,21001185,Montgomery County Police,Injury Crash,03/30/2021 02:35:00 PM,County,GUNNERS BRANCH RD,FREDERICK RD,,N/A,PEDESTRIAN,OTHER,CLEAR,DRY,DAYLIGHT,TRAFFIC SIGNAL,N/A,N/A,CA7AC82A-2ECE-47A8-8FF8-1D04AA69CD72,PEDESTRIAN,Cross/Enter at Intersection,UNKNOWN,ON ROADWAY AT CROSSWALK,No,SUSPECTED MINOR INJURY,NONE,39.17904333,-77.237975,"(39.17904333, -77.237975)"
EJ7870002W,200040056,Gaithersburg Police Depar,Injury Crash,10/11/2020 05:29:00 PM,,,,"PARKING LOT, 316 KENTLANDS BLVD",,PEDESTRIAN,SINGLE VEHICLE,RAINING,,DAYLIGHT,NO CONTROLS,UNKNOWN,NONE DETECTED,8B8F78D6-7AA4-4337-A841-70C17FAAE534,PEDESTRIAN,Other,NO IMPROPER ACTIONS,OTHER,No,POSSIBLE INJURY,NONE,39.12272129,-77.2374274,"(39.12272129, -77.2374274)"
MCP1301000C,15034958,MONTGOMERY,Fatal Crash,07/16/2015 10:53:00 AM,County,RANDOLPH RD,SELFRIDGE RD,,N/A,PEDESTRIAN,SINGLE VEHICLE,CLEAR,DRY,DAYLIGHT,TRAFFIC SIGNAL,NONE DETECTED,UNKNOWN,3A3AAFD7-E6DD-446E-9974-A50D806A2A31,PEDESTRIAN,Walking/Cycling on Sidewalk,NO IMPROPER ACTIONS,SIDEWALK,No,FATAL INJURY,N/A,39.05535932,-77.08352208,"(39.05535932, -77.08352208)"
MCP1227000F,15058046,MONTGOMERY,Fatal Crash,11/13/2015 06:11:00 PM,Maryland (State),FREDERICK RD,MAGNOLIA DR,,N/A,PEDESTRIAN,SINGLE VEHICLE,CLEAR,DRY,DARK NO LIGHTS,NO CONTROLS,NONE DETECTED,NONE DETECTED,20B85BBE-DA98-46F9-AD23-64FF7B134EAD,PEDESTRIAN,Cross/Enter not at Intersection,UNKNOWN,ON ROADWAY NOT AT CROSSWALK,Unknown,FATAL INJURY,NONE,39.176967,-77.2383821,"(39.176967, -77.2383821)"
MCP2863003P,250016307,MONTGOMERY,Injury Crash,04/14/2025 05:40:00 PM,County Route,TURKEY BRANCH PKWY,,,,Cyclist (non-electric),Single Vehicle,Clear,,Daylight,No Controls,"Not Suspect of Alcohol Use, Not Suspect of Drug Use","Unknown, Unknown",17513E41-D728-46FE-B1D2-BF66AEC5F502,Cyclist (non-electric),Walking/Cycling Along Roadway With Traffic (In or Adjacent to Travel Lane),Unknown,Travel Lane Other Location,No,Suspected Minor Injury,None,39.07575782,-77.08179226,"(39.07575782, -77.08179226)"
MCP2973005Z,220035402,Montgomery County Police,Injury Crash,08/16/2022 07:00:00 PM,County,ASPEN HILL RD,PARKLAND DR,,N/A,PEDESTRIAN,OTHER,CLEAR,DRY,N/A,TRAFFIC SIGNAL,NONE DETECTED,NONE DETECTED,3D8D0CD7-CD0A-4161-A117-9696B90C668A,PEDESTRIAN,Cross/Enter at Intersection,NO IMPROPER ACTIONS,ON ROADWAY AT CROSSWALK,No,SUSPECTED MINOR INJURY,N/A,39.07889,-77.089882,"(39.07889, -77.089882)"
MCP3226000J,200016137,Montgomery County Police,Injury Crash,04/15/2020 02:00:00 PM,,,,"PARKING LOT AT ALDI. 2223 BEL PRE RD, SILVER SPRING, MD 20906",,PEDESTRIAN,SINGLE VEHICLE,CLEAR,,DAYLIGHT,NO CONTROLS,UNKNOWN,N/A,E6FDB5F3-2843-4C04-B966-B8A7084F0FC9,PEDESTRIAN,Standing,NO IMPROPER ACTIONS,OTHER,No,SUSPECTED MINOR INJURY,NONE,39.09163296,-77.0472753,"(39.09163296, -77.0472753)"
MCP0942002C,190044036,Montgomery County Police,Injury Crash,09/14/2019 01:00:00 PM,County,WOODMONT AVE,MILLER AVE,,N/A,PEDESTRIAN,OTHER,CLEAR,DRY,DAYLIGHT,NO CONTROLS,NONE DETECTED,NONE DETECTED,4D1B03B8-E34F-4FD8-969C-06491F449A5B,PEDESTRIAN,Cross/Enter not at Intersection,NO IMPROPER ACTIONS,ON ROADWAY NOT AT CROSSWALK,No,POSSIBLE INJURY,NONE,38.98062167,-77.094625,"(38.98062167, -77.094625)"
DD57010003,250028402,ROCKVILLE,Injury Crash,06/25/2025 09:14:00 PM,Municipality Route,,,,,Pedestrian,Single Vehicle,Clear,Dry,Dark - Lighted,Traffic Control Signal,"Not Suspect of Alcohol Use, Not Suspect of Drug Use","Not Suspect of Alcohol Use, Not Suspect of Drug Use",AD70911D-7436-4D40-B2BC-20AD7B06C9E8,Pedestrian,Cross/Enter at Intersection,Unknown,Intersection Marked Crosswalk,No,Suspected Minor Injury,None,39.11550679,-77.16624081,"(39.11550679, -77.16624081)"
MCP23920008,180049412,Montgomery County Police,Injury Crash,10/03/2018 11:45:00 AM,Maryland (State),WISCONSIN AVE,WOODMONT AVE,,N/A,PEDESTRIAN,N/A,CLEAR,DRY,DAYLIGHT,NO CONTROLS,NONE DETECTED,NONE DETECTED,9B2639CE-1760-44AA-9260-7DFE6E5F1A9F,PEDESTRIAN,Cross/Enter not at Intersection,DART DASH,ON ROADWAY NOT AT CROSSWALK,Unknown,SUSPECTED MINOR INJURY,N/A,38.99066784,-77.09399903,"(38.99066784, -77.09399903)"
EJ78600020,190009244,Gaithersburg Police Depar,Injury Crash,02/26/2019 10:52:00 PM,County,MUDDY BRANCH RD,HARMONY HALL RD,,N/A,PEDESTRIAN,N/A,CLEAR,DRY,DARK LIGHTS ON,NO CONTROLS,NONE DETECTED,ALCOHOL PRESENT,697667B5-63A8-4EC8-9726-B719C5708FB0,PEDESTRIAN,Cross/Enter not at Intersection,IN ROADWAY IMPROPERLY,ON ROADWAY NOT AT CROSSWALK,Yes,POSSIBLE INJURY,NONE,39.136855,-77.20563167,"(39.136855, -77.20563167)"
MCP3258002N,220042800,Montgomery County Police,Injury Crash,10/01/2022 08:28:00 AM,Maryland (State),UNIVERSITY BLVD W,CADDINGTON AVE,,N/A,PEDESTRIAN,HEAD ON LEFT TURN,RAINING,WET,DAYLIGHT,TRAFFIC SIGNAL,NONE DETECTED,UNKNOWN,D31FD698-C216-4B63-8ED3-CA9AB5BA96A6,PEDESTRIAN,Cross/Enter at Intersection,UNKNOWN,AT INTERSECTION MARKED CROSSWALK,Unknown,SUSPECTED SERIOUS INJURY,N/A,39.034435,-77.02424167,"(39.034435, -77.02424167)"
MCP1563002N,16043196,Montgomery County Police,Property Damage Crash,08/25/2016 11:15:00 AM,Municipality,PINE PL,MAPLE AVE,,CHEVY CHASE #4,BICYCLIST,STRAIGHT MOVEMENT ANGLE,CLEAR,DRY,DAYLIGHT,NO CONTROLS,NONE DETECTED,NONE DETECTED,CFC78374-98B4-4C6F-919A-5109867C124B,BICYCLIST,Walking/Cycling on Sidewalk,NO IMPROPER ACTIONS,SIDEWALK,No,NO APPARENT INJURY,MC/BIKE HELMET,38.97712167,-77.08058,"(38.97712167, -77.08058)"
MCP2863003V,250031100,MONTGOMERY,Injury Crash,07/12/2025 08:30:00 AM,Other Public Roadway,W WATKINS MILL RD (SB/L),RAMP 2 FR WATKINS MILL RD TO IS 270 NB,,,Cyclist (non-electric),Single Vehicle,Unknown,,Unknown,Traffic Control Signal,"Unknown, Unknown","Not Suspect of Alcohol Use, Not Suspect of Drug Use",553BC94C-8715-4D78-A96F-6C62ED7C136B,Cyclist (non-electric),Cross/Enter at Intersection,Unknown,Intersection Marked Crosswalk,No,Suspected Minor Injury,Unknown,39.15679255,-77.22479893,"(39.15679255, -77.22479893)"
MCP26800027,180001167,Montgomery County Police,Injury Crash,01/08/2018 06:13:00 PM,Maryland (State),GEORGIA AVE,FENWICK LA,,N/A,PEDESTRIAN,STRAIGHT MOVEMENT ANGLE,SLEET,WET,DARK LIGHTS ON,OTHER,NONE DETECTED,NONE DETECTED,2DC8E4D5-B083-4D0C-B0B0-8E6CDB993541,PEDESTRIAN,Cross/Enter at Intersection,NO IMPROPER ACTIONS,AT INTERSECTION MARKED CROSSWALK,No,SUSPECTED MINOR INJURY,NONE,38.99821548,-77.03073889,"(38.99821548, -77.03073889)"
MCP30550038,210046054,Montgomery County Police,Injury Crash,11/13/2021 01:59:00 PM,Maryland (State),GEORGIA AVE,BEL PRE RD,,N/A,BICYCLIST,OTHER,CLEAR,DRY,DAYLIGHT,TRAFFIC SIGNAL,N/A,N/A,A87EE2EE-D1F7-488B-8B6C-88F69953C719,BICYCLIST,Cross/Enter at Intersection,DART DASH,ON ROADWAY NOT AT CROSSWALK,Yes,SUSPECTED MINOR INJURY,NONE,39.092965,-77.07975833,"(39.092965, -77.07975833)"
DD5633000X,180057777,Rockville Police Departme,Injury Crash,11/17/2018 09:20:00 PM,Municipality,E MIDDLE LA,HUNGERFORD DR,,N/A,PEDESTRIAN,SINGLE VEHICLE,CLEAR,DRY,DARK NO LIGHTS,TRAFFIC SIGNAL,NONE DETECTED,NONE DETECTED,58A8B64B-6424-4B1B-83FC-2724B7B19CF3,PEDESTRIAN,Cross/Enter at Intersection,NO IMPROPER ACTIONS,ON ROADWAY AT CROSSWALK,No,POSSIBLE INJURY,NONE,39.0853325,-77.14850933,"(39.0853325, -77.14850933)"
MCP27530029,170506434,Montgomery County Police,Injury Crash,05/07/2017 12:09:00 PM,County,CONNECTICUT AVE,BEL PRE RD,,N/A,PEDESTRIAN,OTHER,CLOUDY,DRY,DAYLIGHT,NO CONTROLS,NONE DETECTED,NONE DETECTED,E8FA8B23-6455-44B3-A6C7-AD5F52A04BA2,PEDESTRIAN,Cross/Enter at Intersection,FAILURE TO YIELD RIGHT OF WAY,ON ROADWAY NOT AT CROSSWALK,Yes,SUSPECTED MINOR INJURY,N/A,39.09151833,-77.070715,"(39.09151833, -77.070715)"
DD5620003V,190016276,Rockville Police Departme,Injury Crash,04/08/2019 10:00:00 AM,Municipality,MARTHA CT,MARTHA TERR,,ROCKVILLE,PEDESTRIAN,OTHER,CLEAR,DRY,DAYLIGHT,NO CONTROLS,NONE DETECTED,NONE DETECTED,C0E47B4D-AF82-41A3-AD29-CF13A87BE7EA,PEDESTRIAN,Getting off/on Vehicle,INATTENTIVE,OTHER,No,POSSIBLE INJURY,NONE,39.058306,-77.13367133,"(39.058306, -77.13367133)"
MCP3283001J,220024093,Montgomery County Police,Injury Crash,06/05/2022 03:24:00 PM,County,TUCKERMAN LA,LONG PINE TRAIL,,N/A,BICYCLIST,SINGLE VEHICLE,CLEAR,DRY,DAYLIGHT,NO CONTROLS,NONE DETECTED,NONE DETECTED,A4D83662-5BF9-4840-9C90-32248044173C,BICYCLIST,Unknown,UNKNOWN,UNKNOWN,Yes,SUSPECTED SERIOUS INJURY,UNKNOWN,39.0417576,-77.17706036,"(39.0417576, -77.17706036)"
MCP137800BN,16040533,Montgomery County Police,Injury Crash,08/10/2016 01:50:00 PM,County,SNOUFFERS SCHOOL RD,BONANZA WAY,,N/A,PEDESTRIAN,SINGLE VEHICLE,CLOUDY,DRY,DAYLIGHT,N/A,NONE DETECTED,UNKNOWN,FFF76577-61B8-4AD0-9045-6A02DA98E246,PEDESTRIAN,Standing,OTHER,ON ROADWAY NOT AT CROSSWALK,No,SUSPECTED SERIOUS INJURY,REFLECTIVE CLOTHING,39.16663333,-77.17156333,"(39.16663333, -77.17156333)"
DM8388002B,180042044,Takoma Park Police Depart,Injury Crash,08/23/2018 04:40:00 PM,,,,SIDEWALK IN FRONT OF 7419 MAPLE AVE.,,BICYCLIST,SAME DIRECTION RIGHT TURN,CLEAR,,DAYLIGHT,NO CONTROLS,NONE DETECTED,NONE DETECTED,1EA67743-1D55-48D5-92C9-3F13D4C44741,BICYCLIST,Walking/Cycling on Sidewalk,OTHER,SIDEWALK,Yes,POSSIBLE INJURY,NONE,38.98045138,-77.01085419,"(38.98045138, -77.01085419)"
MCP2801001Z,170511679,Montgomery County Police,Injury Crash,06/04/2017 02:51:00 AM,County,SILVER SPRING AVE,MAYOR LA,,N/A,PEDESTRIAN,OTHER,CLEAR,DRY,DARK LIGHTS ON,NO CONTROLS,ALCOHOL PRESENT,N/A,41F52208-DF23-4744-84DF-6855779B62E9,PEDESTRIAN,N/A,OTHER,N/A,No,SUSPECTED MINOR INJURY,NONE,38.99164581,-77.02596992,"(38.99164581, -77.02596992)"
MCP28980042,23050265,Montgomery County Police,Property Damage Crash,08/19/2023 04:07:00 PM,,,,PARKING LOT OF 19721 FREDERICK RD GERMANTOWN MD,,BICYCLIST,STRAIGHT MOVEMENT ANGLE,CLEAR,,DAYLIGHT,NO CONTROLS,N/A,N/A,5DB74E8C-6540-4BE6-A934-28A43765D307,BICYCLIST,Cross/Enter not at Intersection,NO IMPROPER ACTIONS,OTHER,No,NO APPARENT INJURY,NONE,39.18009667,-77.23659333,"(39.18009667, -77.23659333)"
MCP3300001F,220004093,Montgomery County Police,Injury Crash,01/31/2022 07:55:00 AM,County,MONTICELLO AVE,KEMP MILL RD,,N/A,PEDESTRIAN,OTHER,CLEAR,DRY,DAYLIGHT,PERSON,NONE DETECTED,NONE DETECTED,2881240F-F754-4790-BE6D-10CCC3E51B58,PEDESTRIAN,Other Working,DART DASH,ON ROADWAY NOT AT CROSSWALK,Yes,SUSPECTED MINOR INJURY,REFLECTIVE CLOTHING,39.047313,-77.0296645,"(39.047313, -77.0296645)"
DD5508002X,16062458,Rockville Police Departme,Injury Crash,12/05/2016 04:02:00 PM,,,,PARKING LOT OF 1675 ROCKVILLE PIKE,,PEDESTRIAN,OTHER,CLEAR,,DAYLIGHT,N/A,NONE DETECTED,NONE DETECTED,F35D4FC2-3208-4B0F-91CE-4F2DEFC2E254,PEDESTRIAN,Cross/Enter at Intersection,NO IMPROPER ACTIONS,ON ROADWAY AT CROSSWALK,No,SUSPECTED MINOR INJURY,NONE,39.06129,-77.12630833,"(39.06129, -77.12630833)"
MCP2738002B,170508751,Montgomery County Police,Injury Crash,05/19/2017 06:55:00 PM,,,,PARKING LOT OF 12028 CHERRY HILL RD,,PEDESTRIAN,N/A,N/A,,DAYLIGHT,NO CONTROLS,N/A,N/A,01950E4E-4B10-4FE0-A117-85B90DA219EC,PEDESTRIAN,Cross/Enter not at Intersection,INATTENTIVE,ON ROADWAY NOT AT CROSSWALK,Unknown,SUSPECTED MINOR INJURY,N/A,39.05500003,-76.95592538,"(39.05500003, -76.95592538)"
MCP2986000B,16007349,Montgomery County Police,Injury Crash,02/12/2016 09:43:00 PM,Maryland (State),COLESVILLE RD,SECOND AVE,,N/A,PEDESTRIAN,STRAIGHT MOVEMENT ANGLE,CLEAR,DRY,DARK LIGHTS ON,TRAFFIC SIGNAL,NONE DETECTED,NONE DETECTED,A1830BD2-6270-41BC-B006-AF6C1C019439,PEDESTRIAN,Cross/Enter at Intersection,NO IMPROPER ACTIONS,AT INTERSECTION MARKED CROSSWALK,No,POSSIBLE INJURY,NONE,38.99469,-77.03069333,"(38.99469, -77.03069333)"
MCP28660067,200012623,Montgomery County Police,Injury Crash,03/14/2020 04:55:00 PM,County,MILLER AVE,WOODMONT AVE,,N/A,PEDESTRIAN,SINGLE VEHICLE,CLOUDY,DRY,DAYLIGHT,STOP SIGN,NONE DETECTED,NONE DETECTED,837BBA35-39C6-4C01-BB18-5A17656A5FE5,PEDESTRIAN,Cross/Enter at Intersection,NO IMPROPER ACTIONS,ON ROADWAY AT CROSSWALK,No,SUSPECTED MINOR INJURY,NONE,38.98043217,-77.09411517,"(38.98043217, -77.09411517)"
DD5638001N,200025271,Rockville Police Departme,Injury Crash,06/29/2020 12:13:00 PM,Municipality,HALPINE RD,ROCKVILLE PIKE,,N/A,PEDESTRIAN,OTHER,CLEAR,DRY,DAYLIGHT,TRAFFIC SIGNAL,NONE DETECTED,N/A,31791864-0A99-49BF-9971-65F5BB0141C3,PEDESTRIAN,Cross/Enter at Intersection,NO IMPROPER ACTIONS,ON ROADWAY AT CROSSWALK,No,SUSPECTED SERIOUS INJURY,N/A,39.06203667,-77.123875,"(39.06203667, -77.123875)"
MCP2008008Z,210049574,Montgomery County Police,Injury Crash,12/06/2021 05:08:00 PM,Other Public Roadway,MONTROSE PKWY,HOYA ST,,N/A,PEDESTRIAN,OTHER,CLOUDY,DRY,DARK LIGHTS ON,TRAFFIC SIGNAL,NONE DETECTED,NONE DETECTED,D4DEB07B-CA3C-4FE7-8CA5-C791D8B8A6B4,PEDESTRIAN,Cross/Enter at Intersection,NO IMPROPER ACTIONS,ON ROADWAY AT CROSSWALK,No,SUSPECTED MINOR INJURY,NONE,39.05206667,-77.11865333,"(39.05206667, -77.11865333)"
MCP3228003G,220016026,Montgomery County Police,Property Damage Crash,04/15/2022 05:16:00 PM,US (State),COLESVILLE RD,SLIGO CREEK PKWY,,N/A,BICYCLIST,STRAIGHT MOVEMENT ANGLE,CLEAR,DRY,DAYLIGHT,TRAFFIC SIGNAL,NONE DETECTED,NONE DETECTED,02411611-741E-484B-BCE5-105452BAF4CD,BICYCLIST,Walking/Cycling on Sidewalk,UNKNOWN,ON ROADWAY AT CROSSWALK,No,NO APPARENT INJURY,MC/BIKE HELMET,39.0076268,-77.02030146,"(39.0076268, -77.02030146)"
MCP9419001T,180045961,Montgomery County Police,Injury Crash,09/14/2018 02:51:00 PM,County,RANDOLPH RD,ROCKING HORSE RD,,N/A,PEDESTRIAN,OTHER,CLOUDY,DRY,DAYLIGHT,TRAFFIC SIGNAL,NONE DETECTED,NONE DETECTED,16EDD962-564A-414F-8442-7FE5754FDEBC,PEDESTRIAN,Cross/Enter at Intersection,DART DASH,ON ROADWAY AT CROSSWALK,Unknown,POSSIBLE INJURY,NONE,39.05367667,-77.09426,"(39.05367667, -77.09426)"
EJ7858009K,240035888,GAITHERSBURG,Injury Crash,07/30/2024 01:02:00 PM,Local Route,ALLIED PL,GIRARD ST (WB/L),,,Pedestrian,Single Vehicle,Cloudy,Dry,Daylight,No Controls,"Not Suspect of Alcohol Use, Not Suspect of Drug Use","Not Suspect of Alcohol Use, Not Suspect of Drug Use",7AB662BE-4452-4568-B7AC-06880FACE946,Pedestrian,Cross/Enter Not at Intersection,Failure to Yield Right-Of-Way,Travel Lane Other Location,No,Suspected Minor Injury,None,39.15061464,-77.19135549,"(39.15061464, -77.19135549)"
DM84780018,210046451,Takoma Park Police Depart,Injury Crash,11/16/2021 09:25:00 AM,Municipality,MAPLE AVE,TULIP AVE,,TAKOMA PARK,PEDESTRIAN,OTHER,CLEAR,DRY,DAYLIGHT,NO CONTROLS,NONE DETECTED,N/A,A46CB333-E2C1-41B6-9DBB-6817337B0456,PEDESTRIAN,Other,UNKNOWN,ON ROADWAY NOT AT CROSSWALK,No,POSSIBLE INJURY,NONE,38.986255,-77.002525,"(38.986255, -77.002525)"
MCP3264003T,230027699,Montgomery County Police,Injury Crash,06/09/2023 07:45:00 AM,Maryland (State),EAST WEST HWY,ENT TO BUSINESS,,N/A,OTHER,OTHER,CLEAR,DRY,DAYLIGHT,NO CONTROLS,NONE DETECTED,NONE DETECTED,26F8753C-8546-4133-93E1-D9579F796C96,OTHER,Cross/Enter at Intersection,NOT VISIBLE,AT INTERSECTION BUT NO CROSSWALK,No,POSSIBLE INJURY,NONE,38.99389,-77.032615,"(38.99389, -77.032615)"
MCP3279002T,230064771,Montgomery County Police,Injury Crash,11/06/2023 06:30:00 PM,County,AMHERST AVE,ELKIN ST,,N/A,PEDESTRIAN,SINGLE VEHICLE,CLEAR,DRY,N/A,STOP SIGN,NONE DETECTED,NONE DETECTED,65C02C75-D526-4FEC-A7FE-9889E86B9C2A,PEDESTRIAN,Cross/Enter at Intersection,NO IMPROPER ACTIONS,AT INTERSECTION MARKED CROSSWALK,No,SUSPECTED SERIOUS INJURY,NONE,39.04494978,-77.04798769,"(39.04494978, -77.04798769)"
DD559500FC,230066545,Rockville Police Departme,Injury Crash,11/15/2023 05:42:00 PM,Maryland (State),ROCKVILLE PIKE,HALPINE RD,,ROCKVILLE,PEDESTRIAN,OTHER,CLEAR,DRY,DARK LIGHTS ON,TRAFFIC SIGNAL,NONE DETECTED,N/A,086CF1AB-8EC8-46F4-A094-A192971EBCE8,PEDESTRIAN,Cross/Enter at Intersection,NO IMPROPER ACTIONS,AT INTERSECTION MARKED CROSSWALK,No,SUSPECTED MINOR INJURY,NONE,39.06202133,-77.12405017,"(39.06202133, -77.12405017)"
DM8386000V,170518554,Takoma Park Police Depart,Injury Crash,07/11/2017 08:06:00 PM,Municipality,ROANOKE AVE,HOUSTON AVE,,TAKOMA PARK,BICYCLIST,SAME DIRECTION SIDESWIPE,CLEAR,DRY,DAWN,N/A,NONE DETECTED,NONE DETECTED,EEF8BAE3-8779-4DAD-A9A2-BE5F15CC764C,BICYCLIST,Walking/Riding w/Traffic,N/A,ON ROADWAY NOT AT CROSSWALK,No,SUSPECTED MINOR INJURY,NONE,38.99124346,-77.00353593,"(38.99124346, -77.00353593)"
MCP3039005K,210034044,Montgomery County Police,Injury Crash,08/31/2021 04:15:00 PM,US (State),GEORGIA AVE,SLIGO AVE,,N/A,PEDESTRIAN,OTHER,CLEAR,DRY,DAYLIGHT,TRAFFIC SIGNAL,NONE DETECTED,NONE DETECTED,0B66953B-7B19-4846-83CD-15C64BB76FB3,PEDESTRIAN,Cross/Enter at Intersection,IN ROADWAY IMPROPERLY,ON ROADWAY NOT AT CROSSWALK,Yes,POSSIBLE INJURY,N/A,38.99031615,-77.02637318,"(38.99031615, -77.02637318)"
MCP32760027,220030521,Montgomery County Police,Injury Crash,07/19/2022 01:37:00 AM,,,,8101 FENTON ST 7/11 PARKING LOT,,PEDESTRIAN,OTHER,CLEAR,,DARK LIGHTS ON,NO CONTROLS,UNKNOWN,NONE DETECTED,45106BF2-3223-4389-A7FE-158DB3351495,PEDESTRIAN,Standing,NO IMPROPER ACTIONS,OTHER,No,SUSPECTED MINOR INJURY,N/A,38.99053,-77.02358,"(38.99053, -77.02358)"
MCP2348000Y,15035640,MONTGOMERY,Injury Crash,07/20/2015 10:21:00 PM,Maryland (State),GERMANTOWN RD,CIDER BARRELL DR,,N/A,PEDESTRIAN,SINGLE VEHICLE,CLEAR,DRY,DARK LIGHTS ON,N/A,NONE DETECTED,UNKNOWN,BBDF8567-99EF-41E5-B32B-B42CD60FA061,PEDESTRIAN,Cross/Enter not at Intersection,IN ROADWAY IMPROPERLY,ON ROADWAY NOT AT CROSSWALK,Yes,SUSPECTED SERIOUS INJURY,N/A,39.19160335,-77.24471211,"(39.19160335, -77.24471211)"
MCP2563000M,170529091,Montgomery County Police,Fatal Crash,09/06/2017 09:43:00 PM,Maryland (State),VEIRS MILL RD,NORRIS DR,,N/A,OTHER CONVEYANCE,STRAIGHT MOVEMENT ANGLE,RAINING,WET,DARK LIGHTS ON,STOP SIGN,NONE DETECTED,UNKNOWN,F51A769D-D703-40C1-8400-E2368770C0EC,OTHER CONVEYANCE,Cross/Enter at Intersection,FAILURE TO YIELD RIGHT OF WAY,ON ROADWAY NOT AT CROSSWALK,Yes,FATAL INJURY,MC/BIKE HELMET,39.04391833,-77.063205,"(39.04391833, -77.063205)"
MCP2492000B,15028338,Montgomery County Police,Fatal Crash,06/11/2015 09:00:00 AM,County,CRABBS BRANCH WAY,REDLAND RD,,N/A,PEDESTRIAN,OTHER,N/A,DRY,DAYLIGHT,TRAFFIC SIGNAL,UNKNOWN,UNKNOWN,AA3D4111-733A-45D8-B171-B3F610AE583C,PEDESTRIAN,Cross/Enter at Intersection,UNKNOWN,UNKNOWN,,FATAL INJURY,NONE,39.12103805,-77.15852737,"(39.12103805, -77.15852737)"
MCP3320002G,240032948,MONTGOMERY,Injury Crash,07/12/2024 04:14:00 PM,Maryland (State) Route,COLESVILLE RD,WMATA ENT,,,Cyclist (non-electric),Single Vehicle,Cloudy,Wet,Daylight,Traffic Control Signal,"Not Suspect of Alcohol Use, Not Suspect of Drug Use","Not Suspect of Alcohol Use, Not Suspect of Drug Use",5ECBC44E-1DB9-421D-BA9A-37920570AFB6,Cyclist (non-electric),Cross/Enter at Intersection,None (No Improper Action),Intersection Marked Crosswalk,No,Possible Injury,None,38.99421812,-77.03097413,"(38.99421812, -77.03097413)"
MCP29510016,16007989,MONTGOMERY,Injury Crash,02/18/2016 08:29:00 AM,,,,CVS PARKING LOT. 108 AND SPARTAN,,PEDESTRIAN,N/A,CLEAR,,DAYLIGHT,NO CONTROLS,N/A,NONE DETECTED,2C03A6EB-9486-400D-A008-5E101131EAB1,PEDESTRIAN,Standing,NO IMPROPER ACTIONS,OTHER,No,POSSIBLE INJURY,NONE,39.1514126,-77.06323385,"(39.1514126, -77.06323385)"
DM8499001T,230029580,Takoma Park Police Depart,Injury Crash,06/20/2023 01:18:00 PM,Maryland (State),NEW HAMPSHIRE AVE,HOLTON LA,,TAKOMA PARK,PEDESTRIAN,OTHER,CLEAR,DRY,DAYLIGHT,TRAFFIC SIGNAL,NONE DETECTED,NONE DETECTED,4FE77F69-7B28-4BF5-9A11-94B6AE767239,PEDESTRIAN,Cross/Enter at Intersection,NO IMPROPER ACTIONS,ON ROADWAY AT CROSSWALK,No,POSSIBLE INJURY,NONE,38.98590513,-76.98808884,"(38.98590513, -76.98808884)"
MCP93010046,230006362,Montgomery County Police,Injury Crash,02/08/2023 10:05:00 AM,County,WASHINGTONIAN BLVD,RAMP 6 FR SAM EIG HWY TO WASH. BLVD,,N/A,PEDESTRIAN,SINGLE VEHICLE,CLEAR,DRY,DAYLIGHT,NO CONTROLS,N/A,N/A,B08D4EC0-A876-4998-8619-32549023E31A,PEDESTRIAN,Other,OTHER,SHOULDER,Unknown,NO APPARENT INJURY,N/A,39.11813701,-77.20631658,"(39.11813701, -77.20631658)"
MCP32610010,220035561,Montgomery County Police,Injury Crash,08/17/2022 09:45:00 PM,County,GOSHEN RD,EMORY GROVE RD,,N/A,PEDESTRIAN,OTHER,CLEAR,DRY,DARK LIGHTS ON,N/A,N/A,N/A,2DED0BD1-E00E-46FF-B6CE-F5776E7C6E64,PEDESTRIAN,Cross/Enter not at Intersection,IN ROADWAY IMPROPERLY,ON ROADWAY NOT AT CROSSWALK,Yes,POSSIBLE INJURY,NONE,39.14966192,-77.1578232,"(39.14966192, -77.1578232)"