Report Number,Local Case Number,Agency Name,ACRS Report Type,Crash Date/Time,Route Type,Road Name,Cross-Street Name,Off-Road Description,Municipality,Related Non-Motorist,Collision Type,Weather,Surface Condition,Light,Traffic Control,Driver Substance Abuse,Non-Motorist Substance Abuse,Person ID,Pedestrian Type,Pedestrian Movement,Pedestrian Actions,Pedestrian Location,At Fault,Injury Severity,Safety Equipment,Latitude,Longitude,Location
MCP29050017,15034795,MONTGOMERY,Property Damage Crash,07/15/2015 03:51:00 PM,County,PERSIMMON TREE RD,SAUNDERS LA,,N/A,BICYCLIST,SAME DIRECTION SIDESWIPE,CLEAR,DRY,DAYLIGHT,NO CONTROLS,NONE DETECTED,NONE DETECTED,4228B66E-7424-47B1-AFE7-A5D9EC71A9CD,BICYCLIST,Walking/Riding w/Traffic,UNKNOWN,ON ROADWAY NOT AT CROSSWALK,Unknown,NO APPARENT INJURY,MC/BIKE HELMET,38.99170667,-77.17801333,"(38.99170667, -77.17801333)"
MCP1227001R,220049219,Montgomery County Police,Fatal Crash,11/08/2022 07:20:00 AM,Municipality,SCHOOL DR,BIG ACRE SQUARE,,N/A,PEDESTRIAN,SINGLE VEHICLE,CLEAR,DRY,DAYLIGHT,NO CONTROLS,ALCOHOL CONTRIBUTED,NONE DETECTED,0AF800EF-B4D8-403D-8FE1-2BEB5EFEA413,PEDESTRIAN,Walking to/from school,FAILURE TO YIELD RIGHT OF WAY,AT INTERSECTION BUT NO CROSSWALK,No,FATAL INJURY,NONE,39.11820121,-77.21493809,"(39.11820121, -77.21493809)"
MCP2875005Y,220027515,Montgomery County Police,Injury Crash,06/26/2022 02:00:00 PM,,,,PARKING LOT OF 26075 RIDGE RD.,,PEDESTRIAN,OTHER,CLEAR,,DAYLIGHT,NO CONTROLS,NONE DETECTED,NONE DETECTED,3CCDD0E9-2B24-43F5-9CBC-DA61C29A6B1F,PEDESTRIAN,Standing,NO IMPROPER ACTIONS,OTHER,No,POSSIBLE INJURY,N/A,39.28503986,-77.20887197,"(39.28503986, -77.20887197)"
MCP12270023,240026236,MONTGOMERY,Fatal Crash,06/03/2024 01:17:00 AM,Municipality Route,ANNE AVE,UNIVERSITY BLVD,,,Pedestrian,Single Vehicle,Clear,Dry,Dark - Lighted,No Controls,"Unknown, Unknown","Suspect of Alcohol Use, Unknown",BA381716-889B-48F0-97C9-73347B116913,Pedestrian,Standing,"In Roadway Improperly (Standing, Lying, Working, Playing), Not Visible (Dark Clothing, No Lighting, etc.)",Travel Lane Other Location,Yes,Fatal Injury,None,38.99090245,-76.98979047,"(38.99090245, -76.98979047)"
MCP2766002V,16052362,Montgomery County Police,Injury Crash,10/11/2016 07:05:00 PM,Maryland (State),GEORGIA AVE,ASPEN HILL RD,,N/A,OTHER CONVEYANCE,STRAIGHT MOVEMENT ANGLE,N/A,DRY,DARK LIGHTS ON,NO CONTROLS,NONE DETECTED,NONE DETECTED,58104640-BD0F-447B-AF92-E03A3416AA4D,OTHER CONVEYANCE,Walking/Riding against Traffic,INATTENTIVE,SIDEWALK,Yes,POSSIBLE INJURY,NONE,39.08200333,-77.077005,"(39.08200333, -77.077005)"
MCP2965009G,250000158,MONTGOMERY,Injury Crash,01/02/2025 10:42:00 AM,,,,Parking Lot Way        2201 RANDOLPH ROAD PARKING LOT,,Pedestrian,Single Vehicle,Cloudy,,Daylight,,"Not Suspect of Alcohol Use, Not Suspect of Drug Use","Not Suspect of Alcohol Use, Not Suspect of Drug Use",F3BBF6D1-981A-4ACD-BE6E-6CEB2E17C367,Pedestrian,Other,None (No Improper Action),Other,No,Possible Injury,None,39.06013417,-77.0479225,"(39.06013417, -77.0479225)"
MCP2437004S,220013942,Montgomery County Police,Injury Crash,04/01/2022 05:10:00 PM,County,PARKLAWN DR,RANDOLPH RD,,N/A,PEDESTRIAN,STRAIGHT MOVEMENT ANGLE,CLEAR,DRY,DAYLIGHT,NO CONTROLS,NONE DETECTED,NONE DETECTED,95D88FFF-5E80-4C42-B429-D90507F7C9B1,PEDESTRIAN,Standing,NO IMPROPER ACTIONS,OTHER,No,SUSPECTED SERIOUS INJURY,N/A,39.0537535,-77.1067445,"(39.0537535, -77.1067445)"
MCP2767002L,17015632,Montgomery County Police,Injury Crash,03/27/2017 04:54:00 PM,,,,"ON SIDEWALK NEXT TO 11302 GRANDVIEW AVE., WHEATON MD",,BICYCLIST,STRAIGHT MOVEMENT ANGLE,CLEAR,,DAYLIGHT,NO CONTROLS,NONE DETECTED,NONE DETECTED,D564E588-93E3-476A-AC80-C5D831912787,BICYCLIST,Walking/Cycling on Sidewalk,NO IMPROPER ACTIONS,SIDEWALK,No,POSSIBLE INJURY,NONE,39.04020402,-77.05283895,"(39.04020402, -77.05283895)"
MCP2639009D,200014171,Montgomery County Police,Injury Crash,03/27/2020 11:07:00 AM,County,ARCOLA AVE,OREBAUGH AVE,,N/A,OTHER,SAME DIRECTION SIDESWIPE,CLEAR,DRY,DAYLIGHT,PERSON,NONE DETECTED,NONE DETECTED,60D84645-28D2-4CE9-A8BF-702529E7B85E,OTHER,Standing,NO IMPROPER ACTIONS,ON ROADWAY NOT AT CROSSWALK,No,POSSIBLE INJURY,NONE,39.047205,-77.036575,"(39.047205, -77.036575)"
MCP29660058,180060893,Montgomery County Police,Injury Crash,12/05/2018 07:50:00 PM,Maryland (State),VEIRS MILL RD,ROBINDALE DR,,N/A,PEDESTRIAN,OTHER,CLEAR,DRY,DARK -- UNKNOWN LIGHTING,TRAFFIC SIGNAL,NONE DETECTED,NONE DETECTED,35C148D5-9818-4A2C-A989-138B125E1193,PEDESTRIAN,Cross/Enter at Intersection,FAILURE TO OBEY TRAFFIC SIGNS SIGNALS OR OFFICER,ON ROADWAY AT CROSSWALK,No,SUSPECTED MINOR INJURY,NONE,39.06327,-77.09502333,"(39.06327, -77.09502333)"
MCP27170013,15012610,Montgomery County Police,Injury Crash,03/19/2015 04:30:00 AM,County,BRIGGS CHANEY RD,FAIRLAND RD,,N/A,PEDESTRIAN,OTHER,CLEAR,DRY,DARK LIGHTS ON,NO CONTROLS,,NONE DETECTED,29240234-45E8-4164-96BE-155A884B3164,PEDESTRIAN,Unknown,UNKNOWN,UNKNOWN,,SUSPECTED MINOR INJURY,UNKNOWN,38.99762833,-77.10989333,"(38.99762833, -77.10989333)"
MCP3424000V,240056695,MONTGOMERY,Injury Crash,11/25/2024 11:24:00 PM,Maryland (State) Route,S FREDERICK RD,,,,Pedestrian,Single Vehicle,Clear,Dry,Dark - Lighted,No Controls,"Not Suspect of Alcohol Use, Not Suspect of Drug Use","Not Suspect of Alcohol Use, Not Suspect of Drug Use",7F56C2BE-E96D-449A-874E-227EA289C005,Pedestrian,None,None (No Improper Action),Unknown,No,Possible Injury,None,39.13850018,-77.19492969,"(39.13850018, -77.19492969)"
MCP2586006F,230048634,Montgomery County Police,Injury Crash,08/09/2023 06:17:00 PM,Maryland (State),CLOPPER RD,MATENEY RD,,N/A,BICYCLIST,STRAIGHT MOVEMENT ANGLE,CLEAR,DRY,DAYLIGHT,TRAFFIC SIGNAL,NONE DETECTED,NONE DETECTED,B4F7BE19-08A6-4B51-A041-B69009D06DE5,BICYCLIST,Cross/Enter at Intersection,NO IMPROPER ACTIONS,AT INTERSECTION MARKED CROSSWALK,No,POSSIBLE INJURY,MC/BIKE HELMET,39.15662047,-77.26643723,"(39.15662047, -77.26643723)"
MCP2456003Y,190038618,Montgomery County Police,Injury Crash,08/13/2019 01:15:00 PM,County,HAMMONTON PL,RANDOLPH RD,,N/A,BICYCLIST,STRAIGHT MOVEMENT ANGLE,RAINING,WET,DAYLIGHT,NO CONTROLS,NONE DETECTED,NONE DETECTED,FFBD8D7D-24C5-440B-B72F-FFB08044E9F4,BICYCLIST,Cross/Enter at Intersection,FAILURE TO YIELD RIGHT OF WAY,AT INTERSECTION BUT NO CROSSWALK,Yes,POSSIBLE INJURY,MC/BIKE HELMET,39.06871,-77.014785,"(39.06871, -77.014785)"
MCP2615001M,17003173,Montgomery County Police,Property Damage Crash,01/18/2017 07:16:00 PM,,,,"PARKING LOT OF 13880 OLD COLUMBIA PIKE, SILVER SPRING, MD, 20904",,PEDESTRIAN,OTHER,CLEAR,,DARK LIGHTS ON,NO CONTROLS,UNKNOWN,NONE DETECTED,725E15D0-31F3-4C33-858F-2AF6D06258DF,PEDESTRIAN,Standing,NO IMPROPER ACTIONS,OTHER,Unknown,NO APPARENT INJURY,N/A,39.08434332,-76.95199728,"(39.08434332, -76.95199728)"
MCP3008001Y,190027155,Montgomery County Police,Injury Crash,06/06/2019 11:13:00 PM,County,OAKVIEW DR,BRADDOCK RD,,N/A,BICYCLIST,OTHER,CLEAR,DRY,DARK LIGHTS ON,NO CONTROLS,UNKNOWN,NONE DETECTED,569E88E7-AFF4-4F95-A5FA-3038A0B185CE,BICYCLIST,Unknown,NO IMPROPER ACTIONS,UNKNOWN,No,SUSPECTED SERIOUS INJURY,NONE,39.0152112,-76.9768841,"(39.0152112, -76.9768841)"
MCP2395002J,240043978,MONTGOMERY,Injury Crash,09/15/2024 06:40:00 PM,,,,Parking Lot Way        CROSSWALK FROM 14939 SHADY GROVE RD,,Pedestrian,Single Vehicle,Clear,,Dusk,,"Not Suspect of Alcohol Use, Not Suspect of Drug Use","Not Suspect of Alcohol Use, Not Suspect of Drug Use",DE1F85FE-74A2-404E-8D12-CCE98725A689,Pedestrian,Other,None (No Improper Action),Intersection Marked Crosswalk,No,Suspected Serious Injury,None,39.09766523,-77.19236342,"(39.09766523, -77.19236342)"
EJ7894002R,230019019,Gaithersburg Police Depar,Injury Crash,04/21/2023 10:25:00 AM,,,,"880 RUSSELL AVE, GAITHERSBURG, MD, 20879",,PEDESTRIAN,OTHER,CLEAR,,DAYLIGHT,N/A,NONE DETECTED,NONE DETECTED,89548A72-3770-465A-B0FA-F5DBA68E3E52,PEDESTRIAN,Unknown,UNKNOWN,OTHER,No,POSSIBLE INJURY,NONE,39.1568452,-77.21297352,"(39.1568452, -77.21297352)"
MCP33040008,210030742,Montgomery County Police,Injury Crash,08/07/2021 08:56:00 PM,Maryland (State),EAST WEST HWY (W/B COUPLET),WAVERLY ST,,N/A,PEDESTRIAN,SAME DIRECTION LEFT TURN,CLEAR,DRY,DARK LIGHTS ON,TRAFFIC SIGNAL,NONE DETECTED,NONE DETECTED,56999657-6F99-4CA1-92EF-0AA7C0246EC4,PEDESTRIAN,Walking/Riding w/Traffic,NO IMPROPER ACTIONS,AT INTERSECTION MARKED CROSSWALK,No,SUSPECTED MINOR INJURY,N/A,38.98481033,-77.0923015,"(38.98481033, -77.0923015)"
MCP3197002L,210039329,Montgomery County Police,Injury Crash,10/03/2021 06:21:00 PM,County,HEWITT AVE,GEORGIA AVE,,N/A,PEDESTRIAN,SINGLE VEHICLE,CLEAR,DRY,DAYLIGHT,TRAFFIC SIGNAL,NONE DETECTED,NONE DETECTED,5C2FAA40-6ED7-4D59-A83E-04CFF9CAAA77,PEDESTRIAN,Cross/Enter at Intersection,NO IMPROPER ACTIONS,AT INTERSECTION MARKED CROSSWALK,No,SUSPECTED MINOR INJURY,NONE,39.07740988,-77.07090911,"(39.07740988, -77.07090911)"
MCP2766004N,190012967,Montgomery County Police,Injury Crash,03/20/2019 09:08:00 PM,Maryland (State),GEORGIA AVE,HEWITT AVE,,N/A,PEDESTRIAN,SINGLE VEHICLE,CLEAR,DRY,DARK LIGHTS ON,TRAFFIC SIGNAL,NONE DETECTED,UNKNOWN,73E35784-8801-407E-A5DD-3CC823761215,PEDESTRIAN,Cross/Enter at Intersection,DART DASH,ON ROADWAY AT CROSSWALK,Yes,POSSIBLE INJURY,NONE,39.07761333,-77.071225,"(39.07761333, -77.071225)"
MCP3125002H,200036759,Montgomery County Police,Injury Crash,09/19/2020 03:15:00 PM,Maryland (State),DARNESTOWN RD,BLACKBERRY DR,,N/A,BICYCLIST,STRAIGHT MOVEMENT ANGLE,CLEAR,DRY,DAYLIGHT,NO CONTROLS,NONE DETECTED,NONE DETECTED,5D7F39E3-3309-4BC3-B19C-B2B6281EB9D7,BICYCLIST,Walking/Cycling on Sidewalk,INATTENTIVE,SIDEWALK,Yes,POSSIBLE INJURY,MC/BIKE HELMET,39.11688,-77.25004833,"(39.11688, -77.25004833)"
MCP0973000J,17006142,Montgomery County Police,Injury Crash,02/04/2017 11:50:00 AM,County,BATTERY LA,WISCONSIN AVE,,N/A,PEDESTRIAN,SINGLE VEHICLE,CLEAR,DRY,DAYLIGHT,TRAFFIC SIGNAL,NONE DETECTED,N/A,17E5E963-ACF5-44D1-B311-281C01D83368,PEDESTRIAN,Cross/Enter at Intersection,NO IMPROPER ACTIONS,ON ROADWAY AT CROSSWALK,No,SUSPECTED MINOR INJURY,N/A,38.99288167,-77.09630333,"(38.99288167, -77.09630333)"
MCP29400007,16000092,Montgomery County Police,Property Damage Crash,01/05/2016 10:48:00 AM,County,MACARTHUR BLVD,STABLE LA,,N/A,BICYCLIST,SINGLE VEHICLE,CLOUDY,DRY,DAYLIGHT,NO CONTROLS,NONE DETECTED,NONE DETECTED,11FF6EBE-7C08-4146-83B6-921D40CE16DA,BICYCLIST,Walking/Riding w/Traffic,NO IMPROPER ACTIONS,ON ROADWAY NOT AT CROSSWALK,No,NO APPARENT INJURY,MC/BIKE HELMET,38.98223061,-77.22650528,"(38.98223061, -77.22650528)"
MCP2683001L,16012877,Montgomery County Police,Injury Crash,03/15/2016 11:11:00 PM,County,WATKINS MILL RD,STEDWICK RD,,N/A,PEDESTRIAN,OTHER,N/A,DRY,DARK LIGHTS ON,TRAFFIC SIGNAL,NONE DETECTED,NONE DETECTED,4E921724-2BEC-4B8E-8171-70C680701174,PEDESTRIAN,Cross/Enter at Intersection,FAILURE TO OBEY TRAFFIC SIGNS SIGNALS OR OFFICER,ON ROADWAY AT CROSSWALK,Yes,SUSPECTED SERIOUS INJURY,NONE,39.17056667,-77.20898333,"(39.17056667, -77.20898333)"
MCP09420015,170504129,Montgomery County Police,Injury Crash,04/25/2017 02:54:00 PM,,,,6930 ARLINGTON RD-BRADLEY SHOPPING CENTER,,PEDESTRIAN,OTHER,RAINING,,DAYLIGHT,TRAFFIC SIGNAL,NONE DETECTED,NONE DETECTED,58C7F0A1-6799-4FC4-80E3-AFDB4300F3AA,PEDESTRIAN,Cross/Enter at Intersection,NO IMPROPER ACTIONS,AT INTERSECTION MARKED CROSSWALK,No,SUSPECTED MINOR INJURY,NONE,38.9795885,-77.09880167,"(38.9795885, -77.09880167)"
MCP13010013,190041102,Montgomery County Police,Fatal Crash,08/27/2019 09:09:00 PM,County,RANDOLPH RD,GLENMONT CIR #1,,N/A,PEDESTRIAN,SINGLE VEHICLE,CLEAR,DRY,DARK LIGHTS ON,TRAFFIC SIGNAL,NONE DETECTED,UNKNOWN,658EB77D-26E3-44E3-BA64-503493C79877,PEDESTRIAN,Cross/Enter at Intersection,DART DASH,ON ROADWAY AT CROSSWALK,Yes,FATAL INJURY,NONE,39.05907449,-77.04770804,"(39.05907449, -77.04770804)"
MCP2269001L,210046177,Montgomery County Police,Injury Crash,11/14/2021 12:45:00 PM,Municipality,WATKINS MILL RD,FREDERICK RD,,N/A,PEDESTRIAN,STRAIGHT MOVEMENT ANGLE,CLOUDY,DRY,DAYLIGHT,TRAFFIC SIGNAL,NONE DETECTED,NONE DETECTED,BC8914FB-1090-4343-AF6A-967ED0E6D91B,PEDESTRIAN,Cross/Enter at Intersection,NO IMPROPER ACTIONS,ON ROADWAY AT CROSSWALK,No,NO APPARENT INJURY,NONE,39.15336333,-77.230685,"(39.15336333, -77.230685)"
MCP1580002L,15006082,Montgomery County Police,Injury Crash,02/06/2015 02:50:00 PM,County,WATKINS MILL RD,CLUB HOUSE RD,,N/A,PEDESTRIAN,SINGLE VEHICLE,CLEAR,DRY,DAYLIGHT,NO CONTROLS,NONE DETECTED,NONE DETECTED,6C3EE99A-6885-4507-9B59-04E78E2C0620,PEDESTRIAN,Cross/Enter not at Intersection,DART DASH,ON ROADWAY NOT AT CROSSWALK,,SUSPECTED MINOR INJURY,N/A,39.17241,-77.20805167,"(39.17241, -77.20805167)"
MCP2534001T,170505599,Montgomery County Police,Injury Crash,05/03/2017 12:27:00 AM,County,HOLDRIDGE RD,VALLEYWOOD DR,,N/A,PEDESTRIAN,SINGLE VEHICLE,CLEAR,DRY,DARK LIGHTS ON,N/A,ALCOHOL PRESENT,ALCOHOL PRESENT,9692FFC9-9D5F-44ED-B180-6C72934A7AD7,PEDESTRIAN,Other,NO IMPROPER ACTIONS,OTHER,No,SUSPECTED MINOR INJURY,N/A,39.0717,-77.06804,"(39.0717, -77.06804)"
MCP3090000P,180021951,Montgomery County Police,Injury Crash,05/04/2018 05:05:00 PM,County,MONTGOMERY VILLAGE AVE,WHETSTONE DR,,N/A,PEDESTRIAN,SINGLE VEHICLE,CLEAR,DRY,DAYLIGHT,STOP SIGN,NONE DETECTED,NONE DETECTED,7587154F-A422-4267-9785-C55171463515,PEDESTRIAN,Cross/Enter at Intersection,NO IMPROPER ACTIONS,ON ROADWAY AT CROSSWALK,No,POSSIBLE INJURY,N/A,39.171165,-77.20352667,"(39.171165, -77.20352667)"
EJ7826002T,170545302,Gaithersburg Police Depar,Injury Crash,11/28/2017 08:35:00 AM,Municipality,BRIGHT MEADOW DR,LEANING OAK ST,,GAITHERSBURG,PEDESTRIAN,OTHER,CLEAR,DRY,DAYLIGHT,N/A,N/A,N/A,6DA27451-2BED-4A30-9530-8076A7D9F633,PEDESTRIAN,Walking to/from school,NO IMPROPER ACTIONS,ON ROADWAY AT CROSSWALK,No,POSSIBLE INJURY,N/A,39.11570833,-77.23177,"(39.11570833, -77.23177)"
MCP1227000R,180040809,Montgomery County Police,Fatal Crash,08/16/2018 04:01:00 PM,Maryland (State),NORBECK RD,E GUDE DR,,ROCKVILLE,PEDESTRIAN,SINGLE VEHICLE,CLEAR,DRY,DAYLIGHT,TRAFFIC SIGNAL,NONE DETECTED,NONE DETECTED,8887AF4A-37F4-45BA-98C6-0DD00EF89BDE,PEDESTRIAN,Cross/Enter at Intersection,UNKNOWN,ON ROADWAY AT CROSSWALK,Unknown,FATAL INJURY,NONE,39.09007553,-77.12899195,"(39.09007553, -77.12899195)"
MCP94190029,190061790,Montgomery County Police,Injury Crash,12/23/2019 01:54:00 PM,County,E JEFFERSON ST,CALIFORNIA CIR,,N/A,PEDESTRIAN,OTHER,CLEAR,DRY,DAYLIGHT,NO CONTROLS,NONE DETECTED,UNKNOWN,556C4827-9041-4469-A8DC-BE25DE72CC8B,PEDESTRIAN,Cross/Enter not at Intersection,IN ROADWAY IMPROPERLY,ON ROADWAY NOT AT CROSSWALK,Yes,SUSPECTED SERIOUS INJURY,NONE,39.05679833,-77.12618667,"(39.05679833, -77.12618667)"
MCP2291001G,15053840,MONTGOMERY,Injury Crash,10/23/2015 02:50:00 PM,Maryland (State),WISCONSIN AVE,NORWOOD DR,,N/A,BICYCLIST,SINGLE VEHICLE,CLEAR,DRY,DAYLIGHT,NO CONTROLS,NONE DETECTED,NONE DETECTED,5345C387-BE06-43B7-8724-3E46C5F9EB39,BICYCLIST,Walking/Cycling on Sidewalk,OTHER,SIDEWALK,Yes,SUSPECTED MINOR INJURY,MC/BIKE HELMET,38.97484667,-77.09015667,"(38.97484667, -77.09015667)"
MCP2339002C,170504595,Montgomery County Police,Injury Crash,04/27/2017 08:07:00 PM,Maryland (State),DR BIRD RD,BATCHELLORS FOREST RD,,N/A,BICYCLIST,OTHER,N/A,DRY,DUSK,NO CONTROLS,UNKNOWN,NONE DETECTED,FB2A0579-364E-4779-AAC0-0B109C8AA8CF,BICYCLIST,Walking/Riding w/Traffic,UNKNOWN,SHOULDER,No,SUSPECTED SERIOUS INJURY,UNKNOWN,39.142901,-77.040811,"(39.142901, -77.040811)"
MCP3077000N,170540476,Montgomery County Police,Injury Crash,11/02/2017 03:46:00 PM,,,,"PARKING LOT OF PEP BOYS
20900 FREDERICK ROAD GERMANTOWN MD, 20876",,PEDESTRIAN,SINGLE VEHICLE,CLEAR,,DAYLIGHT,N/A,N/A,N/A,D07E6FE1-ADD1-4C9E-BEDA-26F2326F7179,PEDESTRIAN,Other,NOT VISIBLE,OTHER,Yes,SUSPECTED MINOR INJURY,NONE,39.19977333,-77.246565,"(39.19977333, -77.246565)"
MCP28180034,170536099,Montgomery County Police,Injury Crash,10/11/2017 06:55:00 PM,County,BONIFANT ST,CEDAR ST,,N/A,PEDESTRIAN,OTHER,RAINING,WET,DARK LIGHTS ON,STOP SIGN,NONE DETECTED,NONE DETECTED,2F58EA83-F717-44B8-9681-574535FAC451,PEDESTRIAN,Cross/Enter at Intersection,NO IMPROPER ACTIONS,ON ROADWAY AT CROSSWALK,No,SUSPECTED MINOR INJURY,N/A,38.995975,-77.02026,"(38.995975, -77.02026)"
MCP2094007P,17001888,Montgomery County Police,Injury Crash,01/11/2017 06:45:00 PM,Maryland (State),WISCONSIN AVE,MAPLE AVE,,N/A,PEDESTRIAN,OTHER,RAINING,WET,DARK LIGHTS ON,NO CONTROLS,NONE DETECTED,NONE DETECTED,F8AC5B93-2FB3-480A-B90E-D917B0F46048,PEDESTRIAN,Other,DART DASH,ON ROADWAY NOT AT CROSSWALK,Yes,POSSIBLE INJURY,N/A,38.992025,-77.095665,"(38.992025, -77.095665)"
MCP24660069,250031122,MONTGOMERY,Injury Crash,07/12/2025 08:02:00 PM,Local Route,GLENSTONE BLDG 6 7 8 ENT,GLEN RD,,,Cyclist (Electric),Single Vehicle,Clear,Dry,Daylight,No Controls,"Not Suspect of Alcohol Use, Not Suspect of Drug Use","Not Suspect of Alcohol Use, Not Suspect of Drug Use",A08ACFE8-8D65-429C-9D9A-D5A17689C739,Cyclist (Electric),Walking/Cycling Along Roadway With Traffic (In or Adjacent to Travel Lane),None (No Improper Action),Travel Lane Other Location,No,Possible Injury,Helmet,39.06304122,-77.25090093,"(39.06304122, -77.25090093)"
DD5621001N,170545877,Rockville Police Departme,Injury Crash,11/30/2017 07:23:00 PM,Municipality,N WASHINGTON ST,W MONTGOMERY AVE,,ROCKVILLE,PEDESTRIAN,SINGLE VEHICLE,CLEAR,DRY,DARK LIGHTS ON,TRAFFIC SIGNAL,N/A,NONE DETECTED,55F834D1-849B-46BB-9515-40E73E309836,PEDESTRIAN,Cross/Enter at Intersection,N/A,AT INTERSECTION MARKED CROSSWALK,No,POSSIBLE INJURY,N/A,39.08423818,-77.15292424,"(39.08423818, -77.15292424)"
MCP28590065,180061198,Montgomery County Police,Injury Crash,12/07/2018 07:10:00 AM,Municipality,STORY DR,SCHOOL DR,,GAITHERSBURG,PEDESTRIAN,OTHER,CLEAR,DRY,DARK LIGHTS ON,STOP SIGN,NONE DETECTED,NONE DETECTED,41BCD5DD-7889-41B6-8C04-69576DA1463E,PEDESTRIAN,Cross/Enter at Intersection,NO IMPROPER ACTIONS,ON ROADWAY AT CROSSWALK,No,POSSIBLE INJURY,NONE,39.1191131,-77.21297291,"(39.1191131, -77.21297291)"
MCP29360020,170544390,Montgomery County Police,Injury Crash,11/22/2017 07:18:00 PM,,,,"PARKING LOT OF HARRIS TEETER @ 11845 OLD GEORGETOWN RD ROCKVILLE, MD 20852",,PEDESTRIAN,OTHER,CLEAR,,DARK LIGHTS ON,NO CONTROLS,NONE DETECTED,NONE DETECTED,B6707D9D-50C0-450B-8662-628E290ABEDD,PEDESTRIAN,Other,N/A,OTHER,No,SUSPECTED MINOR INJURY,N/A,39.049665,-77.10888833,"(39.049665, -77.10888833)"
MCP2853002V,16066624,Montgomery County Police,Injury Crash,12/27/2016 05:40:00 PM,Maryland (State),NEW HAMPSHIRE AVE,OAKVIEW DR,,N/A,PEDESTRIAN,SINGLE VEHICLE,CLEAR,DRY,DARK LIGHTS ON,TRAFFIC SIGNAL,N/A,N/A,AECE3FB1-ABBF-419C-A198-D6BE4B0CFCF4,PEDESTRIAN,Cross/Enter at Intersection,FAILURE TO YIELD RIGHT OF WAY,AT INTERSECTION MARKED CROSSWALK,Yes,SUSPECTED SERIOUS INJURY,N/A,39.01562167,-76.97778333,"(39.01562167, -76.97778333)"
DD5595003T,170500400,Rockville Police Departme,Injury Crash,04/04/2017 06:17:00 PM,Municipality,E MIDDLE LA,MONROE ST,,ROCKVILLE,PEDESTRIAN,OTHER,CLEAR,DRY,DAYLIGHT,OTHER,NONE DETECTED,NONE DETECTED,3B0DA91C-E5AB-449D-B6C4-7083ECD25DEC,PEDESTRIAN,Cross/Enter at Intersection,NO IMPROPER ACTIONS,ON ROADWAY AT CROSSWALK,No,POSSIBLE INJURY,NONE,39.08516617,-77.14921633,"(39.08516617, -77.14921633)"
MCP1301001F,200036830,Montgomery County Police,Fatal Crash,09/20/2020 12:49:00 AM,County,CARROLL AVE,PINEY BRANCH RD,,N/A,PEDESTRIAN,SINGLE VEHICLE,CLEAR,DRY,DARK LIGHTS ON,NO CONTROLS,UNKNOWN,ALCOHOL PRESENT,EAA7F008-5731-434E-82DE-5E6CBC4C825E,PEDESTRIAN,Unknown,UNKNOWN,ON ROADWAY NOT AT CROSSWALK,Unknown,FATAL INJURY,NONE,38.998765,-76.99098833,"(38.998765, -76.99098833)"
EJ78880055,230061130,Gaithersburg Police Depar,Injury Crash,10/17/2023 06:45:00 PM,Municipality,MAIN ST,KENTLANDS BLVD,,GAITHERSBURG,PEDESTRIAN,OTHER,CLEAR,DRY,DARK LIGHTS ON,YIELD SIGN,NONE DETECTED,NONE DETECTED,782AE1B2-90BA-4916-B457-463A8761CF58,PEDESTRIAN,Cross/Enter at Intersection,IN ROADWAY IMPROPERLY,ON ROADWAY NOT AT CROSSWALK,No,POSSIBLE INJURY,NONE,39.12315263,-77.2385025,"(39.12315263, -77.2385025)"
MCP209400GR,200049485,Montgomery County Police,Injury Crash,12/16/2020 10:33:00 AM,County,WELLINGTON DR,STRATHMORE ST,,N/A,PEDESTRIAN,OTHER,SNOW,WET,DAYLIGHT,NO CONTROLS,NONE DETECTED,NONE DETECTED,01EC9BD3-E482-4A5E-8712-02CE29B1CD96,PEDESTRIAN,Cross/Enter at Intersection,NO IMPROPER ACTIONS,ON ROADWAY AT CROSSWALK,No,POSSIBLE INJURY,N/A,38.97928,-77.09307,"(38.97928, -77.09307)"
HA22880003,16001149,Maryland-National Capital,Injury Crash,09/08/2016 07:20:00 AM,,LITTLE FALLS PKWY,ARLINGTON ROAD,,N/A,BICYCLIST,STRAIGHT MOVEMENT ANGLE,N/A,DRY,DAYLIGHT,YIELD SIGN,N/A,N/A,3AACDD70-A5CB-4803-9704-8E40DA7353F8,BICYCLIST,Cross/Enter at Intersection,NO IMPROPER ACTIONS,AT INTERSECTION MARKED CROSSWALK,No,SUSPECTED MINOR INJURY,N/A,39.00101833,-77.08166833,"(39.00101833, -77.08166833)"
MCP1500001R,190053468,Montgomery County Police,Injury Crash,11/05/2019 09:00:00 PM,,,,"PARKING LOT OF 2509 UNIVERSITY BLVD WEST, SILVER SPRING, MD 20902",,PEDESTRIAN,SAME DIR REAR END,UNKNOWN,,DARK -- UNKNOWN LIGHTING,NO CONTROLS,UNKNOWN,UNKNOWN,CA629DA1-3F0C-4BF9-AE5F-F43ED4FEBB2A,PEDESTRIAN,Standing,NO IMPROPER ACTIONS,OTHER,No,SUSPECTED MINOR INJURY,N/A,39.04164357,-77.05209187,"(39.04164357, -77.05209187)"
MCP2635007G,220040955,Montgomery County Police,Injury Crash,09/20/2022 02:43:00 PM,Maryland (State),OLNEY SANDY SPRING RD,VILLAGE CENTER DR,,N/A,PEDESTRIAN,SINGLE VEHICLE,CLEAR,DRY,DAYLIGHT,TRAFFIC SIGNAL,N/A,N/A,67E16AF7-676C-44B8-B3F3-867649F562EB,PEDESTRIAN,Cross/Enter at Intersection,NO IMPROPER ACTIONS,ON ROADWAY AT CROSSWALK,No,SUSPECTED MINOR INJURY,NONE,39.15175167,-77.06418167,"(39.15175167, -77.06418167)"