Report Number,Local Case Number,Agency Name,ACRS Report Type,Crash Date/Time,Route Type,Road Name,Cross-Street Name,Off-Road Description,Municipality,Related Non-Motorist,Collision Type,Weather,Surface Condition,Light,Traffic Control,Driver Substance Abuse,Non-Motorist Substance Abuse,Person ID,Pedestrian Type,Pedestrian Movement,Pedestrian Actions,Pedestrian Location,At Fault,Injury Severity,Safety Equipment,Latitude,Longitude,Location
MCP32400023,210020989,Montgomery County Police,Injury Crash,06/02/2021 09:25:00 PM,,,,PARKING LOT OF 1 OBSERVATION CT,,PEDESTRIAN,OTHER,CLEAR,,DARK LIGHTS ON,NO CONTROLS,N/A,N/A,5A1DBE8B-F345-4D5A-9D70-A4C25E60AD77,PEDESTRIAN,Other,OTHER,OTHER,Unknown,POSSIBLE INJURY,NONE,39.19215117,-77.24754972,"(39.19215117, -77.24754972)"
MCP3063001B,180060695,Montgomery County Police,Injury Crash,12/04/2018 07:52:00 PM,County,MCKNEW RD,CEDAR TREE DR,,N/A,PEDESTRIAN,N/A,CLEAR,N/A,DARK NO LIGHTS,STOP SIGN,N/A,N/A,EDBB1CEB-E55A-4CBA-8346-DB861FBE1859,PEDESTRIAN,Cross/Enter at Intersection,INATTENTIVE,ON ROADWAY AT CROSSWALK,No,SUSPECTED MINOR INJURY,N/A,39.10219698,-76.92280968,"(39.10219698, -76.92280968)"
DM8421002K,200022716,Takoma Park Police Depart,Injury Crash,06/09/2020 07:20:00 PM,Municipality,LINCOLN AVE,JEFFERSON AVE,,TAKOMA PARK,BICYCLIST,SINGLE VEHICLE,N/A,DRY,DAYLIGHT,N/A,N/A,N/A,3275896D-FF6E-4E01-8929-FEA4F184FB23,BICYCLIST,Cross/Enter not at Intersection,IN ROADWAY IMPROPERLY,ON ROADWAY NOT AT CROSSWALK,Yes,POSSIBLE INJURY,NONE,38.98308333,-77.00445667,"(38.98308333, -77.00445667)"
EJ78810016,210024873,Gaithersburg Police Depar,Injury Crash,06/29/2021 04:30:00 AM,Maryland (State),FREDERICK RD,S WESTLAND DR,,GAITHERSBURG,BICYCLIST,OTHER,CLEAR,DRY,DARK NO LIGHTS,NO CONTROLS,NONE DETECTED,NONE DETECTED,7B60B7C4-0EE0-41C1-8EED-5C057F59948F,BICYCLIST,Walking/Riding w/Traffic,NOT VISIBLE,ON ROADWAY NOT AT CROSSWALK,Yes,SUSPECTED MINOR INJURY,NONE,39.12508925,-77.18167297,"(39.12508925, -77.18167297)"
MCP3040002X,190000948,Montgomery County Police,Injury Crash,01/06/2019 04:00:00 PM,County,CASHELL RD,BOWIE MILL RD,,N/A,PEDESTRIAN,SINGLE VEHICLE,CLEAR,DRY,DAYLIGHT,TRAFFIC SIGNAL,N/A,N/A,EB72C093-9957-4789-A9C5-5841B0007F01,PEDESTRIAN,Cross/Enter at Intersection,N/A,ON ROADWAY AT CROSSWALK,No,POSSIBLE INJURY,N/A,39.15498167,-77.09481167,"(39.15498167, -77.09481167)"
MCP229800LW,180061068,Montgomery County Police,Injury Crash,12/06/2018 05:43:00 PM,Maryland (State),FREDERICK RD,ENT TO FOX CHAPEL CENTER,,N/A,PEDESTRIAN,OTHER,CLOUDY,DRY,DARK LIGHTS ON,TRAFFIC SIGNAL,NONE DETECTED,NONE DETECTED,270C43B8-0A84-498E-AE61-5B51B0C51963,PEDESTRIAN,Cross/Enter at Intersection,NO IMPROPER ACTIONS,ON ROADWAY AT CROSSWALK,No,POSSIBLE INJURY,NONE,39.17849817,-77.238437,"(39.17849817, -77.238437)"
MCP1443000N,180020172,Montgomery County Police,Injury Crash,04/25/2018 12:05:00 AM,,,,PARKING LOT NEAR 19388 MONTGOMERY VILLAGE AVENUE,,PEDESTRIAN,SINGLE VEHICLE,RAINING,,DARK LIGHTS ON,STOP SIGN,NONE DETECTED,NONE DETECTED,C9E50A3A-7B61-4613-B8BF-902394D29502,PEDESTRIAN,Cross/Enter at Intersection,NO IMPROPER ACTIONS,AT INTERSECTION BUT NO CROSSWALK,No,POSSIBLE INJURY,N/A,39.17360833,-77.20497333,"(39.17360833, -77.20497333)"
MCP2586005K,210035517,Montgomery County Police,Injury Crash,09/09/2021 07:39:00 PM,County,WEST OLD BALTIMORE RD,CLARKSBURG RD,,N/A,PEDESTRIAN,OTHER,CLEAR,DRY,DARK NO LIGHTS,NO CONTROLS,UNKNOWN,NONE DETECTED,FAE3F322-5BF1-4173-8099-652DBCF9E491,PEDESTRIAN,Walking/Riding w/Traffic,NOT VISIBLE,SHOULDER,No,SUSPECTED MINOR INJURY,N/A,39.2196362,-77.286263,"(39.2196362, -77.286263)"
MCP3121003M,200039969,Montgomery County Police,Property Damage Crash,10/10/2020 08:00:00 PM,,,,IFO 19508 BURLINGAME WAY MONTGOMERY VILLAGE MD 20886,,PEDESTRIAN,HEAD ON,CLEAR,,DARK LIGHTS ON,NO CONTROLS,UNKNOWN,NONE DETECTED,EF6D5B66-CC0D-4EC2-B874-4F99FC547351,PEDESTRIAN,Standing,NO IMPROPER ACTIONS,OTHER,No,NO APPARENT INJURY,NONE,39.17551415,-77.21163542,"(39.17551415, -77.21163542)"
MCP25970015,15003230,Montgomery County Police,Injury Crash,01/20/2015 05:46:00 PM,County,WAYNE AVE,RAMSEY AVE,,N/A,PEDESTRIAN,OTHER,CLEAR,DRY,DARK LIGHTS ON,TRAFFIC SIGNAL,NONE DETECTED,ALCOHOL PRESENT,D40E853D-4DD8-4833-9A6A-E4358E0384D7,PEDESTRIAN,Cross/Enter at Intersection,IN ROADWAY IMPROPERLY,ON ROADWAY NOT AT CROSSWALK,,SUSPECTED MINOR INJURY,NONE,38.99450598,-77.02920198,"(38.99450598, -77.02920198)"
MCP30580033,190049692,Montgomery County Police,Injury Crash,10/16/2019 07:00:00 PM,County,SEVEN LOCKS RD,GOYA DR,,N/A,PEDESTRIAN,OTHER,CLOUDY,WET,DARK LIGHTS ON,NO CONTROLS,NONE DETECTED,NONE DETECTED,882D6A32-BCD3-45EA-8091-E46CD8267E77,PEDESTRIAN,Cross/Enter at Intersection,INATTENTIVE,ON ROADWAY AT CROSSWALK,Yes,SUSPECTED MINOR INJURY,NONE,39.05513667,-77.16234833,"(39.05513667, -77.16234833)"
DD56310025,190027912,Rockville Police Departme,Property Damage Crash,06/11/2019 04:35:00 PM,Other Public Roadway,ELMCROFT BLVD,CORK TREE LA,,N/A,PEDESTRIAN,OTHER,CLEAR,DRY,DAYLIGHT,NO CONTROLS,NONE DETECTED,NONE DETECTED,A6680F48-E360-49CF-BD73-28B9B3623BB6,PEDESTRIAN,Cross/Enter at Intersection,NO IMPROPER ACTIONS,CURB,No,NO APPARENT INJURY,NONE,39.11392333,-77.16615167,"(39.11392333, -77.16615167)"
DM8456001L,180010667,Takoma Park Police Depart,Injury Crash,03/01/2018 06:30:00 PM,,,,1300 HOLTON LN (PARKING LOT),,PEDESTRIAN,SINGLE VEHICLE,RAINING,,DUSK,NO CONTROLS,N/A,NONE DETECTED,CDC6C6A5-8810-4A0E-A1CB-E842E24A772A,PEDESTRIAN,Other,NO IMPROPER ACTIONS,OTHER,No,SUSPECTED MINOR INJURY,NONE,38.98627833,-76.98751833,"(38.98627833, -76.98751833)"
MCP1148000T,15028925,Montgomery County Police,Injury Crash,06/14/2015 10:24:00 AM,County,CLARENDON RD,BETHESDA AVE,,N/A,PEDESTRIAN,SINGLE VEHICLE,N/A,DRY,DAYLIGHT,STOP SIGN,NONE DETECTED,NONE DETECTED,77614759-64DB-477A-8239-97342879CA7A,PEDESTRIAN,Cross/Enter at Intersection,IN ROADWAY IMPROPERLY,ON ROADWAY NOT AT CROSSWALK,,SUSPECTED MINOR INJURY,NONE,38.98095833,-77.10093667,"(38.98095833, -77.10093667)"
DM84900026,220042035,Takoma Park Police Depart,Injury Crash,09/27/2022 07:41:00 AM,Municipality,FLOWER AVE,SLIGO CREEK PKWY,,N/A,BICYCLIST,OTHER,CLEAR,DRY,DAYLIGHT,STOP SIGN,N/A,N/A,F02A4D78-233F-402C-A672-1D4EC5E3743A,BICYCLIST,Cross/Enter at Intersection,N/A,ON ROADWAY NOT AT CROSSWALK,No,POSSIBLE INJURY,MC/BIKE HELMET,38.98090973,-76.99410789,"(38.98090973, -76.99410789)"
MCP1119007V,190053603,Montgomery County Police,Injury Crash,11/07/2019 08:00:00 AM,County,AMHERST AVE,WINDHAM LA,,N/A,BICYCLIST,OTHER,CLOUDY,DRY,DAYLIGHT,STOP SIGN,NONE DETECTED,NONE DETECTED,97F9444A-272C-4063-84C8-16C9996B5E81,BICYCLIST,Walking/Cycling on Sidewalk,DART DASH,AT INTERSECTION MARKED CROSSWALK,Yes,POSSIBLE INJURY,NONE,39.03197418,-77.04711387,"(39.03197418, -77.04711387)"
MCP28160011,15021152,Montgomery County Police,Property Damage Crash,05/04/2015 05:37:00 PM,Municipality,TWINBROOK PKWY,CHAPMAN AVE,,ROCKVILLE,BICYCLIST,SAME DIR REAR END,CLEAR,DRY,DAYLIGHT,NO CONTROLS,NONE DETECTED,NONE DETECTED,529F0C9B-A86B-4552-8C63-4D4B0D3412D0,BICYCLIST,Other,NO IMPROPER ACTIONS,SIDEWALK,,NO APPARENT INJURY,MC/BIKE HELMET,39.05886,-77.11837167,"(39.05886, -77.11837167)"
MCP94320035,220030117,Montgomery County Police,Injury Crash,07/13/2022 04:20:00 PM,Government,SLIGO CREEK PKWY,WAYNE AVE,,N/A,BICYCLIST,SAME DIRECTION SIDESWIPE,CLEAR,DRY,DAYLIGHT,NO CONTROLS,UNKNOWN,NONE DETECTED,0CFC5438-5400-4126-9B2F-54F9FD5F2A15,BICYCLIST,Walking/Riding w/Traffic,NO IMPROPER ACTIONS,ON ROADWAY NOT AT CROSSWALK,No,POSSIBLE INJURY,MC/BIKE HELMET,39.06635383,-77.1597625,"(39.06635383, -77.1597625)"
DD5538004W,240058061,ROCKVILLE,Injury Crash,12/04/2024 06:27:00 PM,Maryland (State) Route,W MONTGOMERY AVE (WB/L),HURLEY AVE HURLEY AVE (NB/L),,,Pedestrian,Single Vehicle,Clear,Dry,Dark - Lighted,Traffic Control Signal,"Not Suspect of Alcohol Use, Not Suspect of Drug Use","Unknown, Unknown",72C7E611-C01E-4FED-B7D0-992F104A95D8,Pedestrian,Cross/Enter at Intersection,"Dart/Dash, Failure to Obey Traffic Signs, Signals, or Officer, Not Visible (Dark Clothing, No Lighting, etc.), Other",Intersection Other,Yes,Possible Injury,None,39.08923137,-77.17793074,"(39.08923137, -77.17793074)"
MCP2052001X,200001419,Montgomery County Police,Injury Crash,01/09/2020 12:16:00 AM,Maryland (State),FREDERICK RD,WATKINS MILL RD,,N/A,PEDESTRIAN,SINGLE VEHICLE,CLEAR,DRY,DARK LIGHTS ON,N/A,NONE DETECTED,ALCOHOL CONTRIBUTED,26F66E35-C77F-4D14-BC27-E87BC4355DEA,PEDESTRIAN,Other,IN ROADWAY IMPROPERLY,ON ROADWAY NOT AT CROSSWALK,Yes,SUSPECTED MINOR INJURY,NONE,39.1578164,-77.218591,"(39.1578164, -77.218591)"
MCP32390028,220027483,Montgomery County Police,Injury Crash,06/26/2022 09:35:00 AM,County,LOCKWOOD DR,HEATHER HOLLOW CIR,,N/A,PEDESTRIAN,SINGLE VEHICLE,CLEAR,DRY,DAYLIGHT,NO CONTROLS,NONE DETECTED,NONE DETECTED,AB23A77E-0FC1-4CD7-A24D-B008C2B32A97,PEDESTRIAN,Cross/Enter not at Intersection,INATTENTIVE,ON ROADWAY NOT AT CROSSWALK,No,POSSIBLE INJURY,NONE,39.04116277,-76.98640652,"(39.04116277, -76.98640652)"
MCP30100067,210046432,Montgomery County Police,Injury Crash,11/16/2021 06:29:00 AM,County,TUCKERMAN LA,GROSVENOR PL,,N/A,PEDESTRIAN,OTHER,CLEAR,DRY,DUSK,TRAFFIC SIGNAL,N/A,N/A,6605DF0F-EF7F-45F3-B52D-4D96814BDCC8,PEDESTRIAN,Cross/Enter at Intersection,NO IMPROPER ACTIONS,ON ROADWAY AT CROSSWALK,No,SUSPECTED MINOR INJURY,NONE,39.02901167,-77.10838167,"(39.02901167, -77.10838167)"
MCP3004002C,180006573,Montgomery County Police,Injury Crash,02/07/2018 06:27:00 PM,Maryland (State),RIVER RD,LANDY LA,,N/A,PEDESTRIAN,OTHER,RAINING,WET,DARK LIGHTS ON,N/A,NONE DETECTED,NONE DETECTED,5B99E45A-1692-4B5C-B25A-0E92488F2F60,PEDESTRIAN,Cross/Enter at Intersection,NO IMPROPER ACTIONS,ON ROADWAY AT CROSSWALK,No,SUSPECTED MINOR INJURY,NONE,38.964715,-77.10358833,"(38.964715, -77.10358833)"
DD5612006N,250015847,ROCKVILLE,Injury Crash,04/11/2025 04:54:00 PM,Municipality Route,CHURCH ST (WB/L),MONROE PL,,,Pedestrian,Single Vehicle,Rain,Wet,Daylight,Pedestrian Crossing,"Not Suspect of Alcohol Use, Not Suspect of Drug Use","Not Suspect of Alcohol Use, Not Suspect of Drug Use",3C2D8253-4791-467D-900A-85C6FDA5CDCC,Pedestrian,Cross/Enter at Intersection,None (No Improper Action),Intersection Marked Crosswalk,No,Suspected Minor Injury,None,39.08341211,-77.14695173,"(39.08341211, -77.14695173)"
MCP3200001F,200006881,Montgomery County Police,Property Damage Crash,02/11/2020 07:36:00 AM,Maryland (State),ROCKVILLE PIKE,MARINELLI RD,,N/A,PEDESTRIAN,OTHER,RAINING,WET,DAWN,NO CONTROLS,NONE DETECTED,NONE DETECTED,41185652-81EC-4A3F-939A-6C7E4865D542,PEDESTRIAN,Walking/Cycling on Sidewalk,NO IMPROPER ACTIONS,SIDEWALK,No,NO APPARENT INJURY,NONE,39.04611433,-77.11285967,"(39.04611433, -77.11285967)"
MCP31810015,190048656,Montgomery County Police,Injury Crash,10/10/2019 12:18:00 PM,County,ARCOLA AVE,CHANNING DR,,N/A,BICYCLIST,STRAIGHT MOVEMENT ANGLE,CLEAR,DRY,DAYLIGHT,OTHER,N/A,N/A,9AC9E812-E25C-4CDC-A670-67EA2C4E0C3E,BICYCLIST,Cross/Enter at Intersection,NO IMPROPER ACTIONS,ON ROADWAY AT CROSSWALK,No,SUSPECTED MINOR INJURY,MC/BIKE HELMET,39.04758833,-77.040925,"(39.04758833, -77.040925)"
MCP2182000D,15061921,MONTGOMERY,Injury Crash,12/03/2015 07:30:00 AM,,,,"Rear parking lot of Sherwood High School
300 Olney Sandy Spring Rd. Olney, MD 20860",,PEDESTRIAN,SINGLE VEHICLE,CLEAR,,DAYLIGHT,N/A,NONE DETECTED,NONE DETECTED,0F5F17EB-81A4-476A-9B08-845FB9C85A73,PEDESTRIAN,Playing,OTHER,CURB,No,SUSPECTED MINOR INJURY,N/A,39.04169,-77.05867833,"(39.04169, -77.05867833)"
MCP2464003C,240032045,MONTGOMERY,Property Damage Crash,07/07/2024 09:40:00 PM,,,,Parking Lot Way        PARKING LOT OF 8555 PINEY BRANCH RD,,Pedestrian,Front to Front,Clear,,Dark - Lighted,,"Not Suspect of Alcohol Use, Not Suspect of Drug Use, Unknown, Unknown","Not Suspect of Alcohol Use, Not Suspect of Drug Use",83A6EAB0-9932-47C6-9750-D49BDFCC3E3B,Pedestrian,Standing,None (No Improper Action),Other,No,No Apparent Injury,None,38.99824041,-77.00109701,"(38.99824041, -77.00109701)"
DD5605005Q,180045675,Rockville Police Departme,Property Damage Crash,09/13/2018 07:45:00 AM,Municipality,GREAT FALLS RD,MONUMENT ST,,ROCKVILLE,PEDESTRIAN,OTHER,CLEAR,DRY,DAYLIGHT,OTHER,NONE DETECTED,NONE DETECTED,4CECB962-DB8B-4EFD-91AF-D5541D7BAA52,PEDESTRIAN,Cross/Enter at Intersection,NO IMPROPER ACTIONS,AT INTERSECTION MARKED CROSSWALK,No,NO APPARENT INJURY,NONE,39.08011633,-77.16110017,"(39.08011633, -77.16110017)"
MCP2891000P,15015117,Montgomery County Police,Injury Crash,04/02/2015 08:08:00 AM,County,GIST AVE,TAKOMA AVE,,N/A,BICYCLIST,SAME DIR REAR END,CLEAR,DRY,DAYLIGHT,N/A,,NONE DETECTED,2C39B891-958C-492A-939C-0CF0F2C47A62,BICYCLIST,Walking/Riding w/Traffic,NO IMPROPER ACTIONS,OTHER,,SUSPECTED MINOR INJURY,MC/BIKE HELMET,38.98839833,-77.01766833,"(38.98839833, -77.01766833)"
MCP2846007Z,220021835,Montgomery County Police,Injury Crash,05/22/2022 03:15:00 PM,Maryland (State),GEORGIA AVE,BLUERIDGE AVE,,N/A,PEDESTRIAN,HEAD ON LEFT TURN,CLEAR,DRY,DAYLIGHT,PERSON,NONE DETECTED,NONE DETECTED,C59007E7-C2ED-4EE1-BED0-A0BD62A7BA59,PEDESTRIAN,Cross/Enter at Intersection,NO IMPROPER ACTIONS,ON ROADWAY AT CROSSWALK,No,POSSIBLE INJURY,N/A,39.04295333,-77.05214333,"(39.04295333, -77.05214333)"
MCP2891009K,200045188,Montgomery County Police,Injury Crash,11/16/2020 08:26:00 AM,County,PINECREST CIR,HIGHLAND DR,,N/A,PEDESTRIAN,SINGLE VEHICLE,CLEAR,DRY,DAYLIGHT,N/A,NONE DETECTED,NONE DETECTED,83C66713-780F-42DF-99BA-1260A0B7BCE1,PEDESTRIAN,Other Working,NO IMPROPER ACTIONS,OTHER,Unknown,POSSIBLE INJURY,REFLECTIVE CLOTHING,39.00563667,-77.02952333,"(39.00563667, -77.02952333)"
DM8270000C,170503423,Takoma Park Police Depart,Injury Crash,04/23/2017 06:01:00 PM,Maryland (State),ETHAN ALLEN AVE,PRINCE GEORGES AVE,,TAKOMA PARK,PEDESTRIAN,OTHER,CLOUDY,WET,DAYLIGHT,N/A,NONE DETECTED,NONE DETECTED,62F981C6-1B80-41FE-A578-BBF867DDC83A,PEDESTRIAN,Cross/Enter not at Intersection,IN ROADWAY IMPROPERLY,ON ROADWAY NOT AT CROSSWALK,Unknown,SUSPECTED SERIOUS INJURY,N/A,38.97713471,-76.99922562,"(38.97713471, -76.99922562)"
MCP31230025,210019038,Montgomery County Police,Injury Crash,05/20/2021 12:58:00 PM,County,WILLOW TREE TERR,WILLOW TREE TERR,,N/A,PEDESTRIAN,OTHER,CLEAR,DRY,DAYLIGHT,N/A,NONE DETECTED,NONE DETECTED,4FAA6C44-DA31-4522-937B-ECEC7F8BA4AA,PEDESTRIAN,Walking/Cycling on Sidewalk,N/A,SIDEWALK,No,SUSPECTED SERIOUS INJURY,N/A,39.086165,-77.20297583,"(39.086165, -77.20297583)"
MCP2771003B,240003512,MONTGOMERY,Injury Crash,01/26/2024 12:34:00 PM,,,,"Driveway        PARKING LOT OF GIANT AT AT 13781 CONNECTICUT AVENUE, SILVER SPRING, MD.",,Pedestrian,Single Vehicle,Clear,,Daylight,,"Not Suspect of Alcohol Use, Not Suspect of Drug Use","Not Suspect of Alcohol Use, Not Suspect of Drug Use",41F81C25-1C1D-4566-A527-8C3BF0BAD3B6,Pedestrian,Other,Other,Other,Yes,Possible Injury,None,39.07979336,-77.07961771,"(39.07979336, -77.07961771)"
MCP30380063,230011465,Montgomery County Police,Injury Crash,03/08/2023 07:41:00 PM,Maryland (State),GEORGIA AVE,COLESVILLE RD,,N/A,PEDESTRIAN,OTHER,CLEAR,DRY,DARK LIGHTS ON,TRAFFIC SIGNAL,UNKNOWN,NONE DETECTED,A328DEDC-EFED-4A36-828A-1EDA76178D3F,PEDESTRIAN,Cross/Enter at Intersection,NO IMPROPER ACTIONS,AT INTERSECTION MARKED CROSSWALK,No,POSSIBLE INJURY,N/A,38.99594489,-77.02803686,"(38.99594489, -77.02803686)"
MCP28920051,180033558,Montgomery County Police,Injury Crash,07/07/2018 03:26:00 PM,,,,"PARKING LOT

9159 BROOKVILLE ROAD SILVER SPRING, MD",,PEDESTRIAN,SINGLE VEHICLE,CLEAR,,DAYLIGHT,NO CONTROLS,UNKNOWN,NONE DETECTED,F065DD49-61AE-404D-AB3C-8C4C30878335,PEDESTRIAN,Standing,NO IMPROPER ACTIONS,OTHER,No,POSSIBLE INJURY,N/A,39.00583712,-77.05005884,"(39.00583712, -77.05005884)"
MCP21070017,170523851,Montgomery County Police,Injury Crash,08/10/2017 11:05:00 AM,Maryland (State),BEALLSVILLE RD,SELLMAN RD,,N/A,MACHINE OPERATOR/RIDER,OTHER,CLEAR,DRY,DAYLIGHT,NO CONTROLS,NONE DETECTED,NONE DETECTED,615971BA-6A17-418C-81B4-3533ABF3A8A0,MACHINE OPERATOR/RIDER,Other,FAILURE TO YIELD RIGHT OF WAY,OTHER,Yes,SUSPECTED MINOR INJURY,N/A,39.22051263,-77.37774298,"(39.22051263, -77.37774298)"
MCP229800R2,200010640,Montgomery County Police,Injury Crash,03/03/2020 06:36:00 PM,,,,"19707 GERMANTOWN ROAD, DRIVE WAY AREA OF BANK OF AMERICA",,PEDESTRIAN,SINGLE VEHICLE,RAINING,,DARK LIGHTS ON,STOP SIGN,NONE DETECTED,NONE DETECTED,5F244E14-0E37-4807-923F-DAC403CB535A,PEDESTRIAN,Other,UNKNOWN,OTHER,Unknown,POSSIBLE INJURY,NONE,39.17858393,-77.26645455,"(39.17858393, -77.26645455)"
MCP2594000H,15002555,Montgomery County Police,Injury Crash,01/16/2015 11:59:00 AM,County,PRINCE PHILIP DR,OLNEY SANDY SPRING RD,,N/A,PEDESTRIAN,STRAIGHT MOVEMENT ANGLE,CLEAR,DRY,DAYLIGHT,STOP SIGN,NONE DETECTED,NONE DETECTED,377C523C-DE00-4D27-AB30-62F9CC5E49F7,PEDESTRIAN,Cross/Enter at Intersection,NO IMPROPER ACTIONS,ON ROADWAY AT CROSSWALK,,SUSPECTED MINOR INJURY,N/A,39.153095,-77.05558833,"(39.153095, -77.05558833)"
MCP1151005F,16053496,Montgomery County Police,Injury Crash,10/18/2016 08:10:00 AM,Maryland (State),FREDERICK RD,RUNNING BROOK DR,,N/A,BICYCLIST,HEAD ON LEFT TURN,CLEAR,DRY,DAYLIGHT,NO CONTROLS,NONE DETECTED,NONE DETECTED,8D15013E-E403-4B1C-9A1F-54AB6996C8EE,BICYCLIST,Walking/Riding w/Traffic,FAILURE TO YIELD RIGHT OF WAY,SHOULDER,Yes,SUSPECTED MINOR INJURY,MC/BIKE HELMET,39.22517167,-77.26275333,"(39.22517167, -77.26275333)"
DD5653002M,230053356,Rockville Police Departme,Injury Crash,09/05/2023 06:00:00 PM,,,,"SIDEWALK BESIDE  168 ROLLINS AVE, ROCKVILLE MD.",,OTHER CONVEYANCE,STRAIGHT MOVEMENT ANGLE,CLEAR,,DAYLIGHT,NO CONTROLS,N/A,NONE DETECTED,5DAE2EC1-C1F3-4FC8-9B50-A5588237453F,OTHER CONVEYANCE,Walking/Riding against Traffic,NO IMPROPER ACTIONS,SIDEWALK,No,SUSPECTED MINOR INJURY,NONE,39.05855949,-77.12512477,"(39.05855949, -77.12512477)"
MCP1491001V,200009003,Montgomery County Police,Injury Crash,02/23/2020 12:04:00 PM,County,SEVEN LOCKS RD,GOYA DR,,N/A,BICYCLIST,SINGLE VEHICLE,CLEAR,DRY,DAYLIGHT,NO CONTROLS,NONE DETECTED,NONE DETECTED,068FF380-B367-4964-A2D5-C85B88A92498,BICYCLIST,Walking/Riding w/Traffic,NO IMPROPER ACTIONS,ON ROADWAY NOT AT CROSSWALK,No,SUSPECTED SERIOUS INJURY,MC/BIKE HELMET,39.05562168,-77.16217279,"(39.05562168, -77.16217279)"
MCP28920083,200008379,Montgomery County Police,Property Damage Crash,02/19/2020 08:31:00 PM,Maryland (State),16TH ST,EAST WEST HWY,,N/A,PEDESTRIAN,HEAD ON LEFT TURN,CLEAR,DRY,DARK LIGHTS ON,TRAFFIC SIGNAL,NONE DETECTED,NONE DETECTED,E5165965-7461-44F9-91FB-6E2762D01162,PEDESTRIAN,Cross/Enter at Intersection,NO IMPROPER ACTIONS,ON ROADWAY AT CROSSWALK,No,NO APPARENT INJURY,NONE,38.99472167,-77.036325,"(38.99472167, -77.036325)"
MCP3335001D,220056813,Montgomery County Police,Injury Crash,12/22/2022 01:51:00 PM,Maryland (State),UNIVERSITY BLVD E,COLESVILLE RD,,N/A,PEDESTRIAN,OTHER,RAINING,WET,DAYLIGHT,TRAFFIC SIGNAL,N/A,N/A,ED874830-680E-4655-9A06-2CEE1F9C5FD3,PEDESTRIAN,Cross/Enter at Intersection,UNKNOWN,ON ROADWAY NOT AT CROSSWALK,Unknown,SUSPECTED MINOR INJURY,NONE,39.019375,-77.01397833,"(39.019375, -77.01397833)"
MCP3145004X,240036302,MONTGOMERY,Injury Crash,08/01/2024 03:15:00 PM,Maryland (State) Route,UNIVERSITY BLVD E (WB/L),,,,Cyclist (non-electric),Single Vehicle,Clear,Dry,Daylight,Stop Sign,"Not Suspect of Alcohol Use, Not Suspect of Drug Use","Suspect of Alcohol Use, Not Suspect of Drug Use",DB85B730-A8C0-4C94-B33B-10A0F8E69BBD,Cyclist (non-electric),Walking/Cycling Along Roadway Against Traffic (In or Adjacent to Travel Lane),"In Roadway Improperly (Standing, Lying, Working, Playing)",Travel Lane Other Location,Yes,Suspected Minor Injury,None,39.02245517,-77.01586467,"(39.02245517, -77.01586467)"
MCP2871008C,220053926,Montgomery County Police,Injury Crash,12/06/2022 06:14:00 PM,,,,PARKING LOT OF 10233 OLD GEORGETOWN RD,,PEDESTRIAN,OTHER,RAINING,,DARK LIGHTS ON,NO CONTROLS,NONE DETECTED,NONE DETECTED,27958942-F1C4-4BA3-9CAD-62590972CFE5,PEDESTRIAN,Walking/Riding against Traffic,NO IMPROPER ACTIONS,N/A,No,POSSIBLE INJURY,NONE,39.02388833,-77.124185,"(39.02388833, -77.124185)"
MCP2789005K,190006883,Montgomery County Police,Injury Crash,02/12/2019 04:50:00 PM,US (State),GEORGIA AVE,THAYER AVE,,N/A,PEDESTRIAN,SINGLE VEHICLE,RAINING,WET,DAWN,TRAFFIC SIGNAL,N/A,N/A,5D33E64D-5C08-4CB9-8AB1-7F3E18922101,PEDESTRIAN,Cross/Enter at Intersection,FAILURE TO OBEY TRAFFIC SIGNS SIGNALS OR OFFICER,AT INTERSECTION MARKED CROSSWALK,Yes,POSSIBLE INJURY,N/A,38.99114333,-77.026995,"(38.99114333, -77.026995)"
MCP2935001S,190007777,Montgomery County Police,Injury Crash,02/17/2019 08:00:00 PM,,,,"INSIDE MONTGOMERY COUNTY PARKING GARAGE #4 ON 2ND LEVEL, LOCATED AT 8110 FENTON STREET",,PEDESTRIAN,OTHER,N/A,,DARK LIGHTS ON,N/A,,NONE DETECTED,DC6AA1C0-7818-482F-8723-F59A499D4850,PEDESTRIAN,Getting off/on Vehicle,NO IMPROPER ACTIONS,OTHER,No,SUSPECTED MINOR INJURY,NONE,38.99167,-77.02514667,"(38.99167, -77.02514667)"
MCP1202001V,16055277,Montgomery County Police,Injury Crash,10/27/2016 11:00:00 AM,County,FRIENDSHIP BLVD,WILLARD AVE,,N/A,MACHINE OPERATOR/RIDER,STRAIGHT MOVEMENT ANGLE,CLEAR,DRY,DAYLIGHT,TRAFFIC SIGNAL,NONE DETECTED,NONE DETECTED,381BDC01-30E6-41DD-BB0C-181D7D0BC28C,MACHINE OPERATOR/RIDER,Cross/Enter at Intersection,NO IMPROPER ACTIONS,AT INTERSECTION MARKED CROSSWALK,No,SUSPECTED MINOR INJURY,NONE,38.96195,-77.08886167,"(38.96195, -77.08886167)"
MCP2496002M,210017307,Montgomery County Police,Injury Crash,05/08/2021 02:32:00 PM,County,FOREST GLEN RD,LORAIN AVE,,N/A,BICYCLIST,STRAIGHT MOVEMENT ANGLE,CLOUDY,DRY,DAYLIGHT,STOP SIGN,NONE DETECTED,NONE DETECTED,9A4373B8-1772-4D9A-BFA9-54380D64D78D,BICYCLIST,Cross/Enter at Intersection,FAILURE TO YIELD RIGHT OF WAY,AT INTERSECTION BUT NO CROSSWALK,Yes,POSSIBLE INJURY,MC/BIKE HELMET,39.01717453,-77.02162894,"(39.01717453, -77.02162894)"