Report Number,Local Case Number,Agency Name,ACRS Report Type,Crash Date/Time,Route Type,Road Name,Cross-Street Name,Off-Road Description,Municipality,Related Non-Motorist,Collision Type,Weather,Surface Condition,Light,Traffic Control,Driver Substance Abuse,Non-Motorist Substance Abuse,Person ID,Pedestrian Type,Pedestrian Movement,Pedestrian Actions,Pedestrian Location,At Fault,Injury Severity,Safety Equipment,Latitude,Longitude,Location
MCP1575003J,15061927,MONTGOMERY,Injury Crash,12/04/2015 10:16:00 AM,County,SHADY GROVE RD,TRAVILLE  GATEWAY DR,,N/A,PEDESTRIAN,OTHER,N/A,DRY,DAYLIGHT,TRAFFIC SIGNAL,NONE DETECTED,NONE DETECTED,ED59A379-0930-455E-A395-66ACA65A31D3,PEDESTRIAN,Cross/Enter at Intersection,IN ROADWAY IMPROPERLY,ON ROADWAY AT CROSSWALK,Yes,SUSPECTED SERIOUS INJURY,NONE,39.09114667,-77.20452833,"(39.09114667, -77.20452833)"
MCP1094000T,190038544,Montgomery County Police,Injury Crash,08/13/2019 12:06:00 AM,,,,IN PARKING LOT,,PEDESTRIAN,OTHER,CLEAR,,DARK LIGHTS ON,N/A,"ALCOHOL CONTRIBUTED, N/A",ALCOHOL PRESENT,25AD6D6C-4EC1-405D-80F5-215E3BFD4A5F,PEDESTRIAN,Other,INATTENTIVE,OTHER,Yes,SUSPECTED MINOR INJURY,N/A,39.14189614,-77.22310078,"(39.14189614, -77.22310078)"
MCP2586002L,17008486,Montgomery County Police,Injury Crash,02/16/2017 06:36:00 PM,Maryland (State),SANDY SPRING RD,MCKNEW RD,,N/A,PEDESTRIAN,OTHER,CLEAR,DRY,DARK LIGHTS ON,TRAFFIC SIGNAL,NONE DETECTED,NONE DETECTED,568D25D5-E0FB-4958-975A-E3D980599D07,PEDESTRIAN,Unknown,IN ROADWAY IMPROPERLY,ON ROADWAY NOT AT CROSSWALK,Yes,SUSPECTED MINOR INJURY,N/A,39.10613667,-76.918495,"(39.10613667, -76.918495)"
MCP2674005Q,250002569,MONTGOMERY,Injury Crash,01/18/2025 06:47:00 PM,Maryland (State) Route,,,,,Pedestrian,Single Vehicle,Clear,Dry,Dark - Not Lighted,No Controls,"Not Suspect of Alcohol Use, Not Suspect of Drug Use","Unknown, Unknown",1FE3C196-BB64-4285-8AA7-A39018B2DC3D,Pedestrian,Unknown,Unknown,Travel Lane Other Location,No,Suspected Serious Injury,None,39.18938693,-77.12064713,"(39.18938693, -77.12064713)"
MCP3050000C,17007929,Montgomery County Police,Injury Crash,02/13/2017 07:00:00 PM,Other Public Roadway,GLENMONT CIR #1,GLENMONT CIR #2,,N/A,PEDESTRIAN,SINGLE VEHICLE,OTHER,DRY,DARK LIGHTS ON,NO CONTROLS,NONE DETECTED,NONE DETECTED,82C88819-8BAF-4971-9F79-19D468324430,PEDESTRIAN,Other,NO IMPROPER ACTIONS,OTHER,No,SUSPECTED SERIOUS INJURY,N/A,39.05893754,-77.04736322,"(39.05893754, -77.04736322)"
EJ7833001K,15065800,Gaithersburg Police Depar,Injury Crash,12/23/2015 05:20:00 PM,Municipality,CHESTERTOWN ST,TSCHIFFELY SQUARE RD,,GAITHERSBURG,PEDESTRIAN,OTHER,CLOUDY,WET,DARK LIGHTS ON,NO CONTROLS,NONE DETECTED,NONE DETECTED,F814F2D7-40B0-4564-BF8F-82264EFC4CB6,PEDESTRIAN,Cross/Enter at Intersection,NOT VISIBLE,ON ROADWAY AT CROSSWALK,No,SUSPECTED MINOR INJURY,NONE,39.12399333,-77.24435667,"(39.12399333, -77.24435667)"
MCP2545000H,170545137,Montgomery County Police,Injury Crash,11/27/2017 11:35:00 AM,,,,PARKING LOT OF 11190 VEIRS MILL RD,,PEDESTRIAN,OTHER,CLEAR,,DAYLIGHT,NO CONTROLS,NONE DETECTED,N/A,8247C645-4BC6-4040-8364-55E94ECAB03E,PEDESTRIAN,Other,N/A,CURB,No,POSSIBLE INJURY,N/A,39.14903833,-77.06954333,"(39.14903833, -77.06954333)"
DD5642002T,220008716,Rockville Police Departme,Injury Crash,02/28/2022 07:25:00 PM,Municipality,MARYLAND AVE,S WASHINGTON ST,,ROCKVILLE,PEDESTRIAN,STRAIGHT MOVEMENT ANGLE,CLEAR,DRY,DARK LIGHTS ON,TRAFFIC SIGNAL,NONE DETECTED,NONE DETECTED,5FB85111-1F0F-4BFD-B743-FCB18EE99981,PEDESTRIAN,Cross/Enter at Intersection,NO IMPROPER ACTIONS,ON ROADWAY AT CROSSWALK,No,SUSPECTED SERIOUS INJURY,NONE,39.08041617,-77.15270717,"(39.08041617, -77.15270717)"
MCP32120009,190041582,Montgomery County Police,Injury Crash,08/30/2019 04:51:00 PM,Maryland (State),EAST WEST HWY,COLESVILLE RD,,N/A,PEDESTRIAN,SINGLE VEHICLE,N/A,N/A,DAYLIGHT,TRAFFIC SIGNAL,NONE DETECTED,NONE DETECTED,2323F65E-4083-4DD4-94CE-5386D8AA585C,PEDESTRIAN,Cross/Enter at Intersection,FAILURE TO OBEY TRAFFIC SIGNS SIGNALS OR OFFICER,ON ROADWAY NOT AT CROSSWALK,Yes,SUSPECTED MINOR INJURY,NONE,38.99297393,-77.0317158,"(38.99297393, -77.0317158)"
MCP1182001C,16039810,Montgomery County Police,Injury Crash,08/06/2016 09:37:00 AM,County,BEECH AVE,OLD GEORGETOWN RD,,N/A,PEDESTRIAN,OTHER,CLEAR,DRY,DAYLIGHT,TRAFFIC SIGNAL,NONE DETECTED,NONE DETECTED,25457A34-F52F-4989-A32C-74475A44C9BE,PEDESTRIAN,Cross/Enter not at Intersection,NO IMPROPER ACTIONS,AT INTERSECTION BUT NO CROSSWALK,No,SUSPECTED MINOR INJURY,NONE,39.00998833,-77.11470833,"(39.00998833, -77.11470833)"
MCP003600DB,200035356,Montgomery County Police,Injury Crash,09/09/2020 02:10:00 PM,County,DIXIE RIDGE TERR,ROLLING FORK WAY,,N/A,BICYCLIST,SINGLE VEHICLE,CLOUDY,DRY,DAYLIGHT,NO CONTROLS,NONE DETECTED,NONE DETECTED,9F04B0F6-12B2-473E-A370-E83ABAE3561D,BICYCLIST,Cross/Enter not at Intersection,FAILURE TO YIELD RIGHT OF WAY,SHARED USE PATH OR TRAILS,Yes,SUSPECTED SERIOUS INJURY,NONE,39.24751433,-77.20027017,"(39.24751433, -77.20027017)"
MCP3331000B,220037205,Montgomery County Police,Injury Crash,08/28/2022 01:21:00 PM,Maryland (State),UNIVERSITY BLVD W,AMHERST AVE,,N/A,PEDESTRIAN,SINGLE VEHICLE,CLEAR,DRY,DAYLIGHT,TRAFFIC SIGNAL,NONE DETECTED,NONE DETECTED,A229D874-AE48-4651-A79C-F548FC2BB172,PEDESTRIAN,Walking/Riding against Traffic,NO IMPROPER ACTIONS,SIDEWALK,No,POSSIBLE INJURY,NONE,39.041291,-77.048823,"(39.041291, -77.048823)"
MCP209400LG,230006172,Montgomery County Police,Injury Crash,02/07/2023 08:35:00 AM,Maryland (State),WISCONSIN AVE,MONTGOMERY LA,,N/A,PEDESTRIAN,OTHER,CLEAR,WET,DAYLIGHT,TRAFFIC SIGNAL,NONE DETECTED,NONE DETECTED,FC675E08-A6D3-4F7E-A7C2-54B1E220EAE6,PEDESTRIAN,Cross/Enter at Intersection,NO IMPROPER ACTIONS,ON ROADWAY AT CROSSWALK,No,SUSPECTED MINOR INJURY,N/A,38.98354667,-77.09405167,"(38.98354667, -77.09405167)"
MCP2720001L,15052916,MONTGOMERY,Injury Crash,10/18/2015 06:40:00 PM,Maryland (State),GEORGIA AVE,CROSSOVER,,N/A,BICYCLIST,HEAD ON LEFT TURN,CLEAR,DRY,DARK -- UNKNOWN LIGHTING,NO CONTROLS,N/A,N/A,63ED35C0-FB40-496C-84FC-636B61148DBE,BICYCLIST,Walking/Riding w/Traffic,IN ROADWAY IMPROPERLY,ON ROADWAY NOT AT CROSSWALK,Yes,SUSPECTED MINOR INJURY,MC/BIKE HELMET,39.08553333,-77.07890333,"(39.08553333, -77.07890333)"
DD5617000T,170506125,Rockville Police Departme,Injury Crash,05/05/2017 06:01:00 PM,Municipality,BAYLOR AVE,PRINCETON PL,,ROCKVILLE,BICYCLIST,OTHER,CLOUDY,DRY,DAYLIGHT,NO CONTROLS,NONE DETECTED,N/A,09754351-FBE4-4CC3-81BE-542870901319,BICYCLIST,Cross/Enter not at Intersection,DART DASH,ON ROADWAY NOT AT CROSSWALK,Yes,SUSPECTED MINOR INJURY,NONE,39.10110833,-77.166145,"(39.10110833, -77.166145)"
MCP2798002Y,170507244,Montgomery County Police,Property Damage Crash,05/11/2017 03:39:00 PM,County,CHERRY HILL RD,PLUM ORCHARD DR,,N/A,PEDESTRIAN,SINGLE VEHICLE,RAINING,WET,DAYLIGHT,TRAFFIC SIGNAL,NONE DETECTED,NONE DETECTED,48F63274-57BE-4CC8-BA52-B1A2B340CCC5,PEDESTRIAN,Cross/Enter at Intersection,FAILURE TO OBEY TRAFFIC SIGNS SIGNALS OR OFFICER,AT INTERSECTION MARKED CROSSWALK,Yes,NO APPARENT INJURY,NONE,39.05293167,-76.95316333,"(39.05293167, -76.95316333)"
MCP29190099,220018434,Montgomery County Police,Injury Crash,04/30/2022 08:20:00 PM,Maryland (State),UNIVERSITY BLVD E,E SCHUYLER RD,,N/A,PEDESTRIAN,OTHER,CLEAR,DRY,DARK LIGHTS ON,N/A,NONE DETECTED,ALCOHOL PRESENT,D3037BAD-F845-493E-8E52-2348BBC0AC0D,PEDESTRIAN,Cross/Enter not at Intersection,IN ROADWAY IMPROPERLY,ON ROADWAY NOT AT CROSSWALK,Yes,POSSIBLE INJURY,N/A,39.00879833,-76.99838333,"(39.00879833, -76.99838333)"
MCP1433004W,230010738,Montgomery County Police,Injury Crash,03/03/2023 11:45:00 PM,,,,PARKING LOT OF LAYHILL SHOPPING CENTER AT 14300 LAYHILL RD.,,PEDESTRIAN,OTHER,CLOUDY,,DARK LIGHTS ON,N/A,UNKNOWN,UNKNOWN,6E6BDFC5-6071-4D07-AE66-092FE3EF4F76,PEDESTRIAN,Other,OTHER,OTHER,No,POSSIBLE INJURY,NONE,39.09186046,-77.04556559,"(39.09186046, -77.04556559)"
MCP3109005F,210016670,Montgomery County Police,Injury Crash,05/04/2021 08:28:00 AM,US (State),COLESVILLE RD,SLIGO CREEK PKWY,,N/A,BICYCLIST,STRAIGHT MOVEMENT ANGLE,CLEAR,DRY,DAYLIGHT,TRAFFIC SIGNAL,NONE DETECTED,NONE DETECTED,45E53F3E-82B1-48E0-B292-E6E498F073F4,BICYCLIST,Cross/Enter at Intersection,NO IMPROPER ACTIONS,ON ROADWAY AT CROSSWALK,No,POSSIBLE INJURY,MC/BIKE HELMET,39.00775,-77.01983133,"(39.00775, -77.01983133)"
MCP2991002C,180002185,Montgomery County Police,Injury Crash,01/14/2018 12:15:00 PM,,,,DRIVEWAY OF 2311 NORBECK ROAD,,PEDESTRIAN,SINGLE VEHICLE,CLEAR,,DAYLIGHT,NO CONTROLS,NONE DETECTED,NONE DETECTED,1E21EBB8-1E87-4616-9B91-D7B2410E6B4B,PEDESTRIAN,Other,NO IMPROPER ACTIONS,N/A,No,SUSPECTED SERIOUS INJURY,N/A,39.11856833,-77.04991167,"(39.11856833, -77.04991167)"
MCP3446000G,250028327,MONTGOMERY,Injury Crash,06/25/2025 12:40:00 PM,County Route,MACDUFF AVE,,,,Pedestrian,Single Vehicle,Clear,Dry,Daylight,No Controls,"Not Suspect of Alcohol Use, Not Suspect of Drug Use","Not Suspect of Alcohol Use, Not Suspect of Drug Use",3024B830-7141-4AD4-A590-5B68680D76E8,Pedestrian,Other Working,"In Roadway Improperly (Standing, Lying, Working, Playing)",Travel Lane Other Location,Yes,Suspected Minor Injury,None,39.1422912,-77.0888234,"(39.1422912, -77.0888234)"
MCP271700XF,230003968,Montgomery County Police,Injury Crash,01/24/2023 07:05:00 PM,County,NORMANDY CROSSING DR,NORMANDY SQUARE DR,,N/A,PEDESTRIAN,OTHER,CLEAR,DRY,DARK LIGHTS ON,NO CONTROLS,NONE DETECTED,NONE DETECTED,CA77BA87-00F2-442C-B13C-0E44E19A6691,PEDESTRIAN,Cross/Enter at Intersection,NO IMPROPER ACTIONS,ON ROADWAY NOT AT CROSSWALK,No,SUSPECTED MINOR INJURY,NONE,39.10208817,-77.05068733,"(39.10208817, -77.05068733)"
MCP21180009,170539100,Montgomery County Police,Property Damage Crash,10/27/2017 04:33:00 AM,County,JOHNSON DR,BETHESDA CHURCH RD,,N/A,OTHER,SINGLE VEHICLE,CLEAR,DRY,DARK LIGHTS ON,N/A,NONE DETECTED,N/A,7F57979E-F00F-4B6B-A47C-7BD504FA61AF,OTHER,N/A,NO IMPROPER ACTIONS,N/A,No,NO APPARENT INJURY,N/A,39.29061167,-77.22294333,"(39.29061167, -77.22294333)"
MCP271700R8,190058101,Montgomery County Police,Injury Crash,12/02/2019 05:50:00 PM,County,PARKLAWN DR,BOILING BROOK PKWY,,N/A,PEDESTRIAN,SINGLE VEHICLE,RAINING,WET,DARK LIGHTS ON,NO CONTROLS,NONE DETECTED,NONE DETECTED,516C9671-0C18-4B39-92CC-31FA999C7B61,PEDESTRIAN,Cross/Enter not at Intersection,DART DASH,ON ROADWAY NOT AT CROSSWALK,Yes,SUSPECTED MINOR INJURY,NONE,39.051108,-77.10514633,"(39.051108, -77.10514633)"
MCP3080003Q,230051913,Montgomery County Police,Injury Crash,08/28/2023 03:22:00 PM,,,,PARKING LOT OF WALMART LOCATED AT 20910 FREDERICK RD,,PEDESTRIAN,OTHER,CLEAR,,DAYLIGHT,N/A,NONE DETECTED,NONE DETECTED,967E9BC7-FC77-402D-AD2E-CC0E5060D85F,PEDESTRIAN,Cross/Enter not at Intersection,UNKNOWN,ON ROADWAY AT CROSSWALK,Unknown,POSSIBLE INJURY,NONE,39.19838897,-77.25139036,"(39.19838897, -77.25139036)"
MCP30570027,20007797,Montgomery County Police,Property Damage Crash,02/16/2020 09:21:00 AM,County,CENTURY BLVD,CENTURY BLVD (BACK),,N/A,PEDESTRIAN,OTHER,CLOUDY,DRY,DAYLIGHT,N/A,NONE DETECTED,NONE DETECTED,8F0031B0-CF78-4D91-8C1A-A7AFC56330ED,PEDESTRIAN,Cross/Enter at Intersection,INATTENTIVE,AT INTERSECTION BUT NO CROSSWALK,No,NO APPARENT INJURY,N/A,39.18456052,-77.25964105,"(39.18456052, -77.25964105)"
MCP22910067,220040461,Montgomery County Police,Injury Crash,09/17/2022 02:48:00 PM,,,,PARKING LOT OF 10500 ROCKVILLE PIKE,,PEDESTRIAN,SINGLE VEHICLE,CLEAR,,DAYLIGHT,NO CONTROLS,NONE DETECTED,NONE DETECTED,1BD1CB6D-A0D3-46E6-83BD-081137FB7D67,PEDESTRIAN,Cross/Enter at Intersection,NO IMPROPER ACTIONS,AT INTERSECTION BUT NO CROSSWALK,No,SUSPECTED SERIOUS INJURY,N/A,39.03014,-77.10501,"(39.03014, -77.10501)"
MCP3242000P,190057343,Montgomery County Police,Injury Crash,11/27/2019 05:53:00 PM,Maryland (State),NEW HAMPSHIRE AVE,NORTHAMPTON DR,,N/A,PEDESTRIAN,STRAIGHT MOVEMENT ANGLE,CLEAR,DRY,DUSK,TRAFFIC SIGNAL,NONE DETECTED,NONE DETECTED,F3922533-7075-482C-B902-713DE35D3CDB,PEDESTRIAN,Cross/Enter not at Intersection,DART DASH,MEDIAN,Yes,SUSPECTED SERIOUS INJURY,NONE,39.00703333,-76.980155,"(39.00703333, -76.980155)"
MCP3022000R,17510254,Montgomery County Police,Property Damage Crash,05/27/2017 04:45:00 PM,,,,PARKING LOT OF 19900 BLOCK OF CENTURY BLVD,,PEDESTRIAN,OTHER,CLEAR,,DAYLIGHT,STOP SIGN,N/A,N/A,DE111010-87A4-402B-AD00-5AF6F7A5E5BF,PEDESTRIAN,Unknown,UNKNOWN,AT INTERSECTION BUT NO CROSSWALK,Unknown,NO APPARENT INJURY,N/A,39.18317167,-77.26259167,"(39.18317167, -77.26259167)"
MCP3192003S,230015684,Montgomery County Police,Injury Crash,04/01/2023 04:56:00 PM,,,,IN THE DRIVEWAY OF 907 KENBROOK DRIVE,,PEDESTRIAN,SINGLE VEHICLE,CLEAR,,DAYLIGHT,NO CONTROLS,UNKNOWN,NONE DETECTED,11E2E361-1D10-486A-84BA-75B4EBAB7714,PEDESTRIAN,Standing,IN ROADWAY IMPROPERLY,OTHER,No,POSSIBLE INJURY,NONE,39.03936487,-77.02629433,"(39.03936487, -77.02629433)"
MCP29300031,230014856,Montgomery County Police,Injury Crash,03/27/2023 08:12:00 PM,,,,DRIVEWAY/SIDE WALK IN FRONT OF 2603 RANDOLPH RD,,OTHER PEDALCYCLIST,STRAIGHT MOVEMENT ANGLE,CLEAR,,DARK LIGHTS ON,N/A,NONE DETECTED,NONE DETECTED,39BA5B84-568A-41F2-963C-D527EA37488D,OTHER PEDALCYCLIST,Walking/Cycling on Sidewalk,NO IMPROPER ACTIONS,SIDEWALK,No,SUSPECTED MINOR INJURY,NONE,39.05836333,-77.04811333,"(39.05836333, -77.04811333)"
MCP9406003C,240029888,MONTGOMERY,Injury Crash,06/24/2024 02:10:00 PM,,,,"Driveway        OCCURRED AT 11200 BLOCK OF GRANDVIEW AVE, FROM EXIT FROM THE GARAGE OF 2425 REEDIE DRIVE",,Cyclist (non-electric),Single Vehicle,Clear,,Daylight,,"Not Suspect of Alcohol Use, Not Suspect of Drug Use","Not Suspect of Alcohol Use, Not Suspect of Drug Use",36B5CDD5-01A8-4F96-B238-7E4FC90598ED,Cyclist (non-electric),Walking/Cycling on Sidewalk,None (No Improper Action),Driveway Access,No,Possible Injury,Unknown,39.03926731,-77.05235801,"(39.03926731, -77.05235801)"
MCP15750092,190037266,Montgomery County Police,Injury Crash,08/05/2019 01:08:00 PM,,,,PK LOT 12600 TWINBROOK PKWY,,PEDESTRIAN,OTHER,CLEAR,,DAYLIGHT,NO CONTROLS,NONE DETECTED,NONE DETECTED,57BE7E3C-20E5-4427-8782-A8EF61732AB2,PEDESTRIAN,Other,OTHER,OTHER,No,POSSIBLE INJURY,NONE,39.06307333,-77.11688167,"(39.06307333, -77.11688167)"
MCP2425004W,15017200,Montgomery County Police,Injury Crash,04/14/2015 06:40:00 AM,Maryland (State),GEORGIA AVE,FOREST GLEN RD,,N/A,PEDESTRIAN,OTHER,RAINING,WET,DARK LIGHTS ON,TRAFFIC SIGNAL,NONE DETECTED,NONE DETECTED,2AC6DAB7-BB51-4779-8960-809AACB56A80,PEDESTRIAN,Cross/Enter at Intersection,DART DASH,ON ROADWAY AT CROSSWALK,,SUSPECTED MINOR INJURY,NONE,39.01564833,-77.04175,"(39.01564833, -77.04175)"
MCP2251001F,16007635,Montgomery County Police,Injury Crash,02/15/2016 05:38:00 AM,Maryland (State),VEIRS MILL RD,PARKLAND DR,,N/A,PEDESTRIAN,OTHER,SNOW,SNOW,DARK -- UNKNOWN LIGHTING,NO CONTROLS,UNKNOWN,NONE DETECTED,06C6A35D-1BFE-4D7E-A7D3-BF2773EB9A38,PEDESTRIAN,Standing,NO IMPROPER ACTIONS,SIDEWALK,No,SUSPECTED MINOR INJURY,N/A,39.057305,-77.08481833,"(39.057305, -77.08481833)"
DM8479000C,190050537,Takoma Park Police Depart,Injury Crash,10/21/2019 06:01:00 PM,Maryland (State),NEW HAMPSHIRE AVE,EAST WEST HWY (PG CO),,N/A,PEDESTRIAN,N/A,CLEAR,DRY,DAYLIGHT,N/A,NONE DETECTED,N/A,3C32052F-6239-4BCF-BE71-B75A94BF3C11,PEDESTRIAN,Cross/Enter not at Intersection,IN ROADWAY IMPROPERLY,ON ROADWAY NOT AT CROSSWALK,Yes,SUSPECTED MINOR INJURY,NONE,38.97544311,-76.99317964,"(38.97544311, -76.99317964)"
MCP3019001D,170543446,Montgomery County Police,Injury Crash,11/17/2017 05:15:00 PM,County,SANGAMORE RD,MADAWASKA RD,,N/A,BICYCLIST,OTHER,CLEAR,DRY,DUSK,NO CONTROLS,UNKNOWN,NONE DETECTED,6046258E-F858-4594-9B04-BD5D7D065201,BICYCLIST,Walking/Riding w/Traffic,NO IMPROPER ACTIONS,ON ROADWAY NOT AT CROSSWALK,No,SUSPECTED SERIOUS INJURY,MC/BIKE HELMET,38.99764667,-77.10964,"(38.99764667, -77.10964)"
MCP2116001B,15001974,Montgomery County Police,Injury Crash,01/13/2015 09:17:00 AM,Municipality,BALTIMORE RD,BALTIMORE RD (AHEAD),,N/A,PEDESTRIAN,SINGLE VEHICLE,CLEAR,DRY,DAYLIGHT,N/A,NONE DETECTED,NONE DETECTED,2B715340-4EB8-43CE-8250-72BB978C78D2,PEDESTRIAN,Walking/Riding w/Traffic,NO IMPROPER ACTIONS,SHOULDER,,SUSPECTED MINOR INJURY,REFLECTIVE CLOTHING,39.09107,-77.114849,"(39.09107, -77.114849)"
MCP3201003Q,230004200,Montgomery County Police,Injury Crash,01/26/2023 06:25:00 AM,County,CRYSTAL ROCK DR,CRYSTAL ROCK DR (AHEAD),,N/A,PEDESTRIAN,OTHER,CLEAR,WET,DARK NO LIGHTS,STOP SIGN,NONE DETECTED,NONE DETECTED,D23C1EA6-D6D4-413B-866E-79F349CC666F,PEDESTRIAN,Cross/Enter at Intersection,NOT VISIBLE,ON ROADWAY AT CROSSWALK,No,POSSIBLE INJURY,NONE,39.17916533,-77.26167533,"(39.17916533, -77.26167533)"
MCP33560027,240045990,MONTGOMERY,Injury Crash,09/26/2024 03:53:00 PM,,,,Parking Lot Way        PANERA BREAD PARKING LOT,,Cyclist (Electric),Single Vehicle,Cloudy,,Daylight,,"Not Suspect of Alcohol Use, Not Suspect of Drug Use","Not Suspect of Alcohol Use, Not Suspect of Drug Use",207705B6-9E23-49B2-A4ED-BC2AF537F97F,Cyclist (Electric),Walking/Cycling Along Roadway With Traffic (In or Adjacent to Travel Lane),"Failure to Obey Traffic Signs, Signals, or Officer, Failure to Yield Right-Of-Way, Improper Passing",NonTrafficway Area,Yes,Possible Injury,None,39.18289181,-77.2623601,"(39.18289181, -77.2623601)"
DD5603009K,220047251,Rockville Police Departme,Property Damage Crash,10/27/2022 05:15:00 PM,Municipality,REDLAND BLVD,THOMPSON DAIRY WAY,,ROCKVILLE,BICYCLIST,STRAIGHT MOVEMENT ANGLE,CLEAR,DRY,DAYLIGHT,TRAFFIC SIGNAL,NONE DETECTED,NONE DETECTED,ED076366-CB68-4CC7-B2CB-C1596C7868A6,BICYCLIST,Cross/Enter at Intersection,INATTENTIVE,ON ROADWAY NOT AT CROSSWALK,Yes,NO APPARENT INJURY,NONE,39.11266429,-77.17128621,"(39.11266429, -77.17128621)"
MCP26990016,180057058,Montgomery County Police,Injury Crash,11/14/2018 04:30:00 AM,County,PARKLAWN DR,WILKINS AVE,,N/A,PEDESTRIAN,SINGLE VEHICLE,CLEAR,DRY,DARK LIGHTS ON,FLASHING TRAFFIC SIGNAL,UNKNOWN,NONE DETECTED,2090ECE2-A50E-4BFF-A212-AE9D7EDBA328,PEDESTRIAN,Cross/Enter at Intersection,NO IMPROPER ACTIONS,ON ROADWAY AT CROSSWALK,No,POSSIBLE INJURY,NONE,39.06124833,-77.11213667,"(39.06124833, -77.11213667)"
MCP29140099,190040272,Montgomery County Police,Injury Crash,08/22/2019 09:35:00 PM,Maryland (State),GEORGIA AVE,FENWICK LA,,N/A,PEDESTRIAN,OTHER,CLEAR,N/A,DARK LIGHTS ON,OTHER,N/A,N/A,8B80A15D-907A-4FBC-BA29-330B502C97DA,PEDESTRIAN,Cross/Enter at Intersection,N/A,ON ROADWAY AT CROSSWALK,No,POSSIBLE INJURY,NONE,38.99820543,-77.0305782,"(38.99820543, -77.0305782)"
DD5601002Y,170513709,Rockville Police Departme,Injury Crash,06/14/2017 07:16:00 PM,Municipality,PASTURE BROOK WAY,WOOTTON PKWY,,ROCKVILLE,BICYCLIST,OTHER,CLEAR,DRY,DAYLIGHT,STOP SIGN,N/A,N/A,D2762516-ADF6-4E7F-80AF-50E582B10DC2,BICYCLIST,Cross/Enter at Intersection,UNKNOWN,ON ROADWAY AT CROSSWALK,Unknown,SUSPECTED MINOR INJURY,MC/BIKE HELMET,39.06825333,-77.16766,"(39.06825333, -77.16766)"
MCP1453001G,15021869,Montgomery County Police,Injury Crash,05/08/2015 06:14:00 AM,Maryland (State),S FREDERICK RD,E DEER PARK DR,,GAITHERSBURG,BICYCLIST,SINGLE VEHICLE,CLEAR,DRY,DAWN,NO CONTROLS,NONE DETECTED,NONE DETECTED,D6E9567E-B3F4-4F27-8950-BA515C73A28A,BICYCLIST,Other,NO IMPROPER ACTIONS,SIDEWALK,,POSSIBLE INJURY,NONE,39.13335833,-77.18974833,"(39.13335833, -77.18974833)"
MCP3124004B,210024539,Montgomery County Police,Injury Crash,06/26/2021 03:50:00 PM,,,,"11160 VEIRS MILL RD SILVER SPRING, MD 20902 // WHEATON MALL // PARKING LOT NEAR EXIT 6",,PEDESTRIAN,SINGLE VEHICLE,CLOUDY,,DAYLIGHT,NO CONTROLS,NONE DETECTED,NONE DETECTED,A984F546-8546-4182-B84D-84A657E02C48,PEDESTRIAN,Other,NO IMPROPER ACTIONS,OTHER,No,SUSPECTED MINOR INJURY,NONE,39.03808667,-77.05612167,"(39.03808667, -77.05612167)"
DD5606003H,16029574,Rockville Police Departme,Property Damage Crash,06/12/2016 01:00:00 PM,County,TWINBROOK PKWY,VEIRS MILL RD,,N/A,BICYCLIST,STRAIGHT MOVEMENT ANGLE,CLEAR,N/A,DAYLIGHT,NO CONTROLS,NONE DETECTED,NONE DETECTED,E1754D16-104A-4DCA-B082-21D21818BD90,BICYCLIST,Cross/Enter not at Intersection,IN ROADWAY IMPROPERLY,ON ROADWAY NOT AT CROSSWALK,Yes,NO APPARENT INJURY,NONE,39.07387,-77.11153667,"(39.07387, -77.11153667)"
MCP12270013,200007223,Montgomery County Police,Fatal Crash,02/12/2020 07:05:00 PM,Maryland (State),MIDCOUNTY HWY,PIER POINT PL,,N/A,PEDESTRIAN,SINGLE VEHICLE,RAINING,WET,DARK LIGHTS ON,NO CONTROLS,NONE DETECTED,ALCOHOL CONTRIBUTED,CAA22B2B-9962-49BA-B144-2C6BD1724E13,PEDESTRIAN,Cross/Enter at Intersection,FAILURE TO YIELD RIGHT OF WAY,AT INTERSECTION BUT NO CROSSWALK,Yes,FATAL INJURY,NONE,39.15924546,-77.19848265,"(39.15924546, -77.19848265)"
MCP289200DR,230011836,Montgomery County Police,Injury Crash,03/10/2023 05:28:00 PM,Maryland (State),PINEY BRANCH RD,WESSEX RD,,N/A,PEDESTRIAN,SINGLE VEHICLE,RAINING,WET,DARK LIGHTS ON,TRAFFIC SIGNAL,NONE DETECTED,NONE DETECTED,96C55B6D-0AD9-4DBE-BC23-7A55841C0B2D,PEDESTRIAN,Cross/Enter at Intersection,INATTENTIVE,ON ROADWAY AT CROSSWALK,Yes,POSSIBLE INJURY,NONE,38.99156667,-77.010095,"(38.99156667, -77.010095)"
MCP2656004G,200001465,Montgomery County Police,Injury Crash,01/09/2020 11:30:00 AM,Maryland (State),GEORGIA AVE,SPRING ST,,N/A,PEDESTRIAN,OTHER,CLEAR,DRY,DAYLIGHT,N/A,N/A,N/A,688E5278-BEC7-4EA4-9C5E-B598FBD72DD7,PEDESTRIAN,Cross/Enter at Intersection,NO IMPROPER ACTIONS,SIDEWALK,No,NO APPARENT INJURY,N/A,38.99906,-77.031,"(38.99906, -77.031)"