Report Number,Local Case Number,Agency Name,ACRS Report Type,Crash Date/Time,Route Type,Road Name,Cross-Street Name,Off-Road Description,Municipality,Related Non-Motorist,Collision Type,Weather,Surface Condition,Light,Traffic Control,Driver Substance Abuse,Non-Motorist Substance Abuse,Person ID,Pedestrian Type,Pedestrian Movement,Pedestrian Actions,Pedestrian Location,At Fault,Injury Severity,Safety Equipment,Latitude,Longitude,Location
MCP2861006K,250003865,MONTGOMERY,Injury Crash,01/27/2025 03:15:00 PM,County Route,MONTROSE RD,,,,Pedestrian,Single Vehicle,Clear,Dry,Daylight,Pedestrian Crossing,"Not Suspect of Alcohol Use, Not Suspect of Drug Use","Not Suspect of Alcohol Use, Not Suspect of Drug Use",A4E39E50-B3F7-441D-9944-21035DCCA90C,Pedestrian,Cross/Enter Not at Intersection,None (No Improper Action),Midblock Marked Crosswalk,No,Suspected Minor Injury,None,39.05302338,-77.13100971,"(39.05302338, -77.13100971)"
MCP2970001M,16018649,Montgomery County Police,Property Damage Crash,04/16/2016 11:23:00 AM,County,ARCOLA AVE,KEMP MILL RD,,N/A,BICYCLIST,SAME DIR REND LEFT TURN,CLEAR,DRY,DAYLIGHT,TRAFFIC SIGNAL,N/A,N/A,2B08AF23-2EFD-4927-8386-F47444F04330,BICYCLIST,Walking/Riding w/Traffic,FAILURE TO YIELD RIGHT OF WAY,IN BIKEWAY,Yes,NO APPARENT INJURY,NONE,39.04602,-77.03212667,"(39.04602, -77.03212667)"
MCP3035001H,170524313,Montgomery County Police,Injury Crash,08/11/2017 11:00:00 AM,Maryland (State),FALLS RD,WOOTTON PKWY,,ROCKVILLE,BICYCLIST,STRAIGHT MOVEMENT ANGLE,CLEAR,DRY,DAYLIGHT,TRAFFIC SIGNAL,UNKNOWN,NONE DETECTED,E35DAE46-E2C7-4DF1-8037-FF126F3EAA22,BICYCLIST,Cross/Enter at Intersection,IN ROADWAY IMPROPERLY,AT INTERSECTION MARKED CROSSWALK,Yes,SUSPECTED MINOR INJURY,N/A,39.06981272,-77.17000723,"(39.06981272, -77.17000723)"
MCP2445005L,240009464,MONTGOMERY,Injury Crash,02/27/2024 08:04:00 AM,,,,Parking Aisle        PARKING LOT OF 21010 FREDERICK RD,,Pedestrian,Single Vehicle,Clear,,Daylight,,"Not Suspect of Alcohol Use, Not Suspect of Drug Use","Not Suspect of Alcohol Use, Not Suspect of Drug Use",2E85EC81-C940-4C1C-8F5A-482F34D02038,Pedestrian,Getting Off/On Vehicle,Unknown,Other,No,Suspected Minor Injury,None,39.20058292,-77.2482529,"(39.20058292, -77.2482529)"
EJ7890000H,210036000,Gaithersburg Police Depar,Injury Crash,09/13/2021 11:27:00 AM,Municipality,INSPIRATION LA,MAIN ST,,GAITHERSBURG,OTHER,SAME DIR REAR END,CLEAR,DRY,DAYLIGHT,NO CONTROLS,NONE DETECTED,NONE DETECTED,D0FF49F1-7FC9-472F-9437-737A5D207F04,OTHER,Other,N/A,OTHER,No,NO APPARENT INJURY,N/A,39.12020207,-77.23460335,"(39.12020207, -77.23460335)"
MCP3093004Q,230000784,Montgomery County Police,Injury Crash,01/05/2023 05:38:00 PM,Maryland (State),BROOKVILLE RD,SHEPHERD ST,,MATINS ADDITION,PEDESTRIAN,OTHER,CLEAR,DRY,DARK LIGHTS ON,N/A,N/A,N/A,3F46DA5A-B7A6-4744-BE1F-3955BE88DA85,PEDESTRIAN,Walking/Cycling on Sidewalk,NO IMPROPER ACTIONS,SIDEWALK,No,POSSIBLE INJURY,N/A,38.99108,-77.09783,"(38.99108, -77.09783)"
MCP20550016,16035477,Montgomery County Police,Injury Crash,07/13/2016 01:25:00 PM,County,QUINCE ORCHARD RD,DARNESTOWN RD,,N/A,BICYCLIST,OTHER,CLEAR,DRY,DAYLIGHT,NO CONTROLS,NONE DETECTED,NONE DETECTED,E943405D-12C9-4679-BA6F-2587F4AC1512,BICYCLIST,Cross/Enter at Intersection,WRONG WAY RIDING OR WALKING,IN BIKEWAY,Yes,POSSIBLE INJURY,NONE,39.11794161,-77.25238323,"(39.11794161, -77.25238323)"
MCP2420003T,200005339,Montgomery County Police,Injury Crash,02/01/2020 04:30:00 PM,,,,ENTRANCE TO PARKING LOT OF 3410 OLNEY LAYTONSVILLE RD.,,MACHINE OPERATOR/RIDER,OTHER,CLEAR,,DAYLIGHT,NO CONTROLS,N/A,N/A,CC0BAC44-5779-4C6B-9F89-C03BCFBF31CB,MACHINE OPERATOR/RIDER,N/A,OTHER,OTHER,No,POSSIBLE INJURY,UNKNOWN,39.15288167,-77.06694833,"(39.15288167, -77.06694833)"
MCP93100004,16043509,Montgomery County Police,Property Damage Crash,08/26/2016 08:30:00 PM,County,CONNECTICUT AVE,BEL PRE RD,,N/A,PEDESTRIAN,OTHER,CLEAR,DRY,DARK LIGHTS ON,TRAFFIC SIGNAL,NONE DETECTED,NONE DETECTED,C34C652D-50F7-41FA-9A4D-DAA0BF307DC9,PEDESTRIAN,Cross/Enter at Intersection,UNKNOWN,ON ROADWAY AT CROSSWALK,No,NO APPARENT INJURY,NONE,39.09172833,-77.070555,"(39.09172833, -77.070555)"
MCP3181000R,190033758,Montgomery County Police,Injury Crash,07/16/2019 01:56:00 PM,Maryland (State),GEORGIA AVE,SHOREFIELD RD,,N/A,PEDESTRIAN,OTHER,CLOUDY,N/A,DAYLIGHT,TRAFFIC SIGNAL,N/A,N/A,CC2FAA32-F041-4095-B8DB-FDFBF1042814,PEDESTRIAN,Cross/Enter at Intersection,NO IMPROPER ACTIONS,AT INTERSECTION MARKED CROSSWALK,No,POSSIBLE INJURY,N/A,39.05275333,-77.05123667,"(39.05275333, -77.05123667)"
MCP20010019,200021694,Montgomery County Police,Fatal Crash,06/01/2020 06:29:00 PM,Maryland (State),OLD GEORGETOWN RD,EXECUTIVE BLVD,,N/A,OTHER,STRAIGHT MOVEMENT ANGLE,CLEAR,DRY,DAYLIGHT,TRAFFIC SIGNAL,NONE DETECTED,N/A,F56EE281-BC4C-48A9-B35D-B96F48164209,OTHER,Other Working,UNKNOWN,OTHER,No,FATAL INJURY,N/A,39.04816332,-77.11924964,"(39.04816332, -77.11924964)"
MCP3222002T,240047080,MONTGOMERY,Property Damage Crash,10/02/2024 05:32:00 PM,,,,Parking Lot Way        PARKING LOT OF MONTGOMERY MALL,,Cyclist (non-electric),Single Vehicle,Clear,,Daylight,,"Not Suspect of Alcohol Use, Not Suspect of Drug Use","Not Suspect of Alcohol Use, Not Suspect of Drug Use",461B4A08-7E6E-41C0-9B68-C82E03C9C16B,Cyclist (non-electric),Cross/Enter at Intersection,"Dart/Dash, Failure to Obey Traffic Signs, Signals, or Officer, Inattentive (Talking, Eating, etc.)",Intersection Marked Crosswalk,No,No Apparent Injury,Helmet,39.02247096,-77.14741805,"(39.02247096, -77.14741805)"
MCP308600BX,250029362,MONTGOMERY,Injury Crash,07/02/2025 08:00:00 AM,,,,Parking Lot Way        PARKING LOT OF 20926 FREDERICK  RD GERMANTOWN MD 20874,,Pedestrian,Single Vehicle,Cloudy,,Daylight,,"Not Suspect of Alcohol Use, Not Suspect of Drug Use","Not Suspect of Alcohol Use, Not Suspect of Drug Use",B0C71B40-686D-4EDE-A8A9-B270544FB132,Pedestrian,None,None (No Improper Action),NonTrafficway Area,No,Suspected Minor Injury,None,39.20260479,-77.24906207,"(39.20260479, -77.24906207)"
MCP3174003W,230013623,Montgomery County Police,Injury Crash,03/21/2023 06:56:00 AM,County,ROTHBURY DR,ARROWHEAD RD,,N/A,PEDESTRIAN,SINGLE VEHICLE,CLEAR,DRY,DARK LIGHTS ON,STOP SIGN,NONE DETECTED,NONE DETECTED,6BF906CF-4C47-4664-B92E-3A2FDE261AAB,PEDESTRIAN,Cross/Enter at Intersection,NO IMPROPER ACTIONS,ON ROADWAY AT CROSSWALK,No,POSSIBLE INJURY,N/A,39.18499833,-77.193835,"(39.18499833, -77.193835)"
MCP320000D0,240038575,MONTGOMERY,Injury Crash,08/15/2024 02:10:00 PM,,,,Driveway        IN DRIVEWAY OF 3 POOKS HILL RD,,Pedestrian,Single Vehicle,Clear,,Daylight,,"Not Suspect of Alcohol Use, Not Suspect of Drug Use","Not Suspect of Alcohol Use, Not Suspect of Drug Use",1E6F1013-49A0-4731-B200-C44F79FD906B,Pedestrian,Standing,None (No Improper Action),Other,No,Possible Injury,None,39.01429389,-77.10458823,"(39.01429389, -77.10458823)"
MCP20430017,180005960,Montgomery County Police,Injury Crash,02/03/2018 11:34:00 PM,County,SHADY GROVE RD,FREDERICK RD,,N/A,PEDESTRIAN,OTHER,CLOUDY,DRY,DARK LIGHTS ON,TRAFFIC SIGNAL,UNKNOWN,ALCOHOL CONTRIBUTED,FD84F367-82AD-4B10-9448-F20CE56572FA,PEDESTRIAN,Cross/Enter at Intersection,FAILURE TO OBEY TRAFFIC SIGNS SIGNALS OR OFFICER,ON ROADWAY AT CROSSWALK,Yes,SUSPECTED MINOR INJURY,NONE,39.12214167,-77.17762833,"(39.12214167, -77.17762833)"
EJ7882000T,200047878,Gaithersburg Police Depar,Injury Crash,12/04/2020 09:17:00 PM,Municipality,FIRSTFIELD RD,CLOPPER RD,,N/A,PEDESTRIAN,OTHER,RAINING,WET,DARK LIGHTS ON,TRAFFIC SIGNAL,NONE DETECTED,NONE DETECTED,CAE12915-A09D-4C34-B906-F6FFC7C9C598,PEDESTRIAN,Other,IMPROPER PASSING,ON ROADWAY NOT AT CROSSWALK,Yes,SUSPECTED SERIOUS INJURY,NONE,39.14356652,-77.22390541,"(39.14356652, -77.22390541)"
MCP24550078,240036664,MONTGOMERY,Injury Crash,08/03/2024 07:36:00 PM,,,,Parking Lot Way        PARKING LOT OF 12268 ROCKVILLE PIKE,,Pedestrian,Single Vehicle,Rain,,Daylight,,"Not Suspect of Alcohol Use, Not Suspect of Drug Use","Not Suspect of Alcohol Use, Not Suspect of Drug Use",2ED06CC3-B7CF-4DED-9F0A-CF810DCA77CA,Pedestrian,Other,None (No Improper Action),Other,No,Possible Injury,None,39.05723327,-77.1229836,"(39.05723327, -77.1229836)"
MCP2853004V,180024617,Montgomery County Police,Injury Crash,05/19/2018 05:20:00 PM,Maryland (State),NEW HAMPSHIRE AVE,OAKVIEW DR,,N/A,PEDESTRIAN,N/A,RAINING,WET,DAYLIGHT,TRAFFIC SIGNAL,N/A,N/A,C5DD71BA-B2A5-415D-A902-EE6E2101321C,PEDESTRIAN,Cross/Enter at Intersection,NO IMPROPER ACTIONS,AT INTERSECTION MARKED CROSSWALK,No,POSSIBLE INJURY,N/A,39.01529919,-76.97792888,"(39.01529919, -76.97792888)"
MCP2969007J,190053293,Montgomery County Police,Injury Crash,11/05/2019 02:39:00 PM,,,,PARKING LOT OF 3305 NORTH LEISURE WORLD BLVD,,PEDESTRIAN,SINGLE VEHICLE,CLEAR,,DAYLIGHT,NO CONTROLS,NONE DETECTED,NONE DETECTED,E09132AA-3049-4B33-B44B-1D188B386816,PEDESTRIAN,Other,NO IMPROPER ACTIONS,OTHER,No,SUSPECTED MINOR INJURY,LIGHTING,39.10942167,-77.06457833,"(39.10942167, -77.06457833)"
MCP26800035,190019036,Montgomery County Police,Injury Crash,04/23/2019 04:45:00 PM,,,,PARKING GARAGE AT 921 WAYNE AVE.,,PEDESTRIAN,STRAIGHT MOVEMENT ANGLE,CLEAR,,DAYLIGHT,NO CONTROLS,NONE DETECTED,NONE DETECTED,BDA5B94C-8C48-41BF-9252-1FD957492D25,PEDESTRIAN,Walking/Riding against Traffic,FAILURE TO YIELD RIGHT OF WAY,OTHER,Yes,POSSIBLE INJURY,NONE,38.99089167,-77.02346667,"(38.99089167, -77.02346667)"
MCP2936002F,180026043,Montgomery County Police,Injury Crash,05/27/2018 03:58:00 PM,,,,"DRIVEWAY/SIDEWALK AT 11700 PARKLAWN DR ROCKVILLE, MD 20852",,BICYCLIST,STRAIGHT MOVEMENT ANGLE,CLEAR,,DAYLIGHT,NO CONTROLS,NONE DETECTED,NONE DETECTED,E88FD6CB-FC03-4305-9F43-0D4598E431DF,BICYCLIST,Cross/Enter at Intersection,INATTENTIVE,SIDEWALK,Yes,POSSIBLE INJURY,NONE,39.04661086,-77.10318401,"(39.04661086, -77.10318401)"
MCP3044006Z,240001036,MONTGOMERY,Injury Crash,01/07/2024 04:46:00 PM,,,,Parking Lot Way        PARKING LOT NEAR 13813 OUTLET DRIVE,,Pedestrian,Unknown,Clear,,Other,,"Not Suspect of Alcohol Use, Not Suspect of Drug Use","Not Suspect of Alcohol Use, Not Suspect of Drug Use",1691E58A-9F00-472C-B1BE-9DABA7B644C2,Pedestrian,Cross/Enter Not at Intersection,Failure to Yield Right-Of-Way,Travel Lane Other Location,No,Suspected Minor Injury,None,39.08215477,-76.94603117,"(39.08215477, -76.94603117)"
MCP3138000C,180047959,Montgomery County Police,Injury Crash,09/25/2018 07:21:00 PM,Maryland (State),NEW HAMPSHIRE AVE,WOLF DR,,N/A,BICYCLIST,HEAD ON LEFT TURN,CLEAR,DRY,DARK LIGHTS ON,TRAFFIC SIGNAL,N/A,N/A,14A6E42B-DB40-497C-8D11-FC32E65CAA4F,BICYCLIST,Cross/Enter at Intersection,NOT VISIBLE,AT INTERSECTION MARKED CROSSWALK,Yes,POSSIBLE INJURY,NONE,39.07321652,-77.00261479,"(39.07321652, -77.00261479)"
MCP2559001G,16053346,Montgomery County Police,Fatal Crash,10/17/2016 11:28:00 AM,Government,LITTLE FALLS PKWY,ARLINGTON RD,,N/A,BICYCLIST,STRAIGHT MOVEMENT ANGLE,CLEAR,DRY,DAYLIGHT,OTHER,N/A,N/A,90F79E40-AFCC-4EDB-962E-D3A1CCA60003,BICYCLIST,Unknown,UNKNOWN,ON ROADWAY AT CROSSWALK,Unknown,FATAL INJURY,MC/BIKE HELMET,38.97339908,-77.10130244,"(38.97339908, -77.10130244)"
DM83740019,17012288,Takoma Park Police Depart,Injury Crash,03/08/2017 07:57:00 PM,,,,WALGREENS PARKING LOT,,PEDESTRIAN,OTHER,CLEAR,,DARK LIGHTS ON,N/A,N/A,N/A,DA5D8202-BFE7-4AA2-9C8C-9F784A37F4B6,PEDESTRIAN,Other,DART DASH,OTHER,Yes,POSSIBLE INJURY,N/A,38.98760333,-76.98608,"(38.98760333, -76.98608)"
MCP2286002R,190049826,Montgomery County Police,Injury Crash,10/17/2019 03:05:00 PM,Maryland (State),ROCKVILLE PIKE,TWINBROOK PKWY,,ROCKVILLE,BICYCLIST,ANGLE MEETS RIGHT TURN,CLEAR,DRY,DAYLIGHT,TRAFFIC SIGNAL,NONE DETECTED,NONE DETECTED,F0BBEC2A-B3F1-4080-B838-8490FE8DAAD2,BICYCLIST,Cross/Enter at Intersection,NO IMPROPER ACTIONS,ON ROADWAY AT CROSSWALK,No,SUSPECTED MINOR INJURY,NONE,39.05912167,-77.12124667,"(39.05912167, -77.12124667)"
MCP31240059,220011029,Montgomery County Police,Injury Crash,03/14/2022 06:50:00 AM,Maryland (State),CONNECTICUT AVE,DENFELD AVE,,N/A,PEDESTRIAN,OTHER,UNKNOWN,UNKNOWN,UNKNOWN,TRAFFIC SIGNAL,UNKNOWN,UNKNOWN,67FA9191-6885-4E7F-AEEC-FA2F850AE28B,PEDESTRIAN,Cross/Enter at Intersection,NO IMPROPER ACTIONS,ON ROADWAY AT CROSSWALK,No,POSSIBLE INJURY,N/A,39.03879422,-77.0755839,"(39.03879422, -77.0755839)"
MCP0036009Q,190017542,Montgomery County Police,Injury Crash,04/15/2019 07:27:00 AM,County,FATHER HURLEY BLVD,WATERS LANDING DR,,N/A,PEDESTRIAN,SINGLE VEHICLE,RAINING,WET,DAWN,TRAFFIC SIGNAL,NONE DETECTED,NONE DETECTED,3C4EA7A0-5A69-444D-AABD-88C98BD51935,PEDESTRIAN,Cross/Enter at Intersection,NO IMPROPER ACTIONS,ON ROADWAY AT CROSSWALK,No,SUSPECTED MINOR INJURY,NONE,39.19164667,-77.272205,"(39.19164667, -77.272205)"
MCP3173000K,190025858,Montgomery County Police,Injury Crash,06/12/2019 07:14:00 AM,County,BRUNETT AVE,UNIVERSITY BLVD W,,N/A,PEDESTRIAN,OTHER,CLEAR,DRY,DAWN,STOP SIGN,NONE DETECTED,NONE DETECTED,44066F0D-5FAB-4952-83E0-5E469BEFE405,PEDESTRIAN,Cross/Enter at Intersection,NO IMPROPER ACTIONS,ON ROADWAY AT CROSSWALK,No,NO APPARENT INJURY,N/A,39.0229374,-77.01688638,"(39.0229374, -77.01688638)"
MCP2939007Q,250022932,MONTGOMERY,Injury Crash,05/23/2025 07:05:00 PM,County Route,NEWCUT RD,SNOWDEN FARM PKW (WB/L)Y,,,Cyclist (non-electric),Single Vehicle,Clear,Dry,Daylight,Traffic Control Signal,"Not Suspect of Alcohol Use, Not Suspect of Drug Use","Unknown, Unknown",B592A5CD-7C5C-4140-A53A-7484ECE35666,Cyclist (non-electric),Cross/Enter at Intersection,"Failure to Obey Traffic Signs, Signals, or Officer, Inattentive (Talking, Eating, etc.), Other",Intersection Other,Yes,Suspected Minor Injury,None,39.22833993,-77.2501832,"(39.22833993, -77.2501832)"
MCP2450001V,180021979,Montgomery County Police,Injury Crash,05/04/2018 07:25:00 PM,County,E WAYNE AVE,FLOWER AVE,,N/A,PEDESTRIAN,OTHER,N/A,N/A,N/A,TRAFFIC SIGNAL,NONE DETECTED,NONE DETECTED,476057D2-31F5-4594-88F1-3A87231BC64E,PEDESTRIAN,Cross/Enter at Intersection,INATTENTIVE,ON ROADWAY AT CROSSWALK,Yes,POSSIBLE INJURY,N/A,39.00291904,-77.00545907,"(39.00291904, -77.00545907)"
MCP29730009,15020978,Montgomery County Police,Injury Crash,05/03/2015 12:00:00 AM,Maryland (State),GEORGIA AVE,UNIVERSITY BLVD W,,N/A,BICYCLIST,STRAIGHT MOVEMENT ANGLE,CLEAR,DRY,DARK LIGHTS ON,NO CONTROLS,NONE DETECTED,NONE DETECTED,09D8C04D-DFC5-47B0-A49A-A12235F568DC,BICYCLIST,Walking/Riding against Traffic,NO IMPROPER ACTIONS,SIDEWALK,,POSSIBLE INJURY,NONE,39.04195667,-77.051715,"(39.04195667, -77.051715)"
MCP25630009,15064811,MONTGOMERY,Injury Crash,12/18/2015 07:09:00 PM,County,E RANDOLPH RD,SERPENTINE WAY,,N/A,PEDESTRIAN,SINGLE VEHICLE,CLEAR,DRY,DARK LIGHTS ON,TRAFFIC SIGNAL,NONE DETECTED,UNKNOWN,32215F20-D5E7-4FC6-A6F3-2A5F44713AD0,PEDESTRIAN,Unknown,UNKNOWN,ON ROADWAY NOT AT CROSSWALK,Unknown,SUSPECTED SERIOUS INJURY,NONE,39.06437221,-76.96906283,"(39.06437221, -76.96906283)"
DD5635003M,210016780,Rockville Police Departme,Injury Crash,05/04/2021 06:02:00 PM,Maryland (State),FREDERICK RD,KING FARM BLVD,,ROCKVILLE,PEDESTRIAN,OTHER,RAINING,WET,DAYLIGHT,TRAFFIC SIGNAL,NONE DETECTED,NONE DETECTED,0B58A4EF-0DE4-4055-9EF0-E117667AFBB8,PEDESTRIAN,Cross/Enter at Intersection,NO IMPROPER ACTIONS,ON ROADWAY AT CROSSWALK,No,SUSPECTED MINOR INJURY,NONE,39.11712167,-77.1688005,"(39.11712167, -77.1688005)"
MCP1220004H,16059430,Montgomery County Police,Injury Crash,11/18/2016 02:33:00 PM,,,,"9500 GEORGIA AVE (DRIVEWAY)
SILVER SPRING, MD 20910",,PEDESTRIAN,SINGLE VEHICLE,CLEAR,,DAYLIGHT,N/A,,NONE DETECTED,5938C8FF-57B6-470C-8C09-6D81EA018D01,PEDESTRIAN,Standing,NO IMPROPER ACTIONS,OTHER,No,POSSIBLE INJURY,NONE,39.01030833,-77.04112167,"(39.01030833, -77.04112167)"
MCP3045000J,170515506,Montgomery County Police,Injury Crash,06/24/2017 06:46:00 AM,Maryland (State),BRADLEY BLVD,EWING DR,,N/A,BICYCLIST,HEAD ON LEFT TURN,CLEAR,WET,DAYLIGHT,NO CONTROLS,NONE DETECTED,NONE DETECTED,232C0DF9-EDC2-46B4-B6AD-09746ADBB467,BICYCLIST,Cross/Enter at Intersection,N/A,SHARED USE PATH OR TRAILS,No,SUSPECTED SERIOUS INJURY,MC/BIKE HELMET,38.99439758,-77.12325096,"(38.99439758, -77.12325096)"
MCP3059003X,190044082,Montgomery County Police,Injury Crash,09/14/2019 07:26:00 PM,Maryland (State),GEORGIA AVE,ASPEN HILL RD,,N/A,"BICYCLIST, PEDESTRIAN",OTHER,CLEAR,DRY,DARK LIGHTS ON,N/A,NONE DETECTED,UNKNOWN,66C35216-EEFC-4E73-89D4-B93BCF8D546A,PEDESTRIAN,Walking/Cycling on Sidewalk,NO IMPROPER ACTIONS,SIDEWALK,No,NO APPARENT INJURY,UNKNOWN,39.080315,-77.07443833,"(39.080315, -77.07443833)"
HA24010008,15000376,Maryland-National Capital,Property Damage Crash,05/01/2015 12:18:00 PM,County,CEDAR LA,BEACH DR,,N/A,BICYCLIST,STRAIGHT MOVEMENT ANGLE,CLEAR,DRY,DAYLIGHT,TRAFFIC SIGNAL,NONE DETECTED,NONE DETECTED,B44B8975-1953-44C1-8800-71B9777E46DB,BICYCLIST,Cross/Enter at Intersection,NO IMPROPER ACTIONS,N/A,,NO APPARENT INJURY,MC/BIKE HELMET,39.01238567,-77.09093034,"(39.01238567, -77.09093034)"
MCP1227001P,220036787,Montgomery County Police,Fatal Crash,08/25/2022 04:05:00 PM,Maryland (State),RIVER RD,ENT TO KENWOOD STATION SHOP CTR,,N/A,BICYCLIST,SAME DIRECTION RIGHT TURN,CLEAR,DRY,DAYLIGHT,N/A,NONE DETECTED,NONE DETECTED,3BD5516B-B100-43A7-9AD9-FF5F8AC80D01,BICYCLIST,Walking/Riding w/Traffic,UNKNOWN,IN BIKEWAY,No,FATAL INJURY,MC/BIKE HELMET,38.965561,-77.104774,"(38.965561, -77.104774)"
MCP3121003L,200036654,Montgomery County Police,Injury Crash,09/18/2020 06:07:00 PM,,,,PARKING LOT IFO 19218 MONTGOMERY VILLAGE AVE,,PEDESTRIAN,OTHER,CLEAR,,DAYLIGHT,NO CONTROLS,NONE DETECTED,NONE DETECTED,1431735F-024A-4272-B7EF-DAB0B9AFC531,PEDESTRIAN,Standing,NO IMPROPER ACTIONS,OTHER,No,POSSIBLE INJURY,NONE,39.172195,-77.204985,"(39.172195, -77.204985)"
MCP3039003H,190004175,Montgomery County Police,Injury Crash,02/02/2019 08:13:00 PM,Maryland (State),OLD GEORGETOWN RD,RAMP 5 FR MD 187 SB TO RAMP 4 (TO IS495),,N/A,BICYCLIST,STRAIGHT MOVEMENT ANGLE,CLEAR,DRY,DARK LIGHTS ON,TRAFFIC SIGNAL,NONE DETECTED,NONE DETECTED,BCDE5E5A-B48A-4322-A771-E96F98364626,BICYCLIST,Cross/Enter at Intersection,IN ROADWAY IMPROPERLY,ON ROADWAY NOT AT CROSSWALK,Yes,SUSPECTED MINOR INJURY,MC/BIKE HELMET,39.0151414,-77.11881767,"(39.0151414, -77.11881767)"
EJ7781000P,16030830,Gaithersburg Police Depar,Injury Crash,06/18/2016 10:30:00 AM,County,QUINCE ORCHARD RD,DARNESTOWN RD,,N/A,PEDESTRIAN,OTHER,CLEAR,DRY,DAYLIGHT,TRAFFIC SIGNAL,N/A,NONE DETECTED,9D769455-1D36-4F8A-A48B-E8743CAC27A4,PEDESTRIAN,Cross/Enter at Intersection,FAILURE TO OBEY TRAFFIC SIGNS SIGNALS OR OFFICER,ON ROADWAY AT CROSSWALK,Yes,SUSPECTED SERIOUS INJURY,NONE,39.11792704,-77.25259647,"(39.11792704, -77.25259647)"
MCP3086006J,220011438,Montgomery County Police,Injury Crash,03/17/2022 06:45:00 AM,County,SNOUFFERS SCHOOL RD,WOODFIELD RD,,N/A,PEDESTRIAN,SINGLE VEHICLE,RAINING,WET,DAWN,NO CONTROLS,UNKNOWN,NONE DETECTED,9B12B793-39AF-48C4-A554-0DE0B3569509,PEDESTRIAN,Unknown,UNKNOWN,ON ROADWAY AT CROSSWALK,No,SUSPECTED MINOR INJURY,UNKNOWN,39.16204046,-77.16521098,"(39.16204046, -77.16521098)"
EJ7858006M,220012484,Gaithersburg Police Depar,Injury Crash,03/23/2022 08:59:00 AM,County,MUDDY BRANCH RD,WEST SIDE DR,,GAITHERSBURG,PEDESTRIAN,OTHER,CLEAR,DRY,DAYLIGHT,TRAFFIC SIGNAL,NONE DETECTED,NONE DETECTED,4738D6A8-F5A6-428E-AC99-EEF42A8FDCFB,PEDESTRIAN,Cross/Enter at Intersection,FAILURE TO OBEY TRAFFIC SIGNS SIGNALS OR OFFICER,ON ROADWAY AT CROSSWALK,Yes,SUSPECTED MINOR INJURY,N/A,39.12923731,-77.20806466,"(39.12923731, -77.20806466)"
MCP3386001V,240053154,MONTGOMERY,Injury Crash,11/05/2024 05:02:00 PM,County Route,,BETHESDA AVE,,,Pedestrian,Single Vehicle,Clear,Dry,Dusk,Traffic Control Signal,"Not Suspect of Alcohol Use, Not Suspect of Drug Use","Not Suspect of Alcohol Use, Not Suspect of Drug Use",49D5A8E2-10F3-49DF-9830-998644D6407C,Pedestrian,Cross/Enter at Intersection,None (No Improper Action),Intersection Marked Crosswalk,No,Suspected Serious Injury,None,38.98098467,-77.0983515,"(38.98098467, -77.0983515)"
MCP25830032,230024116,Montgomery County Police,Injury Crash,05/19/2023 07:05:00 PM,County,JERUSALEM RD,JERUSALEM CHURCH RD,,N/A,BICYCLIST,STRAIGHT MOVEMENT ANGLE,CLEAR,N/A,DAYLIGHT,STOP SIGN,NONE DETECTED,NONE DETECTED,221B26CC-7D06-41B1-9C6A-9AB52EF053B8,BICYCLIST,Cross/Enter at Intersection,FAILURE TO OBEY TRAFFIC SIGNS SIGNALS OR OFFICER,OUTSIDE RIGHT OF WAY,Yes,POSSIBLE INJURY,MC/BIKE HELMET,39.1592876,-77.40643573,"(39.1592876, -77.40643573)"
MCP3113003H,210049437,Montgomery County Police,Injury Crash,12/06/2021 06:00:00 AM,Maryland (State),NEW HAMPSHIRE AVE,LOCKWOOD DR,,N/A,PEDESTRIAN,OTHER,N/A,DRY,DARK LIGHTS ON,TRAFFIC SIGNAL,N/A,N/A,0488ED39-C216-431B-BC99-5898A9A2E4F6,PEDESTRIAN,Cross/Enter at Intersection,DART DASH,ON ROADWAY AT CROSSWALK,Yes,POSSIBLE INJURY,NONE,39.03981379,-76.99059636,"(39.03981379, -76.99059636)"
DD5631004T,230017911,Rockville Police Departme,Injury Crash,04/15/2023 12:05:00 AM,Municipality,BOUIC AVE,CHAPMAN AVE,,ROCKVILLE,PEDESTRIAN,OTHER,CLEAR,DRY,DARK LIGHTS ON,STOP SIGN,NONE DETECTED,NONE DETECTED,ADE92689-343C-49AE-8976-6F866F9CF82D,PEDESTRIAN,Cross/Enter at Intersection,NO IMPROPER ACTIONS,AT INTERSECTION MARKED CROSSWALK,No,POSSIBLE INJURY,NONE,39.06121417,-77.120909,"(39.06121417, -77.120909)"
DD5665002X,240061190,ROCKVILLE,Injury Crash,12/22/2024 05:15:00 PM,Municipality Route,CONGRESSIONAL LA,,,,Pedestrian,Single Vehicle,Clear,Dry,Dark - Lighted,Traffic Control Signal,"Not Suspect of Alcohol Use, Not Suspect of Drug Use","Not Suspect of Alcohol Use, Not Suspect of Drug Use",2E09FDCB-5DAF-46DD-B11E-4FC1E3334CE1,Pedestrian,Cross/Enter at Intersection,None (No Improper Action),Intersection Marked Crosswalk,No,Possible Injury,None,39.06430406,-77.12615551,"(39.06430406, -77.12615551)"