Report Number,Local Case Number,Agency Name,ACRS Report Type,Crash Date/Time,Route Type,Road Name,Cross-Street Name,Off-Road Description,Municipality,Related Non-Motorist,Collision Type,Weather,Surface Condition,Light,Traffic Control,Driver Substance Abuse,Non-Motorist Substance Abuse,Person ID,Pedestrian Type,Pedestrian Movement,Pedestrian Actions,Pedestrian Location,At Fault,Injury Severity,Safety Equipment,Latitude,Longitude,Location
MCP3192003K,230001594,Montgomery County Police,Injury Crash,01/10/2023 08:02:00 PM,,,,PARKING LOT OF 12222 VEIRS MILL ROAD,,PEDESTRIAN,SINGLE VEHICLE,CLEAR,,DARK LIGHTS ON,NO CONTROLS,NONE DETECTED,NONE DETECTED,FE89AA6D-C79F-4C92-9254-64E8476CE848,PEDESTRIAN,Other,NO IMPROPER ACTIONS,OTHER,No,SUSPECTED MINOR INJURY,NONE,39.05735867,-77.08101134,"(39.05735867, -77.08101134)"
MCP93650030,240061856,MONTGOMERY,Injury Crash,12/28/2024 08:36:00 AM,Maryland (State) Route,NEW HAMPSHIRE AVE,,,,Pedestrian,Single Vehicle,Rain,Wet,Daylight,No Controls,"Not Suspect of Alcohol Use, Not Suspect of Drug Use","Not Suspect of Alcohol Use, Not Suspect of Drug Use",EABC1B0D-DCA2-4167-8A58-0221E4A81BEF,Pedestrian,Cross/Enter Not at Intersection,"In Roadway Improperly (Standing, Lying, Working, Playing)",Other,Yes,Suspected Minor Injury,None,39.03913726,-76.99025917,"(39.03913726, -76.99025917)"
MCP229800LT,180059934,Montgomery County Police,Injury Crash,11/30/2018 03:48:00 PM,,,,PARKING LOT OF 26004 BRIGADIER PLACE,,OTHER,SINGLE VEHICLE,CLEAR,,N/A,NO CONTROLS,NONE DETECTED,NONE DETECTED,C085A63B-4CAF-4A45-A67B-9EEC1752DA87,OTHER,N/A,NO IMPROPER ACTIONS,N/A,No,NO APPARENT INJURY,N/A,39.28291042,-77.20547411,"(39.28291042, -77.20547411)"
MCP2944000J,15025733,Montgomery County Police,Injury Crash,05/28/2015 03:47:00 PM,Maryland (State),WISCONSIN AVE,SOMERSET TERRACE,,N/A,OTHER,SINGLE VEHICLE,CLEAR,DRY,DAYLIGHT,NO CONTROLS,NONE DETECTED,NONE DETECTED,08833B13-6208-462B-A281-E7AC1E186EFC,OTHER,N/A,NO IMPROPER ACTIONS,N/A,,NO APPARENT INJURY,NONE,38.96594913,-77.08818644,"(38.96594913, -77.08818644)"
MCP30020034,190004857,Montgomery County Police,Injury Crash,01/31/2019 08:34:00 AM,Maryland (State),BRADLEY BLVD,CROSSOVER,,N/A,PEDESTRIAN,OTHER,CLEAR,DRY,DAYLIGHT,FLASHING TRAFFIC SIGNAL,NONE DETECTED,NONE DETECTED,55C895EC-FF43-4F77-88CD-500F43FF5772,PEDESTRIAN,Cross/Enter not at Intersection,NO IMPROPER ACTIONS,ON ROADWAY AT CROSSWALK,No,SUSPECTED SERIOUS INJURY,NONE,38.97831917,-77.09415067,"(38.97831917, -77.09415067)"
MCP3038005R,220014558,Montgomery County Police,Property Damage Crash,04/05/2022 08:18:00 PM,US (State),GEORGIA AVE,THAYER AVE,,N/A,BICYCLIST,OTHER,RAINING,WET,DARK LIGHTS ON,TRAFFIC SIGNAL,NONE DETECTED,NONE DETECTED,65168208-9834-4331-A4F6-BC73683D2D1A,BICYCLIST,Cross/Enter at Intersection,FAILURE TO YIELD RIGHT OF WAY,AT INTERSECTION BUT NO CROSSWALK,Yes,NO APPARENT INJURY,NONE,38.99290105,-77.02658158,"(38.99290105, -77.02658158)"
MCP2656000P,15038518,MONTGOMERY,Injury Crash,08/03/2015 06:13:00 PM,County,CASTLE BLVD,TEAGARDEN CIR,,N/A,PEDESTRIAN,OTHER,N/A,DRY,DAYLIGHT,NO CONTROLS,N/A,NONE DETECTED,2165E869-7993-4B45-8C3D-6F6BD0C2F841,PEDESTRIAN,Cross/Enter not at Intersection,INATTENTIVE,OTHER,Yes,NO APPARENT INJURY,NONE,39.10616167,-76.91625667,"(39.10616167, -76.91625667)"
MCP3011001W,170538367,Montgomery County Police,Injury Crash,10/23/2017 05:02:00 PM,Maryland (State),BRADLEY BLVD,RAYBURN RD,,N/A,BICYCLIST,STRAIGHT MOVEMENT ANGLE,CLEAR,N/A,DAYLIGHT,TRAFFIC SIGNAL,NONE DETECTED,NONE DETECTED,7838D842-AD2B-402D-9EEA-69FA73AFF9B1,BICYCLIST,Cross/Enter at Intersection,NO IMPROPER ACTIONS,SHOULDER,No,SUSPECTED MINOR INJURY,MC/BIKE HELMET,38.99330333,-77.12057667,"(38.99330333, -77.12057667)"
MCP31210043,210019391,Montgomery County Police,Injury Crash,05/22/2021 06:42:00 PM,,,,IFO 1514 TANYARD HILL ROAD GAITHERSBURG MD,,BICYCLIST,SINGLE VEHICLE,CLEAR,,DAYLIGHT,NO CONTROLS,NONE DETECTED,NONE DETECTED,68DAD175-49CD-44A1-8B34-0E7C89E9A08F,BICYCLIST,Playing,NO IMPROPER ACTIONS,OTHER,No,POSSIBLE INJURY,PROTECTIVE PADS,39.16037857,-77.21167762,"(39.16037857, -77.21167762)"
DD56060050,190005833,Rockville Police Departme,Injury Crash,02/06/2019 01:08:00 AM,Maryland (State),ROCKVILLE PIKE,MONROE PL,,ROCKVILLE,PEDESTRIAN,SINGLE VEHICLE,N/A,DRY,DARK LIGHTS ON,TRAFFIC SIGNAL,UNKNOWN,ALCOHOL PRESENT,1A1B8BB8-ABA5-4BD6-83C7-820C78854DFE,PEDESTRIAN,Cross/Enter at Intersection,UNKNOWN,ON ROADWAY NOT AT CROSSWALK,Unknown,POSSIBLE INJURY,NONE,39.10505743,-77.34341991,"(39.10505743, -77.34341991)"
MCP3084005N,220011965,Montgomery County Police,Injury Crash,03/20/2022 08:27:00 AM,Maryland (State),ROCKVILLE PIKE,NORTH DR,,N/A,BICYCLIST,OTHER,CLEAR,DRY,DAYLIGHT,TRAFFIC SIGNAL,NONE DETECTED,NONE DETECTED,B2D0B4E9-94A8-4F15-A116-FF82E331806D,BICYCLIST,Cross/Enter at Intersection,NO IMPROPER ACTIONS,ON ROADWAY AT CROSSWALK,No,POSSIBLE INJURY,MC/BIKE HELMET,39.00444667,-77.09720167,"(39.00444667, -77.09720167)"
MCP2919001H,16021979,Montgomery County Police,Injury Crash,05/04/2016 07:03:00 AM,County,FENWICK LA,SECOND AVE,,N/A,PEDESTRIAN,OTHER,CLEAR,DRY,DAYLIGHT,STOP SIGN,NONE DETECTED,NONE DETECTED,522EBCA0-C842-4DE3-BF9D-8345A852F0E1,PEDESTRIAN,Cross/Enter at Intersection,NO IMPROPER ACTIONS,ON ROADWAY AT CROSSWALK,No,SUSPECTED MINOR INJURY,N/A,38.99726833,-77.03342667,"(38.99726833, -77.03342667)"
EJ7851004R,190047966,Gaithersburg Police Depar,Injury Crash,10/06/2019 02:51:00 PM,Maryland (State),FREDERICK RD,MARYLAND AVE,,GAITHERSBURG,PEDESTRIAN,SINGLE VEHICLE,CLOUDY,DRY,DAYLIGHT,NO CONTROLS,NONE DETECTED,NONE DETECTED,257DF127-10F0-4697-B21E-2CE00D0F737D,PEDESTRIAN,Standing,N/A,ON ROADWAY NOT AT CROSSWALK,Yes,POSSIBLE INJURY,NONE,39.14538076,-77.20329128,"(39.14538076, -77.20329128)"
MCP2991005L,210029237,Montgomery County Police,Injury Crash,07/28/2021 11:51:00 AM,County,QUEEN ELIZABETH DR,HERITAGE HILLS DR,,N/A,BICYCLIST,STRAIGHT MOVEMENT ANGLE,CLEAR,DRY,DAYLIGHT,STOP SIGN,NONE DETECTED,NONE DETECTED,D0F9D303-6402-4F15-8692-282A4D54CE12,BICYCLIST,Cross/Enter at Intersection,UNKNOWN,ON ROADWAY NOT AT CROSSWALK,Unknown,POSSIBLE INJURY,MC/BIKE HELMET,39.16176683,-77.0710375,"(39.16176683, -77.0710375)"
MCP26770014,170515744,Montgomery County Police,Injury Crash,06/25/2017 10:02:00 PM,County,SCENERY DR,FREDERICK RD,,N/A,BICYCLIST,STRAIGHT MOVEMENT ANGLE,CLEAR,N/A,DARK LIGHTS ON,STOP SIGN,N/A,N/A,D10CAD68-7BB1-4040-9FC0-A2BA7537D10D,BICYCLIST,Cross/Enter at Intersection,IN ROADWAY IMPROPERLY,AT INTERSECTION MARKED CROSSWALK,Yes,SUSPECTED MINOR INJURY,NONE,39.17546992,-77.23792076,"(39.17546992, -77.23792076)"
MCP2608005D,230067146,Montgomery County Police,Injury Crash,11/18/2023 07:14:00 PM,Maryland (State),PINEY BRANCH RD,FLOWER AVE,,N/A,PEDESTRIAN,OTHER,CLEAR,DRY,DARK LIGHTS ON,NO CONTROLS,NONE DETECTED,ALCOHOL PRESENT,99682F4C-29D2-4B70-8D9D-DEA679255D26,PEDESTRIAN,Cross/Enter not at Intersection,NO IMPROPER ACTIONS,ON ROADWAY NOT AT CROSSWALK,Yes,POSSIBLE INJURY,N/A,38.99802893,-77.00402656,"(38.99802893, -77.00402656)"
MCP1123001D,16056831,Montgomery County Police,Injury Crash,11/04/2016 06:16:00 AM,Maryland (State),UNIVERSITY BLVD W,INWOOD AVE,,N/A,PEDESTRIAN,SINGLE VEHICLE,CLEAR,DRY,DARK LIGHTS ON,TRAFFIC SIGNAL,UNKNOWN,NONE DETECTED,02EB5EA1-D1E4-412C-A02A-DF3FB8C15212,PEDESTRIAN,Cross/Enter at Intersection,FAILURE TO YIELD RIGHT OF WAY,AT INTERSECTION MARKED CROSSWALK,Yes,SUSPECTED SERIOUS INJURY,NONE,39.03623167,-77.03778167,"(39.03623167, -77.03778167)"
MCP2559001D,16052620,Montgomery County Police,Injury Crash,10/13/2016 10:05:00 AM,Municipality,FIRSTFIELD RD,QUINCE ORCHARD RD,,N/A,BICYCLIST,OTHER,CLOUDY,DRY,DAYLIGHT,TRAFFIC SIGNAL,N/A,N/A,327A5FCA-5E79-4C50-8157-71413B2DBEC3,BICYCLIST,Cross/Enter at Intersection,FAILURE TO OBEY TRAFFIC SIGNS SIGNALS OR OFFICER,ON ROADWAY AT CROSSWALK,Yes,SUSPECTED MINOR INJURY,NONE,39.14509536,-77.21989363,"(39.14509536, -77.21989363)"
MCP1564004Y,200041970,Montgomery County Police,Injury Crash,10/24/2020 12:50:00 PM,Maryland (State),NEW HAMPSHIRE AVE,STONEGATE DR,,N/A,BICYCLIST,STRAIGHT MOVEMENT ANGLE,CLOUDY,DRY,DAYLIGHT,STOP SIGN,NONE DETECTED,NONE DETECTED,158952D7-CFCA-4205-B3CC-AC57BC1D1245,BICYCLIST,Cross/Enter at Intersection,NO IMPROPER ACTIONS,SHOULDER,No,POSSIBLE INJURY,MC/BIKE HELMET,39.09988988,-77.00380024,"(39.09988988, -77.00380024)"
MCP13500016,16064970,Montgomery County Police,Injury Crash,12/19/2016 07:56:00 AM,,,,PARKING LOT KINGSVIEW MIDDLE SCHOOL @ 16600 RAVEN ROCK DR,,PEDESTRIAN,OTHER,CLEAR,,DAYLIGHT,N/A,NONE DETECTED,N/A,A8F5654F-E5AF-4151-8152-C5226B78AC6C,PEDESTRIAN,Getting off/on Vehicle,ENTERING EXITING PARKED STANDING VEHICLE,OTHER,No,POSSIBLE INJURY,N/A,39.12687,-77.247905,"(39.12687, -77.247905)"
DD5594000P,15004227,Rockville Police Departme,Injury Crash,01/26/2015 06:25:00 PM,Municipality,MONROE ST,E JEFFERSON ST,,N/A,PEDESTRIAN,OTHER,SNOW,WET,DARK LIGHTS ON,TRAFFIC SIGNAL,NONE DETECTED,NONE DETECTED,B323E55E-FC12-48F0-94E8-D1747624025D,PEDESTRIAN,Cross/Enter at Intersection,NO IMPROPER ACTIONS,ON ROADWAY AT CROSSWALK,,POSSIBLE INJURY,N/A,39.082715,-77.15589167,"(39.082715, -77.15589167)"
MCP2996000B,16006181,Montgomery County Police,Injury Crash,02/05/2016 09:40:00 PM,Maryland (State),FREDERICK RD,NO NAME,,N/A,PEDESTRIAN,OTHER,CLEAR,DRY,DARK LIGHTS ON,NO CONTROLS,NONE DETECTED,UNKNOWN,F41117FE-B459-42CA-BD08-8F4BA41EAE79,PEDESTRIAN,Cross/Enter not at Intersection,DART DASH,ON ROADWAY NOT AT CROSSWALK,Yes,SUSPECTED MINOR INJURY,NONE,39.1230232,-77.17844144,"(39.1230232, -77.17844144)"
MCP2975003Z,210035389,Montgomery County Police,Injury Crash,09/09/2021 05:40:00 AM,Maryland (State),NORWOOD RD,EXCALIBER LA,,N/A,PEDESTRIAN,SINGLE VEHICLE,RAINING,WET,DARK NO LIGHTS,NO CONTROLS,NONE DETECTED,NONE DETECTED,D336DD3C-91A8-4F6F-9F36-867880BD54E2,PEDESTRIAN,Walking/Riding w/Traffic,IN ROADWAY IMPROPERLY,ON ROADWAY NOT AT CROSSWALK,Yes,SUSPECTED MINOR INJURY,NONE,39.13260667,-77.03050833,"(39.13260667, -77.03050833)"
DD5567001K,230068677,Rockville Police Departme,Property Damage Crash,11/28/2023 10:42:00 AM,Maryland (State),ROCKVILLE PIKE,CROSSOVER,,N/A,BICYCLIST,STRAIGHT MOVEMENT ANGLE,CLEAR,DRY,DAYLIGHT,N/A,NONE DETECTED,NONE DETECTED,535002E1-B74A-4441-91AB-45BBE12D17A6,BICYCLIST,Cross/Enter at Intersection,NO IMPROPER ACTIONS,ON ROADWAY NOT AT CROSSWALK,Yes,NO APPARENT INJURY,MC/BIKE HELMET,39.07178998,-77.13258698,"(39.07178998, -77.13258698)"
MCP2203000M,15005131,Montgomery County Police,Injury Crash,02/01/2015 06:55:00 AM,Maryland (State),GEORGIA AVE,PRICHARD RD,,N/A,PEDESTRIAN,STRAIGHT MOVEMENT ANGLE,N/A,DRY,DARK LIGHTS ON,OTHER,NONE DETECTED,NONE DETECTED,DE59E9AD-736C-4A0C-9C77-6A5D4507DDF3,PEDESTRIAN,Cross/Enter at Intersection,FAILURE TO OBEY TRAFFIC SIGNS SIGNALS OR OFFICER,AT INTERSECTION MARKED CROSSWALK,,SUSPECTED SERIOUS INJURY,NONE,39.03660833,-77.05022833,"(39.03660833, -77.05022833)"
MCP2861001K,15063868,MONTGOMERY,Injury Crash,12/14/2015 03:30:00 PM,County,BULLS RUN PKWY,ADELAIDE DR,,N/A,"BICYCLIST, OTHER",STRAIGHT MOVEMENT ANGLE,CLEAR,DRY,DAYLIGHT,NO CONTROLS,NONE DETECTED,NONE DETECTED,4328BEC6-CF99-43B2-9470-0B2E77B6BEBC,OTHER,Other,OTHER,OTHER,No,NO APPARENT INJURY,OTHER,39.00966378,-77.12620139,"(39.00966378, -77.12620139)"
MCP2767008M,200040705,Montgomery County Police,Injury Crash,10/15/2020 05:30:00 PM,,,,"ON SIDEWALK IN FRONT OF 2624 WEISMAN RD., SILVER SPRING MD",,BICYCLIST,STRAIGHT MOVEMENT ANGLE,CLEAR,,DAYLIGHT,NO CONTROLS,NONE DETECTED,NONE DETECTED,739CFF5E-8C0E-4242-BF2C-1F9941D85FE9,BICYCLIST,Walking/Cycling on Sidewalk,NO IMPROPER ACTIONS,SIDEWALK,No,POSSIBLE INJURY,NONE,39.05484033,-77.05692455,"(39.05484033, -77.05692455)"
MCP3066000G,170539702,Montgomery County Police,Injury Crash,10/29/2017 09:39:00 PM,County,NORFOLK AVE,DEL RAY AVE,,N/A,PEDESTRIAN,OTHER,RAINING,WET,DARK LIGHTS ON,STOP SIGN,N/A,N/A,D4F61C36-F290-4B7B-A5DF-480699E3B8CF,PEDESTRIAN,Cross/Enter at Intersection,IN ROADWAY IMPROPERLY,ON ROADWAY NOT AT CROSSWALK,Yes,SUSPECTED MINOR INJURY,N/A,38.98974,-77.09905667,"(38.98974, -77.09905667)"
MCP27760043,220048469,Montgomery County Police,Injury Crash,11/03/2022 05:00:00 PM,Maryland (State),OLNEY SANDY SPRING RD,VILLAGE CENTER DR,,N/A,PEDESTRIAN,STRAIGHT MOVEMENT ANGLE,CLEAR,DRY,DAYLIGHT,TRAFFIC SIGNAL,NONE DETECTED,NONE DETECTED,A40CDCAC-E12F-4CB6-BF42-0C67FF823C9C,PEDESTRIAN,Cross/Enter at Intersection,UNKNOWN,ON ROADWAY AT CROSSWALK,No,SUSPECTED SERIOUS INJURY,UNKNOWN,39.15211167,-77.06453,"(39.15211167, -77.06453)"
MCP3226000R,200031559,Montgomery County Police,Property Damage Crash,08/13/2020 04:33:00 PM,County,EDNOR RD,HAW LA,,N/A,OTHER,SINGLE VEHICLE,CLEAR,DRY,DAYLIGHT,NO CONTROLS,NONE DETECTED,UNKNOWN,7DF41EA2-86B5-470B-A706-8BD8AAEFC6C8,OTHER,Unknown,UNKNOWN,UNKNOWN,No,NO APPARENT INJURY,N/A,39.13754267,-76.980728,"(39.13754267, -76.980728)"
MCP28680025,17002469,Montgomery County Police,Injury Crash,01/14/2017 05:35:00 PM,County,RUGBY AVE,WOODMONT AVE,,N/A,PEDESTRIAN,OTHER,RAINING,WET,DARK LIGHTS ON,STOP SIGN,NONE DETECTED,NONE DETECTED,AA688BA9-38C4-41F9-91FC-72947ABFC0BF,PEDESTRIAN,Cross/Enter at Intersection,NO IMPROPER ACTIONS,AT INTERSECTION MARKED CROSSWALK,No,POSSIBLE INJURY,NONE,38.99130391,-77.09679902,"(38.99130391, -77.09679902)"
MCP2882000M,15004378,Montgomery County Police,Injury Crash,01/27/2015 06:54:00 PM,,,,20910 Frederick Rd. Germantown Montgomery County Maryaland. Roadway in front of the Walmart,,PEDESTRIAN,OTHER,CLEAR,,DARK LIGHTS ON,NO CONTROLS,NONE DETECTED,NONE DETECTED,7670AEB8-1B96-4719-BA4E-2BDDEE574A56,PEDESTRIAN,Cross/Enter not at Intersection,IN ROADWAY IMPROPERLY,ON ROADWAY NOT AT CROSSWALK,,SUSPECTED MINOR INJURY,N/A,39.19866333,-77.25179333,"(39.19866333, -77.25179333)"
MCP3077000G,170531385,Montgomery County Police,Injury Crash,09/18/2017 08:38:00 PM,County,CRYSTAL ROCK DR,GERMANTOWN RD,,N/A,PEDESTRIAN,STRAIGHT MOVEMENT ANGLE,CLEAR,DRY,DARK LIGHTS ON,NO CONTROLS,NONE DETECTED,N/A,B40402CC-8199-498D-830F-B8807469BFC3,PEDESTRIAN,Cross/Enter not at Intersection,IN ROADWAY IMPROPERLY,ON ROADWAY NOT AT CROSSWALK,Yes,SUSPECTED SERIOUS INJURY,NONE,39.17997976,-77.2614947,"(39.17997976, -77.2614947)"
DD5634000Z,180064599,Rockville Police Departme,Injury Crash,12/26/2018 06:00:00 PM,Maryland (State),HUNGERFORD DR,N WASHINGTON ST,,ROCKVILLE,PEDESTRIAN,OTHER,CLOUDY,DRY,DARK LIGHTS ON,TRAFFIC SIGNAL,NONE DETECTED,NONE DETECTED,FF9E8929-DF92-4282-8917-E26E3B421787,PEDESTRIAN,Cross/Enter at Intersection,NO IMPROPER ACTIONS,ON ROADWAY AT CROSSWALK,No,POSSIBLE INJURY,NONE,39.0920635,-77.15303667,"(39.0920635, -77.15303667)"
MCP26670027,16001316,Montgomery County Police,Injury Crash,01/08/2016 08:45:00 AM,,,,"PARKING LOT OF 8751 SNOUFFER SCHOOL RD 
(NEW PSTA)",,PEDESTRIAN,SINGLE VEHICLE,CLOUDY,,DAYLIGHT,NO CONTROLS,NONE DETECTED,NONE DETECTED,10CBDF7F-6B3A-4AD2-9BB6-2B22AA3F7C08,PEDESTRIAN,Standing,NO IMPROPER ACTIONS,OTHER,No,SUSPECTED MINOR INJURY,REFLECTIVE CLOTHING,39.171245,-77.17567,"(39.171245, -77.17567)"
MCP24280019,180043908,Montgomery County Police,Injury Crash,09/03/2018 09:35:00 AM,County,FISHER AVE,W WILLARD RD,,N/A,BICYCLIST,SAME DIR REAR END,CLEAR,DRY,DAYLIGHT,NO CONTROLS,UNKNOWN,NONE DETECTED,7563ABA2-8ECC-439C-B0C9-C21D5660EA86,BICYCLIST,Walking/Riding w/Traffic,NO IMPROPER ACTIONS,ON ROADWAY NOT AT CROSSWALK,No,SUSPECTED MINOR INJURY,MC/BIKE HELMET,39.1469928,-77.42542769,"(39.1469928, -77.42542769)"
MCP30690006,170530869,Montgomery County Police,Injury Crash,09/15/2017 10:37:00 PM,Maryland (State),RIVER RD,LANDY LA,,N/A,PEDESTRIAN,SINGLE VEHICLE,CLEAR,DRY,DARK LIGHTS ON,NO CONTROLS,NONE DETECTED,NONE DETECTED,053CD3E4-4C86-47E8-82C5-F79D9284F15A,PEDESTRIAN,Cross/Enter not at Intersection,NO IMPROPER ACTIONS,ON ROADWAY AT CROSSWALK,No,SUSPECTED SERIOUS INJURY,NONE,38.96464778,-77.10348845,"(38.96464778, -77.10348845)"
MCP24730004,15017267,Montgomery County Police,Property Damage Crash,04/13/2015 08:43:00 AM,County,OLNEY MILL RD,MT OLNEY LA,,N/A,OTHER,SINGLE VEHICLE,CLEAR,DRY,DAYLIGHT,N/A,N/A,N/A,A40B9701-4274-4757-9611-985037802365,OTHER,N/A,NO IMPROPER ACTIONS,N/A,,NO APPARENT INJURY,N/A,39.172903,-77.07902201,"(39.172903, -77.07902201)"
MCP2757000L,15022185,Montgomery County Police,Injury Crash,05/09/2015 10:07:00 PM,Maryland (State),VEIRS MILL RD,CLARIDGE RD,,N/A,BICYCLIST,HEAD ON LEFT TURN,N/A,N/A,DARK LIGHTS ON,TRAFFIC SIGNAL,UNKNOWN,NONE DETECTED,6C76793C-A639-4B42-B5A0-994C4FB0983D,BICYCLIST,Cross/Enter at Intersection,FAILURE TO OBEY TRAFFIC SIGNS SIGNALS OR OFFICER,ON ROADWAY AT CROSSWALK,,SUSPECTED MINOR INJURY,NONE,39.04842167,-77.06903167,"(39.04842167, -77.06903167)"
MCP22700049,240059409,MONTGOMERY,Property Damage Crash,12/11/2024 06:15:00 PM,County Route,RYLAND DR,OLD GEORGETOWN RD PARKING LOT CUT THRU CUT,,,Cyclist (non-electric),Single Vehicle,Clear,Dry,Dark - Unknown Lighting,Traffic Control Signal,"Not Suspect of Alcohol Use, Not Suspect of Drug Use","Not Suspect of Alcohol Use, Not Suspect of Drug Use",EE015B72-3B53-4C61-8875-4FD76B4D4E34,Cyclist (non-electric),Cross/Enter at Intersection,Unknown,Intersection Marked Crosswalk,No,No Apparent Injury,Helmet,39.01313635,-77.11712976,"(39.01313635, -77.11712976)"
MCP3358002Y,250018672,MONTGOMERY,Property Damage Crash,04/29/2025 10:55:00 AM,Local Route,PERRY AVE,CONNECTICUT AVE (SB/L),,,Cyclist (Electric),Single Vehicle,Clear,Dry,Daylight,Traffic Control Signal,"Not Suspect of Alcohol Use, Not Suspect of Drug Use","Not Suspect of Alcohol Use, Not Suspect of Drug Use",A30A69B6-D76C-4FA0-8BAC-606DAF8CBA99,Cyclist (Electric),Walking/Cycling Along Roadway With Traffic (In or Adjacent to Travel Lane),"Failure to Obey Traffic Signs, Signals, or Officer",Intersection Other,No,No Apparent Injury,Helmet,39.03279503,-77.07516486,"(39.03279503, -77.07516486)"
MCP3169005X,230050540,Montgomery County Police,Injury Crash,08/21/2023 02:47:00 PM,US (State),GEORGIA AVE,BURLINGTON AVE,,N/A,PEDESTRIAN,OTHER,CLEAR,DRY,DAYLIGHT,TRAFFIC SIGNAL,N/A,N/A,56172F7C-4AD7-4B47-9B9F-A6D58EDA76BD,PEDESTRIAN,Cross/Enter at Intersection,NO IMPROPER ACTIONS,AT INTERSECTION MARKED CROSSWALK,No,SUSPECTED MINOR INJURY,NONE,38.987078,-77.026701,"(38.987078, -77.026701)"
DD5643002V,230030322,Rockville Police Departme,Injury Crash,06/24/2023 10:50:00 PM,Municipality,MONROE ST,E JEFFERSON ST,,N/A,"OTHER, PEDESTRIAN",OTHER,CLEAR,DRY,DARK LIGHTS ON,TRAFFIC SIGNAL,NONE DETECTED,UNKNOWN,AC61CBD1-47DE-464C-AA34-3E7FEE83AA50,PEDESTRIAN,Cross/Enter at Intersection,DART DASH,OUTSIDE RIGHT OF WAY,Yes,SUSPECTED MINOR INJURY,N/A,39.08198033,-77.14913469,"(39.08198033, -77.14913469)"
MCP2919001Z,16046694,Montgomery County Police,Injury Crash,09/12/2016 09:50:00 AM,Maryland (State),GEORGIA AVE,LINDELL ST,,N/A,PEDESTRIAN,OTHER,CLEAR,DRY,DAYLIGHT,STOP SIGN,NONE DETECTED,NONE DETECTED,9D9A48BE-08BA-4FB4-ABB5-E314B87652DF,PEDESTRIAN,Cross/Enter at Intersection,NO IMPROPER ACTIONS,AT INTERSECTION BUT NO CROSSWALK,No,POSSIBLE INJURY,N/A,38.98545667,-77.02731,"(38.98545667, -77.02731)"
MCP3134003C,220011182,Montgomery County Police,Property Damage Crash,03/15/2022 03:51:00 PM,County,GREENCASTLE RD,TURBRIDGE DR,,N/A,MACHINE OPERATOR/RIDER,OTHER,CLEAR,DRY,DAYLIGHT,PERSON,N/A,NONE DETECTED,A584D558-CF59-40A9-81E5-25FE0C57337D,MACHINE OPERATOR/RIDER,Other Working,INATTENTIVE,SHOULDER,No,NO APPARENT INJURY,N/A,39.088662,-76.93069983,"(39.088662, -76.93069983)"
MCP1550001T,15065798,MONTGOMERY,Injury Crash,12/23/2015 05:25:00 PM,Municipality,FREDERICK AVE,KENSINGTON PKWY,,KENSINGTON,PEDESTRIAN,OTHER,RAINING,WET,DARK LIGHTS ON,NO CONTROLS,NONE DETECTED,NONE DETECTED,16686E31-762F-4331-A2BB-39141E265109,PEDESTRIAN,Other,NO IMPROPER ACTIONS,OTHER,No,SUSPECTED MINOR INJURY,N/A,39.02557667,-77.07174833,"(39.02557667, -77.07174833)"
MCP1550003H,220033001,Montgomery County Police,Injury Crash,08/01/2022 12:35:00 PM,Maryland (State),EAST WEST HWY,GRUBB RD,,N/A,PEDESTRIAN,OTHER,CLEAR,DRY,DAYLIGHT,TRAFFIC SIGNAL,NONE DETECTED,NONE DETECTED,20AC2979-5630-49BC-A885-46FEEBEC86EB,PEDESTRIAN,Cross/Enter at Intersection,NO IMPROPER ACTIONS,ON ROADWAY AT CROSSWALK,No,SUSPECTED MINOR INJURY,NONE,38.99410167,-77.05247167,"(38.99410167, -77.05247167)"
MCP28980046,230058555,Montgomery County Police,Injury Crash,10/04/2023 06:23:00 PM,Other Public Roadway,OBSERVATION DR,GERMANTOWN RD,,N/A,BICYCLIST,STRAIGHT MOVEMENT ANGLE,CLEAR,DRY,DAYLIGHT,TRAFFIC SIGNAL,N/A,N/A,8F995F6C-63A4-45C8-8C62-C527768C2670,BICYCLIST,Cross/Enter at Intersection,NO IMPROPER ACTIONS,ON ROADWAY AT CROSSWALK,No,POSSIBLE INJURY,MC/BIKE HELMET,39.19080667,-77.24775667,"(39.19080667, -77.24775667)"
EJ7870006P,240002018,GAITHERSBURG,Injury Crash,01/12/2024 09:50:00 PM,,,,"Parking Lot Way        PARKING LOT OF YARD HOUSE, 211 RIO BLVD",,Pedestrian,Single Vehicle,Rain,,Dark - Lighted,,"Not Suspect of Alcohol Use, Not Suspect of Drug Use","Not Suspect of Alcohol Use, Not Suspect of Drug Use",28FF7463-A7AE-4BF2-BF5E-56A6D47DFBB8,Pedestrian,Other,"Not Visible (Dark Clothing, No Lighting, etc.)",Other,No,Suspected Minor Injury,None,39.11708795,-77.20066521,"(39.11708795, -77.20066521)"
EJ78470021,16040457,Gaithersburg Police Depar,Injury Crash,08/10/2016 12:05:00 AM,Municipality,S SUMMIT AVE,E DIAMOND AVE,,GAITHERSBURG,PEDESTRIAN,SINGLE VEHICLE,CLEAR,DRY,DARK LIGHTS ON,TRAFFIC SIGNAL,NONE DETECTED,NONE DETECTED,62637BD7-7EA1-403E-B9FB-FCAB354F8A76,PEDESTRIAN,Cross/Enter at Intersection,DART DASH,AT INTERSECTION MARKED CROSSWALK,Unknown,SUSPECTED MINOR INJURY,NONE,39.14178833,-77.19426,"(39.14178833, -77.19426)"