Report Number,Local Case Number,Agency Name,ACRS Report Type,Crash Date/Time,Route Type,Road Name,Cross-Street Name,Off-Road Description,Municipality,Related Non-Motorist,Collision Type,Weather,Surface Condition,Light,Traffic Control,Driver Substance Abuse,Non-Motorist Substance Abuse,Person ID,Pedestrian Type,Pedestrian Movement,Pedestrian Actions,Pedestrian Location,At Fault,Injury Severity,Safety Equipment,Latitude,Longitude,Location
MCP2951000D,15026552,MONTGOMERY,Injury Crash,06/02/2015 06:42:00 AM,County,AMHERST AVE,BLUERIDGE AVE,,N/A,PEDESTRIAN,N/A,CLOUDY,WET,DAYLIGHT,NO CONTROLS,NONE DETECTED,NONE DETECTED,0B7E0F9C-EC9A-4B95-A506-0FAE2FCD1250,PEDESTRIAN,Cross/Enter at Intersection,FAILURE TO YIELD RIGHT OF WAY,AT INTERSECTION MARKED CROSSWALK,,POSSIBLE INJURY,N/A,39.0433445,-77.04788089,"(39.0433445, -77.04788089)"
MCP25040021,17009821,Montgomery County Police,Injury Crash,02/23/2017 04:26:00 PM,Municipality,WOOTTON PKWY,GREENPLACE TERR,,ROCKVILLE,PEDESTRIAN,STRAIGHT MOVEMENT ANGLE,CLEAR,DRY,DAYLIGHT,TRAFFIC SIGNAL,NONE DETECTED,NONE DETECTED,C08AE31C-7880-423F-BACF-016E9DB09C7E,PEDESTRIAN,Cross/Enter at Intersection,NO IMPROPER ACTIONS,ON ROADWAY AT CROSSWALK,No,SUSPECTED MINOR INJURY,NONE,39.07463833,-77.18233667,"(39.07463833, -77.18233667)"
MCP2286003L,210032979,Montgomery County Police,Injury Crash,08/24/2021 08:25:00 AM,County,GAINSBOROUGH RD,SMOKETREE RD,,N/A,PEDESTRIAN,OTHER,N/A,DRY,DAYLIGHT,NO CONTROLS,NONE DETECTED,NONE DETECTED,26874832-22C0-4B2B-9CAD-A4F283460803,PEDESTRIAN,Other Working,FAILURE TO YIELD RIGHT OF WAY,ON ROADWAY NOT AT CROSSWALK,No,POSSIBLE INJURY,NONE,39.04732667,-77.16336333,"(39.04732667, -77.16336333)"
MCP3129004T,220032808,Montgomery County Police,Injury Crash,07/31/2022 12:02:00 AM,Maryland (State),GEORGIA AVE,ENT TO BUSINESS,,N/A,OTHER CONVEYANCE,OTHER,CLEAR,DRY,DARK LIGHTS ON,NO CONTROLS,UNKNOWN,NONE DETECTED,0019A7E9-D967-40AE-950C-00CE3D320DB5,OTHER CONVEYANCE,Walking/Riding w/Traffic,NO IMPROPER ACTIONS,ON ROADWAY NOT AT CROSSWALK,No,SUSPECTED SERIOUS INJURY,LIGHTING,39.05801333,-77.04850333,"(39.05801333, -77.04850333)"
MCP33790017,240050584,MONTGOMERY,Injury Crash,10/22/2024 04:17:00 PM,County Route,SCHAEFFER RD,CLOPPER RD,,,Pedestrian,Single Vehicle,Clear,Dry,Daylight,Pedestrian Crossing,"Not Suspect of Alcohol Use, Not Suspect of Drug Use","Not Suspect of Alcohol Use, Not Suspect of Drug Use",A89193D6-EA14-43E7-9D95-D63AB3736FFA,Pedestrian,Cross/Enter at Intersection,None (No Improper Action),Intersection Marked Crosswalk,No,Suspected Minor Injury,None,39.16347247,-77.28464201,"(39.16347247, -77.28464201)"
EJ7844001B,220037076,Gaithersburg Police Depar,Property Damage Crash,08/27/2022 03:40:00 PM,County,MUDDY BRANCH RD,SCHOOL DR,,GAITHERSBURG,BICYCLIST,STRAIGHT MOVEMENT ANGLE,CLEAR,DRY,DAYLIGHT,N/A,NONE DETECTED,NONE DETECTED,E23E0C2B-D9C9-4365-BB38-D72923A44820,BICYCLIST,Walking/Cycling on Sidewalk,FAILURE TO YIELD RIGHT OF WAY,SIDEWALK,Yes,NO APPARENT INJURY,NONE,39.120622,-77.216776,"(39.120622, -77.216776)"
DD5605003M,170508663,Rockville Police Departme,Injury Crash,05/19/2017 12:35:00 PM,Municipality,N WASHINGTON ST,MARTINS LA,,ROCKVILLE,PEDESTRIAN,OTHER,CLEAR,DRY,DAYLIGHT,TRAFFIC SIGNAL,NONE DETECTED,NONE DETECTED,C6E84E59-1114-49DE-9C65-4823196E1D1B,PEDESTRIAN,Cross/Enter at Intersection,NO IMPROPER ACTIONS,ON ROADWAY AT CROSSWALK,No,POSSIBLE INJURY,N/A,39.09087417,-77.15379283,"(39.09087417, -77.15379283)"
DD5610001J,15066436,Rockville Police Departme,Injury Crash,12/27/2015 05:43:00 PM,County,TWINBROOK PKWY,HALPINE RD,,N/A,PEDESTRIAN,SINGLE VEHICLE,CLEAR,DRY,DARK LIGHTS ON,N/A,N/A,N/A,9E896C50-590E-4936-B3FA-5FE42084B688,PEDESTRIAN,Cross/Enter at Intersection,NO IMPROPER ACTIONS,ON ROADWAY AT CROSSWALK,No,SUSPECTED MINOR INJURY,NONE,39.069593,-77.114073,"(39.069593, -77.114073)"
MCP2939003C,190008759,Montgomery County Police,Injury Crash,02/23/2019 11:08:00 PM,County,LITTLE SENECA PKWY,CROSSOVER,,N/A,PEDESTRIAN,OTHER,CLEAR,WET,DARK LIGHTS ON,N/A,N/A,ALCOHOL PRESENT,0415163C-FD4E-47FF-B828-79B3451BD6FE,PEDESTRIAN,N/A,UNKNOWN,ON ROADWAY AT CROSSWALK,Unknown,POSSIBLE INJURY,NONE,39.230205,-77.252355,"(39.230205, -77.252355)"
MCP3059006T,210033524,Montgomery County Police,Injury Crash,08/27/2021 08:50:00 PM,County,BRANDERMILL DR,STONEY POINT WAY,,N/A,PEDESTRIAN,SAME DIRECTION SIDESWIPE,RAINING,WET,DARK LIGHTS ON,NO CONTROLS,NONE DETECTED,NONE DETECTED,B35BDCBB-6749-4E1D-94CF-D3C9F821B3B9,PEDESTRIAN,Getting off/on Vehicle,IN ROADWAY IMPROPERLY,ON ROADWAY NOT AT CROSSWALK,No,POSSIBLE INJURY,N/A,39.184555,-77.236745,"(39.184555, -77.236745)"
MCP2270004Q,250019005,MONTGOMERY,Property Damage Crash,05/01/2025 08:35:00 AM,County Route,ROOSEVELT ST,OLD GEORGETOWN RD (SB/L),,,Cyclist (non-electric),Single Vehicle,Clear,Dry,Daylight,Stop Sign,"Not Suspect of Alcohol Use, Not Suspect of Drug Use","Not Suspect of Alcohol Use, Not Suspect of Drug Use",D516A9C8-B2A8-4FFF-B1EE-3E63F35612DB,Cyclist (non-electric),Walking/Cycling on Sidewalk,Failure to Yield Right-Of-Way,Intersection Marked Crosswalk,Yes,No Apparent Injury,None,38.99594801,-77.10958911,"(38.99594801, -77.10958911)"
MCP3239002T,230012730,Montgomery County Police,Injury Crash,03/16/2023 06:32:00 AM,County,TECH RD,TECH RD,,N/A,PEDESTRIAN,OTHER,CLEAR,DRY,DARK LIGHTS ON,TRAFFIC SIGNAL,NONE DETECTED,NONE DETECTED,D8D28776-4064-4200-B0C1-818C0136ADDD,PEDESTRIAN,Cross/Enter at Intersection,NO IMPROPER ACTIONS,ON ROADWAY AT CROSSWALK,No,POSSIBLE INJURY,NONE,39.05830545,-76.96872152,"(39.05830545, -76.96872152)"
DD5649003N,240005047,ROCKVILLE,Injury Crash,01/31/2024 07:39:00 PM,Municipality Route,N STONESTREET AVE,PARK RD (WB/L),,,Pedestrian,Single Vehicle,Clear,Dry,Dark - Lighted,Flashing Traffic Control Signal,"Not Suspect of Alcohol Use, Not Suspect of Drug Use","Not Suspect of Alcohol Use, Not Suspect of Drug Use",6FF0A241-CC2E-4FCB-AD48-B1264082C438,Pedestrian,Cross/Enter at Intersection,Failure to Yield Right-Of-Way,Intersection Other,No,Suspected Minor Injury,None,39.0855119,-77.1466818,"(39.0855119, -77.1466818)"
MCP00360092,180063858,Montgomery County Police,Injury Crash,12/21/2018 06:04:00 PM,Maryland (State),WOODFIELD RD,VALLEY PARK DR,,N/A,PEDESTRIAN,SINGLE VEHICLE,RAINING,WET,DARK NO LIGHTS,NO CONTROLS,NONE DETECTED,NONE DETECTED,62DBAD2A-D3D5-4DC1-8394-ADFEC8E2DF48,PEDESTRIAN,Cross/Enter not at Intersection,DART DASH,ON ROADWAY NOT AT CROSSWALK,Yes,POSSIBLE INJURY,NONE,39.27831167,-77.203655,"(39.27831167, -77.203655)"
DD5611005T,190012007,Rockville Police Departme,Injury Crash,03/15/2019 03:27:00 PM,Municipality,WOOTTON PKWY,ROCKVILLE PIKE,,N/A,PEDESTRIAN,SINGLE VEHICLE,CLEAR,DRY,DAYLIGHT,NO CONTROLS,NONE DETECTED,NONE DETECTED,44FC3DEC-67AD-49A3-A93E-D77D7A6B1E5B,PEDESTRIAN,Cross/Enter at Intersection,OTHER,ON ROADWAY NOT AT CROSSWALK,Yes,SUSPECTED MINOR INJURY,NONE,39.07621498,-77.14015397,"(39.07621498, -77.14015397)"
MCP2942001L,16026975,Montgomery County Police,Injury Crash,05/30/2016 06:15:00 PM,,,,PARKING LOT IN FRONT OF 4978 SENTINEL DRIVE,,PEDESTRIAN,OTHER,CLEAR,,DAYLIGHT,NO CONTROLS,UNKNOWN,NONE DETECTED,6FEDB32A-6306-4C91-B71A-92A984153177,PEDESTRIAN,Getting off/on Vehicle,NO IMPROPER ACTIONS,ON ROADWAY NOT AT CROSSWALK,No,SUSPECTED MINOR INJURY,REFLECTIVE CLOTHING,38.95066,-77.11489,"(38.95066, -77.11489)"
MCP2837006N,240059371,MONTGOMERY,Injury Crash,12/12/2024 08:39:00 AM,Maryland (State) Route,DARNESTOWN RD (WB/L),,,,Cyclist (non-electric),Single Vehicle,Clear,Dry,Daylight,No Controls,"Not Suspect of Alcohol Use, Not Suspect of Drug Use","Not Suspect of Alcohol Use, Not Suspect of Drug Use",4F288C59-BB40-4B6C-A520-77C6B9599AB2,Cyclist (non-electric),Walking/Cycling Along Roadway With Traffic (In or Adjacent to Travel Lane),None (No Improper Action),Travel Lane Other Location,No,Possible Injury,"Helmet, Lighting, Reflectors",39.11810833,-77.25991333,"(39.11810833, -77.25991333)"
DD5646002N,230019854,Rockville Police Departme,Injury Crash,04/25/2023 10:10:00 PM,Maryland (State),HUNGERFORD DR,COLLEGE PKWY,,ROCKVILLE,PEDESTRIAN,SINGLE VEHICLE,CLEAR,DRY,DARK LIGHTS ON,NO CONTROLS,N/A,N/A,397D4307-FB7E-46D7-9250-83EA304B54F5,PEDESTRIAN,Standing,NO IMPROPER ACTIONS,INSIDE BUILDING,No,SUSPECTED MINOR INJURY,N/A,39.1035149,-77.1566645,"(39.1035149, -77.1566645)"
MCP271700TB,210002365,Montgomery County Police,Injury Crash,01/19/2021 03:31:00 PM,Maryland (State),CONNECTICUT AVE,ROSEMARY ST #2,,CHEVY CHASE #4,BICYCLIST,OTHER,CLEAR,DRY,DAYLIGHT,TRAFFIC SIGNAL,NONE DETECTED,NONE DETECTED,44A86B54-5448-4946-A2DA-D7D98E757D8E,BICYCLIST,Cross/Enter at Intersection,NO IMPROPER ACTIONS,ON ROADWAY AT CROSSWALK,No,SUSPECTED MINOR INJURY,MC/BIKE HELMET,38.97779433,-77.07710317,"(38.97779433, -77.07710317)"
MCP2931007N,250012120,MONTGOMERY,Injury Crash,03/19/2025 06:36:00 PM,County Route,TWINBROOK PKWY,,,,Scooter (electric),Single Vehicle,Clear,Dry,Daylight,No Controls,"Not Suspect of Alcohol Use, Not Suspect of Drug Use","Not Suspect of Alcohol Use, Not Suspect of Drug Use",8BDD1F28-55DE-4C85-A11E-6042F1FA673F,Scooter (electric),None,"None (No Improper Action), Unknown",Travel Lane Other Location,No,Suspected Serious Injury,None,39.06827067,-77.11413267,"(39.06827067, -77.11413267)"
MCP09730008,15036772,MONTGOMERY,Injury Crash,07/25/2015 05:30:00 PM,County,ELM ST,WOODMONT AVE,,N/A,PEDESTRIAN,SINGLE VEHICLE,CLOUDY,DRY,DAYLIGHT,NO CONTROLS,NONE DETECTED,NONE DETECTED,1FF1A279-3069-427A-A0E9-BE8049A72451,PEDESTRIAN,Cross/Enter not at Intersection,DART DASH,ON ROADWAY NOT AT CROSSWALK,Yes,POSSIBLE INJURY,N/A,38.981965,-77.09722333,"(38.981965, -77.09722333)"
MCP2348002R,170516329,Montgomery County Police,Injury Crash,06/28/2017 09:59:00 PM,Maryland (State),VEIRS MILL RD,CROSSOVER,,N/A,PEDESTRIAN,SINGLE VEHICLE,CLEAR,DRY,DARK LIGHTS ON,N/A,NONE DETECTED,NONE DETECTED,5510AFA1-27F9-4FA7-956F-28B73085F8A5,PEDESTRIAN,Walking/Cycling on Sidewalk,NO IMPROPER ACTIONS,SIDEWALK,No,POSSIBLE INJURY,N/A,39.041405,-77.058375,"(39.041405, -77.058375)"
MCP3424000V,240056695,MONTGOMERY,Injury Crash,11/25/2024 11:24:00 PM,Maryland (State) Route,S FREDERICK RD,,,,Pedestrian,Single Vehicle,Clear,Dry,Dark - Lighted,No Controls,"Not Suspect of Alcohol Use, Not Suspect of Drug Use","Not Suspect of Alcohol Use, Not Suspect of Drug Use",6041043D-00E9-4396-91FF-29CD996AAE9E,Pedestrian,Standing,None (No Improper Action),Unknown,No,Possible Injury,None,39.13850018,-77.19492969,"(39.13850018, -77.19492969)"
HA2419000M,19002069,Maryland-National Capital,Property Damage Crash,08/05/2019 09:21:00 PM,,,,JESUP BLAIR LOCAL PARK GRASS AREA,,OTHER,SINGLE VEHICLE,N/A,,DARK LIGHTS ON,NO CONTROLS,,NONE DETECTED,685699A4-BAA0-4AF2-9F45-CE2C72628DF9,OTHER,Other,OTHER,CURB,Yes,NO APPARENT INJURY,N/A,38.98493069,-77.02534704,"(38.98493069, -77.02534704)"
MCP219800CX,230010609,Montgomery County Police,Injury Crash,03/03/2023 06:30:00 PM,,ELLINGTON BLVD.,CROWN PARK AVE.,,N/A,PEDESTRIAN,SINGLE VEHICLE,RAINING,WET,DARK LIGHTS ON,STOP SIGN,N/A,N/A,C2340E22-063A-40AB-A4B3-0156765D1C14,PEDESTRIAN,Cross/Enter at Intersection,N/A,ON ROADWAY AT CROSSWALK,No,NO APPARENT INJURY,N/A,39.11439167,-77.20553,"(39.11439167, -77.20553)"
MCP2496001R,200034185,Montgomery County Police,Injury Crash,09/02/2020 12:00:00 PM,County,DALE DR,HARTFORD AVE,,N/A,OTHER PEDALCYCLIST,SINGLE VEHICLE,CLEAR,DRY,DAYLIGHT,OTHER,UNKNOWN,NONE DETECTED,56DDE091-A248-4002-B6E7-1FC2CE444FFA,OTHER PEDALCYCLIST,Cross/Enter at Intersection,NO IMPROPER ACTIONS,AT INTERSECTION MARKED CROSSWALK,No,POSSIBLE INJURY,NONE,38.9959156,-77.00994258,"(38.9959156, -77.00994258)"
MCP3395002X,240062031,MONTGOMERY,Injury Crash,12/29/2024 02:18:00 PM,County Route,CUSTER RD,HARWOOD RD,,,Scooter (electric),Single Vehicle,Cloudy,Dry,Daylight,No Controls,"Not Suspect of Alcohol Use, Not Suspect of Drug Use","Not Suspect of Alcohol Use, Not Suspect of Drug Use",0B44BD90-3E81-4228-BF18-D9CBC4EEA476,Scooter (electric),Walking/Cycling Along Roadway With Traffic (In or Adjacent to Travel Lane),None (No Improper Action),Shoulder/Roadside,No,Suspected Minor Injury,Helmet,38.99031617,-77.10772517,"(38.99031617, -77.10772517)"
DD5567001H,230066464,Rockville Police Departme,Property Damage Crash,11/15/2023 12:25:00 PM,Municipality,ANITA CT,FIRST ST,,N/A,OTHER,SINGLE VEHICLE,CLEAR,DRY,DAYLIGHT,N/A,NONE DETECTED,NONE DETECTED,4503ED57-21C7-4A9A-8F1F-706044947121,OTHER,Other,OTHER,OTHER,Yes,NO APPARENT INJURY,REFLECTIVE CLOTHING,39.08364589,-77.13610201,"(39.08364589, -77.13610201)"
DD55950030,16046695,Rockville Police Departme,Injury Crash,09/12/2016 09:50:00 AM,Municipality,N WASHINGTON ST,MARTINS LA,,ROCKVILLE,PEDESTRIAN,OTHER,CLEAR,DRY,DAYLIGHT,TRAFFIC SIGNAL,NONE DETECTED,NONE DETECTED,82816821-06D3-4721-890C-C675653FCA66,PEDESTRIAN,Cross/Enter at Intersection,NO IMPROPER ACTIONS,ON ROADWAY AT CROSSWALK,No,POSSIBLE INJURY,N/A,39.09095567,-77.153701,"(39.09095567, -77.153701)"
DD5614001H,16053728,Rockville Police Departme,Injury Crash,10/19/2016 07:12:00 AM,Municipality,PICCARD DR,GAITHER RD,,ROCKVILLE,BICYCLIST,STRAIGHT MOVEMENT ANGLE,CLEAR,DRY,DAWN,TRAFFIC SIGNAL,NONE DETECTED,NONE DETECTED,F3CFE3CC-DF18-464D-BA04-4A80CBA42653,BICYCLIST,Walking/Riding against Traffic,FAILURE TO OBEY TRAFFIC SIGNS SIGNALS OR OFFICER,ON ROADWAY AT CROSSWALK,Yes,SUSPECTED MINOR INJURY,NONE,39.08375333,-77.15305,"(39.08375333, -77.15305)"
MCP2651004G,210023683,Montgomery County Police,Injury Crash,06/21/2021 08:50:00 AM,County,SCHINDLER DR,NEW HAMPSHIRE AVE SER RD,,N/A,PEDESTRIAN,OTHER,CLEAR,DRY,DAYLIGHT,TRAFFIC SIGNAL,N/A,N/A,ACBE08AB-CCDF-4E9E-A1E3-7F1F5824869D,PEDESTRIAN,Cross/Enter at Intersection,NO IMPROPER ACTIONS,ON ROADWAY AT CROSSWALK,Yes,SUSPECTED MINOR INJURY,N/A,39.0334735,-76.98629133,"(39.0334735, -76.98629133)"
MCP3085003L,220037566,Montgomery County Police,Property Damage Crash,08/30/2022 02:30:00 PM,Maryland (State),EAST WEST HWY (W/B COUPLET),WAVERLY ST,,N/A,BICYCLIST,SAME DIR REAR END,N/A,DRY,DAYLIGHT,N/A,N/A,NONE DETECTED,9705B241-A45F-4105-B159-98F33587D9C4,BICYCLIST,Walking/Riding w/Traffic,NO IMPROPER ACTIONS,OTHER,No,NO APPARENT INJURY,MC/BIKE HELMET,39.03829833,-77.05635667,"(39.03829833, -77.05635667)"
EJ78880056,230064018,Gaithersburg Police Depar,Injury Crash,11/02/2023 04:25:00 PM,,,,PARKING LOT OF 883 RUSSELL AVE,,"OTHER, PEDESTRIAN",OTHER,CLEAR,,DAYLIGHT,NO CONTROLS,NONE DETECTED,NONE DETECTED,135F3282-2D12-4B8D-B43C-32BF7305874E,PEDESTRIAN,Other,NO IMPROPER ACTIONS,OTHER,No,POSSIBLE INJURY,NONE,39.15722808,-77.21204947,"(39.15722808, -77.21204947)"
MCP2789005B,180058992,Montgomery County Police,Injury Crash,11/25/2018 06:39:00 PM,Maryland (State),COLESVILLE RD,EAST WEST HWY,,N/A,PEDESTRIAN,SINGLE VEHICLE,CLEAR,DRY,DARK LIGHTS ON,TRAFFIC SIGNAL,N/A,N/A,68DFD821-06C2-4A9D-89CD-275920E6A41D,PEDESTRIAN,Cross/Enter at Intersection,INATTENTIVE,AT INTERSECTION MARKED CROSSWALK,Yes,POSSIBLE INJURY,NONE,38.99607833,-77.02777333,"(38.99607833, -77.02777333)"
MCP1366003K,15049897,MONTGOMERY,Injury Crash,10/02/2015 06:48:00 AM,,,,"16651 CRABBS BRANCH WAY
ROCKVILLE, MD 20855",,PEDESTRIAN,SINGLE VEHICLE,RAINING,,DARK LIGHTS ON,N/A,NONE DETECTED,NONE DETECTED,D67C1E32-38CD-46B8-8C95-A55668CFB12E,PEDESTRIAN,Other,NO IMPROPER ACTIONS,OTHER,No,POSSIBLE INJURY,NONE,39.126565,-77.16912667,"(39.126565, -77.16912667)"
MCP2667000T,15018182,Montgomery County Police,Injury Crash,04/18/2015 02:27:00 PM,County,MONTGOMERY VILLAGE AVE,LAKE SHORE DR,,N/A,PEDESTRIAN,SINGLE VEHICLE,CLEAR,DRY,DAYLIGHT,N/A,NONE DETECTED,NONE DETECTED,BACA1CEC-225B-4A02-8EAF-1D07FAFA17FA,PEDESTRIAN,Playing,NO IMPROPER ACTIONS,OTHER,,SUSPECTED MINOR INJURY,N/A,39.16261667,-77.202165,"(39.16261667, -77.202165)"
MCP3211003T,240053629,MONTGOMERY,Property Damage Crash,11/08/2024 09:01:00 AM,County Route,PUBLIC HOUSE RD,,,,Cyclist (non-electric),Single Vehicle,Clear,Dry,Daylight,Stop Sign,"Not Suspect of Alcohol Use, Not Suspect of Drug Use","Not Suspect of Alcohol Use, Not Suspect of Drug Use",1A1C0CB2-A469-48F3-BA3B-F0044F9B7596,Cyclist (non-electric),Walking/Cycling on Sidewalk,Failure to Yield Right-Of-Way,Intersection Other,Yes,No Apparent Injury,None,39.24209941,-77.27860896,"(39.24209941, -77.27860896)"
MCP3199000D,190042167,Montgomery County Police,Property Damage Crash,09/03/2019 03:20:00 PM,County,PEACH ORCHARD RD,BRIGGS CHANEY RD,,N/A,OTHER,STRAIGHT MOVEMENT ANGLE,CLEAR,DRY,DAYLIGHT,STOP SIGN,NONE DETECTED,NONE DETECTED,BCFAD8E1-1F6E-4D34-B010-2D06289659EA,OTHER,Other,NO IMPROPER ACTIONS,INSIDE BUILDING,No,NO APPARENT INJURY,N/A,39.09575167,-76.96978833,"(39.09575167, -76.96978833)"
MCP2330002W,210025335,Montgomery County Police,Injury Crash,07/01/2021 09:06:00 PM,Maryland (State),GEORGIA AVE,REEDIE DR,,N/A,PEDESTRIAN,OTHER,RAINING,WET,DARK LIGHTS ON,TRAFFIC SIGNAL,NONE DETECTED,UNKNOWN,4E1DA0C0-6453-4E6F-B7AF-BB10D8CC4F5F,PEDESTRIAN,Cross/Enter not at Intersection,DART DASH,OUTSIDE RIGHT OF WAY,Yes,POSSIBLE INJURY,NONE,39.03794833,-77.05084,"(39.03794833, -77.05084)"
MCP2871008D,220054106,Montgomery County Police,Injury Crash,12/07/2022 04:17:00 PM,,,,PARKING LOT OF 4860 BOILING BROOK PKWY,,MACHINE OPERATOR/RIDER,STRAIGHT MOVEMENT ANGLE,CLEAR,,DARK LIGHTS ON,NO CONTROLS,NONE DETECTED,NONE DETECTED,4A718F1A-AEEF-4F66-BDFB-3C997E5EE01B,MACHINE OPERATOR/RIDER,Cross/Enter at Intersection,FAILURE TO YIELD RIGHT OF WAY,OTHER,Yes,SUSPECTED MINOR INJURY,NONE,39.04691333,-77.09962833,"(39.04691333, -77.09962833)"
DD559500DP,230034003,Rockville Police Departme,Injury Crash,07/18/2023 10:46:00 AM,Maryland (State),VEIRS MILL RD,ENT TO BUSINESS,,N/A,PEDESTRIAN,SINGLE VEHICLE,CLEAR,DRY,DAYLIGHT,NO CONTROLS,UNKNOWN,NONE DETECTED,CCAC6303-E502-4B97-8D74-55FEE77EDCFD,PEDESTRIAN,Cross/Enter not at Intersection,FAILURE TO YIELD RIGHT OF WAY,MEDIAN,Yes,SUSPECTED MINOR INJURY,N/A,39.07570606,-77.11794535,"(39.07570606, -77.11794535)"
MCP2637001Y,170534672,Montgomery County Police,Injury Crash,10/04/2017 09:03:00 AM,County,CAVANAUGH DR,SHADY GROVE RD,,N/A,PEDESTRIAN,OTHER,CLEAR,DRY,DAYLIGHT,STOP SIGN,NONE DETECTED,NONE DETECTED,998D8CD2-7842-4329-896B-3E6AA2F7DCCA,PEDESTRIAN,Cross/Enter at Intersection,NO IMPROPER ACTIONS,ON ROADWAY AT CROSSWALK,No,POSSIBLE INJURY,N/A,39.08245967,-77.21666683,"(39.08245967, -77.21666683)"
MCP1580007L,170534879,Montgomery County Police,Injury Crash,10/05/2017 10:24:00 AM,County,SNOUFFERS SCHOOL RD,GOSHEN RD,,N/A,PEDESTRIAN,OTHER,CLEAR,DRY,DAYLIGHT,N/A,NONE DETECTED,MEDICATION PRESENT,C0BF6780-A8EF-4EBB-9A89-4AB18E7CD2EC,PEDESTRIAN,Other,DART DASH,ON ROADWAY NOT AT CROSSWALK,Yes,SUSPECTED MINOR INJURY,NONE,39.18648667,-77.18759167,"(39.18648667, -77.18759167)"
MCP2667000L,15009357,Montgomery County Police,Injury Crash,02/27/2015 06:03:00 AM,County,SNOUFFERS SCHOOL RD,MOONEY DR,,N/A,PEDESTRIAN,SINGLE VEHICLE,CLEAR,DRY,DARK LIGHTS ON,N/A,NONE DETECTED,NONE DETECTED,F22A4CBD-2F44-41DA-A223-301249D86FD2,PEDESTRIAN,Other Working,N/A,SIDEWALK,,SUSPECTED MINOR INJURY,NONE,39.16099667,-77.16363167,"(39.16099667, -77.16363167)"
MCP2760003D,230014325,Montgomery County Police,Injury Crash,03/24/2023 05:32:00 PM,Maryland (State),FREDERICK RD,LAKE FOREST BLVD,,GAITHERSBURG,PEDESTRIAN,OTHER,RAINING,WET,DAYLIGHT,NO CONTROLS,N/A,N/A,E39E0027-279C-485D-A107-601AF807288C,PEDESTRIAN,Cross/Enter not at Intersection,IN ROADWAY IMPROPERLY,ON ROADWAY NOT AT CROSSWALK,Yes,POSSIBLE INJURY,NONE,39.15096333,-77.20979,"(39.15096333, -77.20979)"
MCP23570016,15045896,MONTGOMERY,Injury Crash,09/11/2015 09:14:00 AM,,,,PARKING LOT OF 9331 GEORGIA AVE,,PEDESTRIAN,SINGLE VEHICLE,CLEAR,,DAYLIGHT,N/A,N/A,N/A,EC70655A-C0AE-41DA-AB7D-A5C707325801,PEDESTRIAN,Other,UNKNOWN,OTHER,Unknown,SUSPECTED MINOR INJURY,N/A,39.00839,-77.03974167,"(39.00839, -77.03974167)"
MCP27850028,17002220,Montgomery County Police,Injury Crash,01/13/2017 12:14:00 PM,Maryland (State),INTERCOUNTY CONNECTOR,RAMP 2 FR MD 200 WB TO BRIGGS CHANEY RD,,N/A,PEDESTRIAN,OTHER,CLEAR,DRY,DAYLIGHT,TRAFFIC SIGNAL,N/A,N/A,C8A2915E-91B2-46F0-96B7-519ADA5BDBE8,PEDESTRIAN,Cross/Enter at Intersection,NO IMPROPER ACTIONS,ON ROADWAY AT CROSSWALK,No,POSSIBLE INJURY,N/A,39.07437721,-76.93990588,"(39.07437721, -76.93990588)"
MCP2894004Z,180033797,Montgomery County Police,Injury Crash,07/09/2018 05:50:00 AM,County,ALTA VISTA RD,OLD GEORGETOWN RD,,N/A,OTHER CONVEYANCE,OTHER,CLEAR,DRY,DARK LIGHTS ON,NO CONTROLS,UNKNOWN,NONE DETECTED,54B61836-A7DC-4A9E-85F4-D220E0AF3242,OTHER CONVEYANCE,Cross/Enter at Intersection,NO IMPROPER ACTIONS,ON ROADWAY AT CROSSWALK,No,SUSPECTED MINOR INJURY,NONE,39.00660309,-77.11168729,"(39.00660309, -77.11168729)"
MCP2363000M,15063599,Montgomery County Police,Fatal Crash,12/12/2015 06:54:00 PM,County,E GUDE DR,SOUTHLAWN LA,,N/A,BICYCLIST,STRAIGHT MOVEMENT ANGLE,CLEAR,DRY,DARK LIGHTS ON,TRAFFIC SIGNAL,NONE DETECTED,ALCOHOL PRESENT,BC2ACF21-39F0-44D4-A3A5-EE5F0C7898D6,BICYCLIST,Cross/Enter at Intersection,IN ROADWAY IMPROPERLY,AT INTERSECTION MARKED CROSSWALK,Yes,FATAL INJURY,NONE,39.09762823,-77.13656545,"(39.09762823, -77.13656545)"
MCP3169000J,190016473,Montgomery County Police,Injury Crash,04/09/2019 12:17:00 PM,Maryland (State),UNIVERSITY BLVD E,COLESVILLE RD,,N/A,PEDESTRIAN,SINGLE VEHICLE,CLEAR,DRY,DAYLIGHT,TRAFFIC SIGNAL,UNKNOWN,N/A,F9A5EE51-C7C8-4FBD-A84D-934F5606644D,PEDESTRIAN,Walking/Riding w/Traffic,NO IMPROPER ACTIONS,SIDEWALK,No,SUSPECTED MINOR INJURY,N/A,39.02037833,-77.01315167,"(39.02037833, -77.01315167)"