Report Number,Local Case Number,Agency Name,ACRS Report Type,Crash Date/Time,Route Type,Road Name,Cross-Street Name,Off-Road Description,Municipality,Related Non-Motorist,Collision Type,Weather,Surface Condition,Light,Traffic Control,Driver Substance Abuse,Non-Motorist Substance Abuse,Person ID,Pedestrian Type,Pedestrian Movement,Pedestrian Actions,Pedestrian Location,At Fault,Injury Severity,Safety Equipment,Latitude,Longitude,Location
MCP12130056,200014841,Montgomery County Police,Injury Crash,04/02/2020 08:20:00 PM,Maryland (State),NEW HAMPSHIRE AVE,RANDOLPH RD,,N/A,PEDESTRIAN,STRAIGHT MOVEMENT ANGLE,CLEAR,DRY,DARK LIGHTS ON,TRAFFIC SIGNAL,NONE DETECTED,UNKNOWN,613DD17C-BCBD-41E8-9297-96D115FDE8E0,PEDESTRIAN,Cross/Enter at Intersection,FAILURE TO YIELD RIGHT OF WAY,ON ROADWAY AT CROSSWALK,Yes,POSSIBLE INJURY,NONE,39.07605333,-77.00231833,"(39.07605333, -77.00231833)"
MCP3014000B,16004309,Montgomery County Police,Injury Crash,01/26/2016 10:31:00 PM,,,,"IN THE PARKING LOT OF SHOPPERS LOCATED AT 12345 GEORGIA AVE SILVER SPRING, MD 20906",,PEDESTRIAN,ANGLE MEETS LEFT HEAD ON,CLEAR,,DARK NO LIGHTS,NO CONTROLS,NONE DETECTED,NONE DETECTED,9AD48561-FE59-4C20-8031-F131A20CD815,PEDESTRIAN,Cross/Enter not at Intersection,NOT VISIBLE,OUTSIDE RIGHT OF WAY,Yes,SUSPECTED MINOR INJURY,NONE,39.0595811,-77.04814643,"(39.0595811, -77.04814643)"
MCP284800BY,220050800,Montgomery County Police,Injury Crash,11/18/2022 08:00:00 AM,County,WATKINS MILL RD,STEDWICK RD,,N/A,PEDESTRIAN,SINGLE VEHICLE,N/A,DRY,DAYLIGHT,NO CONTROLS,UNKNOWN,NONE DETECTED,A5218381-3567-4C45-BF98-0BD0D6725214,PEDESTRIAN,Walking/Riding against Traffic,DART DASH,ON ROADWAY NOT AT CROSSWALK,Yes,POSSIBLE INJURY,NONE,39.168493,-77.209142,"(39.168493, -77.209142)"
MCP30650022,180041130,Montgomery County Police,Injury Crash,08/18/2018 02:57:00 PM,,,,PARKING LOT OF 11311 LOCKWOOD DR,,BICYCLIST,OTHER,CLEAR,,DAYLIGHT,N/A,NONE DETECTED,NONE DETECTED,589983C1-734D-44F2-ADD3-4BA347FD4910,BICYCLIST,Walking/Cycling on Sidewalk,NO IMPROPER ACTIONS,SIDEWALK,No,POSSIBLE INJURY,NONE,39.04015667,-76.98933,"(39.04015667, -76.98933)"
MCP3355000D,230021542,Montgomery County Police,Injury Crash,05/05/2023 02:14:00 PM,County,FENTON ST,SLIGO AVE,,N/A,PEDESTRIAN,SINGLE VEHICLE,CLEAR,DRY,DAYLIGHT,NO CONTROLS,NONE DETECTED,NONE DETECTED,A9C153E8-9B9B-4C3E-8EF2-25C90A978B3D,PEDESTRIAN,Unknown,INATTENTIVE,SHOULDER,Yes,SUSPECTED MINOR INJURY,NONE,38.99058156,-77.02389591,"(38.99058156, -77.02389591)"
MCP2891002Z,16060748,Montgomery County Police,Injury Crash,11/26/2016 02:58:00 PM,Maryland (State),GEORGIA AVE,AUGUST DR,,N/A,PEDESTRIAN,SINGLE VEHICLE,CLEAR,DRY,DAYLIGHT,TRAFFIC SIGNAL,NONE DETECTED,NONE DETECTED,28B63E30-379A-4371-8CAE-E070E802F150,PEDESTRIAN,Cross/Enter at Intersection,NO IMPROPER ACTIONS,AT INTERSECTION MARKED CROSSWALK,No,SUSPECTED MINOR INJURY,N/A,39.02143,-77.04466,"(39.02143, -77.04466)"
MCP30910057,240056492,MONTGOMERY,Injury Crash,11/25/2024 06:47:00 AM,County Route,REDLAND RD,,,,Pedestrian,Single Vehicle,Clear,Dry,Daylight,Traffic Control Signal,"Not Suspect of Alcohol Use, Not Suspect of Drug Use","Not Suspect of Alcohol Use, Not Suspect of Drug Use",AE96D2C0-34CF-4B0D-8F55-1FD3C2208D76,Pedestrian,None,Unknown,Intersection Marked Crosswalk,No,Possible Injury,None,39.1199395,-77.15983407,"(39.1199395, -77.15983407)"
MCP3080004W,240031575,MONTGOMERY,Injury Crash,07/05/2024 04:31:00 PM,County Route,,TURTLE ROCK TERR,,,Scooter (non-Electric),Single Vehicle,Clear,Dry,Daylight,Stop Sign,"Not Suspect of Alcohol Use, Not Suspect of Drug Use","Not Suspect of Alcohol Use, Not Suspect of Drug Use",37B1CCD9-9440-4B2D-8586-676388744058,Scooter (non-Electric),Cross/Enter at Intersection,Failure to Yield Right-Of-Way,Intersection Unmarked Crosswalk,Yes,Suspected Minor Injury,None,39.23630848,-77.26186039,"(39.23630848, -77.26186039)"
MCP3134003J,220029813,Montgomery County Police,Injury Crash,07/11/2022 05:45:00 PM,,,,SELF STORAGE PARKING LOT 15221 DINO DRIVE BUTONSVILLE MD,,PEDESTRIAN,OTHER,CLEAR,,DAYLIGHT,NO CONTROLS,N/A,N/A,8371B380-B6D7-4016-912F-F7BCAEDE89E3,PEDESTRIAN,Other Working,N/A,OTHER,No,POSSIBLE INJURY,NONE,39.109655,-76.92519517,"(39.109655, -76.92519517)"
MCP28890013,15042687,MONTGOMERY,Injury Crash,08/25/2015 08:52:00 PM,Maryland (State),UNIVERSITY BLVD W,CADDINGTON AVE,,N/A,PEDESTRIAN,SINGLE VEHICLE,CLEAR,DRY,DARK LIGHTS ON,TRAFFIC SIGNAL,N/A,NONE DETECTED,C42044D6-AF9D-4F5F-B40B-A3D616497D2D,PEDESTRIAN,Cross/Enter at Intersection,NO IMPROPER ACTIONS,ON ROADWAY AT CROSSWALK,No,POSSIBLE INJURY,N/A,39.03350699,-77.02369004,"(39.03350699, -77.02369004)"
MCP1554000Y,15051825,MONTGOMERY,Injury Crash,10/12/2015 08:15:00 PM,Maryland (State),FREDERICK RD,ENT TO SHADY GROVE METRO STATION,,N/A,PEDESTRIAN,STRAIGHT MOVEMENT ANGLE,CLEAR,DRY,DARK LIGHTS ON,TRAFFIC SIGNAL,"NONE DETECTED, UNKNOWN",UNKNOWN,99F8CBB4-1245-4A13-89F7-1537597C470C,PEDESTRIAN,Other,OTHER,ON ROADWAY NOT AT CROSSWALK,No,SUSPECTED MINOR INJURY,NONE,39.11742167,-77.16875167,"(39.11742167, -77.16875167)"
MCP3078000S,180004198,Montgomery County Police,Injury Crash,01/25/2018 08:26:00 AM,County,BLUERIDGE AVE,GEORGIA AVE,,N/A,PEDESTRIAN,N/A,CLEAR,DRY,DAYLIGHT,TRAFFIC SIGNAL,NONE DETECTED,N/A,D241F68D-9157-4759-B4DB-12C4761B93D0,PEDESTRIAN,Cross/Enter at Intersection,IN ROADWAY IMPROPERLY,ON ROADWAY NOT AT CROSSWALK,Yes,SUSPECTED MINOR INJURY,N/A,39.04313667,-77.05172167,"(39.04313667, -77.05172167)"
MCP3245000V,200047383,Montgomery County Police,Injury Crash,12/01/2020 05:29:00 PM,Municipality,STORY DR,GOLD KETTLE DR,,GAITHERSBURG,PEDESTRIAN,N/A,CLEAR,DRY,DARK LIGHTS ON,NO CONTROLS,NONE DETECTED,NONE DETECTED,E754242E-9F0C-4269-882D-BFA54FD5B70F,PEDESTRIAN,Walking/Cycling on Sidewalk,INATTENTIVE,AT INTERSECTION MARKED CROSSWALK,No,SUSPECTED MINOR INJURY,NONE,39.11728004,-77.21242686,"(39.11728004, -77.21242686)"
MCP32270060,240059984,MONTGOMERY,Injury Crash,12/15/2024 09:15:00 PM,Maryland (State) Route,PINEY BRANCH RD,GREENWOOD AVE,,,Pedestrian,Single Vehicle,Rain,Wet,Dark - Lighted,Traffic Control Signal,"Not Suspect of Alcohol Use, Not Suspect of Drug Use","Not Suspect of Alcohol Use, Not Suspect of Drug Use",2E68ED28-667F-44AD-A219-E0E8E6B4B219,Pedestrian,Cross/Enter at Intersection,"Failure to Obey Traffic Signs, Signals, or Officer",Intersection Marked Crosswalk,No,Suspected Minor Injury,None,38.99835348,-77.00232227,"(38.99835348, -77.00232227)"
MCP20720042,200031699,Montgomery County Police,Injury Crash,08/14/2020 01:29:00 PM,Maryland (State),GREAT SENECA HWY,CLOPPER RD,,N/A,PEDESTRIAN,OTHER,CLEAR,DRY,DAYLIGHT,TRAFFIC SIGNAL,NONE DETECTED,ALCOHOL PRESENT,3248AC7D-C726-462C-A5BA-0398D349C265,PEDESTRIAN,Other,NOT VISIBLE,ON ROADWAY NOT AT CROSSWALK,Yes,POSSIBLE INJURY,NONE,39.15781333,-77.27580333,"(39.15781333, -77.27580333)"
MCP3048001Y,170538125,Montgomery County Police,Injury Crash,10/22/2017 09:35:00 AM,County,SANGAMORE RD,MACARTHUR BLVD,,N/A,BICYCLIST,HEAD ON LEFT TURN,CLEAR,DRY,DAYLIGHT,TRAFFIC SIGNAL,NONE DETECTED,NONE DETECTED,B57D8B15-4DFF-405A-B260-571B2B39D5D2,BICYCLIST,Cross/Enter at Intersection,NO IMPROPER ACTIONS,ON ROADWAY NOT AT CROSSWALK,No,SUSPECTED MINOR INJURY,MC/BIKE HELMET,38.94458833,-77.11712333,"(38.94458833, -77.11712333)"
MCP0036002R,15043045,MONTGOMERY,Injury Crash,08/27/2015 04:04:00 PM,Maryland (State),RIDGE RD,MAIN ST,,N/A,BICYCLIST,SINGLE VEHICLE,CLEAR,DRY,DAYLIGHT,NO CONTROLS,NONE DETECTED,NONE DETECTED,54AF657D-FCA7-440E-807D-4A8B5A421680,BICYCLIST,Walking/Riding w/Traffic,NO IMPROPER ACTIONS,ON ROADWAY NOT AT CROSSWALK,No,SUSPECTED SERIOUS INJURY,NONE,39.28840503,-77.20512003,"(39.28840503, -77.20512003)"
MCP2504001J,16035727,Montgomery County Police,Injury Crash,07/14/2016 07:25:00 PM,,,,PARKING LOT OF 9745 TRAVILLE GATEWAY DRIVE,,PEDESTRIAN,STRAIGHT MOVEMENT ANGLE,CLEAR,,DAYLIGHT,N/A,NONE DETECTED,NONE DETECTED,3FF60469-D052-4FE7-B62D-DE7C1C84103F,PEDESTRIAN,Other,NO IMPROPER ACTIONS,OTHER,No,POSSIBLE INJURY,N/A,39.091765,-77.20330833,"(39.091765, -77.20330833)"
MCP30300079,240062372,MONTGOMERY,Injury Crash,12/31/2024 09:24:00 PM,County Route,WILLARD AVE,,,,Pedestrian,Single Vehicle,Clear,Wet,Dark - Lighted,No Controls,"Not Suspect of Alcohol Use, Not Suspect of Drug Use","Suspect of Alcohol Use, Not Suspect of Drug Use",F69E0926-CC79-470F-BA12-B3D70FADA6B1,Pedestrian,Cross/Enter Not at Intersection,"Failure to Yield Right-Of-Way, Inattentive (Talking, Eating, etc.), Other",Travel Lane Other Location,Yes,Suspected Serious Injury,None,38.96230079,-77.08983301,"(38.96230079, -77.08983301)"
MCP2783000M,15031359,MONTGOMERY,Injury Crash,06/27/2015 02:41:00 AM,County,RANDOLPH RD,DENLEY RD,,N/A,PEDESTRIAN,OTHER,CLEAR,DRY,DARK LIGHTS ON,NO CONTROLS,,ALCOHOL PRESENT,6BEED241-AEB0-4634-BA1F-2059B4A1A510,PEDESTRIAN,Unknown,UNKNOWN,ON ROADWAY NOT AT CROSSWALK,No,SUSPECTED MINOR INJURY,NONE,39.05930167,-77.06207833,"(39.05930167, -77.06207833)"
MCP2936003X,200030698,Montgomery County Police,Injury Crash,08/07/2020 04:22:00 PM,,,,"SIDEWALK/PARKING LOT OF 11790 PARKLAWN DR ROCKVILLE, MD 20852",,PEDESTRIAN,OTHER,N/A,,DAYLIGHT,NO CONTROLS,NONE DETECTED,NONE DETECTED,32E886BE-97E7-445B-82CD-BAA099CDA45A,PEDESTRIAN,Walking/Cycling on Sidewalk,NO IMPROPER ACTIONS,SIDEWALK,No,SUSPECTED MINOR INJURY,N/A,39.04858,-77.0993,"(39.04858, -77.0993)"
MCP2732000R,15045144,MONTGOMERY,Injury Crash,09/07/2015 05:29:00 PM,Maryland (State),UNIVERSITY BLVD W,WESTCHESTER DR,,N/A,BICYCLIST,STRAIGHT MOVEMENT ANGLE,CLEAR,DRY,DAYLIGHT,NO CONTROLS,NONE DETECTED,NONE DETECTED,EFCF8C48-F732-4441-8C14-9528F4C5736F,BICYCLIST,Cross/Enter at Intersection,NO IMPROPER ACTIONS,AT INTERSECTION BUT NO CROSSWALK,No,SUSPECTED MINOR INJURY,NONE,39.04058167,-77.04435833,"(39.04058167, -77.04435833)"
EJ7781005G,240060393,GAITHERSBURG,Injury Crash,12/18/2024 07:18:00 AM,Municipality Route,DIAMOND DR,QUINCE ORCHARD BLVD QUINCE ORCHARD BLVD (EB/L) SEBASTIANI BLVD SEBASTIANI BLVD (SB/L),,,Pedestrian,Single Vehicle,Clear,Dry,Dawn,No Controls,"Not Suspect of Alcohol Use, Not Suspect of Drug Use","Not Suspect of Alcohol Use, Not Suspect of Drug Use",C494DD4D-429C-43C2-B23C-2DAE7BF8F805,Pedestrian,Cross/Enter at Intersection,None (No Improper Action),Intersection Marked Crosswalk,No,Suspected Minor Injury,None,39.13496558,-77.22976059,"(39.13496558, -77.22976059)"
MCP93810014,15018337,Montgomery County Police,Property Damage Crash,04/19/2015 11:50:00 AM,Government,BEACH DR,CONNECTICUT AVE,,N/A,BICYCLIST,SAME DIRECTION SIDESWIPE,CLEAR,DRY,DAYLIGHT,NO CONTROLS,NONE DETECTED,NONE DETECTED,C227F2A2-C345-4719-9C9E-47BC92C88D89,BICYCLIST,Walking/Riding w/Traffic,NO IMPROPER ACTIONS,ON ROADWAY NOT AT CROSSWALK,,NO APPARENT INJURY,MC/BIKE HELMET,39.00845167,-77.08224833,"(39.00845167, -77.08224833)"
MCP2592002W,230031578,Montgomery County Police,Injury Crash,07/02/2023 02:18:00 PM,,,,PARKING LOT OF 9701 FIELDS ROAD (WASHINGTONIAN TOWERS),,PEDESTRIAN,SINGLE VEHICLE,CLEAR,,DAYLIGHT,NO CONTROLS,,ALCOHOL PRESENT,94FBCC3B-35CF-4A2C-9719-2A147AFC3004,PEDESTRIAN,Other,NO IMPROPER ACTIONS,OTHER,Unknown,SUSPECTED SERIOUS INJURY,NONE,39.11520892,-77.19959934,"(39.11520892, -77.19959934)"
MCP2780006G,230005668,Montgomery County Police,Injury Crash,02/03/2023 08:13:00 PM,County,MIDDLEBROOK RD,FREDERICK RD,,N/A,PEDESTRIAN,N/A,CLOUDY,DRY,DARK LIGHTS ON,YIELD SIGN,N/A,N/A,3991F356-6DBA-40AB-A158-1B636D97DA0B,PEDESTRIAN,Cross/Enter at Intersection,FAILURE TO YIELD RIGHT OF WAY,AT INTERSECTION MARKED CROSSWALK,No,POSSIBLE INJURY,NONE,39.183033,-77.29010017,"(39.183033, -77.29010017)"
MCP2919001F,16020556,Montgomery County Police,Property Damage Crash,04/26/2016 12:49:00 PM,Maryland (State),GEORGIA AVE,CORWIN DR,,N/A,OTHER,OTHER,CLEAR,DRY,DAYLIGHT,NO CONTROLS,NONE DETECTED,NONE DETECTED,FEEBCBA3-8092-40B9-A768-FFA070C3C26B,OTHER,N/A,OTHER,INSIDE BUILDING,Yes,NO APPARENT INJURY,N/A,39.00801309,-77.03996971,"(39.00801309, -77.03996971)"
MCP15690008,15066152,MONTGOMERY,Property Damage Crash,12/25/2015 04:56:00 PM,County,TRAVILLE  GATEWAY DR,SHADY GROVE RD,,N/A,PEDESTRIAN,OTHER,RAINING,WET,DARK LIGHTS ON,NO CONTROLS,N/A,N/A,7F089091-6AF0-48CA-8802-2761FD753EE5,PEDESTRIAN,Cross/Enter not at Intersection,IN ROADWAY IMPROPERLY,ON ROADWAY NOT AT CROSSWALK,Yes,NO APPARENT INJURY,NONE,39.09135333,-77.204255,"(39.09135333, -77.204255)"
MCP3264001T,210023890,Montgomery County Police,Injury Crash,06/22/2021 02:23:00 PM,County,SECOND AVE,APPLE AVE,,N/A,PEDESTRIAN,OTHER,CLEAR,DRY,DAYLIGHT,TRAFFIC SIGNAL,NONE DETECTED,NONE DETECTED,246BE639-3A87-41C5-8B53-DEE5FAB281DD,PEDESTRIAN,Cross/Enter at Intersection,NO IMPROPER ACTIONS,ON ROADWAY AT CROSSWALK,No,POSSIBLE INJURY,NONE,38.99612244,-77.03191833,"(38.99612244, -77.03191833)"
DD56010052,190052141,Rockville Police Departme,Property Damage Crash,10/29/2019 10:39:00 PM,,,,PARKING LOT OF 891 ROCKVILLE PIKE,,OTHER,SINGLE VEHICLE,CLEAR,,DARK LIGHTS ON,N/A,UNKNOWN,N/A,377AB315-CDD3-4654-B39E-A0EA01BD0338,OTHER,N/A,NO IMPROPER ACTIONS,N/A,No,NO APPARENT INJURY,N/A,39.0742805,-77.13729233,"(39.0742805, -77.13729233)"
MCP2753002S,170525843,Montgomery County Police,Injury Crash,08/20/2017 12:06:00 PM,County,GRIDLEY RD,CHARLES RD,,N/A,PEDESTRIAN,OTHER,CLEAR,DRY,DAYLIGHT,NO CONTROLS,NONE DETECTED,NONE DETECTED,FB5C8840-7988-4DBC-B754-1507528E1EC7,PEDESTRIAN,Playing,IN ROADWAY IMPROPERLY,ON ROADWAY NOT AT CROSSWALK,Yes,SUSPECTED MINOR INJURY,NONE,39.05568333,-77.087665,"(39.05568333, -77.087665)"
MCP3068000L,170541552,Montgomery County Police,Injury Crash,11/07/2017 07:12:00 PM,Maryland (State),BROOKVILLE RD,TAYLOR ST,,CHEVY CHASE #3,PEDESTRIAN,OTHER,RAINING,WET,DARK LIGHTS ON,STOP SIGN,N/A,N/A,71E240BD-CF0F-4B23-A727-C1EE9104BB23,PEDESTRIAN,Cross/Enter at Intersection,NO IMPROPER ACTIONS,ON ROADWAY AT CROSSWALK,No,SUSPECTED MINOR INJURY,NONE,38.98126833,-77.07143333,"(38.98126833, -77.07143333)"
MCP2947000J,15027847,Montgomery County Police,Injury Crash,06/09/2015 07:38:00 AM,County,FRANKFORT DR,MARIANNA DR,,N/A,PEDESTRIAN,SINGLE VEHICLE,CLEAR,DRY,DAYLIGHT,STOP SIGN,NONE DETECTED,NONE DETECTED,30A11FB8-0B5F-4443-99C7-6754B468BF10,PEDESTRIAN,Unknown,NO IMPROPER ACTIONS,SIDEWALK,,NO APPARENT INJURY,N/A,39.08461293,-77.08991647,"(39.08461293, -77.08991647)"
EJ7858003N,190028031,Gaithersburg Police Depar,Injury Crash,06/12/2019 12:36:00 PM,Municipality,FAIRBANKS BLVD,BARKLEY PL,,GAITHERSBURG,BICYCLIST,SINGLE VEHICLE,CLEAR,DRY,DAYLIGHT,STOP SIGN,NONE DETECTED,NONE DETECTED,0A607A0D-E59F-4657-81E4-9A903620F111,BICYCLIST,Walking/Cycling on Sidewalk,FAILURE TO YIELD RIGHT OF WAY,SIDEWALK,Yes,SUSPECTED MINOR INJURY,NONE,39.13214833,-77.19136167,"(39.13214833, -77.19136167)"
MCP30790021,190007453,Montgomery County Police,Injury Crash,02/15/2019 04:56:00 PM,County,LIBERTY MILL RD,SPARKLING WATER DR,,N/A,BICYCLIST,OTHER,CLEAR,DRY,DAYLIGHT,NO CONTROLS,NONE DETECTED,NONE DETECTED,DFB6CEF1-8E29-4587-B7C8-EC1781B5D559,BICYCLIST,Cross/Enter at Intersection,NO IMPROPER ACTIONS,ON ROADWAY NOT AT CROSSWALK,No,SUSPECTED MINOR INJURY,NONE,39.1643725,-77.27915533,"(39.1643725, -77.27915533)"
MCP3042000G,17012423,Montgomery County Police,Injury Crash,03/09/2017 01:36:00 PM,County,SHOREFIELD RD,GEORGIA AVE,,N/A,BICYCLIST,SAME DIR REAR END,CLEAR,DRY,DAYLIGHT,NO CONTROLS,NONE DETECTED,NONE DETECTED,D7E85244-83D0-4304-9B2B-31AB2250BC97,BICYCLIST,Walking/Riding w/Traffic,NO IMPROPER ACTIONS,SHOULDER,No,POSSIBLE INJURY,NONE,39.06955333,-77.161305,"(39.06955333, -77.161305)"
DM84210024,190028528,Takoma Park Police Depart,Injury Crash,06/14/2019 10:15:00 PM,,,,"PARKING LOT OF THE 7/11, LOCATED AT 902 MERIMAC DRIVE",,PEDESTRIAN,SINGLE VEHICLE,CLEAR,,DARK LIGHTS ON,N/A,NONE DETECTED,NONE DETECTED,D9E74779-6954-4130-A07F-49509144A914,PEDESTRIAN,Standing,NO IMPROPER ACTIONS,SIDEWALK,No,POSSIBLE INJURY,N/A,38.99270683,-76.9921405,"(38.99270683, -76.9921405)"
MCP1205009L,230053956,Montgomery County Police,Injury Crash,09/09/2023 12:14:00 PM,Maryland (State),CONNECTICUT AVE,CHEVY CHASE LAKE DR,,N/A,BICYCLIST,STRAIGHT MOVEMENT ANGLE,CLEAR,DRY,DAYLIGHT,STOP SIGN,NONE DETECTED,NONE DETECTED,06A86E22-42C8-46DB-BD75-040B59996038,BICYCLIST,Walking/Cycling on Sidewalk,NO IMPROPER ACTIONS,SIDEWALK,No,SUSPECTED MINOR INJURY,MC/BIKE HELMET,38.99257667,-77.07689167,"(38.99257667, -77.07689167)"
MCP1233005V,240037251,MONTGOMERY,Injury Crash,08/07/2024 03:20:00 PM,County Route,CEDAR LA,,,,Occupant Of a Non-Motor Vehicle Transportation Device,Single Vehicle,Cloudy,Dry,Daylight,"Other Pavement Marking (excluding edgelines, centerlines, or lane lines)","Not Suspect of Alcohol Use, Not Suspect of Drug Use","Not Suspect of Alcohol Use, Not Suspect of Drug Use",BFF4F38D-EBC9-4B39-8E9D-9072B28124EC,Occupant Of a Non-Motor Vehicle Transportation Device,Cross/Enter Not at Intersection,Failure to Yield Right-Of-Way,Travel Lane Other Location,Yes,Suspected Minor Injury,"Reflective Wear (backpack, triangles, etc.)",39.00905406,-77.09220885,"(39.00905406, -77.09220885)"
DD5681000F,250018113,ROCKVILLE,Injury Crash,04/26/2025 09:20:00 AM,,,,Parking Stall        PARKING LOT IN FRONT OF JERSEY MIKE'S SUBS,,Pedestrian,Single Vehicle,Cloudy,,Daylight,,"Not Suspect of Alcohol Use, Not Suspect of Drug Use","Not Suspect of Alcohol Use, Not Suspect of Drug Use",6E6277C0-27C1-44F0-A3EF-85BAAD7C06D0,Pedestrian,None,None (No Improper Action),NonTrafficway Area,No,Suspected Minor Injury,None,39.0971145,-77.1918468,"(39.0971145, -77.1918468)"
MCP15530019,15004184,Montgomery County Police,Injury Crash,01/26/2015 02:53:00 PM,County,ELDRID DR,JOHNSON AVE,,N/A,PEDESTRIAN,OTHER,SNOW,SNOW,DAYLIGHT,N/A,NONE DETECTED,NONE DETECTED,0BD7553F-98BC-4BB1-8F1E-E3B1255E4E46,PEDESTRIAN,Walking/Riding against Traffic,NO IMPROPER ACTIONS,ON ROADWAY NOT AT CROSSWALK,,POSSIBLE INJURY,N/A,39.066665,-76.99651167,"(39.066665, -76.99651167)"
MCP3048004B,180059044,Montgomery County Police,Injury Crash,11/26/2018 08:07:00 AM,County,FRIENDSHIP BLVD,WILLARD AVE,,N/A,PEDESTRIAN,HEAD ON LEFT TURN,RAINING,WET,DAYLIGHT,TRAFFIC SIGNAL,N/A,N/A,37DF3148-B683-44AC-8DC8-AC750E6E90BA,PEDESTRIAN,Cross/Enter at Intersection,DART DASH,ON ROADWAY AT CROSSWALK,No,SUSPECTED MINOR INJURY,NONE,38.961945,-77.08896667,"(38.961945, -77.08896667)"
MCP31120020,190015524,Montgomery County Police,Injury Crash,04/03/2019 08:00:00 PM,Maryland (State),WISCONSIN AVE,WOODMONT AVE,,N/A,PEDESTRIAN,OTHER,CLEAR,DRY,DARK LIGHTS ON,TRAFFIC SIGNAL,NONE DETECTED,NONE DETECTED,2D6FCF2F-385D-4ECC-89D3-5691D091407B,PEDESTRIAN,Cross/Enter at Intersection,NO IMPROPER ACTIONS,AT INTERSECTION MARKED CROSSWALK,No,SUSPECTED SERIOUS INJURY,N/A,38.98028117,-77.09220217,"(38.98028117, -77.09220217)"
MCP3143000R,180056364,Montgomery County Police,Injury Crash,11/09/2018 06:44:00 PM,County,EXECUTIVE BLVD,MARINELLI RD,,N/A,PEDESTRIAN,OTHER,RAINING,WET,DARK LIGHTS ON,TRAFFIC SIGNAL,NONE DETECTED,NONE DETECTED,C2314996-CF3F-47D5-8D37-B45F104BFCA9,PEDESTRIAN,Cross/Enter at Intersection,NO IMPROPER ACTIONS,N/A,No,SUSPECTED MINOR INJURY,NONE,39.046515,-77.11683167,"(39.046515, -77.11683167)"
EJ78930016,220028119,Gaithersburg Police Depar,Injury Crash,06/30/2022 12:33:00 PM,,,,PARKING LOT OF 880 RUSSELL AVENUE,,PEDESTRIAN,OTHER,CLEAR,,DAYLIGHT,NO CONTROLS,NONE DETECTED,NONE DETECTED,8E077D76-5F2F-46F9-ADDB-3AC9E65BC196,PEDESTRIAN,Standing,NO IMPROPER ACTIONS,OTHER,No,POSSIBLE INJURY,N/A,39.15587113,-77.21361772,"(39.15587113, -77.21361772)"
MCP27990016,15051296,Montgomery County Police,Property Damage Crash,10/22/2015 05:57:00 PM,County,SPARTAN RD,TOWN CENTER DR,,N/A,BICYCLIST,STRAIGHT MOVEMENT ANGLE,RAINING,WET,DAYLIGHT,NO CONTROLS,N/A,NONE DETECTED,7B6DFF19-CF75-4CB9-A9D6-C9D7F81E44C3,BICYCLIST,Cross/Enter at Intersection,FAILURE TO YIELD RIGHT OF WAY,SIDEWALK,Yes,NO APPARENT INJURY,NONE,39.15255243,-77.06085205,"(39.15255243, -77.06085205)"
DD5502002Y,17010773,Rockville Police Departme,Injury Crash,02/28/2017 07:00:00 PM,Municipality,MARTINS LA,N WASHINGTON ST,,ROCKVILLE,PEDESTRIAN,OTHER,RAINING,WET,DARK LIGHTS ON,TRAFFIC SIGNAL,NONE DETECTED,NONE DETECTED,59A22041-284C-44D8-B65A-6CB86CC12FCB,PEDESTRIAN,Cross/Enter at Intersection,NO IMPROPER ACTIONS,ON ROADWAY AT CROSSWALK,No,SUSPECTED MINOR INJURY,N/A,39.09098167,-77.15364333,"(39.09098167, -77.15364333)"
MCP25860012,15014851,Montgomery County Police,Injury Crash,03/31/2015 09:13:00 PM,County,BRIGGS CHANEY RD,OLD COLUMBIA PIKE,,N/A,PEDESTRIAN,OTHER,RAINING,WET,DARK LIGHTS ON,TRAFFIC SIGNAL,NONE DETECTED,NONE DETECTED,8BCDBFEF-F875-4FBD-B9B4-AEF251561406,PEDESTRIAN,Cross/Enter not at Intersection,IN ROADWAY IMPROPERLY,ON ROADWAY NOT AT CROSSWALK,,POSSIBLE INJURY,N/A,39.08486833,-76.95204167,"(39.08486833, -76.95204167)"
MCP2929001Q,16041572,Montgomery County Police,Injury Crash,08/16/2016 10:30:00 AM,County,PRINCE PHILIP DR,OLNEY SANDY SPRING RD,,N/A,OTHER,OTHER,N/A,DRY,DAYLIGHT,NO CONTROLS,NONE DETECTED,NONE DETECTED,381161B4-3118-4BA5-A6F6-1C4D7613FD84,OTHER,Getting off/on Vehicle,N/A,SHOULDER,No,SUSPECTED MINOR INJURY,N/A,39.15071372,-77.05721498,"(39.15071372, -77.05721498)"
DD5567006Z,250002219,ROCKVILLE,Injury Crash,01/16/2025 06:47:00 PM,Maryland (State) Route,HUNGERFORD DR (SB/L),,,,Pedestrian,Single Vehicle,Snow,Wet,Dark - Lighted,No Controls,"Not Suspect of Alcohol Use, Not Suspect of Drug Use","Unknown, Unknown",B8CD85D9-85E8-438A-A2FC-F8EC6485D468,Pedestrian,Cross/Enter Not at Intersection,Other,Travel Lane Other Location,No,Suspected Serious Injury,None,39.09430848,-77.1533965,"(39.09430848, -77.1533965)"