Report Number,Local Case Number,Agency Name,ACRS Report Type,Crash Date/Time,Route Type,Road Name,Cross-Street Name,Off-Road Description,Municipality,Related Non-Motorist,Collision Type,Weather,Surface Condition,Light,Traffic Control,Driver Substance Abuse,Non-Motorist Substance Abuse,Person ID,Pedestrian Type,Pedestrian Movement,Pedestrian Actions,Pedestrian Location,At Fault,Injury Severity,Safety Equipment,Latitude,Longitude,Location
MCP3003000S,16054112,Montgomery County Police,Injury Crash,10/20/2016 08:59:00 PM,County,BRANDERMILL DR,DRUM CASTLE WAY,,N/A,PEDESTRIAN,OTHER,CLEAR,DRY,DARK LIGHTS ON,NO CONTROLS,NONE DETECTED,NONE DETECTED,4490A17F-662B-4D13-B46E-DCA4EF4D7CDB,PEDESTRIAN,Cross/Enter not at Intersection,UNKNOWN,ON ROADWAY NOT AT CROSSWALK,No,POSSIBLE INJURY,N/A,39.19094,-77.23934333,"(39.19094, -77.23934333)"
MCP34240016,250012382,MONTGOMERY,Injury Crash,03/21/2025 09:37:00 AM,Municipality Route,W DIAMOND AVE,,,,Pedestrian,Single Vehicle,Clear,Dry,Daylight,No Controls,"Not Suspect of Alcohol Use, Not Suspect of Drug Use","Not Suspect of Alcohol Use, Not Suspect of Drug Use",2B17B4AA-F880-479C-A56C-4B1AE2491A83,Pedestrian,Cross/Enter Not at Intersection,"Failure to Obey Traffic Signs, Signals, or Officer, Inattentive (Talking, Eating, etc.)",Travel Lane Other Location,Yes,Suspected Minor Injury,None,39.1408595,-77.19580067,"(39.1408595, -77.19580067)"
MCP2905006H,240042261,MONTGOMERY,Injury Crash,09/05/2024 01:15:00 PM,Maryland (State) Route,VEIRS MILL RD (WB/L),,,,Pedestrian,Single Vehicle,Clear,Dry,Daylight,Traffic Control Signal,"Unknown, Unknown","Unknown, Unknown",5D71DD50-C29F-406B-9DBD-8D31C0B4354C,Pedestrian,Cross/Enter Not at Intersection,Other,Shoulder/Roadside,Yes,Suspected Minor Injury,None,39.03701011,-77.05100781,"(39.03701011, -77.05100781)"
MCP3069003N,210003298,Montgomery County Police,Injury Crash,01/26/2021 05:17:00 PM,County,WILLARD AVE,N PARK AVE,,FRIENDSHIP HEIGHTS,PEDESTRIAN,OTHER,RAINING,WET,DUSK,NO CONTROLS,NONE DETECTED,NONE DETECTED,E51CAF0E-2CA3-4814-846D-E6E904C87A2C,PEDESTRIAN,Cross/Enter at Intersection,NO IMPROPER ACTIONS,ON ROADWAY AT CROSSWALK,No,POSSIBLE INJURY,NONE,38.96281636,-77.09330852,"(38.96281636, -77.09330852)"
MCP3163007T,240055786,MONTGOMERY,Injury Crash,11/20/2024 08:48:00 PM,,,,Parking Lot Way        PARKING LOT OF 3715 UNIVERSITY BLVD W,,Pedestrian,Single Vehicle,Rain,,Dark - Lighted,,"Unknown, Unknown","Not Suspect of Alcohol Use, Not Suspect of Drug Use",7B37388E-385F-4958-AA72-A217458A7B51,Pedestrian,None,None (No Improper Action),Other,No,Suspected Minor Injury,None,39.03363537,-77.07352018,"(39.03363537, -77.07352018)"
MCP3076002W,190061138,Montgomery County Police,Injury Crash,12/19/2019 12:55:00 PM,County,FENTON ST,CAMERON ST,,N/A,PEDESTRIAN,HEAD ON LEFT TURN,CLEAR,DRY,DAYLIGHT,TRAFFIC SIGNAL,NONE DETECTED,NONE DETECTED,BCDA76E7-1A62-43D4-9FFD-7221D52A91D2,PEDESTRIAN,Cross/Enter at Intersection,NO IMPROPER ACTIONS,ON ROADWAY AT CROSSWALK,No,SUSPECTED MINOR INJURY,NONE,38.99839992,-77.02878186,"(38.99839992, -77.02878186)"
MCP29660038,170528869,Montgomery County Police,Injury Crash,09/05/2017 07:30:00 PM,Maryland (State),GEORGIA AVE,HEATHFIELD RD,,N/A,PEDESTRIAN,OTHER,RAINING,WET,DARK -- UNKNOWN LIGHTING,NO CONTROLS,NONE DETECTED,NONE DETECTED,9462ADC1-0426-405E-8356-50A5BA05B34F,PEDESTRIAN,Cross/Enter at Intersection,DART DASH,AT INTERSECTION BUT NO CROSSWALK,Yes,SUSPECTED SERIOUS INJURY,NONE,39.08765,-77.07965833,"(39.08765, -77.07965833)"
DM8439001K,180008519,Takoma Park Police Depart,Injury Crash,02/18/2018 04:09:00 PM,Maryland (State),NEW HAMPSHIRE AVE,HOLTON LA,,TAKOMA PARK,PEDESTRIAN,OTHER,CLEAR,DRY,DAYLIGHT,TRAFFIC SIGNAL,N/A,N/A,E7FE4403-D598-482A-9A73-E02B0CB10745,PEDESTRIAN,Cross/Enter at Intersection,NO IMPROPER ACTIONS,ON ROADWAY AT CROSSWALK,No,POSSIBLE INJURY,N/A,38.98576833,-76.98817833,"(38.98576833, -76.98817833)"
MCP2385000P,16012022,MONTGOMERY,Injury Crash,03/10/2016 11:03:00 PM,Other Public Roadway,ARORA HILLS DR,NEWCUT RD,,N/A,OTHER CONVEYANCE,SINGLE VEHICLE,CLEAR,DRY,DARK LIGHTS ON,NO CONTROLS,ALCOHOL CONTRIBUTED,NONE DETECTED,9326F160-AFE5-44E3-B944-F53A648C8C4B,OTHER CONVEYANCE,Cross/Enter at Intersection,NO IMPROPER ACTIONS,AT INTERSECTION BUT NO CROSSWALK,No,POSSIBLE INJURY,NONE,39.23046833,-77.248095,"(39.23046833, -77.248095)"
MCP30260083,220037721,Montgomery County Police,Injury Crash,08/31/2022 03:01:00 PM,Maryland (State),WISCONSIN AVE,S PARK AVE,,FRIENDSHIP HEIGHTS,PEDESTRIAN,SINGLE VEHICLE,CLEAR,DRY,DAYLIGHT,NO CONTROLS,UNKNOWN,NONE DETECTED,729FB251-2109-4E8C-A1EF-F1DC4ACFD707,PEDESTRIAN,Cross/Enter not at Intersection,NO IMPROPER ACTIONS,OTHER,No,POSSIBLE INJURY,NONE,38.96451874,-77.0878088,"(38.96451874, -77.0878088)"
MCP9130002L,16039257,Montgomery County Police,Property Damage Crash,08/03/2016 01:53:00 PM,Maryland (State),UNIVERSITY BLVD E,CARROLL AVE,,N/A,OTHER,SINGLE VEHICLE,CLEAR,DRY,DAYLIGHT,PERSON,NONE DETECTED,NONE DETECTED,633CAA4E-3116-480E-8F37-8529F74F9083,OTHER,Standing,NO IMPROPER ACTIONS,OTHER,No,NO APPARENT INJURY,OTHER,38.99418,-76.99272,"(38.99418, -76.99272)"
MCP0942001N,180020364,Montgomery County Police,Injury Crash,04/26/2018 07:30:00 AM,County,BATTERY LA,WOODMONT AVE,,N/A,BICYCLIST,HEAD ON LEFT TURN,CLEAR,DRY,DAYLIGHT,NO CONTROLS,NONE DETECTED,NONE DETECTED,E83C04C8-648B-459D-8CF3-5E147CC7A6A9,BICYCLIST,Walking/Riding w/Traffic,NO IMPROPER ACTIONS,SHOULDER,No,SUSPECTED MINOR INJURY,MC/BIKE HELMET,38.99264217,-77.099658,"(38.99264217, -77.099658)"
MCP3376001Y,240042272,MONTGOMERY,Property Damage Crash,09/06/2024 01:01:00 PM,County Route,KARA LA,E RANDOLPH RD,,,Cyclist (non-electric),Single Vehicle,Cloudy,Dry,Daylight,Stop Sign,"Not Suspect of Alcohol Use, Not Suspect of Drug Use","Not Suspect of Alcohol Use, Not Suspect of Drug Use",FCDE40FF-5CA3-4995-AFDA-D37BABEF8B70,Cyclist (non-electric),Cross/Enter at Intersection,None (No Improper Action),Intersection Unmarked Crosswalk,No,No Apparent Injury,Unknown,39.0755665,-77.00053517,"(39.0755665, -77.00053517)"
MCP24920019,200002735,Montgomery County Police,Fatal Crash,01/16/2020 06:33:00 PM,Maryland (State),ROCKVILLE PIKE,WOOTTON PKWY,,ROCKVILLE,PEDESTRIAN,OTHER,SEVERE WINDS,DRY,DARK LIGHTS ON,NO CONTROLS,NONE DETECTED,UNKNOWN,8D8FF068-C253-4414-9496-D64BFC732C6B,PEDESTRIAN,Cross/Enter not at Intersection,FAILURE TO YIELD RIGHT OF WAY,ON ROADWAY NOT AT CROSSWALK,Yes,FATAL INJURY,N/A,39.07798974,-77.140867,"(39.07798974, -77.140867)"
MCP1595000Q,170504644,Montgomery County Police,Injury Crash,04/28/2017 02:16:00 AM,County,ELKIN ST,PRICE AVE,,N/A,PEDESTRIAN,SAME DIRECTION SIDESWIPE,CLEAR,DRY,DARK LIGHTS ON,NO CONTROLS,UNKNOWN,ALCOHOL PRESENT,100C0D18-7757-4824-8790-D4EDB434833D,PEDESTRIAN,Standing,NO IMPROPER ACTIONS,CURB,No,SUSPECTED MINOR INJURY,NONE,39.04091233,-77.05039009,"(39.04091233, -77.05039009)"
MCP137800FN,17000607,Montgomery County Police,Injury Crash,01/04/2017 03:25:00 PM,Maryland (State),S FREDERICK RD,EDUCATION BLVD,,GAITHERSBURG,PEDESTRIAN,SINGLE VEHICLE,CLEAR,DRY,DAYLIGHT,TRAFFIC SIGNAL,NONE DETECTED,NONE DETECTED,2B8854C6-4316-4023-8643-987F31F37753,PEDESTRIAN,Cross/Enter at Intersection,NO IMPROPER ACTIONS,ON ROADWAY AT CROSSWALK,No,SUSPECTED MINOR INJURY,N/A,39.135705,-77.19216167,"(39.135705, -77.19216167)"
MCP25160024,180046940,Montgomery County Police,Property Damage Crash,09/20/2018 07:58:00 AM,,,,19515 FREDERICK RD. TAILER # 102  (INSIDE OF TRAILER PARK),,OTHER,SINGLE VEHICLE,CLOUDY,,DAYLIGHT,NO CONTROLS,N/A,N/A,0C68A9D7-2DF5-4AA5-A05D-BF35C29D5044,OTHER,N/A,N/A,INSIDE BUILDING,No,NO APPARENT INJURY,N/A,39.18806833,-77.23341833,"(39.18806833, -77.23341833)"
MCP3059003G,180063871,Montgomery County Police,Injury Crash,12/21/2018 07:00:00 PM,,,,PARKING LOT OF 13615 GEORGIA AVE,,PEDESTRIAN,OTHER,CLEAR,,DUSK,N/A,UNKNOWN,NONE DETECTED,59981897-F4E5-4159-8077-39D87DDEC1BD,PEDESTRIAN,Walking/Cycling on Sidewalk,NO IMPROPER ACTIONS,SIDEWALK,No,POSSIBLE INJURY,N/A,39.07891152,-77.07230682,"(39.07891152, -77.07230682)"
MCP29910013,16047934,Montgomery County Police,Injury Crash,09/18/2016 12:45:00 PM,,,,CHURCH PARKING LOT OFF OF 17615 OLD BALTIMORE RD.,,PEDESTRIAN,SINGLE VEHICLE,CLEAR,,DAYLIGHT,NO CONTROLS,NONE DETECTED,NONE DETECTED,51EE3148-3B80-4843-8C9C-FEFD82F1918A,PEDESTRIAN,Other,NO IMPROPER ACTIONS,OTHER,No,POSSIBLE INJURY,N/A,39.14461333,-77.050775,"(39.14461333, -77.050775)"
MCP3121004N,220001180,Montgomery County Police,Property Damage Crash,01/10/2022 06:23:00 PM,,,,CROSSING AREA NEXT TO 18621 WALKERS CHOICE ROAD,,PEDESTRIAN,OTHER,CLEAR,,DARK LIGHTS ON,NO CONTROLS,UNKNOWN,NONE DETECTED,DC903203-C8B8-4923-9B25-8B96D05716C9,PEDESTRIAN,Other,OTHER,OUTSIDE RIGHT OF WAY,Yes,NO APPARENT INJURY,N/A,39.16186967,-77.20433514,"(39.16186967, -77.20433514)"
EJ7884001T,210014148,Gaithersburg Police Depar,Injury Crash,04/15/2021 08:28:00 PM,Maryland (State),S FREDERICK RD,W DEER PARK RD,,GAITHERSBURG,PEDESTRIAN,OTHER,N/A,DRY,DARK NO LIGHTS,TRAFFIC SIGNAL,NONE DETECTED,ALCOHOL CONTRIBUTED,B832651A-9C9F-4E75-89BF-05845F911C42,PEDESTRIAN,Walking/Riding against Traffic,IN ROADWAY IMPROPERLY,ON ROADWAY NOT AT CROSSWALK,Yes,SUSPECTED MINOR INJURY,N/A,39.13239822,-77.18920265,"(39.13239822, -77.18920265)"
DD5538004L,240045915,ROCKVILLE,Injury Crash,09/26/2024 11:05:00 AM,Crossover,,ROCKVILLE PIKE (SB/L),,,Scooter (electric),Single Vehicle,Cloudy,Dry,Daylight,No Controls,"Not Suspect of Alcohol Use, Not Suspect of Drug Use","Not Suspect of Alcohol Use, Not Suspect of Drug Use",E1936396-7B55-4446-BB12-1ABA81171489,Scooter (electric),Walking/Cycling on Sidewalk,Wrong-Way Riding or Walking,Driveway Access,No,Suspected Minor Injury,None,39.07618433,-77.13862431,"(39.07618433, -77.13862431)"
MCP13780085,15051735,MONTGOMERY,Injury Crash,10/12/2015 01:48:00 PM,Municipality,WASHINGTONIAN BLVD,FIELDS RD,,N/A,PEDESTRIAN,SINGLE VEHICLE,CLEAR,DRY,DAYLIGHT,TRAFFIC SIGNAL,NONE DETECTED,NONE DETECTED,3C95D285-E2C6-485E-AB96-DDD42B63CD3F,PEDESTRIAN,Cross/Enter at Intersection,NO IMPROPER ACTIONS,ON ROADWAY AT CROSSWALK,No,SUSPECTED SERIOUS INJURY,N/A,39.11164269,-77.19269738,"(39.11164269, -77.19269738)"
MCP3395003G,250024826,MONTGOMERY,Property Damage Crash,06/04/2025 09:59:00 AM,,,,Parking Lot Way        8484 16TH ST PARKING LOT,,Cyclist (Electric),Single Vehicle,Clear,,Daylight,,"Not Suspect of Alcohol Use, Not Suspect of Drug Use","Not Suspect of Alcohol Use, Not Suspect of Drug Use",3AE19CC2-B156-40B8-9678-13FFA88B2BA6,Cyclist (Electric),Unknown,Other,Other,Yes,No Apparent Injury,Helmet,38.99545662,-77.03704674,"(38.99545662, -77.03704674)"
MCP3337001N,230033699,Montgomery County Police,Injury Crash,07/15/2023 11:22:00 AM,Maryland (State),GEORGIA AVE,LAYHILL RD,,N/A,PEDESTRIAN,N/A,CLEAR,DRY,DAYLIGHT,NO CONTROLS,NONE DETECTED,NONE DETECTED,D8500A1F-B014-4049-AA7E-E4446964E3CE,PEDESTRIAN,Cross/Enter not at Intersection,NO IMPROPER ACTIONS,SIDEWALK,No,POSSIBLE INJURY,N/A,39.05950817,-77.05035067,"(39.05950817, -77.05035067)"
EJ78390025,170516483,Gaithersburg Police Depar,Injury Crash,06/29/2017 06:15:00 PM,County,GAME PRESERVE RD,ARROWSMITH CT,,N/A,BICYCLIST,OTHER,CLEAR,DRY,DAYLIGHT,NO CONTROLS,NONE DETECTED,NONE DETECTED,85CEF4F4-67A2-46AA-A43A-ACEC40102C88,BICYCLIST,Cross/Enter at Intersection,IN ROADWAY IMPROPERLY,OUTSIDE RIGHT OF WAY,Yes,SUSPECTED MINOR INJURY,NONE,39.16404333,-77.22304167,"(39.16404333, -77.22304167)"
MCP2347003X,220051655,Montgomery County Police,Property Damage Crash,11/22/2022 01:07:00 PM,County,OLD COLUMBIA PIKE,OAKHURST DR,,N/A,PEDESTRIAN,OTHER,CLEAR,DRY,DAYLIGHT,NO CONTROLS,NONE DETECTED,NONE DETECTED,E967CCAE-C351-45F7-94D5-FB8A7E6D02F5,PEDESTRIAN,Cross/Enter at Intersection,DART DASH,AT INTERSECTION BUT NO CROSSWALK,Yes,NO APPARENT INJURY,N/A,39.10061367,-76.94156017,"(39.10061367, -76.94156017)"
MCP26370016,16061165,Montgomery County Police,Injury Crash,11/29/2016 07:33:00 AM,County,SEVEN LOCKS RD,TUCKERMAN LA,,N/A,PEDESTRIAN,OTHER,RAINING,WET,DAWN,TRAFFIC SIGNAL,NONE DETECTED,NONE DETECTED,1E3CFBA6-4D72-4D31-8379-82E990A3CE16,PEDESTRIAN,Cross/Enter at Intersection,NO IMPROPER ACTIONS,AT INTERSECTION MARKED CROSSWALK,No,POSSIBLE INJURY,N/A,39.04061963,-77.15897799,"(39.04061963, -77.15897799)"
EJ7853001Q,16011574,Gaithersburg Police Depar,Injury Crash,03/08/2016 07:15:00 PM,County,MUDDY BRANCH RD,WEST SIDE DR,,GAITHERSBURG,PEDESTRIAN,SAME DIRECTION SIDESWIPE,CLEAR,DRY,DARK LIGHTS ON,TRAFFIC SIGNAL,NONE DETECTED,ALCOHOL PRESENT,F40DABE2-02CC-4019-80C9-D191EDC31A4D,PEDESTRIAN,Other,OTHER,CURB,Yes,POSSIBLE INJURY,N/A,39.126825,-77.21024667,"(39.126825, -77.21024667)"
MCP3023000T,170516781,Montgomery County Police,Injury Crash,07/01/2017 10:15:00 AM,Maryland (State),NORBECK RD,WINTERGATE DR,,N/A,BICYCLIST,SAME DIRECTION SIDESWIPE,CLEAR,DRY,DAYLIGHT,TRAFFIC SIGNAL,NONE DETECTED,NONE DETECTED,1DF4569A-688B-435C-987E-A5732B0C5393,BICYCLIST,Cross/Enter at Intersection,N/A,IN BIKEWAY,No,POSSIBLE INJURY,MC/BIKE HELMET,39.112255,-77.05907,"(39.112255, -77.05907)"
MCP3030005L,230056341,Montgomery County Police,Injury Crash,09/22/2023 05:00:00 PM,Maryland (State),OLD GEORGETOWN RD,GLENWOOD RD,,N/A,PEDESTRIAN,OTHER,CLEAR,DRY,DAYLIGHT,NO CONTROLS,N/A,N/A,CE41148A-94B8-4F75-A594-65D6A51F32E8,PEDESTRIAN,Cross/Enter not at Intersection,DART DASH,ON ROADWAY NOT AT CROSSWALK,Yes,POSSIBLE INJURY,NONE,38.993665,-77.108615,"(38.993665, -77.108615)"
MCP15950012,190038224,Montgomery County Police,Injury Crash,08/10/2019 09:44:00 PM,Maryland (State),GEORGIA AVE,WINDHAM LA,,N/A,PEDESTRIAN,OTHER,CLEAR,DRY,DARK LIGHTS ON,TRAFFIC SIGNAL,NONE DETECTED,ALCOHOL PRESENT,8861AD94-769A-472F-8FA1-4978F87C652F,PEDESTRIAN,Cross/Enter at Intersection,INATTENTIVE,ON ROADWAY AT CROSSWALK,Yes,SUSPECTED SERIOUS INJURY,NONE,39.03193789,-77.04824427,"(39.03193789, -77.04824427)"
MCP3057000T,180001790,Montgomery County Police,Injury Crash,01/12/2018 07:30:00 AM,County,MIDDLEBROOK RD,CRYSTAL ROCK DR,,N/A,PEDESTRIAN,OTHER,RAINING,WET,DARK LIGHTS ON,TRAFFIC SIGNAL,UNKNOWN,NONE DETECTED,0B7B4A82-CF36-4B67-9D2F-FF98BB6CCEC3,PEDESTRIAN,Cross/Enter at Intersection,NO IMPROPER ACTIONS,AT INTERSECTION MARKED CROSSWALK,No,POSSIBLE INJURY,NONE,39.17682167,-77.26458333,"(39.17682167, -77.26458333)"
HA2317000C,19000547,Maryland-National Capital,Injury Crash,03/08/2019 06:19:00 PM,Maryland (State),WISCONSIN AVE,LELAND ST,,N/A,PEDESTRIAN,N/A,SNOW,WET,DARK LIGHTS ON,TRAFFIC SIGNAL,N/A,N/A,F3FB2D96-4004-480E-9EF9-FBA9E3990FBB,PEDESTRIAN,Cross/Enter at Intersection,NO IMPROPER ACTIONS,ON ROADWAY AT CROSSWALK,No,SUSPECTED MINOR INJURY,N/A,38.98012453,-77.09207376,"(38.98012453, -77.09207376)"
DM8476004Q,230010764,Takoma Park Police Depart,Property Damage Crash,03/04/2023 03:00:00 PM,Maryland (State),NEW HAMPSHIRE AVE,EAST WEST HWY (PG CO),,N/A,PEDESTRIAN,OTHER,CLEAR,DRY,DAYLIGHT,TRAFFIC SIGNAL,N/A,N/A,2CD8B3CB-DFBD-47BB-9001-6C877EE33D49,PEDESTRIAN,Cross/Enter at Intersection,DART DASH,ON ROADWAY NOT AT CROSSWALK,Yes,NO APPARENT INJURY,N/A,38.97536398,-76.99407758,"(38.97536398, -76.99407758)"
MCP32330037,220039390,Montgomery County Police,Injury Crash,09/10/2022 05:37:00 PM,Maryland (State),NEW HAMPSHIRE AVE,POWDER MILL RD,,N/A,PEDESTRIAN,SINGLE VEHICLE,CLOUDY,DRY,DAYLIGHT,TRAFFIC SIGNAL,NONE DETECTED,NONE DETECTED,28FDB241-C423-477F-9C75-2A1388AAF452,PEDESTRIAN,N/A,NOT VISIBLE,ON ROADWAY NOT AT CROSSWALK,Yes,SUSPECTED MINOR INJURY,NONE,39.02236583,-76.978043,"(39.02236583, -76.978043)"
MCP24450052,230047596,Montgomery County Police,Injury Crash,08/03/2023 10:34:00 AM,Maryland (State),FREDERICK RD,OXBRIDGE DR,,N/A,PEDESTRIAN,STRAIGHT MOVEMENT ANGLE,CLEAR,DRY,DAYLIGHT,NO CONTROLS,UNKNOWN,NONE DETECTED,D6FAD665-F025-42F7-AB70-BA2FA44B2330,PEDESTRIAN,Cross/Enter at Intersection,NO IMPROPER ACTIONS,ON ROADWAY AT CROSSWALK,No,SUSPECTED MINOR INJURY,NONE,39.190056,-77.24168117,"(39.190056, -77.24168117)"
MCP29340018,15062319,MONTGOMERY,Injury Crash,12/06/2015 12:30:00 PM,Maryland (State),WISCONSIN AVE,BRADLEY LA,,N/A,PEDESTRIAN,OTHER,CLEAR,DRY,DAYLIGHT,TRAFFIC SIGNAL,NONE DETECTED,NONE DETECTED,06CAC865-308A-4F07-B3BB-A6CD9FCEDD45,PEDESTRIAN,Cross/Enter at Intersection,NO IMPROPER ACTIONS,AT INTERSECTION MARKED CROSSWALK,No,POSSIBLE INJURY,NONE,38.97686667,-77.09065,"(38.97686667, -77.09065)"
MCP33720011,230029323,Montgomery County Police,Property Damage Crash,06/18/2023 06:47:00 PM,County,GRAND PRE RD,BEL PRE RD,,N/A,BICYCLIST,SAME DIRECTION SIDESWIPE,CLEAR,DRY,DAYLIGHT,NO CONTROLS,NONE DETECTED,NONE DETECTED,50EF83C8-4581-4263-A2C9-6284C27F8700,BICYCLIST,Cross/Enter not at Intersection,IN ROADWAY IMPROPERLY,OUTSIDE RIGHT OF WAY,Yes,NO APPARENT INJURY,NONE,39.09110567,-77.076031,"(39.09110567, -77.076031)"
MCP32090022,200049666,Montgomery County Police,Injury Crash,12/17/2020 04:32:00 PM,Maryland (State),PINEY BRANCH RD,SILVER SPRING AVE,,N/A,MACHINE OPERATOR/RIDER,SAME DIR REAR END,CLEAR,WET,DAYLIGHT,TRAFFIC SIGNAL,"NONE DETECTED, UNKNOWN",NONE DETECTED,A598EE82-BE98-4E41-91A9-6BC6EA10910C,MACHINE OPERATOR/RIDER,Other,NO IMPROPER ACTIONS,ON ROADWAY NOT AT CROSSWALK,No,POSSIBLE INJURY,N/A,38.99213432,-77.00987275,"(38.99213432, -77.00987275)"
MCP3055003B,220013657,Montgomery County Police,Injury Crash,03/31/2022 06:14:00 AM,County,HEWITT AVE,GEORGIA AVE,,N/A,PEDESTRIAN,OTHER,CLEAR,DRY,DARK LIGHTS ON,TRAFFIC SIGNAL,N/A,N/A,61AE31A2-043F-4581-895C-842C1ABA3C2D,PEDESTRIAN,Cross/Enter at Intersection,NO IMPROPER ACTIONS,AT INTERSECTION MARKED CROSSWALK,No,POSSIBLE INJURY,NONE,39.07754667,-77.070575,"(39.07754667, -77.070575)"
MCP29080012,15037874,MONTGOMERY,Injury Crash,07/31/2015 09:39:00 AM,US (State),COLESVILLE RD,HASTINGS DR,,N/A,"BICYCLIST, OTHER",STRAIGHT MOVEMENT ANGLE,N/A,DRY,DAYLIGHT,YIELD SIGN,NONE DETECTED,NONE DETECTED,CB142B4B-1F72-4EA6-93C1-AAB941A2D2C5,OTHER,Cross/Enter at Intersection,NO IMPROPER ACTIONS,ON ROADWAY AT CROSSWALK,No,POSSIBLE INJURY,MC/BIKE HELMET,39.013495,-77.01665167,"(39.013495, -77.01665167)"
MCP30950048,230020386,Montgomery County Police,Injury Crash,04/28/2023 08:29:00 PM,County,LOCKWOOD DR,NEW HAMPSHIRE AVE,,N/A,PEDESTRIAN,OTHER,RAINING,WET,DARK LIGHTS ON,TRAFFIC SIGNAL,N/A,N/A,9FDE923A-7ADC-4B6A-AE24-22411AFBF5B1,PEDESTRIAN,Cross/Enter at Intersection,N/A,ON ROADWAY AT CROSSWALK,No,POSSIBLE INJURY,N/A,39.0396955,-76.99084211,"(39.0396955, -76.99084211)"
DD5595005F,180000288,Rockville Police Departme,Injury Crash,01/02/2018 07:23:00 PM,Other Public Roadway,ELMCROFT BLVD,MARSH HOLLOW PL,,N/A,PEDESTRIAN,SINGLE VEHICLE,CLEAR,DRY,DARK LIGHTS ON,NO CONTROLS,NONE DETECTED,NONE DETECTED,AB5560A5-4451-41F4-96D9-4825F133B8FE,PEDESTRIAN,Cross/Enter at Intersection,DART DASH,ON ROADWAY NOT AT CROSSWALK,Yes,POSSIBLE INJURY,N/A,39.112825,-77.16445933,"(39.112825, -77.16445933)"
MCP27220033,190005955,Montgomery County Police,Injury Crash,02/06/2019 06:45:00 PM,County,CONNECTICUT AVE,GEORGIA AVE,,N/A,PEDESTRIAN,SINGLE VEHICLE,RAINING,WET,DARK LIGHTS ON,TRAFFIC SIGNAL,N/A,N/A,1F8328BB-54E0-40CB-9797-F385FEC22954,PEDESTRIAN,Cross/Enter at Intersection,NO IMPROPER ACTIONS,AT INTERSECTION MARKED CROSSWALK,No,SUSPECTED MINOR INJURY,NONE,39.08376417,-77.07760769,"(39.08376417, -77.07760769)"
MCP13480006,230021526,Montgomery County Police,Injury Crash,04/28/2023 07:25:00 AM,County,GAINSBOROUGH RD,TUCKERMAN LA,,N/A,PEDESTRIAN,SINGLE VEHICLE,RAINING,WET,OTHER,NO CONTROLS,N/A,N/A,0F3B141A-79B4-45A8-A4F1-75E814E6AF98,PEDESTRIAN,Walking to/from school,INATTENTIVE,ON ROADWAY NOT AT CROSSWALK,No,POSSIBLE INJURY,NONE,39.04261699,-77.17282358,"(39.04261699, -77.17282358)"
MCP21340011,170513638,Montgomery County Police,Injury Crash,06/14/2017 01:07:00 PM,,,,PARKING LOT OF 15200 SHADY GROVE ROAD,,PEDESTRIAN,OTHER,CLEAR,,DAYLIGHT,N/A,NONE DETECTED,NONE DETECTED,C46604D0-FF98-4E80-BF25-34DB41307F32,PEDESTRIAN,Other,OTHER,OTHER,No,SUSPECTED MINOR INJURY,N/A,39.10499667,-77.19169333,"(39.10499667, -77.19169333)"
MCP3329001H,230018766,Montgomery County Police,Injury Crash,04/19/2023 06:30:00 PM,County,GALWAY DR,FAIRLAND RD,,N/A,PEDESTRIAN,OTHER,CLEAR,DRY,DAYLIGHT,NO CONTROLS,NONE DETECTED,NONE DETECTED,A25ACB6B-DDF8-49B7-81B8-4C7A04A33413,PEDESTRIAN,Playing,DART DASH,ON ROADWAY NOT AT CROSSWALK,Unknown,SUSPECTED MINOR INJURY,N/A,39.06375167,-76.94507,"(39.06375167, -76.94507)"
MCP242500HV,230054262,Montgomery County Police,Injury Crash,09/11/2023 02:52:00 PM,,,,"PARKING LOT HOME DEPOT
7111 WESTLAKE TERR",,PEDESTRIAN,OTHER,CLEAR,,DAYLIGHT,N/A,NONE DETECTED,NONE DETECTED,01F29A0B-DF98-427D-A714-E7DCBF7E8624,PEDESTRIAN,Other Working,NO IMPROPER ACTIONS,MEDIAN,Unknown,SUSPECTED MINOR INJURY,NONE,39.027765,-77.14507833,"(39.027765, -77.14507833)"
MCP2351000V,16056840,Montgomery County Police,Injury Crash,11/04/2016 08:20:00 AM,County,RANDOLPH RD,GAYNOR RD,,N/A,PEDESTRIAN,OTHER,CLEAR,DRY,DAYLIGHT,TRAFFIC SIGNAL,NONE DETECTED,NONE DETECTED,1AE6820C-F6E1-4CD4-A9CA-AAF4F4A1F7F0,PEDESTRIAN,Cross/Enter at Intersection,N/A,AT INTERSECTION MARKED CROSSWALK,No,POSSIBLE INJURY,N/A,39.05399088,-77.09417984,"(39.05399088, -77.09417984)"
MCP2396001T,16064162,Montgomery County Police,Injury Crash,12/14/2016 01:27:00 PM,,,,"IN DRIVEWAY OF 13118 HATHAWAY DRIVE, SILVER SPRING, MD 20906",,PEDESTRIAN,OTHER,CLEAR,,DAYLIGHT,NO CONTROLS,NONE DETECTED,NONE DETECTED,79610F54-96FC-4DF0-BA4E-C0BD0DAF65B8,PEDESTRIAN,Playing,NOT VISIBLE,OTHER,Yes,SUSPECTED MINOR INJURY,NONE,39.0711569,-77.05742687,"(39.0711569, -77.05742687)"
DD5538005D,250025612,ROCKVILLE,Injury Crash,06/09/2025 08:18:00 AM,Maryland (State) Route,FIRST ST,VEIRS MILL RD,,,Scooter (electric),Single Vehicle,Cloudy,Dry,Daylight,Traffic Control Signal,"Not Suspect of Alcohol Use, Not Suspect of Drug Use","Not Suspect of Alcohol Use, Not Suspect of Drug Use",48953ACC-15B5-4513-99CC-0AFD4A8007D1,Scooter (electric),Cross/Enter at Intersection,Other,Intersection Marked Crosswalk,Yes,Suspected Minor Injury,None,39.07966761,-77.13775854,"(39.07966761, -77.13775854)"