Report Number,Local Case Number,Agency Name,ACRS Report Type,Crash Date/Time,Route Type,Road Name,Cross-Street Name,Off-Road Description,Municipality,Related Non-Motorist,Collision Type,Weather,Surface Condition,Light,Traffic Control,Driver Substance Abuse,Non-Motorist Substance Abuse,Person ID,Pedestrian Type,Pedestrian Movement,Pedestrian Actions,Pedestrian Location,At Fault,Injury Severity,Safety Equipment,Latitude,Longitude,Location
MCP2244000R,15062552,MONTGOMERY,Injury Crash,12/07/2015 07:00:00 PM,County,TIMBERWOOD AVE,SUTHERLAND RD,,N/A,PEDESTRIAN,OTHER,CLEAR,DRY,DARK NO LIGHTS,NO CONTROLS,NONE DETECTED,NONE DETECTED,401FD56A-FFCE-4A78-8586-15572C6D821E,PEDESTRIAN,Cross/Enter at Intersection,NO IMPROPER ACTIONS,ON ROADWAY AT CROSSWALK,No,SUSPECTED MINOR INJURY,NONE,39.02183436,-77.01278687,"(39.02183436, -77.01278687)"
MCP2492000M,16027601,Montgomery County Police,Fatal Crash,06/02/2016 02:34:00 PM,Maryland (State),S FREDERICK RD,CEDAR AVE,,GAITHERSBURG,BICYCLIST,OTHER,CLEAR,DRY,DAYLIGHT,N/A,NONE DETECTED,NONE DETECTED,3F1F9428-760A-415F-8919-D5DCFF5B63A2,BICYCLIST,Other,OTHER,ON ROADWAY NOT AT CROSSWALK,Unknown,FATAL INJURY,NONE,39.13928333,-77.196055,"(39.13928333, -77.196055)"
MCP2948005X,230002189,Montgomery County Police,Injury Crash,01/13/2023 11:15:00 PM,Maryland (State),GEORGIA AVE,REEDIE DR,,N/A,PEDESTRIAN,OTHER,CLEAR,DRY,DARK LIGHTS ON,TRAFFIC SIGNAL,NONE DETECTED,NONE DETECTED,549BC150-5262-4653-AC73-60C0B848993D,PEDESTRIAN,Cross/Enter at Intersection,UNKNOWN,ON ROADWAY AT CROSSWALK,Unknown,POSSIBLE INJURY,N/A,39.03881,-77.05091167,"(39.03881, -77.05091167)"
MCP33470028,240054851,MONTGOMERY,Injury Crash,11/15/2024 01:37:00 PM,Municipality Route,MAPLE AVE,BRADLEY LA,,,Cyclist (Electric),Single Vehicle,Cloudy,Dry,Daylight,Stop Sign,"Not Suspect of Alcohol Use, Not Suspect of Drug Use","Unknown, Unknown",E9C4A932-C365-4350-B408-309AA569CDA7,Cyclist (Electric),Cross/Enter at Intersection,None (No Improper Action),Intersection Marked Crosswalk,No,Possible Injury,Helmet,38.97709933,-77.08454446,"(38.97709933, -77.08454446)"
MCP3095001B,19001970,Montgomery County Police,Injury Crash,01/12/2019 06:26:00 PM,,,,11700 OLD COMBIA PIKE CRASHED INTO BUILDING,,PEDESTRIAN,OTHER,SNOW,,OTHER,N/A,N/A,N/A,1071846E-1977-4ED2-93FB-B7BD7294CA49,PEDESTRIAN,Standing,NO IMPROPER ACTIONS,OTHER,No,SUSPECTED MINOR INJURY,N/A,39.04954667,-76.981065,"(39.04954667, -76.981065)"
MCP1212000S,16049295,Montgomery County Police,Injury Crash,09/25/2016 09:34:00 AM,Maryland (State),LAYTONSVILLE RD,DAMASCUS RD,,N/A,BICYCLIST,ANGLE MEETS LEFT TURN,N/A,DRY,DAYLIGHT,STOP SIGN,UNKNOWN,N/A,5BF820E6-A322-4176-9B80-A240649A780A,BICYCLIST,Walking/Riding w/Traffic,NO IMPROPER ACTIONS,SHOULDER,No,SUSPECTED MINOR INJURY,MC/BIKE HELMET,39.276787,-77.16084,"(39.276787, -77.16084)"
MCP25630023,250016562,MONTGOMERY,Fatal Crash,04/16/2025 12:48:00 PM,,,,Parking Aisle        PARKING LOT OF 515 DOVER RD,,Pedestrian,Other,Clear,,Daylight,,"Not Suspect of Alcohol Use, Not Suspect of Drug Use","Not Suspect of Alcohol Use, Not Suspect of Drug Use",5EFF3589-FC31-47A4-B299-24CD29C18C49,Pedestrian,Standing,None (No Improper Action),Other,No,Suspected Serious Injury,None,39.096795,-77.1421295,"(39.096795, -77.1421295)"
MCP3192003F,220053272,Montgomery County Police,Injury Crash,12/02/2022 05:38:00 PM,County,CENTERHILL ST,VEIRS MILL RD,,N/A,BICYCLIST,OTHER,CLEAR,DRY,DAWN,STOP SIGN,NONE DETECTED,NONE DETECTED,A37F7547-72E3-427F-A755-72415CCA8890,BICYCLIST,Cross/Enter at Intersection,NO IMPROPER ACTIONS,SIDEWALK,No,POSSIBLE INJURY,MC/BIKE HELMET,39.05062682,-77.07283597,"(39.05062682, -77.07283597)"
HA24790003,20001222,Maryland-National Capital,Injury Crash,05/24/2020 02:32:00 PM,,CEDAR LANE,BEACH DRIVE,,N/A,BICYCLIST,STRAIGHT MOVEMENT ANGLE,CLEAR,DRY,DAYLIGHT,TRAFFIC SIGNAL,NONE DETECTED,NONE DETECTED,D2F8A953-E612-4F7D-B43D-F020400620F3,BICYCLIST,Cross/Enter at Intersection,FAILURE TO YIELD RIGHT OF WAY,AT INTERSECTION MARKED CROSSWALK,Yes,SUSPECTED MINOR INJURY,MC/BIKE HELMET,39.01234877,-77.09091532,"(39.01234877, -77.09091532)"
MCP2919004Q,180020640,Montgomery County Police,Injury Crash,04/27/2018 03:18:00 PM,Maryland (State),UNIVERSITY BLVD E,SEEK LA,,N/A,PEDESTRIAN,OTHER,CLOUDY,DRY,DAYLIGHT,N/A,NONE DETECTED,NONE DETECTED,7F9A3661-11AA-4393-95C2-706B328A8586,PEDESTRIAN,Cross/Enter at Intersection,NO IMPROPER ACTIONS,ON ROADWAY NOT AT CROSSWALK,No,POSSIBLE INJURY,NONE,38.99724667,-76.99616167,"(38.99724667, -76.99616167)"
MCP2863002K,220050388,Montgomery County Police,Injury Crash,11/14/2022 07:55:00 PM,County,LOST KNIFE RD,CONTOUR RD,,N/A,PEDESTRIAN,N/A,CLEAR,DRY,DARK -- UNKNOWN LIGHTING,STOP SIGN,NONE DETECTED,NONE DETECTED,EBA31F8B-5B29-47C8-BAFB-DCA402E41993,PEDESTRIAN,Cross/Enter at Intersection,NO IMPROPER ACTIONS,ON ROADWAY NOT AT CROSSWALK,No,SUSPECTED MINOR INJURY,N/A,39.15386833,-77.199695,"(39.15386833, -77.199695)"
MCP2960003V,190003905,Montgomery County Police,Injury Crash,01/25/2019 08:00:00 AM,County,BEL PRE RD,NORTH GATE DR,,N/A,PEDESTRIAN,SINGLE VEHICLE,N/A,DRY,DAYLIGHT,FLASHING TRAFFIC SIGNAL,N/A,N/A,26D0A4F5-72D5-498A-8C8B-D6D525863768,PEDESTRIAN,Cross/Enter not at Intersection,NO IMPROPER ACTIONS,AT INTERSECTION MARKED CROSSWALK,No,SUSPECTED MINOR INJURY,N/A,39.09045833,-77.05064667,"(39.09045833, -77.05064667)"
MCP3251000N,210018379,Montgomery County Police,Injury Crash,05/15/2021 08:00:00 PM,County,WISTERIA DR,GREAT SENECA HWY,,N/A,BICYCLIST,OTHER,CLEAR,DRY,DARK LIGHTS ON,TRAFFIC SIGNAL,UNKNOWN,NONE DETECTED,3D094995-9B65-4844-886D-91D2E442142E,BICYCLIST,Cross/Enter at Intersection,N/A,ON ROADWAY AT CROSSWALK,No,SUSPECTED MINOR INJURY,UNKNOWN,39.17685715,-77.26996929,"(39.17685715, -77.26996929)"
MCP2492000S,17011443,Montgomery County Police,Fatal Crash,03/04/2017 02:27:00 AM,US (State),COLESVILLE RD,FENTON ST,,N/A,PEDESTRIAN,OTHER,CLEAR,DRY,DARK LIGHTS ON,FLASHING TRAFFIC SIGNAL,UNKNOWN,UNKNOWN,AD9DA68A-22D8-4DF7-A599-43E66AD9D28F,PEDESTRIAN,Cross/Enter at Intersection,UNKNOWN,ON ROADWAY AT CROSSWALK,Unknown,FATAL INJURY,NONE,38.99764432,-77.02704012,"(38.99764432, -77.02704012)"
MCP23510025,180027874,Montgomery County Police,Injury Crash,06/06/2018 02:02:00 PM,County,PARAMOUNT DR,FREDERICK RD,,N/A,PEDESTRIAN,OTHER,CLEAR,DRY,DAYLIGHT,NO CONTROLS,NONE DETECTED,NONE DETECTED,9D251923-52D8-4970-BEC0-55C1486B18A7,PEDESTRIAN,Cross/Enter at Intersection,INATTENTIVE,ON ROADWAY NOT AT CROSSWALK,Yes,POSSIBLE INJURY,N/A,39.11363903,-77.16290206,"(39.11363903, -77.16290206)"
MCP2425004L,15012204,Montgomery County Police,Injury Crash,03/17/2015 06:42:00 AM,,,,TO THE REAR OF 13807 OUTLET DR- PARKING LOT CUT THRU,,PEDESTRIAN,OTHER,CLEAR,,DARK LIGHTS ON,NO CONTROLS,NONE DETECTED,NONE DETECTED,0198244D-AF2B-4045-BFE0-254439ADEAC0,PEDESTRIAN,Approach/Leaving Schoolbus,DART DASH,OTHER,,SUSPECTED MINOR INJURY,N/A,39.08250333,-76.94382667,"(39.08250333, -76.94382667)"
MCP28590095,200028549,Montgomery County Police,Injury Crash,07/23/2020 08:10:00 AM,,,,"LEVEL 1 PARKING GARAGE OF 15740 SHADY GROVE RD, GAITHERSBURG, MD",,PEDESTRIAN,OTHER,CLEAR,,DAYLIGHT,NO CONTROLS,NONE DETECTED,NONE DETECTED,ED782BF5-8BC0-49F6-BB1E-7FDF3DCDBFB3,PEDESTRIAN,Other Working,NO IMPROPER ACTIONS,OTHER,No,POSSIBLE INJURY,NONE,39.11529,-77.186415,"(39.11529, -77.186415)"
MCP1453008J,200022504,Montgomery County Police,Injury Crash,06/08/2020 08:54:00 AM,County,WYNNFIELD DR,FATHER HURLEY BLVD,,N/A,PEDESTRIAN,SINGLE VEHICLE,CLEAR,DRY,DAYLIGHT,TRAFFIC SIGNAL,NONE DETECTED,NONE DETECTED,8BA7FB64-2C70-47BC-A043-436DF8F39A4E,PEDESTRIAN,Cross/Enter at Intersection,NO IMPROPER ACTIONS,ON ROADWAY AT CROSSWALK,No,SUSPECTED MINOR INJURY,NONE,39.18655833,-77.27381,"(39.18655833, -77.27381)"
HA23990016,18000178,Maryland-National Capital,Injury Crash,02/19/2018 01:34:00 PM,Government,LITTLE FALLS PKWY,ARLINGTON RD,,N/A,BICYCLIST,STRAIGHT MOVEMENT ANGLE,RAINING,WET,DAYLIGHT,WARNING SIGN,N/A,N/A,284C0FF4-C0A0-4DC3-8CE8-2BFC11F9A6A7,BICYCLIST,Cross/Enter not at Intersection,NO IMPROPER ACTIONS,ON ROADWAY AT CROSSWALK,Unknown,SUSPECTED MINOR INJURY,NONE,38.9733751,-77.10132524,"(38.9733751, -77.10132524)"
MCP271700P1,190029339,Montgomery County Police,Injury Crash,06/19/2019 03:10:00 PM,County,NICHOLSON LA,NEBEL ST,,N/A,PEDESTRIAN,OTHER,CLEAR,DRY,DAYLIGHT,TRAFFIC SIGNAL,NONE DETECTED,NONE DETECTED,27E4CD75-23DF-42E4-9DD5-3FBF89F828DB,PEDESTRIAN,Cross/Enter at Intersection,NO IMPROPER ACTIONS,ON ROADWAY AT CROSSWALK,No,SUSPECTED MINOR INJURY,NONE,39.045444,-77.10475833,"(39.045444, -77.10475833)"
MCP31480072,240055763,MONTGOMERY,Injury Crash,11/20/2024 07:00:00 PM,County Route,PORTER RD,LANIER DR PENNSYLVANIA AVE,,,Pedestrian,Single Vehicle,Clear,Dry,Dark - Not Lighted,Stop Sign,"Not Suspect of Alcohol Use, Not Suspect of Drug Use","Not Suspect of Alcohol Use, Not Suspect of Drug Use",FD0D09AC-760F-4C0B-BB62-76132CC11DA6,Pedestrian,Cross/Enter at Intersection,None (No Improper Action),Intersection Marked Crosswalk,No,Suspected Minor Injury,None,39.00140362,-77.04674703,"(39.00140362, -77.04674703)"
MCP2847000L,15001793,Montgomery County Police,Injury Crash,01/12/2015 10:05:00 AM,County,RANDOLPH RD,BUSHEY DR,,N/A,BICYCLIST,SINGLE VEHICLE,RAINING,WET,DAYLIGHT,STOP SIGN,NONE DETECTED,NONE DETECTED,54C47C1D-A838-443E-BC00-73D134CDACEE,BICYCLIST,Cross/Enter at Intersection,NO IMPROPER ACTIONS,ON ROADWAY AT CROSSWALK,,POSSIBLE INJURY,UNKNOWN,39.05767333,-77.07777167,"(39.05767333, -77.07777167)"
MCP2639005L,190000170,Montgomery County Police,Injury Crash,01/02/2019 06:30:00 AM,Maryland (State),GEORGIA AVE,CROSSOVER,,N/A,PEDESTRIAN,HEAD ON LEFT TURN,CLEAR,DRY,DARK NO LIGHTS,NO CONTROLS,NONE DETECTED,NONE DETECTED,9B09E1D9-EB1B-4546-B541-49F4537201C9,PEDESTRIAN,Cross/Enter at Intersection,DART DASH,ON ROADWAY NOT AT CROSSWALK,Yes,POSSIBLE INJURY,NONE,39.08196833,-77.076615,"(39.08196833, -77.076615)"
MCP3289002X,240000242,MONTGOMERY,Injury Crash,01/02/2024 03:03:00 PM,US (State),,BLAIR RD EASTERN AVE,,,Scooter (electric),Single Vehicle,Clear,Dry,Daylight,Pedestrian Crossing Sign,"Not Suspect of Alcohol Use, Not Suspect of Drug Use","Not Suspect of Alcohol Use, Not Suspect of Drug Use",979C53D0-C6EC-4F9E-8400-8D500384C326,Scooter (electric),Cross/Enter at Intersection,"Failure to Obey Traffic Signs, Signals, or Officer",Intersection Marked Crosswalk,No,Suspected Serious Injury,None,38.98472511,-77.02662959,"(38.98472511, -77.02662959)"
EJ7863000Q,17002486,Gaithersburg Police Depar,Injury Crash,01/14/2017 07:04:00 PM,County,CONTOUR RD,LOST KNIFE RD,,N/A,PEDESTRIAN,SINGLE VEHICLE,RAINING,WET,DARK LIGHTS ON,NO CONTROLS,NONE DETECTED,NONE DETECTED,491F4EAD-630D-4B1A-801B-BB4368B3F9CA,PEDESTRIAN,Cross/Enter at Intersection,NO IMPROPER ACTIONS,AT INTERSECTION MARKED CROSSWALK,No,POSSIBLE INJURY,NONE,39.15495683,-77.20097065,"(39.15495683, -77.20097065)"
MCP2260002M,210042933,Montgomery County Police,Property Damage Crash,10/25/2021 01:00:00 PM,,,,PARKING LOT OF GIANT AT 3860 INTERNATIONAL DRIVE,,PEDESTRIAN,OTHER,N/A,,DAYLIGHT,N/A,N/A,N/A,EEC9ECFF-8B6E-45FE-B672-2D276169E20A,PEDESTRIAN,Other,NO IMPROPER ACTIONS,OTHER,No,NO APPARENT INJURY,N/A,39.10162167,-77.07585333,"(39.10162167, -77.07585333)"
MCP24920016,190043484,Montgomery County Police,Fatal Crash,09/11/2019 10:20:00 AM,,COPLEY PLACE,ENTRANCE TO HARRIS TEETER PARKING LOT,,N/A,PEDESTRIAN,OTHER,CLEAR,DRY,DAYLIGHT,STOP SIGN,NONE DETECTED,NONE DETECTED,AA12FD97-FA1C-49C9-9713-48179F3DA673,PEDESTRIAN,Cross/Enter at Intersection,IN ROADWAY IMPROPERLY,ON ROADWAY NOT AT CROSSWALK,Yes,FATAL INJURY,N/A,39.11481531,-77.20692953,"(39.11481531, -77.20692953)"
MCP2898001Z,17000640,Montgomery County Police,Injury Crash,01/04/2017 05:26:00 PM,Maryland (State),GERMANTOWN RD,BOWMAN MILL RD,,N/A,PEDESTRIAN,SAME DIRECTION LEFT TURN,CLEAR,DRY,DARK LIGHTS ON,NO CONTROLS,N/A,N/A,1C5325F2-A4A7-4240-990E-9D011078EC2D,PEDESTRIAN,Cross/Enter at Intersection,NO IMPROPER ACTIONS,AT INTERSECTION BUT NO CROSSWALK,Yes,POSSIBLE INJURY,NONE,39.17548167,-77.27230167,"(39.17548167, -77.27230167)"
DD5653004H,250006688,ROCKVILLE,Injury Crash,02/14/2025 04:02:00 PM,Crossover,,HALPINE RD (EB/L),,,Pedestrian,Single Vehicle,Clear,Dry,Daylight,Traffic Control Signal,"Not Suspect of Alcohol Use, Not Suspect of Drug Use","Not Suspect of Alcohol Use, Not Suspect of Drug Use",5276F80E-19D6-462D-B111-8BF5855DA703,Pedestrian,Cross/Enter at Intersection,None (No Improper Action),Median/Crossing Island,No,Suspected Minor Injury,None,39.06084098,-77.12584936,"(39.06084098, -77.12584936)"
MCP2671003Y,240033235,MONTGOMERY,Injury Crash,07/14/2024 06:00:00 PM,,,,Alley        8701 GEORGIA AVE,,Scooter (electric),Single Vehicle,Clear,,Daylight,,"Unknown, Unknown","Not Suspect of Alcohol Use, Not Suspect of Drug Use",7BB21541-4941-4B9F-BFFD-5EEDFF115FEE,Scooter (electric),Walking/Cycling on Sidewalk,None (No Improper Action),Driveway Access,No,Suspected Minor Injury,None,38.99770457,-77.03005705,"(38.99770457, -77.03005705)"
MCP3174003C,220030103,Montgomery County Police,Injury Crash,07/13/2022 03:07:00 PM,County,EAST VILLAGE AVE,PLUM CREEK DR,,N/A,PEDESTRIAN,SINGLE VEHICLE,CLEAR,DRY,DAYLIGHT,NO CONTROLS,NONE DETECTED,NONE DETECTED,1C67924E-A164-45E9-B952-1DF78A63723A,PEDESTRIAN,Walking/Cycling on Sidewalk,NO IMPROPER ACTIONS,SIDEWALK,No,SUSPECTED SERIOUS INJURY,N/A,39.18807,-77.16496,"(39.18807, -77.16496)"
DD5595005D,170549956,Rockville Police Departme,Injury Crash,12/21/2017 03:00:00 PM,Municipality,N WASHINGTON ST,DAWSON AVE,,ROCKVILLE,"OTHER, PEDESTRIAN",SINGLE VEHICLE,CLEAR,DRY,DAYLIGHT,TRAFFIC SIGNAL,NONE DETECTED,N/A,B7503504-6DC0-438B-A7EB-D0EC65D99554,PEDESTRIAN,Cross/Enter at Intersection,NO IMPROPER ACTIONS,ON ROADWAY AT CROSSWALK,No,SUSPECTED MINOR INJURY,N/A,39.08864917,-77.15325567,"(39.08864917, -77.15325567)"
MCP28460060,200012271,Montgomery County Police,Injury Crash,03/12/2020 07:11:00 PM,,,,"12041 GEORGIA AVE, SILVER SPRING MD 20902 (M&T BANK)",,BICYCLIST,OTHER,CLEAR,,DARK LIGHTS ON,NO CONTROLS,NONE DETECTED,NONE DETECTED,19935F86-1FFD-45AC-B67A-013A6D01A020,BICYCLIST,Walking/Cycling on Sidewalk,NO IMPROPER ACTIONS,SIDEWALK,No,POSSIBLE INJURY,NONE,39.05261833,-77.05063667,"(39.05261833, -77.05063667)"
MCP3123004R,220047391,Montgomery County Police,Injury Crash,10/28/2022 02:38:00 PM,County,SEVEN LOCKS RD,IVYMOUNT TERR,,N/A,PEDESTRIAN,OTHER,CLEAR,DRY,DAYLIGHT,N/A,N/A,N/A,9B8ED540-E262-4ED0-8BB9-354EBF92D161,PEDESTRIAN,Cross/Enter not at Intersection,DART DASH,OUTSIDE RIGHT OF WAY,Yes,SUSPECTED SERIOUS INJURY,NONE,39.04712886,-77.16162564,"(39.04712886, -77.16162564)"
MCP2339008W,230061667,Montgomery County Police,Property Damage Crash,10/20/2023 04:03:00 PM,,,,5700 BOU AVE PARKING LOT,,OTHER,HEAD ON,RAINING,,DAYLIGHT,NO CONTROLS,UNKNOWN,NONE DETECTED,2D4F1A2C-E48C-4459-98BF-3F6058A1C647,OTHER,N/A,NO IMPROPER ACTIONS,N/A,No,NO APPARENT INJURY,N/A,39.05587317,-77.114007,"(39.05587317, -77.114007)"
MCP3295000C,210030288,Montgomery County Police,Injury Crash,08/04/2021 05:04:00 PM,County,SERPENTINE WAY,FAIRLAND RD,,N/A,PEDESTRIAN,N/A,CLEAR,DRY,DAYLIGHT,N/A,"MEDICATION PRESENT, NONE DETECTED",NONE DETECTED,9647EF21-2FC9-4FA7-AC4A-0D3E86F038B9,PEDESTRIAN,N/A,IN ROADWAY IMPROPERLY,OTHER,Yes,SUSPECTED MINOR INJURY,N/A,39.070455,-76.96958,"(39.070455, -76.96958)"
MCP15500039,220024539,Montgomery County Police,Injury Crash,06/08/2022 09:18:00 AM,County,WOODGLEN DR,EXECUTIVE BLVD,,N/A,PEDESTRIAN,OTHER,CLEAR,DRY,DAYLIGHT,STOP SIGN,NONE DETECTED,NONE DETECTED,A85A9DEC-495D-425E-B42F-94D6C660A4E6,PEDESTRIAN,Cross/Enter at Intersection,NO IMPROPER ACTIONS,ON ROADWAY AT CROSSWALK,No,SUSPECTED MINOR INJURY,N/A,39.04322833,-77.11333,"(39.04322833, -77.11333)"
MCP3005007L,230057125,Montgomery County Police,Injury Crash,09/28/2023 12:55:00 PM,Maryland (State),UNIVERSITY BLVD W,ENT TO WHEATON PLAZA,,N/A,BICYCLIST,SINGLE VEHICLE,CLEAR,DRY,DAYLIGHT,TRAFFIC SIGNAL,UNKNOWN,NONE DETECTED,1973C56A-412F-48F6-BFCF-5FBBAD787799,BICYCLIST,Walking/Riding w/Traffic,NO IMPROPER ACTIONS,SHOULDER,No,POSSIBLE INJURY,MC/BIKE HELMET,39.03761418,-77.05939523,"(39.03761418, -77.05939523)"
EJ7890000H,210036000,Gaithersburg Police Depar,Injury Crash,09/13/2021 11:27:00 AM,Municipality,INSPIRATION LA,MAIN ST,,GAITHERSBURG,OTHER,SAME DIR REAR END,CLEAR,DRY,DAYLIGHT,NO CONTROLS,NONE DETECTED,NONE DETECTED,B4142A59-3F19-42D8-9D72-EA1F0E4ECD5E,OTHER,Other,OTHER,OTHER,No,SUSPECTED MINOR INJURY,N/A,39.12020207,-77.23460335,"(39.12020207, -77.23460335)"
DM8338000Y,170540342,Takoma Park Police Depart,Injury Crash,11/01/2017 11:12:00 PM,Maryland (State),CARROLL AVE,PARK AVE,,TAKOMA PARK,OTHER,SINGLE VEHICLE,CLEAR,DRY,DARK LIGHTS ON,NO CONTROLS,ALCOHOL PRESENT,N/A,5B9BF69C-7176-4017-94EE-96A3F6194276,OTHER,N/A,N/A,N/A,No,NO APPARENT INJURY,N/A,38.97597119,-77.0089674,"(38.97597119, -77.0089674)"
MCP1020001N,16040706,Montgomery County Police,Injury Crash,08/11/2016 12:28:00 PM,,,,PARKING LOT OF 20938 FREDERICK RD,,PEDESTRIAN,OTHER,CLEAR,,DAYLIGHT,NO CONTROLS,NONE DETECTED,NONE DETECTED,43E937B6-DEC5-43E1-82BB-D32F0B9DD022,PEDESTRIAN,Other,NO IMPROPER ACTIONS,OTHER,No,SUSPECTED MINOR INJURY,N/A,39.20270667,-77.24945167,"(39.20270667, -77.24945167)"
DD56680006,230026656,Rockville Police Departme,Property Damage Crash,06/03/2023 11:50:00 AM,Municipality,E MONTGOMERY AVE,MARYLAND AVE,,ROCKVILLE,PEDESTRIAN,SINGLE VEHICLE,CLEAR,DRY,DAYLIGHT,NO CONTROLS,N/A,N/A,2CFEEFAB-A83D-4764-B259-A3B8BD86402E,PEDESTRIAN,Walking/Riding w/Traffic,N/A,CURB,No,NO APPARENT INJURY,NONE,39.08410737,-77.15014302,"(39.08410737, -77.15014302)"
MCP22540007,15036935,MONTGOMERY,Injury Crash,07/26/2015 01:27:00 PM,County,TAILOR SHOP PLACE,GUARDRAIL,,N/A,OTHER,STRAIGHT MOVEMENT ANGLE,CLEAR,DRY,DAYLIGHT,NO CONTROLS,NONE DETECTED,N/A,7982B346-3115-47D0-A39C-D7F4B0C86A95,OTHER,Cross/Enter at Intersection,DART DASH,AT INTERSECTION BUT NO CROSSWALK,Yes,SUSPECTED MINOR INJURY,NONE,39.24363833,-77.281995,"(39.24363833, -77.281995)"
MCP3148007T,250013618,MONTGOMERY,Injury Crash,03/28/2025 06:28:00 PM,County Route,,SPENCER RD,,,Pedestrian,Single Vehicle,Rain,Wet,Daylight,Pedestrian Crossing,"Not Suspect of Alcohol Use, Not Suspect of Drug Use","Not Suspect of Alcohol Use, Not Suspect of Drug Use",EDDC7971-DDAD-434F-B301-D70BC7264185,Pedestrian,Cross/Enter at Intersection,None (No Improper Action),Intersection Marked Crosswalk,No,Possible Injury,None,38.99445827,-77.05319378,"(38.99445827, -77.05319378)"
MCP26710028,190051923,Montgomery County Police,Injury Crash,10/28/2019 07:50:00 PM,US (State),GEORGIA AVE,ELLSWORTH DR,,N/A,PEDESTRIAN,OTHER,N/A,DRY,DARK LIGHTS ON,TRAFFIC SIGNAL,NONE DETECTED,NONE DETECTED,213A9D0E-8EF7-4499-BFA8-12687607CA80,PEDESTRIAN,Cross/Enter not at Intersection,IN ROADWAY IMPROPERLY,ON ROADWAY NOT AT CROSSWALK,Yes,SUSPECTED MINOR INJURY,NONE,38.99528412,-77.02743963,"(38.99528412, -77.02743963)"
MCP2728006P,200001550,Montgomery County Police,Injury Crash,01/09/2020 07:20:00 PM,,,,8530 CAMERON STREET PARKING GARAGE,,PEDESTRIAN,OTHER,CLEAR,,DARK LIGHTS ON,N/A,NONE DETECTED,NONE DETECTED,D452B90F-B780-490E-B5EC-FAF51C4E1FA8,PEDESTRIAN,Other,NO IMPROPER ACTIONS,OTHER,No,POSSIBLE INJURY,NONE,38.9964981,-77.03121331,"(38.9964981, -77.03121331)"
MCP31110096,250018856,MONTGOMERY,Injury Crash,04/30/2025 11:52:00 AM,County Route,ARLINGTON RD,,,,Pedestrian,Single Vehicle,Clear,Dry,Daylight,Traffic Control Signal,"Not Suspect of Alcohol Use, Not Suspect of Drug Use","Not Suspect of Alcohol Use, Not Suspect of Drug Use",DE73F107-44A1-4A25-9BE2-E215CF6D4832,Pedestrian,Cross/Enter at Intersection,"Dart/Dash, Inattentive (Talking, Eating, etc.)",Intersection Marked Crosswalk,Yes,Possible Injury,None,38.97946486,-77.09862167,"(38.97946486, -77.09862167)"
MCP285300B9,250033040,MONTGOMERY,Property Damage Crash,07/24/2025 04:12:00 PM,,,,Parking Lot Way        SIDEWALK OF 10203 NEW HAMPSHIRE AVENUE,,Cyclist (Electric),Single Vehicle,Clear,,Daylight,,"Unknown, Unknown","Not Suspect of Alcohol Use, Not Suspect of Drug Use",38012B19-15F4-4473-98EA-6F0377647606,Cyclist (Electric),Walking/Cycling on Sidewalk,None (No Improper Action),Sidewalk,No,No Apparent Injury,None,39.02327833,-76.9779736,"(39.02327833, -76.9779736)"
MCP2677000H,16004316,Montgomery County Police,Injury Crash,01/26/2016 11:40:00 PM,County,DAIRYMAID DR,METZ DR,,N/A,PEDESTRIAN,OTHER,SNOW,SLUSH,DARK LIGHTS ON,N/A,NONE DETECTED,NONE DETECTED,D7BF4AAF-74BF-44D3-9FB3-3D451E61766C,PEDESTRIAN,Other,IN ROADWAY IMPROPERLY,ON ROADWAY NOT AT CROSSWALK,Yes,POSSIBLE INJURY,N/A,39.15559743,-77.27240324,"(39.15559743, -77.27240324)"
EJ78910011,220052753,Gaithersburg Police Depar,Injury Crash,11/29/2022 09:11:00 PM,County,MUDDY BRANCH RD,DIAMONDBACK DR,,N/A,PEDESTRIAN,STRAIGHT MOVEMENT ANGLE,CLEAR,DRY,DARK LIGHTS ON,TRAFFIC SIGNAL,NONE DETECTED,UNKNOWN,EA8607AC-21DD-4F39-9B2F-C859CC9AD19D,PEDESTRIAN,Cross/Enter at Intersection,FAILURE TO YIELD RIGHT OF WAY,AT INTERSECTION MARKED CROSSWALK,Yes,SUSPECTED SERIOUS INJURY,NONE,39.11522055,-77.21570262,"(39.11522055, -77.21570262)"
MCP229800VR,210007256,Montgomery County Police,Property Damage Crash,02/23/2021 11:51:00 AM,County,CONNECTICUT AVE,GRAND PRE RD,,N/A,PEDESTRIAN,SINGLE VEHICLE,CLEAR,SLUSH,DAYLIGHT,NO CONTROLS,NONE DETECTED,NONE DETECTED,89ADE460-CA93-4BCD-B113-37C5E4F99E33,PEDESTRIAN,Other,DART DASH,OTHER,No,NO APPARENT INJURY,N/A,39.09191456,-77.07032261,"(39.09191456, -77.07032261)"