Report Number,Local Case Number,Agency Name,ACRS Report Type,Crash Date/Time,Route Type,Road Name,Cross-Street Name,Off-Road Description,Municipality,Related Non-Motorist,Collision Type,Weather,Surface Condition,Light,Traffic Control,Driver Substance Abuse,Non-Motorist Substance Abuse,Person ID,Pedestrian Type,Pedestrian Movement,Pedestrian Actions,Pedestrian Location,At Fault,Injury Severity,Safety Equipment,Latitude,Longitude,Location
MCP2905002R,170513078,Montgomery County Police,Injury Crash,06/11/2017 03:48:00 PM,Maryland (State),WILSON LA,MOORLAND LA,,N/A,PEDESTRIAN,STRAIGHT MOVEMENT ANGLE,CLEAR,DRY,DAYLIGHT,STOP SIGN,N/A,N/A,547D6A58-4FD3-4F93-B3A1-DE6CAD2CC26C,PEDESTRIAN,Standing,NO IMPROPER ACTIONS,SIDEWALK,No,SUSPECTED MINOR INJURY,N/A,38.98711,-77.10970333,"(38.98711, -77.10970333)"
MCP31930062,240060754,MONTGOMERY,Injury Crash,12/19/2024 10:20:00 PM,Spur,,,,,Pedestrian,Unknown,Clear,Dry,Dark - Unknown Lighting,No Controls,"Not Suspect of Alcohol Use, Unknown","Unknown, Unknown",D7C92798-FD7D-4398-87AD-7A3BFB7558EE,Pedestrian,Cross/Enter at Intersection,None (No Improper Action),Intersection Other,No,Suspected Minor Injury,None,39.05452757,-77.05032035,"(39.05452757, -77.05032035)"
MCP9379000R,16020539,Montgomery County Police,Injury Crash,04/24/2016 11:54:00 AM,,,,DRIVEWAY OF TRANSFER STATION 16101 FREDERICK RD,,PEDESTRIAN,OTHER,CLEAR,,DAYLIGHT,PERSON,N/A,N/A,D0FB99E4-1D81-4C98-97EA-F13DB1528863,PEDESTRIAN,Other Working,OTHER,OTHER,No,POSSIBLE INJURY,NONE,39.12094833,-77.17141,"(39.12094833, -77.17141)"
MCP2347004F,230065076,Montgomery County Police,Injury Crash,11/08/2023 09:38:00 AM,County,BERLEIGH HILL CT,CUL DE SAC,,N/A,PEDESTRIAN,OTHER,CLEAR,DRY,DAYLIGHT,NO CONTROLS,NONE DETECTED,NONE DETECTED,8822219B-EE08-457C-AAA4-BC513C14D10F,PEDESTRIAN,Walking/Cycling on Sidewalk,NO IMPROPER ACTIONS,SIDEWALK,No,SUSPECTED MINOR INJURY,NONE,39.10068183,-76.933366,"(39.10068183, -76.933366)"
MCP3115000N,180019892,Montgomery County Police,Injury Crash,04/23/2018 04:40:00 PM,County,BRIGGS CHANEY RD,CASTLE BLVD,,N/A,PEDESTRIAN,OTHER,N/A,N/A,DAYLIGHT,N/A,N/A,N/A,9140AED0-B8E6-4BF9-936F-1BF85942F587,PEDESTRIAN,Other,NOT VISIBLE,OTHER,Unknown,SUSPECTED MINOR INJURY,N/A,39.08154092,-76.94640219,"(39.08154092, -76.94640219)"
MCP20480019,170515411,Montgomery County Police,Injury Crash,06/23/2017 06:27:00 PM,Maryland (State),SANDY SPRING RD,RAMP 4 FR US 29 NB TO MD 198 EB,,N/A,PEDESTRIAN,OTHER,CLEAR,DRY,DAYLIGHT,NO CONTROLS,UNKNOWN,NONE DETECTED,887F88DD-FA4D-4D2F-B2AF-408DC929E0B3,PEDESTRIAN,Walking/Cycling on Sidewalk,NO IMPROPER ACTIONS,SIDEWALK,No,SUSPECTED MINOR INJURY,N/A,39.111815,-76.929065,"(39.111815, -76.929065)"
MCP2664002Y,17012580,Montgomery County Police,Injury Crash,03/09/2017 11:40:00 PM,County,ANDREW ST,VEIRS MILL RD,,N/A,PEDESTRIAN,OTHER,UNKNOWN,UNKNOWN,UNKNOWN,NO CONTROLS,UNKNOWN,NONE DETECTED,90CF317A-3170-4070-AB92-0EEF620CEFB7,PEDESTRIAN,Cross/Enter not at Intersection,NO IMPROPER ACTIONS,ON ROADWAY NOT AT CROSSWALK,No,SUSPECTED MINOR INJURY,UNKNOWN,39.05023,-77.07168833,"(39.05023, -77.07168833)"
MCP2723007L,230053349,Montgomery County Police,Injury Crash,09/05/2023 08:35:00 PM,County,ASPEN HILL RD,GEORGIA AVE,,N/A,BICYCLIST,SINGLE VEHICLE,CLEAR,DRY,DARK LIGHTS ON,STOP SIGN,NONE DETECTED,NONE DETECTED,DEAFEDC1-9095-4099-8552-C8786F70FF87,BICYCLIST,Walking/Cycling on Sidewalk,NO IMPROPER ACTIONS,SIDEWALK,No,SUSPECTED MINOR INJURY,UNKNOWN,39.08065167,-77.077415,"(39.08065167, -77.077415)"
MCP29730063,220036415,Montgomery County Police,Injury Crash,08/23/2022 03:15:00 PM,Maryland (State),CONNECTICUT AVE,INDEPENDENCE ST,,N/A,PEDESTRIAN,OTHER,CLEAR,DRY,DAYLIGHT,TRAFFIC SIGNAL,NONE DETECTED,NONE DETECTED,C024E743-4C5E-48C3-8853-77C3240E037A,PEDESTRIAN,Cross/Enter at Intersection,NO IMPROPER ACTIONS,ON ROADWAY AT CROSSWALK,No,SUSPECTED MINOR INJURY,N/A,39.0564664,-77.0736231,"(39.0564664, -77.0736231)"
MCP26670013,15043390,MONTGOMERY,Injury Crash,08/29/2015 09:55:00 AM,,,,acess road between 30 N Summit Ave and 32 N Summit Ave,,PEDESTRIAN,OTHER,CLEAR,,DAYLIGHT,NO CONTROLS,NONE DETECTED,NONE DETECTED,C3FDEE48-ACF6-4608-9360-BDABE1A5C36E,PEDESTRIAN,Other Working,NOT VISIBLE,OTHER,Yes,SUSPECTED MINOR INJURY,NONE,39.14350816,-77.19279528,"(39.14350816, -77.19279528)"
DM84230014,16059447,Takoma Park Police Depart,Injury Crash,11/18/2016 04:15:00 PM,County,MERRIMAC DR,UNIVERSITY BLVD E,,N/A,PEDESTRIAN,OTHER,CLEAR,DRY,DAYLIGHT,NO CONTROLS,N/A,N/A,4E64F5A3-AFD0-49C1-BDE1-2E04F126605D,PEDESTRIAN,Cross/Enter not at Intersection,INATTENTIVE,ON ROADWAY NOT AT CROSSWALK,Yes,SUSPECTED SERIOUS INJURY,N/A,38.99547333,-77.024265,"(38.99547333, -77.024265)"
MCP26590014,16037735,Montgomery County Police,Property Damage Crash,07/25/2016 11:18:00 PM,County,SEMINARY RD,GEORGIA AVE,,N/A,BICYCLIST,OTHER,CLOUDY,DRY,DARK LIGHTS ON,TRAFFIC SIGNAL,N/A,NONE DETECTED,1AA1402C-9D9D-47B2-B829-521E032B9D8A,BICYCLIST,Cross/Enter at Intersection,NO IMPROPER ACTIONS,ON ROADWAY AT CROSSWALK,No,NO APPARENT INJURY,NONE,39.00939,-77.040715,"(39.00939, -77.040715)"
MCP3018000Q,170503285,Montgomery County Police,Injury Crash,04/21/2017 07:30:00 AM,County,DALEWOOD DR,RANDOLPH RD,,N/A,BICYCLIST,OTHER,CLEAR,DRY,DAYLIGHT,TRAFFIC SIGNAL,UNKNOWN,NONE DETECTED,9696EFA5-CA8E-4E78-941C-5A356FB95516,BICYCLIST,Cross/Enter at Intersection,NO IMPROPER ACTIONS,AT INTERSECTION MARKED CROSSWALK,No,SUSPECTED MINOR INJURY,NONE,39.05918226,-77.06915081,"(39.05918226, -77.06915081)"
MCP2563001N,230027877,Montgomery County Police,Fatal Crash,06/10/2023 12:36:00 AM,Maryland (State),UNIVERSITY BLVD E,BAYFIELD ST,,N/A,PEDESTRIAN,SINGLE VEHICLE,CLEAR,DRY,DARK -- UNKNOWN LIGHTING,UNKNOWN,UNKNOWN,ALCOHOL PRESENT,B56F7743-0DD1-47BE-BB1F-ABE54E2BDFDB,PEDESTRIAN,Unknown,UNKNOWN,UNKNOWN,Unknown,FATAL INJURY,NONE,38.99638236,-76.99331541,"(38.99638236, -76.99331541)"
DD5620004P,190049453,Rockville Police Departme,Property Damage Crash,10/15/2019 01:50:00 PM,Municipality,ANDERSON AVE,MANNAKEE ST,,ROCKVILLE,OTHER,STRAIGHT MOVEMENT ANGLE,CLEAR,DRY,DAYLIGHT,STOP SIGN,NONE DETECTED,N/A,0AF2C8E9-A24F-4BC4-B42A-913071C6B817,OTHER,N/A,N/A,INSIDE BUILDING,No,NO APPARENT INJURY,N/A,39.08694417,-77.1672065,"(39.08694417, -77.1672065)"
MCP2983004B,190062185,Montgomery County Police,Injury Crash,12/26/2019 04:35:00 PM,,,,1280 EAST WEST HWY (GIANT PARKING LOT),,PEDESTRIAN,SINGLE VEHICLE,CLEAR,,DAWN,N/A,NONE DETECTED,NONE DETECTED,6AE08592-CECC-484F-9DA8-599B3C79ACD1,PEDESTRIAN,Walking/Riding w/Traffic,NO IMPROPER ACTIONS,OTHER,No,POSSIBLE INJURY,NONE,38.99180567,-77.03210383,"(38.99180567, -77.03210383)"
MCP2967003M,190006276,Montgomery County Police,Injury Crash,02/08/2019 02:43:00 PM,Maryland (State),WISCONSIN AVE,LELAND ST,,N/A,PEDESTRIAN,SINGLE VEHICLE,CLEAR,DRY,DAYLIGHT,TRAFFIC SIGNAL,N/A,N/A,3E355A43-67DF-4C84-AEAE-8414646AD5DE,PEDESTRIAN,Cross/Enter at Intersection,NO IMPROPER ACTIONS,ON ROADWAY AT CROSSWALK,No,SUSPECTED MINOR INJURY,N/A,38.97976333,-77.09187,"(38.97976333, -77.09187)"
MCP11740054,220009024,Montgomery County Police,Injury Crash,03/02/2022 01:38:00 PM,Government,CENTER DR,OLD GEORGETOWN RD,,N/A,PEDESTRIAN,SINGLE VEHICLE,CLEAR,DRY,DAYLIGHT,TRAFFIC SIGNAL,NONE DETECTED,NONE DETECTED,5039BFC4-5F70-4201-B34C-7B9C8FCFA389,PEDESTRIAN,Cross/Enter at Intersection,NO IMPROPER ACTIONS,AT INTERSECTION MARKED CROSSWALK,No,POSSIBLE INJURY,NONE,39.0029773,-77.10986325,"(39.0029773, -77.10986325)"
MCP30770012,180018081,Montgomery County Police,Injury Crash,04/13/2018 04:25:00 PM,Maryland (State),GREAT SENECA HWY,COTTAGE GARDEN DR,,N/A,BICYCLIST,N/A,CLEAR,DRY,DAYLIGHT,TRAFFIC SIGNAL,N/A,N/A,431208FB-5DDA-4D53-BEF9-527A19B3A3D0,BICYCLIST,Cross/Enter at Intersection,NO IMPROPER ACTIONS,AT INTERSECTION MARKED CROSSWALK,No,SUSPECTED MINOR INJURY,MC/BIKE HELMET,39.15335167,-77.27774833,"(39.15335167, -77.27774833)"
EJ7870005W,220046364,Gaithersburg Police Depar,Injury Crash,10/22/2022 12:38:00 PM,Maryland (State),FREDERICK RD,TRAVIS AVE,,GAITHERSBURG,PEDESTRIAN,SINGLE VEHICLE,CLEAR,DRY,DAYLIGHT,STOP SIGN,UNKNOWN,NONE DETECTED,FB51F8C8-DD01-49A7-AA28-0175D4244078,PEDESTRIAN,Cross/Enter at Intersection,NO IMPROPER ACTIONS,AT INTERSECTION MARKED CROSSWALK,No,POSSIBLE INJURY,NONE,39.1599267,-77.2213725,"(39.1599267, -77.2213725)"
MCP3112002D,190027724,Montgomery County Police,Injury Crash,06/02/2019 11:30:00 AM,County,DANIEL RD,WYNDALE RD,,N/A,BICYCLIST,OTHER,UNKNOWN,UNKNOWN,DAYLIGHT,STOP SIGN,UNKNOWN,NONE DETECTED,9B542971-DCFF-45FF-A95D-975372620C10,BICYCLIST,Walking/Riding w/Traffic,NO IMPROPER ACTIONS,ON ROADWAY NOT AT CROSSWALK,No,SUSPECTED MINOR INJURY,MC/BIKE HELMET,38.98528268,-77.05698994,"(38.98528268, -77.05698994)"
MCP3125002S,210015321,Montgomery County Police,Injury Crash,04/24/2021 05:30:00 PM,Ramp,RAMP 5 FR IS 270 SB TO SHADY GROVE RD,SHADY GROVE RD,,N/A,OTHER CONVEYANCE,SINGLE VEHICLE,CLEAR,DRY,DAYLIGHT,NO CONTROLS,NONE DETECTED,NONE DETECTED,2BCEB3F7-0B7E-4454-8A52-3C4C87364F8D,OTHER CONVEYANCE,Cross/Enter at Intersection,NO IMPROPER ACTIONS,ON ROADWAY AT CROSSWALK,No,SUSPECTED MINOR INJURY,NONE,39.10945167,-77.188435,"(39.10945167, -77.188435)"
MCP31930056,230069211,Montgomery County Police,Injury Crash,11/30/2023 10:55:00 PM,Maryland (State),GEORGIA AVE,UNIVERSITY BLVD W,,N/A,PEDESTRIAN,OTHER,CLEAR,DRY,DARK LIGHTS ON,TRAFFIC SIGNAL,NONE DETECTED,NONE DETECTED,FC9D550A-950A-49DA-9E4C-CDE366BA8038,PEDESTRIAN,Cross/Enter not at Intersection,IN ROADWAY IMPROPERLY,ON ROADWAY NOT AT CROSSWALK,Yes,SUSPECTED MINOR INJURY,NONE,39.04125105,-77.05169358,"(39.04125105, -77.05169358)"
MCP30050079,230011069,Montgomery County Police,Injury Crash,03/09/2023 03:36:00 PM,Maryland (State),LAYHILL RD,BEL PRE RD,,N/A,PEDESTRIAN,SINGLE VEHICLE,CLEAR,DRY,DAYLIGHT,TRAFFIC SIGNAL,NONE DETECTED,NONE DETECTED,A50CF782-4CC7-42B8-9C7D-6396B999B6CF,PEDESTRIAN,Cross/Enter not at Intersection,IN ROADWAY IMPROPERLY,ON ROADWAY NOT AT CROSSWALK,Yes,SUSPECTED SERIOUS INJURY,N/A,39.09076333,-77.04522667,"(39.09076333, -77.04522667)"
MCP120500B0,230066626,Montgomery County Police,Injury Crash,11/16/2023 08:06:00 AM,,,,"PARKING LOT OF 4920 STRATHMORE AVE.
KENSINGTON, MD 20895",,PEDESTRIAN,OTHER,CLEAR,,DAYLIGHT,NO CONTROLS,NONE DETECTED,NONE DETECTED,0B9D153A-C4AD-4B36-89F1-0C16BDA72DA9,PEDESTRIAN,Other,NO IMPROPER ACTIONS,OTHER,No,SUSPECTED MINOR INJURY,N/A,39.031155,-77.10003167,"(39.031155, -77.10003167)"
MCP1433000Z,170501466,Montgomery County Police,Injury Crash,04/10/2017 03:15:00 PM,Municipality,RIO BLVD,FIELDS RD,,N/A,PEDESTRIAN,OTHER,CLEAR,DRY,DAYLIGHT,NO CONTROLS,UNKNOWN,N/A,83450DE6-C217-474B-B2B4-777351D0629E,PEDESTRIAN,Standing,OTHER,OTHER,Yes,POSSIBLE INJURY,N/A,39.115397,-77.204342,"(39.115397, -77.204342)"
DD5650001C,220009976,Rockville Police Departme,Injury Crash,03/07/2022 06:20:00 PM,Municipality,N STONESTREET AVE,SPRING AVE,,ROCKVILLE,PEDESTRIAN,OTHER,UNKNOWN,UNKNOWN,DUSK,NO CONTROLS,UNKNOWN,NONE DETECTED,77D3440A-EDB6-43B6-99B3-F9C3B1AC4514,PEDESTRIAN,Cross/Enter at Intersection,FAILURE TO YIELD RIGHT OF WAY,AT INTERSECTION BUT NO CROSSWALK,Unknown,POSSIBLE INJURY,UNKNOWN,39.09311918,-77.15012593,"(39.09311918, -77.15012593)"
MCP3096001L,180054668,Montgomery County Police,Injury Crash,10/31/2018 08:41:00 PM,,,,CROSS WALK IN FRONT OF CHECKERS AT 16171 SHADY GROVE RD GAITHERSBURG MD 20877,,PEDESTRIAN,SINGLE VEHICLE,CLEAR,,DUSK,NO CONTROLS,NONE DETECTED,NONE DETECTED,0F3D5FB4-133E-4971-AF57-ED646683A8BE,PEDESTRIAN,Cross/Enter at Intersection,NO IMPROPER ACTIONS,ON ROADWAY AT CROSSWALK,No,SUSPECTED MINOR INJURY,N/A,39.121035,-77.178015,"(39.121035, -77.178015)"
MCP2937000Y,15040567,MONTGOMERY,Injury Crash,08/14/2015 01:28:00 PM,,,,shell parking lot 11300 lockwood drive/11200 new hampshire avenue,,PEDESTRIAN,SAME DIR REAR END,CLEAR,,DAYLIGHT,NO CONTROLS,NONE DETECTED,NONE DETECTED,B6B313AC-F00A-4C28-9DA5-92EE4EF29CF9,PEDESTRIAN,Other,NO IMPROPER ACTIONS,OTHER,No,SUSPECTED MINOR INJURY,N/A,39.03849333,-76.98981333,"(39.03849333, -76.98981333)"
MCP3050006P,250026441,MONTGOMERY,Injury Crash,06/13/2025 03:10:00 PM,Private Route,,,,,Cyclist (non-electric),Single Vehicle,Clear,Dry,Daylight,Stop Sign,"Unknown, Unknown","Not Suspect of Alcohol Use, Not Suspect of Drug Use",D4D68A3D-3E55-4531-B187-8D9E09A76A22,Cyclist (non-electric),Other,None (No Improper Action),Midblock Marked Crosswalk,No,Possible Injury,Unknown,39.10118898,-77.07573585,"(39.10118898, -77.07573585)"
MCP20550014,16033258,Montgomery County Police,Injury Crash,06/30/2016 10:00:00 PM,County,SHADY GROVE RD,GAITHER RD,,ROCKVILLE,PEDESTRIAN,OTHER,CLEAR,DRY,DARK NO LIGHTS,UNKNOWN,UNKNOWN,N/A,55684B05-2FF8-4920-8884-75F762BD3969,PEDESTRIAN,Unknown,UNKNOWN,UNKNOWN,Unknown,SUSPECTED MINOR INJURY,NONE,39.11741719,-77.18395472,"(39.11741719, -77.18395472)"
DD56150083,190056256,Rockville Police Departme,Injury Crash,11/21/2019 01:45:00 PM,Municipality,RITCHIE PKWY,E JEFFERSON ST,,ROCKVILLE,PEDESTRIAN,OTHER,CLEAR,DRY,DAYLIGHT,STOP SIGN,NONE DETECTED,NONE DETECTED,B11AD8FA-B1BA-4C39-8BE7-51587D84AC85,PEDESTRIAN,Cross/Enter at Intersection,NO IMPROPER ACTIONS,AT INTERSECTION MARKED CROSSWALK,No,POSSIBLE INJURY,NONE,39.075845,-77.141785,"(39.075845, -77.141785)"
DM8439003C,190037445,Takoma Park Police Depart,Injury Crash,08/06/2019 10:15:00 AM,,,,900 MERRIMAC DR,,PEDESTRIAN,SINGLE VEHICLE,CLEAR,,DAYLIGHT,N/A,N/A,N/A,29760E4E-066F-4FB0-9E80-E0376A520518,PEDESTRIAN,Other,INATTENTIVE,OTHER,Yes,POSSIBLE INJURY,NONE,38.99262833,-76.992025,"(38.99262833, -76.992025)"
MCP29870025,170527293,Montgomery County Police,Injury Crash,08/28/2017 10:15:00 AM,Maryland (State),PINEY BRANCH RD,UNIVERSITY BLVD E,,N/A,PEDESTRIAN,STRAIGHT MOVEMENT ANGLE,CLEAR,DRY,DAYLIGHT,TRAFFIC SIGNAL,NONE DETECTED,NONE DETECTED,C36BE405-9965-4065-A823-44C1E95C4AB9,PEDESTRIAN,Cross/Enter at Intersection,NO IMPROPER ACTIONS,ON ROADWAY AT CROSSWALK,No,SUSPECTED MINOR INJURY,NONE,39.00000833,-76.99481667,"(39.00000833, -76.99481667)"
MCP2607004J,190042207,Montgomery County Police,Injury Crash,09/03/2019 06:05:00 PM,Maryland (State),FREDERICK RD,S WESTLAND DR,,GAITHERSBURG,PEDESTRIAN,OTHER,CLEAR,DRY,DAYLIGHT,TRAFFIC SIGNAL,NONE DETECTED,NONE DETECTED,830A2223-A087-4F45-88F8-5B2ECA185E4B,PEDESTRIAN,Cross/Enter at Intersection,NO IMPROPER ACTIONS,AT INTERSECTION MARKED CROSSWALK,No,POSSIBLE INJURY,N/A,39.12633333,-77.18285667,"(39.12633333, -77.18285667)"
MCP1334008M,190049413,Montgomery County Police,Injury Crash,10/15/2019 10:05:00 AM,County,STEDWICK RD,WATKINS MILL RD,,N/A,BICYCLIST,SINGLE VEHICLE,CLEAR,DRY,DAYLIGHT,TRAFFIC SIGNAL,NONE DETECTED,NONE DETECTED,1B58421D-F511-457B-A8AF-FE04EDF0561C,BICYCLIST,Cross/Enter at Intersection,FAILURE TO OBEY TRAFFIC SIGNS SIGNALS OR OFFICER,ON ROADWAY AT CROSSWALK,Yes,SUSPECTED MINOR INJURY,NONE,39.17055666,-77.20888418,"(39.17055666, -77.20888418)"
MCP1379004B,16044397,Montgomery County Police,Injury Crash,08/31/2016 11:55:00 AM,County,E RANDOLPH RD,NEW HAMPSHIRE AVE,,N/A,PEDESTRIAN,STRAIGHT MOVEMENT ANGLE,CLEAR,DRY,DAYLIGHT,NO CONTROLS,NONE DETECTED,NONE DETECTED,39B1E023-73D3-445E-B3D1-17AA018E6822,PEDESTRIAN,Walking/Cycling on Sidewalk,IN ROADWAY IMPROPERLY,ON ROADWAY NOT AT CROSSWALK,Yes,SUSPECTED MINOR INJURY,NONE,39.07602167,-77.00309667,"(39.07602167, -77.00309667)"
MCP2485000J,16021742,Montgomery County Police,Injury Crash,05/03/2016 03:53:00 AM,County,DAIRYMAID DR,GREAT SENECA HWY,,N/A,PEDESTRIAN,UNKNOWN,RAINING,WET,DARK NO LIGHTS,NO CONTROLS,,UNKNOWN,606617CE-AD74-4261-A932-154789F984F6,PEDESTRIAN,Cross/Enter at Intersection,UNKNOWN,AT INTERSECTION MARKED CROSSWALK,Unknown,POSSIBLE INJURY,NONE,39.15737,-77.27599667,"(39.15737, -77.27599667)"
MCP31230079,240030394,MONTGOMERY,Injury Crash,06/27/2024 01:42:00 PM,County Route,WALTON RD,,,,Pedestrian,Single Vehicle,Clear,Dry,Daylight,No Controls,"Not Suspect of Alcohol Use, Not Suspect of Drug Use","Not Suspect of Alcohol Use, Not Suspect of Drug Use",2D90E0AB-E9AB-426E-A4A5-DBFEDC786C79,Pedestrian,Standing,Unknown,Travel Lane Other Location,No,Suspected Minor Injury,None,39.00986683,-77.11743058,"(39.00986683, -77.11743058)"
MCP29070028,200028086,Montgomery County Police,Injury Crash,07/20/2020 02:46:00 AM,Maryland (State),WISCONSIN AVE,EAST WEST HWY (W/B COUPLET),,N/A,PEDESTRIAN,OTHER,CLEAR,DRY,DARK LIGHTS ON,TRAFFIC SIGNAL,NONE DETECTED,NONE DETECTED,285A6363-0D73-4869-A9AB-AF88C63DB7F6,PEDESTRIAN,Standing,IN ROADWAY IMPROPERLY,MEDIAN,Yes,SUSPECTED SERIOUS INJURY,N/A,38.98449,-77.095,"(38.98449, -77.095)"
MCP3118000W,180034608,Montgomery County Police,Injury Crash,07/13/2018 08:04:00 AM,County,RANDOLPH RD,MIDDLEVALE LA,,N/A,PEDESTRIAN,N/A,CLEAR,DRY,DAYLIGHT,TRAFFIC SIGNAL,NONE DETECTED,NONE DETECTED,72F21200-EB2D-4323-8392-2BBDECDBD92F,PEDESTRIAN,Cross/Enter at Intersection,NO IMPROPER ACTIONS,AT INTERSECTION MARKED CROSSWALK,No,SUSPECTED MINOR INJURY,NONE,39.06419884,-77.03948155,"(39.06419884, -77.03948155)"
MCP31650042,220034672,Montgomery County Police,Injury Crash,08/12/2022 10:30:00 AM,County,DUSTIN RD,DUSTIN CT,,N/A,PEDESTRIAN,SAME DIR REND RIGHT TURN,N/A,DRY,DAYLIGHT,NO CONTROLS,NONE DETECTED,NONE DETECTED,DB339FC9-1603-41B3-9596-B7E00B218369,PEDESTRIAN,N/A,OTHER,SHOULDER,No,POSSIBLE INJURY,N/A,39.12153,-76.9171608,"(39.12153, -76.9171608)"
MCP2612000T,15016657,Montgomery County Police,Injury Crash,04/10/2015 06:01:00 PM,,,,Parking lot of 13701 Georgia Ave,,PEDESTRIAN,OTHER,CLOUDY,,DAYLIGHT,NO CONTROLS,NONE DETECTED,NONE DETECTED,C520F936-CFCB-4F8A-B850-E5DB83476432,PEDESTRIAN,Push/Work on Vehicle,NO IMPROPER ACTIONS,OTHER,,SUSPECTED MINOR INJURY,N/A,39.080295,-77.07336,"(39.080295, -77.07336)"
MCP2941003D,190023030,Montgomery County Police,Injury Crash,05/15/2019 11:02:00 PM,Maryland (State),EAST WEST HWY,BLAIR MILL RD,,N/A,PEDESTRIAN,N/A,CLEAR,DRY,DUSK,OTHER,NONE DETECTED,NONE DETECTED,890C0F1D-3E80-4862-B5AD-B1217D49EB30,PEDESTRIAN,Cross/Enter at Intersection,NO IMPROPER ACTIONS,AT INTERSECTION MARKED CROSSWALK,No,POSSIBLE INJURY,NONE,38.98902667,-77.0279,"(38.98902667, -77.0279)"
MCP26770014,170515744,Montgomery County Police,Injury Crash,06/25/2017 10:02:00 PM,County,SCENERY DR,FREDERICK RD,,N/A,BICYCLIST,STRAIGHT MOVEMENT ANGLE,CLEAR,N/A,DARK LIGHTS ON,STOP SIGN,N/A,N/A,414711DB-89F7-4029-B5C0-CEAFD309EA00,BICYCLIST,Cross/Enter at Intersection,IN ROADWAY IMPROPERLY,AT INTERSECTION MARKED CROSSWALK,Yes,SUSPECTED MINOR INJURY,NONE,39.17546992,-77.23792076,"(39.17546992, -77.23792076)"
MCP3074000D,170527544,Montgomery County Police,Injury Crash,08/29/2017 01:08:00 PM,Maryland (State),UNIVERSITY BLVD E,COLESVILLE RD,,N/A,PEDESTRIAN,OTHER,RAINING,WET,DAYLIGHT,NO CONTROLS,NONE DETECTED,NONE DETECTED,D60EC608-ED00-4B2C-B37E-7435C336D344,PEDESTRIAN,Walking/Riding against Traffic,IN ROADWAY IMPROPERLY,ON ROADWAY NOT AT CROSSWALK,Yes,SUSPECTED MINOR INJURY,N/A,39.0207591,-77.01366663,"(39.0207591, -77.01366663)"
MCP24370053,230051700,Montgomery County Police,Injury Crash,08/27/2023 06:00:00 PM,Ramp,RAMP 2 FR MD 927 WB TO IS 270 NB,MONTROSE RD,,N/A,PEDESTRIAN,SAME DIR REAR END,CLOUDY,DRY,DAYLIGHT,NO CONTROLS,NONE DETECTED,NONE DETECTED,9ADFF870-E53E-4CB7-99C3-61E3E089BB30,PEDESTRIAN,Standing,NO IMPROPER ACTIONS,SIDEWALK,No,NO APPARENT INJURY,NONE,39.05616633,-77.15208733,"(39.05616633, -77.15208733)"
DM8403000T,220051502,Takoma Park Police Depart,Property Damage Crash,11/21/2022 03:20:00 PM,Municipality,PHILADELPHIA AVE,MAPLE AVE,,TAKOMA PARK,BICYCLIST,SAME DIRECTION RIGHT TURN,CLEAR,DRY,DAYLIGHT,TRAFFIC SIGNAL,NONE DETECTED,NONE DETECTED,6CEE2557-E6F0-4131-96C1-35DE68A23013,BICYCLIST,Cross/Enter at Intersection,N/A,AT INTERSECTION MARKED CROSSWALK,No,NO APPARENT INJURY,N/A,38.99192361,-76.99186574,"(38.99192361, -76.99186574)"
MCP2201000C,15010254,Montgomery County Police,Injury Crash,03/04/2015 08:21:00 PM,County,WAYNE AVE,DIXON AVE,,N/A,PEDESTRIAN,STRAIGHT MOVEMENT ANGLE,WINTRY MIX,WET,DARK LIGHTS ON,TRAFFIC SIGNAL,NONE DETECTED,NONE DETECTED,8F5516C3-46D0-4287-B4D2-EA40A30D1BCB,PEDESTRIAN,Cross/Enter not at Intersection,DART DASH,ON ROADWAY NOT AT CROSSWALK,,POSSIBLE INJURY,NONE,38.99446429,-77.02791452,"(38.99446429, -77.02791452)"
MCP3208002X,220014231,Montgomery County Police,Injury Crash,04/03/2022 10:34:00 PM,County,DIXON AVE,WAYNE AVE,,N/A,PEDESTRIAN,HEAD ON,CLEAR,DRY,DARK LIGHTS ON,TRAFFIC SIGNAL,NONE DETECTED,ALCOHOL PRESENT,296DAB33-C360-4CA5-B9E9-BBC017124370,PEDESTRIAN,Cross/Enter at Intersection,UNKNOWN,ON ROADWAY AT CROSSWALK,Unknown,SUSPECTED MINOR INJURY,NONE,38.99424667,-77.02813,"(38.99424667, -77.02813)"
MCP2848003J,16057266,Montgomery County Police,Injury Crash,11/06/2016 02:40:00 PM,,,,"PARKING LOT IN FRONT OF MACY'S AT MONTGOMERY MALL-7101 DEMOCRACY BLVD BETHESDA, MD 20817",,PEDESTRIAN,SINGLE VEHICLE,CLEAR,,DAYLIGHT,NO CONTROLS,NONE DETECTED,NONE DETECTED,05178664-037E-44F1-850B-AACDD94569FE,PEDESTRIAN,Cross/Enter not at Intersection,UNKNOWN,ON ROADWAY NOT AT CROSSWALK,Yes,SUSPECTED MINOR INJURY,NONE,39.02380167,-77.14843333,"(39.02380167, -77.14843333)"
MCP2402000N,200031856,Montgomery County Police,Injury Crash,08/15/2020 04:00:00 PM,County,OMEGA DR,KEY WEST AVE,,N/A,BICYCLIST,STRAIGHT MOVEMENT ANGLE,CLEAR,DRY,DAYLIGHT,TRAFFIC SIGNAL,N/A,N/A,270C349D-458D-41AA-95A1-724EF1D0D19C,BICYCLIST,Cross/Enter at Intersection,NO IMPROPER ACTIONS,AT INTERSECTION MARKED CROSSWALK,No,SUSPECTED MINOR INJURY,MC/BIKE HELMET,39.10562833,-77.19711833,"(39.10562833, -77.19711833)"