Report Number,Local Case Number,Agency Name,ACRS Report Type,Crash Date/Time,Route Type,Road Name,Cross-Street Name,Off-Road Description,Municipality,Related Non-Motorist,Collision Type,Weather,Surface Condition,Light,Traffic Control,Driver Substance Abuse,Non-Motorist Substance Abuse,Person ID,Pedestrian Type,Pedestrian Movement,Pedestrian Actions,Pedestrian Location,At Fault,Injury Severity,Safety Equipment,Latitude,Longitude,Location
MCP3078004B,210043992,Montgomery County Police,Injury Crash,10/31/2021 08:08:00 PM,,,,109 HEIL ROAD,,PEDESTRIAN,N/A,CLEAR,,DARK NO LIGHTS,NO CONTROLS,NONE DETECTED,NONE DETECTED,68513824-C7E6-4E22-895D-778A21961867,PEDESTRIAN,Standing,NO IMPROPER ACTIONS,OTHER,No,POSSIBLE INJURY,NONE,39.09790333,-77.00586833,"(39.09790333, -77.00586833)"
MCP30190048,210048803,Montgomery County Police,Property Damage Crash,12/01/2021 05:50:00 PM,Maryland (State),EAST WEST HWY (W/B COUPLET),WAVERLY ST,,N/A,PEDESTRIAN,OTHER,CLEAR,DRY,DUSK,TRAFFIC SIGNAL,N/A,N/A,CC6C0F22-C832-4C60-B152-18FCEDBBD007,PEDESTRIAN,Cross/Enter at Intersection,NO IMPROPER ACTIONS,ON ROADWAY AT CROSSWALK,No,NO APPARENT INJURY,NONE,38.98461833,-77.09241167,"(38.98461833, -77.09241167)"
MCP2959002C,17013049,Montgomery County Police,Injury Crash,03/13/2017 06:44:00 AM,Maryland (State),VEIRS MILL RD,GAIL ST,,N/A,PEDESTRIAN,STRAIGHT MOVEMENT ANGLE,CLEAR,DRY,DARK LIGHTS ON,NO CONTROLS,NONE DETECTED,NONE DETECTED,A358E38D-D9BD-4995-A9FE-63601C52D138,PEDESTRIAN,Cross/Enter at Intersection,NO IMPROPER ACTIONS,AT INTERSECTION MARKED CROSSWALK,No,POSSIBLE INJURY,NONE,39.04942333,-77.07088667,"(39.04942333, -77.07088667)"
MCP3030005V,240004178,MONTGOMERY,Injury Crash,01/26/2024 03:05:00 PM,Maryland (State) Route,RIVER RD,GOLDSBORO RD (SB/L),,,Cyclist (non-electric),Single Vehicle,Clear,Dry,Daylight,Traffic Control Signal,"Not Suspect of Alcohol Use, Not Suspect of Drug Use","Not Suspect of Alcohol Use, Not Suspect of Drug Use",1DA2342E-6494-4715-A290-B73C3BF00A88,Cyclist (non-electric),Walking/Cycling Along Roadway With Traffic (In or Adjacent to Travel Lane),None (No Improper Action),Intersection Other,No,Suspected Serious Injury,Helmet,38.97303657,-77.12209734,"(38.97303657, -77.12209734)"
MCP3195001Y,21000093,Montgomery County Police,Injury Crash,03/03/2021 08:16:00 PM,County,PLUM ORCHARD DR,CHERRY HILL RD,,N/A,PEDESTRIAN,STRAIGHT MOVEMENT ANGLE,N/A,DRY,DARK LIGHTS ON,TRAFFIC SIGNAL,NONE DETECTED,NONE DETECTED,7AAF61D1-E83C-4A16-9525-5E214AE01EBB,PEDESTRIAN,Cross/Enter at Intersection,NO IMPROPER ACTIONS,ON ROADWAY AT CROSSWALK,No,POSSIBLE INJURY,NONE,39.0525918,-76.95317796,"(39.0525918, -76.95317796)"
DD56250014,180050617,Rockville Police Departme,Injury Crash,10/10/2018 06:40:00 AM,,,,PARKING LOT,,PEDESTRIAN,OTHER,CLEAR,,DAWN,N/A,N/A,NONE DETECTED,76387981-D25B-4637-85C8-310AA930DD8B,PEDESTRIAN,Standing,INATTENTIVE,OTHER,Unknown,POSSIBLE INJURY,NONE,39.09424,-77.13044833,"(39.09424, -77.13044833)"
MCP2015000D,15004236,Montgomery County Police,Injury Crash,01/26/2015 07:02:00 PM,Maryland (State),CLOPPER RD,MATENY RD,,N/A,PEDESTRIAN,SINGLE VEHICLE,SNOW,SNOW,DARK LIGHTS ON,TRAFFIC SIGNAL,NONE DETECTED,NONE DETECTED,060BB66D-82BB-4107-B4C8-5CBCAD6CB033,PEDESTRIAN,Cross/Enter at Intersection,DART DASH,ON ROADWAY AT CROSSWALK,,POSSIBLE INJURY,NONE,39.15640667,-77.26634833,"(39.15640667, -77.26634833)"
MCP3010006L,220004103,Montgomery County Police,Injury Crash,01/31/2022 08:50:00 AM,Municipality,KENSINGTON PKWY,KENT ST,,KENSINGTON,PEDESTRIAN,OTHER,CLOUDY,DRY,DAYLIGHT,NO CONTROLS,N/A,N/A,E84D21AD-92DD-4293-8EC3-87BF2B7B310D,PEDESTRIAN,Other,NO IMPROPER ACTIONS,SIDEWALK,No,SUSPECTED MINOR INJURY,NONE,39.022515,-77.07231667,"(39.022515, -77.07231667)"
MCP32140037,250002703,MONTGOMERY,Property Damage Crash,01/19/2025 09:33:00 PM,Maryland (State) Route,FREDERICK RD,,,,Occupant Of a Non-Motor Vehicle Transportation Device,Single Vehicle,Snow,Slush,Dark - Lighted,No Controls,"Not Suspect of Alcohol Use, Not Suspect of Drug Use","Not Suspect of Alcohol Use, Not Suspect of Drug Use",257C57BB-86D8-42E9-932B-E1E0B5475043,Occupant Of a Non-Motor Vehicle Transportation Device,Other Working,None (No Improper Action),Travel Lane Other Location,No,No Apparent Injury,None,39.19783683,-77.24470167,"(39.19783683, -77.24470167)"
MCP242500B3,170526216,Montgomery County Police,Injury Crash,08/22/2017 01:47:00 PM,US (State),COLUMBIA PIKE,BEGIN BRIDGE,,N/A,PEDESTRIAN,SINGLE VEHICLE,N/A,DRY,DAYLIGHT,NO CONTROLS,NONE DETECTED,NONE DETECTED,B669AB88-B7D9-4C8D-8A3C-0413F795826B,PEDESTRIAN,Other Working,NO IMPROPER ACTIONS,OUTSIDE RIGHT OF WAY,No,SUSPECTED SERIOUS INJURY,REFLECTIVE CLOTHING,39.132875,-76.91826833,"(39.132875, -76.91826833)"
MCP1550005W,250009192,MONTGOMERY,Injury Crash,03/02/2025 01:31:00 PM,,,,Parking Stall        PARKING LOT AT 11560 ROCKVILLE PIKE,,Pedestrian,Single Vehicle,Clear,,Daylight,,"Not Suspect of Alcohol Use, Not Suspect of Drug Use","Not Suspect of Alcohol Use, Not Suspect of Drug Use",08636FD5-4642-40A4-A55E-0B181A85A7F2,Pedestrian,Walking/Cycling on Sidewalk,None (No Improper Action),NonTrafficway Area,No,Suspected Serious Injury,None,39.04555631,-77.11349117,"(39.04555631, -77.11349117)"
DD5502002C,16021808,Rockville Police Departme,Injury Crash,05/03/2016 12:15:00 PM,Maryland (State),HUNGERFORD DR,A ST,,ROCKVILLE,PEDESTRIAN,OTHER,CLOUDY,DRY,DAYLIGHT,TRAFFIC SIGNAL,UNKNOWN,NONE DETECTED,31922C59-4345-4AF0-9B63-18A795503581,PEDESTRIAN,Cross/Enter at Intersection,NO IMPROPER ACTIONS,ON ROADWAY AT CROSSWALK,No,SUSPECTED MINOR INJURY,OTHER,39.09198065,-77.15315089,"(39.09198065, -77.15315089)"
MCP2864002B,17001674,Montgomery County Police,Injury Crash,01/10/2017 05:29:00 PM,County,CRABBS BRANCH WAY,STANDISH PL,,N/A,PEDESTRIAN,OTHER,CLEAR,DRY,DARK LIGHTS ON,N/A,NONE DETECTED,NONE DETECTED,AE3A45C2-BC75-41BE-9805-87BD2E3B4EE3,PEDESTRIAN,Walking/Riding w/Traffic,NOT VISIBLE,ON ROADWAY NOT AT CROSSWALK,Yes,SUSPECTED MINOR INJURY,NONE,39.10805833,-77.15251667,"(39.10805833, -77.15251667)"
MCP2680002K,180038168,Montgomery County Police,Injury Crash,08/01/2018 04:05:00 PM,County,SILVER SPRING AVE,GROVE ST,,N/A,BICYCLIST,STRAIGHT MOVEMENT ANGLE,CLEAR,DRY,DAYLIGHT,STOP SIGN,NONE DETECTED,NONE DETECTED,6887EC85-73E6-4E9F-BD5B-D4F272C21742,BICYCLIST,Walking/Riding w/Traffic,NO IMPROPER ACTIONS,OTHER,No,SUSPECTED MINOR INJURY,MC/BIKE HELMET,38.9916875,-77.02190638,"(38.9916875, -77.02190638)"
MCP2008001L,15059160,MONTGOMERY,Injury Crash,11/19/2015 05:47:00 PM,Maryland (State),CONNECTICUT AVE,PLYERS MILL RD,,N/A,PEDESTRIAN,OTHER,RAINING,WET,DARK LIGHTS ON,TRAFFIC SIGNAL,NONE DETECTED,NONE DETECTED,38F0F74D-6826-4A57-A079-F32FD1AFE20E,PEDESTRIAN,Cross/Enter at Intersection,NO IMPROPER ACTIONS,ON ROADWAY AT CROSSWALK,No,SUSPECTED SERIOUS INJURY,N/A,39.03023,-77.07536,"(39.03023, -77.07536)"
DD56030040,170514300,Rockville Police Departme,Injury Crash,06/17/2017 05:15:00 PM,,,,"PARKING LOT OF 1471 ROCKVILLE PIKE, ROCKVILLE, MD",,PEDESTRIAN,OTHER,CLEAR,,DAYLIGHT,STOP SIGN,UNKNOWN,NONE DETECTED,EB7B3336-B87D-4585-AD7E-E954976913F4,PEDESTRIAN,Other,OTHER,OTHER,No,SUSPECTED MINOR INJURY,N/A,39.06536,-77.12735167,"(39.06536, -77.12735167)"
MCP29710020,16061109,Montgomery County Police,Injury Crash,11/28/2016 06:24:00 PM,,,,"PARKING LOT OF 15618 OLD COLUMBIA PIKE, GIANT",,PEDESTRIAN,OTHER,N/A,,DARK LIGHTS ON,STOP SIGN,NONE DETECTED,NONE DETECTED,366DFBE2-23E7-44F3-89FC-D4906260D3BA,PEDESTRIAN,Cross/Enter not at Intersection,INATTENTIVE,ON ROADWAY NOT AT CROSSWALK,Unknown,POSSIBLE INJURY,NONE,39.11252666,-76.93456292,"(39.11252666, -76.93456292)"
MCP2981001Y,180018990,Montgomery County Police,Injury Crash,04/18/2018 05:43:00 PM,,,,"PARKING LOT OF 13420 NEW HAMPSHIRE AVE, EXXON GAS STATION",,PEDESTRIAN,OTHER,CLEAR,,DAYLIGHT,NO CONTROLS,UNKNOWN,NONE DETECTED,6F362331-C5BA-4346-B87C-4EAE3D2B3BD1,PEDESTRIAN,Other,UNKNOWN,OTHER,No,POSSIBLE INJURY,NONE,39.076035,-77.00257833,"(39.076035, -77.00257833)"
MCP29640051,210036415,Montgomery County Police,Injury Crash,09/15/2021 05:12:00 PM,Maryland (State),FREDERICK RD,SHAWNEE LA,,N/A,BICYCLIST,SAME DIRECTION RIGHT TURN,N/A,DRY,DAYLIGHT,N/A,NONE DETECTED,NONE DETECTED,A401CE3F-0538-4D59-BB27-361C5004BC3A,BICYCLIST,Walking/Riding w/Traffic,IMPROPER PASSING,ON ROADWAY NOT AT CROSSWALK,Yes,SUSPECTED MINOR INJURY,MC/BIKE HELMET,39.23025266,-77.26853445,"(39.23025266, -77.26853445)"
MCP0973000X,180053881,Montgomery County Police,Injury Crash,10/27/2018 06:53:00 PM,Maryland (State),WISCONSIN AVE,COMMERCE LA,,N/A,PEDESTRIAN,SINGLE VEHICLE,CLOUDY,DRY,DARK LIGHTS ON,NO CONTROLS,NONE DETECTED,NONE DETECTED,5B271D55-34C7-42DA-A94B-1289D08EA6FB,PEDESTRIAN,Cross/Enter at Intersection,NO IMPROPER ACTIONS,ON ROADWAY AT CROSSWALK,No,SUSPECTED MINOR INJURY,NONE,38.98577167,-77.094735,"(38.98577167, -77.094735)"
MCP26780045,230052801,Montgomery County Police,Injury Crash,09/02/2023 12:30:00 PM,Maryland (State),VEIRS MILL RD,EXIT ONLY FR BUSINESS,,N/A,OTHER CONVEYANCE,STRAIGHT MOVEMENT ANGLE,CLEAR,DRY,DAYLIGHT,NO CONTROLS,NONE DETECTED,NONE DETECTED,3AFD3480-CC52-4A60-ADD9-5ACF821D2CBE,OTHER CONVEYANCE,Walking/Cycling on Sidewalk,NO IMPROPER ACTIONS,SIDEWALK,No,POSSIBLE INJURY,NONE,39.03910517,-77.05367167,"(39.03910517, -77.05367167)"
MCP0973000S,180020154,Montgomery County Police,Injury Crash,04/24/2018 08:49:00 PM,Other Public Roadway,WAVERLY ST,WISCONSIN AVE,,N/A,PEDESTRIAN,SINGLE VEHICLE,RAINING,WET,DARK NO LIGHTS,NO CONTROLS,NONE DETECTED,NONE DETECTED,0387DF02-341C-48FA-AA38-30F2F1A20B6D,PEDESTRIAN,Cross/Enter not at Intersection,IN ROADWAY IMPROPERLY,ON ROADWAY NOT AT CROSSWALK,Yes,SUSPECTED MINOR INJURY,N/A,38.9828436,-77.09319949,"(38.9828436, -77.09319949)"
MCP3148005P,230068578,Montgomery County Police,Injury Crash,11/27/2023 05:42:00 PM,,,,"PARKING GARAGE 1ST FLOOR AT 4935 ST ELMO AVE, BETHESDA, MD 20814",,PEDESTRIAN,OTHER,CLEAR,,DUSK,N/A,UNKNOWN,NONE DETECTED,AC029FAC-B8F7-40C7-8BF0-D4035C3493BD,PEDESTRIAN,Other,NO IMPROPER ACTIONS,OTHER,No,POSSIBLE INJURY,N/A,38.98653167,-77.09835333,"(38.98653167, -77.09835333)"
MCP2846005D,190042940,Montgomery County Police,Injury Crash,09/07/2019 05:45:00 PM,County,ELKIN ST,UNIVERSITY BLVD W,,N/A,BICYCLIST,STRAIGHT MOVEMENT ANGLE,CLEAR,DRY,DAYLIGHT,NO CONTROLS,NONE DETECTED,ALCOHOL PRESENT,B70E668B-1935-4369-A279-44E3CA96E92A,BICYCLIST,Cross/Enter at Intersection,FAILURE TO YIELD RIGHT OF WAY,ON ROADWAY AT CROSSWALK,Yes,POSSIBLE INJURY,NONE,39.041375,-77.05042333,"(39.041375, -77.05042333)"
MCP2246001Y,180005145,Montgomery County Police,Injury Crash,01/30/2018 04:20:00 PM,County,FOREST GROVE DR,BRISBANE ST,,N/A,PEDESTRIAN,OTHER,CLEAR,DRY,DAYLIGHT,NO CONTROLS,NONE DETECTED,NONE DETECTED,1CEB6FF1-037C-4096-A71D-0CB34E6C3D2C,PEDESTRIAN,Cross/Enter not at Intersection,DART DASH,ON ROADWAY NOT AT CROSSWALK,Yes,SUSPECTED MINOR INJURY,NONE,39.02069,-77.03846167,"(39.02069, -77.03846167)"
MCP0899003H,180056281,Montgomery County Police,Injury Crash,11/12/2018 06:48:00 PM,County,ARLINGTON RD,ELM ST,,N/A,PEDESTRIAN,OTHER,RAINING,WET,DARK LIGHTS ON,TRAFFIC SIGNAL,NONE DETECTED,NONE DETECTED,7CDFCAA8-BF6E-4D9A-B8FB-CB7253863692,PEDESTRIAN,Cross/Enter at Intersection,NO IMPROPER ACTIONS,AT INTERSECTION MARKED CROSSWALK,No,SUSPECTED MINOR INJURY,N/A,38.98382833,-77.11531,"(38.98382833, -77.11531)"
MCP9428004S,220046770,Montgomery County Police,Injury Crash,10/25/2022 08:53:00 AM,,,,19208 CIRCLE GATE DRIVE(SENECA PLACE APARTMENT LOT),,OTHER CONVEYANCE,STRAIGHT MOVEMENT ANGLE,N/A,,DAYLIGHT,STOP SIGN,NONE DETECTED,NONE DETECTED,9DB65F35-F7E9-4AC0-9C9D-23C2B6265344,OTHER CONVEYANCE,Cross/Enter at Intersection,NO IMPROPER ACTIONS,ON ROADWAY AT CROSSWALK,No,SUSPECTED SERIOUS INJURY,NONE,39.16947222,-77.26421936,"(39.16947222, -77.26421936)"
MCP2914002D,16002013,Montgomery County Police,Injury Crash,01/11/2016 07:43:00 PM,Maryland (State),NEW HAMPSHIRE AVE,OAKVIEW DR,,N/A,PEDESTRIAN,OTHER,CLEAR,N/A,DARK LIGHTS ON,TRAFFIC SIGNAL,N/A,N/A,4F771404-E990-4F1C-9F4C-6263A51035C3,PEDESTRIAN,Cross/Enter at Intersection,NO IMPROPER ACTIONS,AT INTERSECTION MARKED CROSSWALK,No,SUSPECTED MINOR INJURY,NONE,39.01540339,-76.97794229,"(39.01540339, -76.97794229)"
MCP2832005W,200033029,Montgomery County Police,Injury Crash,08/24/2020 11:52:00 AM,Maryland (State),ROCKVILLE PIKE,LOCUST HILL RD,,N/A,BICYCLIST,SAME DIRECTION SIDESWIPE,CLEAR,DRY,DAYLIGHT,NO CONTROLS,UNKNOWN,NONE DETECTED,562E6F34-1269-479A-925F-2D6F3F61A41D,BICYCLIST,Walking/Riding w/Traffic,NO IMPROPER ACTIONS,ON ROADWAY NOT AT CROSSWALK,No,SUSPECTED MINOR INJURY,MC/BIKE HELMET,39.009205,-77.09755833,"(39.009205, -77.09755833)"
EJ7869003B,220004545,Gaithersburg Police Depar,Injury Crash,02/02/2022 03:00:00 PM,,,,"474 N FREDERICK AVE GAITHERSBURG, MD 20878",,PEDESTRIAN,OTHER,CLEAR,,DAYLIGHT,N/A,NONE DETECTED,NONE DETECTED,40688F48-3C0C-4F50-9C82-6751344D39ED,PEDESTRIAN,Getting off/on Vehicle,ENTERING EXITING PARKED STANDING VEHICLE,OTHER,Yes,SUSPECTED MINOR INJURY,NONE,39.14864952,-77.20825275,"(39.14864952, -77.20825275)"
MCP24920018,190053921,Montgomery County Police,Injury Crash,11/08/2019 05:45:00 PM,Ramp,RAMP 5 FR MD 187 SB TO RAMP 4 (TO IS495),OLD GEORGETOWN RD,,N/A,BICYCLIST,OTHER,CLEAR,DRY,DARK LIGHTS ON,TRAFFIC SIGNAL,NONE DETECTED,NONE DETECTED,A96301C6-8293-4CDD-9E7E-BC3587392B9A,BICYCLIST,Cross/Enter at Intersection,UNKNOWN,ON ROADWAY AT CROSSWALK,Yes,SUSPECTED SERIOUS INJURY,NONE,39.01519376,-77.11870394,"(39.01519376, -77.11870394)"
DD5617000V,170512462,Rockville Police Departme,Injury Crash,06/08/2017 10:45:00 AM,Municipality,RESEARCH CT,RESEARCH BLVD,,ROCKVILLE,PEDESTRIAN,N/A,CLEAR,N/A,DAYLIGHT,N/A,UNKNOWN,UNKNOWN,FE8E7145-9E4F-43A0-BE3E-61ECCEBE8427,PEDESTRIAN,Cross/Enter not at Intersection,UNKNOWN,ON ROADWAY NOT AT CROSSWALK,Unknown,SUSPECTED MINOR INJURY,NONE,39.10516667,-77.19007833,"(39.10516667, -77.19007833)"
MCP26150037,190047703,Montgomery County Police,Property Damage Crash,10/04/2019 06:38:00 PM,,,,"13855 OUTLET DRIVE,
SILVER SPRING, MD, 20904",,PEDESTRIAN,OTHER,CLEAR,,DAYLIGHT,NO CONTROLS,UNKNOWN,NONE DETECTED,383B9F92-7FE7-4BAE-AAD2-84450AC7095A,PEDESTRIAN,Standing,N/A,OTHER,No,NO APPARENT INJURY,N/A,39.08240609,-76.94673901,"(39.08240609, -76.94673901)"
MCP2936004Q,210046892,Montgomery County Police,Injury Crash,11/18/2021 06:18:00 PM,Maryland (State),ROCKVILLE PIKE,ENT TO MID-PIKE PLAZA,,N/A,PEDESTRIAN,OTHER,RAINING,WET,DARK LIGHTS ON,OTHER,NONE DETECTED,NONE DETECTED,5C05F135-2832-4AA1-838F-764EADC0348D,PEDESTRIAN,Cross/Enter at Intersection,NO IMPROPER ACTIONS,ON ROADWAY AT CROSSWALK,No,SUSPECTED MINOR INJURY,N/A,39.05054007,-77.11484291,"(39.05054007, -77.11484291)"
MCP94420020,200038819,Montgomery County Police,Injury Crash,10/02/2020 12:00:00 PM,,,,PARKING LOT OF 19200 MONTGOMERY VILLAGE AVE,,PEDESTRIAN,OTHER,CLEAR,,DAYLIGHT,N/A,NONE DETECTED,NONE DETECTED,F7C469E8-B43D-4073-BF8D-DB5593E32564,PEDESTRIAN,Other,NO IMPROPER ACTIONS,OTHER,No,SUSPECTED MINOR INJURY,N/A,39.17182833,-77.20483833,"(39.17182833, -77.20483833)"
MCP3190005G,230064525,Montgomery County Police,Injury Crash,11/04/2023 03:00:00 PM,Maryland (State),GEORGIA AVE,ENT TO LOTTE PLAZA,,N/A,PEDESTRIAN,OTHER,CLEAR,DRY,DAYLIGHT,UNKNOWN,UNKNOWN,UNKNOWN,C98094AD-66D9-44F7-9F51-AA526017C18F,PEDESTRIAN,Cross/Enter at Intersection,UNKNOWN,UNKNOWN,Unknown,SUSPECTED MINOR INJURY,UNKNOWN,39.08029934,-77.07441062,"(39.08029934, -77.07441062)"
MCP2970002V,170513352,Montgomery County Police,Injury Crash,06/13/2017 08:31:00 AM,Maryland (State),UNIVERSITY BLVD W,CROSSOVER,,N/A,PEDESTRIAN,SINGLE VEHICLE,CLEAR,DRY,DAYLIGHT,STOP SIGN,N/A,N/A,953F056A-E4D2-4EAB-BBD7-180DBD00EC37,PEDESTRIAN,Cross/Enter at Intersection,DART DASH,AT INTERSECTION BUT NO CROSSWALK,Yes,SUSPECTED MINOR INJURY,NONE,39.03638333,-77.027125,"(39.03638333, -77.027125)"
MCP2278003X,220026555,Montgomery County Police,Injury Crash,06/20/2022 12:08:00 PM,Maryland (State),WISCONSIN AVE,NOTTINGHAM DR,,N/A,BICYCLIST,STRAIGHT MOVEMENT ANGLE,CLEAR,DRY,DAYLIGHT,STOP SIGN,NONE DETECTED,NONE DETECTED,958D63A9-4D04-4B4A-A57A-D83675B07B93,BICYCLIST,Cross/Enter at Intersection,NO IMPROPER ACTIONS,ON ROADWAY AT CROSSWALK,No,SUSPECTED MINOR INJURY,NONE,38.97637399,-77.09030635,"(38.97637399, -77.09030635)"
MCP1334004Q,17007266,Montgomery County Police,Injury Crash,02/10/2017 09:22:00 AM,Municipality,QUINCE ORCHARD BLVD,RABBITT RD,,GAITHERSBURG,PEDESTRIAN,SINGLE VEHICLE,CLEAR,DRY,DAYLIGHT,N/A,NONE DETECTED,NONE DETECTED,DB908F9F-B715-4AA5-8136-B3894606A373,PEDESTRIAN,Cross/Enter not at Intersection,DART DASH,ON ROADWAY NOT AT CROSSWALK,Yes,SUSPECTED SERIOUS INJURY,NONE,39.14060305,-77.22857192,"(39.14060305, -77.22857192)"
MCP233900BC,250014573,MONTGOMERY,Injury Crash,04/03/2025 06:20:00 PM,County Route,BALTIMORE RD,,,,Pedestrian,Single Vehicle,Clear,Dry,Daylight,Pedestrian Crossing Sign,"Not Suspect of Alcohol Use, Not Suspect of Drug Use","Not Suspect of Alcohol Use, Not Suspect of Drug Use",9FE35BB6-B888-4D17-9369-7468214ED4A3,Pedestrian,Other,None (No Improper Action),Intersection Marked Crosswalk,No,Suspected Serious Injury,None,39.09070356,-77.11494712,"(39.09070356, -77.11494712)"
MCP3376002C,250028348,MONTGOMERY,Injury Crash,06/25/2025 02:30:00 PM,,,,Parking Lot Way        PARKING LOT AROUND 2100  MC MAHON RD,,Cyclist (non-electric),Single Vehicle,Clear,,Daylight,,"Not Suspect of Alcohol Use, Not Suspect of Drug Use","Not Suspect of Alcohol Use, Not Suspect of Drug Use",3C121593-3436-4534-B261-9E02A3B63BDA,Cyclist (non-electric),Walking/Cycling Along Roadway With Traffic (In or Adjacent to Travel Lane),Unknown,Unknown,Yes,Possible Injury,Unknown,39.03323854,-77.04179831,"(39.03323854, -77.04179831)"
MCP3163007D,240039393,MONTGOMERY,Injury Crash,08/20/2024 03:37:00 PM,Municipality Route,S PARK AVE,WISCONSIN AVE (SB/L),,,Pedestrian,Single Vehicle,Clear,Dry,Daylight,Traffic Control Signal,"Not Suspect of Alcohol Use, Not Suspect of Drug Use","Not Suspect of Alcohol Use, Not Suspect of Drug Use",8ADD7406-B3F1-480B-B5D4-00C33529EA24,Pedestrian,Cross/Enter at Intersection,None (No Improper Action),Intersection Marked Crosswalk,No,Possible Injury,None,38.9636814,-77.08714388,"(38.9636814, -77.08714388)"
MCP13010018,190059403,Montgomery County Police,Fatal Crash,12/09/2019 06:51:00 PM,Maryland (State),UNIVERSITY BLVD W,HEMMINGWAY CT,,N/A,PEDESTRIAN,SINGLE VEHICLE,RAINING,WET,DARK LIGHTS ON,NO CONTROLS,NONE DETECTED,NONE DETECTED,A0C6AF2C-BB4B-42C1-AF87-BF834D54947E,PEDESTRIAN,Cross/Enter not at Intersection,FAILURE TO YIELD RIGHT OF WAY,ON ROADWAY NOT AT CROSSWALK,Yes,FATAL INJURY,NONE,39.03621333,-77.02829,"(39.03621333, -77.02829)"
EJ7866007K,200003722,Gaithersburg Police Depar,Injury Crash,01/23/2020 07:04:00 AM,Municipality,S SUMMIT AVE,HUTTON ST,,GAITHERSBURG,PEDESTRIAN,SINGLE VEHICLE,CLOUDY,DRY,DAWN,OTHER,NONE DETECTED,NONE DETECTED,4EBDEF3B-E7D7-4830-8522-E31DC63B51FC,PEDESTRIAN,Walking to/from school,NO IMPROPER ACTIONS,ON ROADWAY AT CROSSWALK,No,SUSPECTED MINOR INJURY,NONE,39.13905,-77.193395,"(39.13905, -77.193395)"
MCP2546001V,16047005,Montgomery County Police,Property Damage Crash,09/13/2016 06:38:00 PM,County,DALEWOOD DR,GOODHILL RD,,N/A,BICYCLIST,STRAIGHT MOVEMENT ANGLE,CLEAR,DRY,DAYLIGHT,STOP SIGN,NONE DETECTED,NONE DETECTED,E7B69922-919A-4156-95C6-82B9C29F7536,BICYCLIST,Cross/Enter at Intersection,FAILURE TO YIELD RIGHT OF WAY,ON ROADWAY NOT AT CROSSWALK,Yes,NO APPARENT INJURY,NONE,39.056985,-77.069705,"(39.056985, -77.069705)"
MCP2372001P,190011587,Montgomery County Police,Injury Crash,03/13/2019 08:20:00 AM,,,,"PARKING LOT OF WESTWOOD SHOPPING CENTER, LOCATED AT 5400 WESTBARD AVENUE, BETHESDA, MD 20816",,PEDESTRIAN,STRAIGHT MOVEMENT ANGLE,CLEAR,,DAYLIGHT,NO CONTROLS,UNKNOWN,NONE DETECTED,4C756BF3-DC08-4A85-9D95-6B43A5470651,PEDESTRIAN,Walking/Cycling on Sidewalk,NO IMPROPER ACTIONS,DRIVEWAY ACCESS MARKED CROSSWALK,No,POSSIBLE INJURY,N/A,38.96522422,-77.10743878,"(38.96522422, -77.10743878)"
MCP30210024,170547549,Montgomery County Police,Injury Crash,12/09/2017 10:10:00 AM,,,,12000 CHERRY HILL ROAD     TARGET PARKING LOT,,PEDESTRIAN,SINGLE VEHICLE,N/A,,DAYLIGHT,N/A,NONE DETECTED,NONE DETECTED,EB2E13D2-636E-4F2F-A922-DF5D1FC90109,PEDESTRIAN,Other,NO IMPROPER ACTIONS,OTHER,No,SUSPECTED MINOR INJURY,NONE,39.051995,-76.956345,"(39.051995, -76.956345)"
MCP9442000J,16043623,Montgomery County Police,Injury Crash,08/27/2016 10:14:00 AM,Maryland (State),FREDERICK RD,PROFESSIONAL DR,,GAITHERSBURG,BICYCLIST,OTHER,CLEAR,DRY,DAYLIGHT,NO CONTROLS,NONE DETECTED,UNKNOWN,CC5169F5-9D42-489F-BA44-D0CD6CFC49BE,BICYCLIST,Other,UNKNOWN,OTHER,No,SUSPECTED SERIOUS INJURY,NONE,39.16304833,-77.22577167,"(39.16304833, -77.22577167)"
MCP30630020,190046416,Montgomery County Police,Injury Crash,09/27/2019 06:51:00 PM,County,HOLLYWOOD AVE,NEW HAMPSHIRE AVE,,N/A,BICYCLIST,N/A,CLEAR,DRY,DAYLIGHT,N/A,N/A,N/A,899B3E60-58D1-4E3B-87D4-4061520D4804,BICYCLIST,Playing,INATTENTIVE,OTHER,Yes,POSSIBLE INJURY,NONE,39.06412222,-76.99740345,"(39.06412222, -76.99740345)"
MCP15120016,170531827,Montgomery County Police,Injury Crash,09/20/2017 09:08:00 PM,Municipality,LONGDRAFT RD,CLOPPER RD,,N/A,PEDESTRIAN,SINGLE VEHICLE,CLEAR,DRY,DARK LIGHTS ON,TRAFFIC SIGNAL,NONE DETECTED,NONE DETECTED,C232BDC8-91B5-48CD-A677-212F43561309,PEDESTRIAN,Cross/Enter at Intersection,NO IMPROPER ACTIONS,ON ROADWAY AT CROSSWALK,No,POSSIBLE INJURY,N/A,39.14820667,-77.23791333,"(39.14820667, -77.23791333)"