Report Number,Local Case Number,Agency Name,ACRS Report Type,Crash Date/Time,Route Type,Road Name,Cross-Street Name,Off-Road Description,Municipality,Related Non-Motorist,Collision Type,Weather,Surface Condition,Light,Traffic Control,Driver Substance Abuse,Non-Motorist Substance Abuse,Person ID,Pedestrian Type,Pedestrian Movement,Pedestrian Actions,Pedestrian Location,At Fault,Injury Severity,Safety Equipment,Latitude,Longitude,Location
MCP2678002C,200024623,Montgomery County Police,Injury Crash,06/24/2020 01:32:00 AM,Other Public Roadway,FIELDSTONE CT,FIELDSTONE RD,,N/A,PEDESTRIAN,SAME DIRECTION SIDESWIPE,CLEAR,DRY,DARK LIGHTS ON,N/A,N/A,ALCOHOL CONTRIBUTED,D0E8E287-62C4-4896-B3CC-434DA2F51910,PEDESTRIAN,Getting off/on Vehicle,WRONG WAY RIDING OR WALKING,OTHER,No,SUSPECTED SERIOUS INJURY,NONE,39.09993781,-77.02188151,"(39.09993781, -77.02188151)"
MCP115100B6,190051780,Montgomery County Police,Injury Crash,10/28/2019 07:30:00 AM,Maryland (State),DAMASCUS RD,LONG CORNER RD,,N/A,PEDESTRIAN,OTHER,CLEAR,DRY,DAYLIGHT,NO CONTROLS,NONE DETECTED,NONE DETECTED,2D4320CB-67BA-4C88-9398-C2F9AA5B2568,PEDESTRIAN,Other,IN ROADWAY IMPROPERLY,ON ROADWAY NOT AT CROSSWALK,Yes,SUSPECTED MINOR INJURY,N/A,39.27476883,-77.15725617,"(39.27476883, -77.15725617)"
MCP1301000J,16006794,Montgomery County Police,Injury Crash,02/09/2016 06:35:00 PM,Maryland (State),RIDGE RD,HOFFMAN DR,,N/A,PEDESTRIAN,SINGLE VEHICLE,CLOUDY,N/A,DARK LIGHTS ON,N/A,NONE DETECTED,UNKNOWN,8FC1768C-9775-4456-9EFB-4F2C5427A9FF,PEDESTRIAN,Unknown,DISABLED VEHICLE RELATED,SHOULDER,Unknown,SUSPECTED SERIOUS INJURY,REFLECTIVE CLOTHING,39.25131469,-77.23219156,"(39.25131469, -77.23219156)"
MCP22910065,220025975,Montgomery County Police,Injury Crash,06/16/2022 06:25:00 PM,County,WOODMONT AVE,RUGBY AVE,,N/A,PEDESTRIAN,OTHER,CLEAR,DRY,DAYLIGHT,NO CONTROLS,NONE DETECTED,NONE DETECTED,DBEE00AD-2431-4F87-A2C4-7337FE4FF347,PEDESTRIAN,Cross/Enter not at Intersection,IN ROADWAY IMPROPERLY,ON ROADWAY NOT AT CROSSWALK,Yes,SUSPECTED MINOR INJURY,N/A,38.99111846,-77.09678378,"(38.99111846, -77.09678378)"
MCP3111002K,200017558,Montgomery County Police,Injury Crash,04/29/2020 12:58:00 PM,Maryland (State),CONNECTICUT AVE,BRADLEY LA,,N/A,BICYCLIST,SINGLE VEHICLE,CLEAR,DRY,DAYLIGHT,TRAFFIC SIGNAL,UNKNOWN,NONE DETECTED,3B8FD2F1-E40C-4F12-B715-75B077D99CC3,BICYCLIST,Walking/Cycling on Sidewalk,UNKNOWN,SIDEWALK,Unknown,SUSPECTED MINOR INJURY,MC/BIKE HELMET,38.97672396,-77.0772812,"(38.97672396, -77.0772812)"
MCP3279002Q,230060930,Montgomery County Police,Injury Crash,10/16/2023 07:02:00 PM,Maryland (State),GEORGIA AVE,ARCOLA AVE,,N/A,PEDESTRIAN,SINGLE VEHICLE,CLEAR,N/A,DARK LIGHTS ON,TRAFFIC SIGNAL,NONE DETECTED,NONE DETECTED,1A1174BC-49DA-4B11-9DFB-668C0BC51E9A,PEDESTRIAN,Cross/Enter at Intersection,NO IMPROPER ACTIONS,ON ROADWAY AT CROSSWALK,No,SUSPECTED SERIOUS INJURY,NONE,39.04720007,-77.05195309,"(39.04720007, -77.05195309)"
MCP27610020,180010217,Montgomery County Police,Injury Crash,02/27/2018 05:25:00 PM,,,,"PARKING LOT OF
19718 GERMANTOWN ROAD (SAFEWAY)",,PEDESTRIAN,OTHER,CLEAR,,DAYLIGHT,NO CONTROLS,NONE DETECTED,NONE DETECTED,99E747E8-217B-4FA4-8BF2-067B385D1F4A,PEDESTRIAN,Other,NO IMPROPER ACTIONS,MIDBLOCK MARKED CROSSWALK,No,POSSIBLE INJURY,NONE,39.18079894,-77.26593375,"(39.18079894, -77.26593375)"
MCP3285001B,210040544,Montgomery County Police,Property Damage Crash,10/10/2021 09:21:00 PM,Maryland (State),GERMANTOWN RD,WISTERIA DR,,N/A,PEDESTRIAN,SINGLE VEHICLE,CLEAR,DRY,DARK LIGHTS ON,TRAFFIC SIGNAL,N/A,UNKNOWN,C64A0164-8BE2-4842-A05E-5A7BB9C7623A,PEDESTRIAN,Cross/Enter not at Intersection,IN ROADWAY IMPROPERLY,ON ROADWAY NOT AT CROSSWALK,Yes,NO APPARENT INJURY,UNKNOWN,39.17679965,-77.269815,"(39.17679965, -77.269815)"
MCP2977005G,190009951,Montgomery County Police,Injury Crash,03/03/2019 10:42:00 AM,County,FLOWER AVE,PINEY BRANCH RD,,N/A,BICYCLIST,OTHER,CLOUDY,DRY,DAYLIGHT,NO CONTROLS,N/A,N/A,96629F07-CE3A-4C30-BFD4-F8E270C4FE30,BICYCLIST,Walking/Riding w/Traffic,INATTENTIVE,ON ROADWAY NOT AT CROSSWALK,Yes,POSSIBLE INJURY,MC/BIKE HELMET,38.99888357,-77.00375319,"(38.99888357, -77.00375319)"
MCP2353002Q,16021980,Montgomery County Police,Injury Crash,05/04/2016 07:24:00 AM,Maryland (State),OLD GEORGETOWN RD,COMMERCE LA,,N/A,PEDESTRIAN,SINGLE VEHICLE,CLOUDY,DRY,DAYLIGHT,TRAFFIC SIGNAL,NONE DETECTED,NONE DETECTED,A94562CC-4D55-4112-972A-317A5D53AC2A,PEDESTRIAN,Cross/Enter at Intersection,NO IMPROPER ACTIONS,ON ROADWAY AT CROSSWALK,No,POSSIBLE INJURY,NONE,38.98552833,-77.095945,"(38.98552833, -77.095945)"
MCP27670031,170520436,Montgomery County Police,Injury Crash,07/18/2017 07:29:00 PM,,,,"IN PARKING LOT IN FRONT OF 13817 OUTLET DRIVE, SILVER SPRING MD.",,PEDESTRIAN,SINGLE VEHICLE,UNKNOWN,,DAYLIGHT,NO CONTROLS,UNKNOWN,NONE DETECTED,D2FE19BF-5890-4FAD-8FDD-35DBF60CD531,PEDESTRIAN,Other,NO IMPROPER ACTIONS,OTHER,No,SUSPECTED MINOR INJURY,NONE,39.08252156,-76.9451268,"(39.08252156, -76.9451268)"
MCP3348001Q,230069910,Montgomery County Police,Injury Crash,12/05/2023 06:56:00 AM,County,DEWEY RD,RANDOLPH RD,,N/A,PEDESTRIAN,OTHER,CLEAR,DRY,DAWN,TRAFFIC SIGNAL,NONE DETECTED,NONE DETECTED,719331D3-C861-4C30-8C09-334EE39774C1,PEDESTRIAN,Cross/Enter at Intersection,UNKNOWN,ON ROADWAY AT CROSSWALK,Unknown,POSSIBLE INJURY,N/A,39.05365,-77.08934667,"(39.05365, -77.08934667)"
MCP2816000Y,15002925,Montgomery County Police,Injury Crash,01/18/2015 06:43:00 PM,Maryland (State),ROCKVILLE PIKE,HALPINE RD,,ROCKVILLE,MACHINE OPERATOR/RIDER,HEAD ON LEFT TURN,N/A,WET,DARK -- UNKNOWN LIGHTING,TRAFFIC SIGNAL,NONE DETECTED,NONE DETECTED,1B8964D7-25C0-4DA6-B34D-1B3F3F3A677C,MACHINE OPERATOR/RIDER,Cross/Enter at Intersection,NO IMPROPER ACTIONS,AT INTERSECTION MARKED CROSSWALK,,POSSIBLE INJURY,NONE,39.06174,-77.12406167,"(39.06174, -77.12406167)"
MCP3004002V,190012916,Montgomery County Police,Injury Crash,03/20/2019 04:48:00 PM,,,,ALLEYWAY OF 7220 WISCONSIN AVENUE,,PEDESTRIAN,OTHER,CLEAR,,DAYLIGHT,N/A,NONE DETECTED,NONE DETECTED,D149C52E-26C2-4842-B608-33350C6BBFED,PEDESTRIAN,Other,UNKNOWN,OTHER,No,SUSPECTED MINOR INJURY,REFLECTIVE CLOTHING,38.98164155,-77.0930293,"(38.98164155, -77.0930293)"
MCP32530022,220052964,Montgomery County Police,Injury Crash,12/01/2022 06:30:00 AM,County,ARROWHEAD RD,ROTHBURY DR,,N/A,PEDESTRIAN,SINGLE VEHICLE,CLEAR,DRY,DARK LIGHTS ON,STOP SIGN,NONE DETECTED,NONE DETECTED,3B910328-188F-456B-B0C9-228516843CFF,PEDESTRIAN,Cross/Enter at Intersection,NO IMPROPER ACTIONS,ON ROADWAY AT CROSSWALK,No,SUSPECTED MINOR INJURY,NONE,39.18524,-77.19402667,"(39.18524, -77.19402667)"
MCP29170040,190014236,Montgomery County Police,Injury Crash,03/27/2019 07:25:00 PM,,WHISPERING PINES DRIVE,WHISPERING PINES COURT,,N/A,PEDESTRIAN,OTHER,CLEAR,DRY,DUSK,NO CONTROLS,NONE DETECTED,NONE DETECTED,1DF9FFA7-DB1A-4DDA-A3BE-18870273992F,PEDESTRIAN,Playing,DART DASH,ON ROADWAY NOT AT CROSSWALK,Yes,POSSIBLE INJURY,NONE,39.08778667,-77.06369,"(39.08778667, -77.06369)"
MCP2290001S,180064498,Montgomery County Police,Injury Crash,12/26/2018 08:32:00 AM,,,,IFO 16567 S FREDERICK AVE (WEIS MARKET),,PEDESTRIAN,SINGLE VEHICLE,CLEAR,,DAYLIGHT,N/A,,UNKNOWN,D489AF8F-178B-404B-9524-58F54E821A47,PEDESTRIAN,Other,UNKNOWN,OTHER,Unknown,POSSIBLE INJURY,NONE,39.12602355,-77.1819099,"(39.12602355, -77.1819099)"
MCP2708000P,15041202,MONTGOMERY,Injury Crash,08/17/2015 09:24:00 PM,Maryland (State),PINEY BRANCH RD,FLOWER AVE,,N/A,PEDESTRIAN,SAME DIRECTION LEFT TURN,CLEAR,DRY,DARK LIGHTS ON,TRAFFIC SIGNAL,NONE DETECTED,NONE DETECTED,AB6A4B41-6D63-448D-B981-7FB1C43A982B,PEDESTRIAN,Cross/Enter at Intersection,NO IMPROPER ACTIONS,ON ROADWAY AT CROSSWALK,No,POSSIBLE INJURY,N/A,38.9982332,-77.00356007,"(38.9982332, -77.00356007)"
MCP2799001V,15062918,Montgomery County Police,Property Damage Crash,12/09/2016 04:56:00 PM,County,SPARTAN RD,OLNEY SANDY SPRING RD,,N/A,PEDESTRIAN,STRAIGHT MOVEMENT ANGLE,CLEAR,DRY,DAWN,TRAFFIC SIGNAL,NONE DETECTED,NONE DETECTED,F3AAD46E-60E8-43D8-99FC-5F944AB7C484,PEDESTRIAN,Playing,IN ROADWAY IMPROPERLY,ON ROADWAY NOT AT CROSSWALK,Yes,NO APPARENT INJURY,NONE,39.15065028,-77.06218779,"(39.15065028, -77.06218779)"
MCP1210002N,180028543,Montgomery County Police,Injury Crash,06/09/2018 06:30:00 PM,County,TREYFORD TERR,TUNSTALL DR,,N/A,PEDESTRIAN,OTHER,CLOUDY,DRY,DAYLIGHT,N/A,NONE DETECTED,NONE DETECTED,D55088B8-3E5B-49A7-8F16-3D5E832D2F14,PEDESTRIAN,Other,DART DASH,ON ROADWAY NOT AT CROSSWALK,Yes,SUSPECTED MINOR INJURY,N/A,39.15401983,-77.19593883,"(39.15401983, -77.19593883)"
MCP31300040,210037566,Montgomery County Police,Injury Crash,09/23/2021 07:10:00 AM,Maryland (State),CONNECTICUT AVE,ASPEN HILL RD,,N/A,PEDESTRIAN,SINGLE VEHICLE,RAINING,WET,DAWN,TRAFFIC SIGNAL,NONE DETECTED,N/A,51872215-A92B-46BF-9B4E-C133D4ABBF50,PEDESTRIAN,Cross/Enter at Intersection,FAILURE TO OBEY TRAFFIC SIGNS SIGNALS OR OFFICER,ON ROADWAY AT CROSSWALK,Yes,SUSPECTED MINOR INJURY,N/A,39.08033167,-77.08037,"(39.08033167, -77.08037)"
MCP29230010,15047518,MONTGOMERY,Injury Crash,09/19/2015 10:01:00 AM,County,ARCOLA AVE,KEMP MILL RD,,N/A,BICYCLIST,OTHER,N/A,DRY,DAYLIGHT,NO CONTROLS,,NONE DETECTED,434472ED-3291-4964-93A2-870D24C82D8C,BICYCLIST,Walking/Riding w/Traffic,NO IMPROPER ACTIONS,ON ROADWAY NOT AT CROSSWALK,No,POSSIBLE INJURY,MC/BIKE HELMET,39.04669419,-77.03098297,"(39.04669419, -77.03098297)"
MCP31090019,180045118,Montgomery County Police,Injury Crash,09/10/2018 11:00:00 AM,County,FENTON ST,SLIGO AVE,,N/A,PEDESTRIAN,SINGLE VEHICLE,CLOUDY,N/A,DAYLIGHT,NO CONTROLS,UNKNOWN,NONE DETECTED,93323D05-F681-4B14-B08F-BAC1C9A0D8F6,PEDESTRIAN,Standing,N/A,ON ROADWAY NOT AT CROSSWALK,No,POSSIBLE INJURY,REFLECTIVE CLOTHING,38.99023242,-77.02373791,"(38.99023242, -77.02373791)"
MCP2637002W,180059668,Montgomery County Police,Injury Crash,11/29/2018 10:46:00 AM,County,GLEN RD,THREE SISTERS RD,,N/A,BICYCLIST,OTHER,CLEAR,DRY,DAYLIGHT,NO CONTROLS,N/A,NONE DETECTED,61360C87-1F16-4459-9CB9-74D57F9203A2,BICYCLIST,Walking/Riding w/Traffic,OTHER,OTHER,No,POSSIBLE INJURY,MC/BIKE HELMET,39.06331013,-77.25126765,"(39.06331013, -77.25126765)"
MCP2314004C,250008389,MONTGOMERY,Injury Crash,02/25/2025 05:33:00 PM,County Route,,,,,Cyclist (non-electric),Single Vehicle,Clear,Dry,Daylight,No Controls,"Not Suspect of Alcohol Use, Not Suspect of Drug Use","Not Suspect of Alcohol Use, Not Suspect of Drug Use",75311C15-42F2-4F56-BDA0-F31EEF056B1F,Cyclist (non-electric),Walking/Cycling Along Roadway With Traffic (In or Adjacent to Travel Lane),Improper Passing,Travel Lane Other Location,No,Suspected Minor Injury,"Helmet, Lighting",39.04733369,-77.16171824,"(39.04733369, -77.16171824)"
MCP2921003V,200032703,Montgomery County Police,Injury Crash,08/21/2020 05:09:00 PM,County,MIDDLEBROOK RD,FREDERICK RD,,N/A,PEDESTRIAN,SINGLE VEHICLE,CLEAR,DRY,DAYLIGHT,YIELD SIGN,N/A,ILLEGAL DRUG CONTRIBUTED,2CE6BEE3-CFB6-4200-98C3-C79641367A62,PEDESTRIAN,Cross/Enter at Intersection,NO IMPROPER ACTIONS,AT INTERSECTION MARKED CROSSWALK,No,POSSIBLE INJURY,NONE,39.18061667,-77.23878833,"(39.18061667, -77.23878833)"
MCP2863002Y,230054007,Montgomery County Police,Injury Crash,09/09/2023 05:30:00 PM,Municipality,BROOKS AVE,N SUMMIT AVE,,GAITHERSBURG,PEDESTRIAN,OTHER,RAINING,WET,DAYLIGHT,TRAFFIC SIGNAL,N/A,NONE DETECTED,AF36431D-6712-4883-AA13-6D1398C79334,PEDESTRIAN,Walking/Riding against Traffic,IN ROADWAY IMPROPERLY,ON ROADWAY AT CROSSWALK,No,SUSPECTED MINOR INJURY,N/A,39.14373133,-77.19300733,"(39.14373133, -77.19300733)"
MCP2995004L,190018414,Montgomery County Police,Injury Crash,04/19/2019 08:51:00 PM,Maryland (State),VEIRS MILL RD,RANDOLPH RD,,N/A,PEDESTRIAN,OTHER,RAINING,WET,DARK LIGHTS ON,TRAFFIC SIGNAL,NONE DETECTED,NONE DETECTED,26F108C1-2696-4529-A3BB-8B81DD5FA232,PEDESTRIAN,Cross/Enter at Intersection,UNKNOWN,ON ROADWAY AT CROSSWALK,Unknown,POSSIBLE INJURY,NONE,39.0573244,-77.0752497,"(39.0573244, -77.0752497)"
MCP292300B8,230068207,Montgomery County Police,Injury Crash,11/25/2023 02:19:00 PM,County,LIVINGSTON ST,RANDOLPH RD,,N/A,PEDESTRIAN,N/A,CLEAR,DRY,DAYLIGHT,TRAFFIC SIGNAL,NONE DETECTED,NONE DETECTED,81D1262F-E3B9-4A66-8AE6-782C284BF268,PEDESTRIAN,Cross/Enter at Intersection,NO IMPROPER ACTIONS,AT INTERSECTION MARKED CROSSWALK,No,SUSPECTED MINOR INJURY,NONE,39.03428767,-77.04852567,"(39.03428767, -77.04852567)"
MCP2941003F,190021371,Montgomery County Police,Injury Crash,05/06/2019 06:22:00 PM,County,SPRING ST,CAMERON ST,,N/A,BICYCLIST,SAME DIRECTION SIDESWIPE,CLEAR,DRY,DAYLIGHT,NO CONTROLS,N/A,NONE DETECTED,250FF41B-F5D9-46B9-A65F-D80DA7E9FE9B,BICYCLIST,Walking/Cycling on Sidewalk,INATTENTIVE,SHOULDER,Yes,POSSIBLE INJURY,MC/BIKE HELMET,38.99970195,-77.0281017,"(38.99970195, -77.0281017)"
MCP29870077,220035994,Montgomery County Police,Injury Crash,08/20/2022 04:30:00 PM,,,,PARKING LOT OF 14000 CASTLE BLVD,,BICYCLIST,STRAIGHT MOVEMENT ANGLE,CLEAR,,DAYLIGHT,NO CONTROLS,UNKNOWN,NONE DETECTED,09B86FA9-EC3C-4C61-9DFB-2B38268F7B1D,BICYCLIST,Walking/Riding w/Traffic,NO IMPROPER ACTIONS,ON ROADWAY NOT AT CROSSWALK,No,SUSPECTED MINOR INJURY,NONE,39.085457,-76.9404153,"(39.085457, -76.9404153)"
DD55900014,170534938,Rockville Police Departme,Injury Crash,10/05/2017 02:55:00 PM,Maryland (State),FREDERICK RD,E GUDE DR,,N/A,BICYCLIST,STRAIGHT MOVEMENT ANGLE,CLEAR,DRY,DAYLIGHT,N/A,NONE DETECTED,NONE DETECTED,BAD1D1E8-2BA8-40C4-A826-0974F9E14F27,BICYCLIST,Walking/Cycling on Sidewalk,NO IMPROPER ACTIONS,SIDEWALK,No,SUSPECTED MINOR INJURY,NONE,39.10406333,-77.15628667,"(39.10406333, -77.15628667)"
MCP33280017,220043329,Montgomery County Police,Injury Crash,10/04/2022 06:32:00 PM,County,ARCOLA AVE,LAMBERTON DR,,N/A,PEDESTRIAN,SINGLE VEHICLE,RAINING,WET,DAYLIGHT,TRAFFIC SIGNAL,NONE DETECTED,N/A,D812B164-57A9-4242-9830-2562747F0C43,PEDESTRIAN,Cross/Enter at Intersection,FAILURE TO OBEY TRAFFIC SIGNS SIGNALS OR OFFICER,ON ROADWAY AT CROSSWALK,Yes,SUSPECTED SERIOUS INJURY,NONE,39.04100667,-77.02923833,"(39.04100667, -77.02923833)"
MCP20080072,190059977,Montgomery County Police,Fatal Crash,12/12/2019 03:48:00 PM,County,MILLWOOD RD,TANGLEWOOD DR,,N/A,PEDESTRIAN,OTHER,CLEAR,DRY,DAYLIGHT,STOP SIGN,N/A,N/A,41A840A1-CE46-43CB-BFAB-E7250D8F4516,PEDESTRIAN,Approach/Leaving Schoolbus,UNKNOWN,ON ROADWAY NOT AT CROSSWALK,Unknown,FATAL INJURY,N/A,38.97675833,-77.11987167,"(38.97675833, -77.11987167)"
MCP3068003J,210043378,Montgomery County Police,Injury Crash,10/27/2021 04:10:00 PM,County,MACARTHUR BLVD,CONNECTOR RD,,N/A,BICYCLIST,ANGLE MEETS RIGHT TURN,CLEAR,DRY,DAYLIGHT,TRAFFIC SIGNAL,N/A,N/A,DDA39D39-AAB0-4303-A7B4-736CC0C32131,BICYCLIST,Cross/Enter at Intersection,FAILURE TO OBEY TRAFFIC SIGNS SIGNALS OR OFFICER,AT INTERSECTION MARKED CROSSWALK,Yes,SUSPECTED SERIOUS INJURY,MC/BIKE HELMET,38.96442,-77.136085,"(38.96442, -77.136085)"
MCP15640050,200050318,Montgomery County Police,Injury Crash,12/22/2020 01:27:00 PM,,,,"PKG LOT OF 18220 VILLAGE CENTER DRIVE, OLNEY, MD 20832",,OTHER CONVEYANCE,OTHER,CLEAR,,DAYLIGHT,NO CONTROLS,,NONE DETECTED,AD481E4C-97B7-477C-B246-1A2B60ACC26E,OTHER CONVEYANCE,Other,OTHER,CURB,Yes,SUSPECTED MINOR INJURY,N/A,39.15382738,-77.06429089,"(39.15382738, -77.06429089)"
MCP25460023,16061971,Montgomery County Police,Injury Crash,12/02/2016 07:45:00 PM,,SNOWDEN FARM PKWY,NEWCUT RD,,N/A,PEDESTRIAN,SAME DIR REAR END,CLEAR,DRY,DARK LIGHTS ON,NO CONTROLS,NONE DETECTED,NONE DETECTED,B601E8C3-C502-46A2-9C5D-7DDE12BAACFA,PEDESTRIAN,Other,UNKNOWN,ON ROADWAY NOT AT CROSSWALK,Unknown,SUSPECTED SERIOUS INJURY,NONE,39.22891333,-77.2513,"(39.22891333, -77.2513)"
MCP2536004S,230054043,Montgomery County Police,Injury Crash,09/09/2023 11:20:00 PM,Maryland (State),GEORGIA AVE,HEWITT AVE,,N/A,PEDESTRIAN,OTHER,CLEAR,DRY,DARK NO LIGHTS,TRAFFIC SIGNAL,N/A,N/A,F8823245-9AC8-4F88-9E26-5AB8F286C44B,PEDESTRIAN,Cross/Enter at Intersection,N/A,AT INTERSECTION MARKED CROSSWALK,No,SUSPECTED MINOR INJURY,NONE,39.07738008,-77.07090846,"(39.07738008, -77.07090846)"
EJ78550009,15021600,Gaithersburg Police Depar,Injury Crash,05/06/2015 06:40:00 PM,Municipality,N SUMMIT AVE,BROOKS AVE,,GAITHERSBURG,PEDESTRIAN,SINGLE VEHICLE,CLEAR,DRY,DAYLIGHT,NO CONTROLS,NONE DETECTED,NONE DETECTED,628190DF-823F-48F7-AE5B-EE1E1D6B4124,PEDESTRIAN,Walking/Riding against Traffic,DART DASH,ON ROADWAY NOT AT CROSSWALK,,SUSPECTED MINOR INJURY,NONE,39.14326269,-77.19311178,"(39.14326269, -77.19311178)"
MCP2512002B,16050322,Montgomery County Police,Injury Crash,09/30/2016 05:25:00 PM,Municipality,WASHINGTONIAN BLVD,BOARDWALK PL,,N/A,PEDESTRIAN,STRAIGHT MOVEMENT ANGLE,RAINING,WET,OTHER,STOP SIGN,NONE DETECTED,NONE DETECTED,C40A9E5E-A380-418C-82EB-73060BF524C7,PEDESTRIAN,Cross/Enter at Intersection,NO IMPROPER ACTIONS,AT INTERSECTION BUT NO CROSSWALK,No,SUSPECTED MINOR INJURY,NONE,39.11669716,-77.20010564,"(39.11669716, -77.20010564)"
MCP29320083,250013641,MONTGOMERY,Injury Crash,03/28/2025 09:52:00 PM,,,,Parking Lot Way        PARKING LOT NEXT TO 529 SOUTHAMPTON DRIVE,,Pedestrian,Single Vehicle,Clear,,Dark - Lighted,,"Unknown, Unknown","Not Suspect of Alcohol Use, Not Suspect of Drug Use",09B3273F-E43B-46C4-909A-7FAD69ADC6C7,Pedestrian,Other,None (No Improper Action),Other,No,Suspected Minor Injury,None,39.0075184,-76.98555407,"(39.0075184, -76.98555407)"
DD56100021,16053609,Rockville Police Departme,Injury Crash,10/18/2016 04:32:00 PM,County,TWINBROOK PKWY,PIER DR,,ROCKVILLE,PEDESTRIAN,SINGLE VEHICLE,CLEAR,DRY,DAYLIGHT,OTHER,N/A,N/A,C623C299-C215-4D61-9C0C-3C64801DEE44,PEDESTRIAN,Cross/Enter at Intersection,DART DASH,ON ROADWAY AT CROSSWALK,No,POSSIBLE INJURY,N/A,39.06910467,-77.114034,"(39.06910467, -77.114034)"
MCP1235004T,230026559,Montgomery County Police,Injury Crash,06/02/2023 06:47:00 PM,Maryland (State),UNIVERSITY BLVD W,CROSSOVER,,N/A,PEDESTRIAN,OTHER,CLEAR,DRY,DAYLIGHT,NO CONTROLS,NONE DETECTED,NONE DETECTED,924B4228-F25F-4A1E-8D07-2CB2B7259160,PEDESTRIAN,Cross/Enter at Intersection,IN ROADWAY IMPROPERLY,ON ROADWAY AT CROSSWALK,Yes,SUSPECTED SERIOUS INJURY,NONE,39.02295639,-77.01686302,"(39.02295639, -77.01686302)"
MCP28480032,16027760,Montgomery County Police,Injury Crash,06/03/2016 12:03:00 PM,County,EXECUTIVE BLVD,OLD GEORGETOWN RD,,N/A,BICYCLIST,STRAIGHT MOVEMENT ANGLE,CLOUDY,DRY,DAYLIGHT,NO CONTROLS,NONE DETECTED,NONE DETECTED,F6BECD71-9C52-4DD4-B4BB-1A0C26208BB0,BICYCLIST,Cross/Enter at Intersection,NO IMPROPER ACTIONS,SIDEWALK,No,SUSPECTED MINOR INJURY,MC/BIKE HELMET,39.04729,-77.11769,"(39.04729, -77.11769)"
MCP2770001L,17003840,Montgomery County Police,Injury Crash,01/22/2017 06:56:00 PM,,,,PARKING LOT OF 16004 SHADY GROVE ROAD,,PEDESTRIAN,OTHER,CLOUDY,,DARK LIGHTS ON,NO CONTROLS,NONE DETECTED,NONE DETECTED,72109333-16BB-4A09-9D1C-F5A955AE6DDB,PEDESTRIAN,Other,DART DASH,OTHER,Yes,POSSIBLE INJURY,NONE,39.12015,-77.18208,"(39.12015, -77.18208)"
MCP0961000S,16021560,Montgomery County Police,Injury Crash,05/02/2016 08:04:00 AM,Maryland (State),CLOPPER RD,LONGDRAFT RD,,GAITHERSBURG,PEDESTRIAN,SINGLE VEHICLE,RAINING,WET,DAYLIGHT,NO CONTROLS,NONE DETECTED,NONE DETECTED,9F494E2E-C211-42DA-961F-B5B21CEB5D49,PEDESTRIAN,Standing,NO IMPROPER ACTIONS,SIDEWALK,No,SUSPECTED MINOR INJURY,NONE,39.14811333,-77.23741,"(39.14811333, -77.23741)"
MCP29840010,180009366,Montgomery County Police,Injury Crash,02/23/2018 07:24:00 AM,Maryland (State),GREAT SENECA HWY,COTTAGE GARDEN DR,,N/A,PEDESTRIAN,OTHER,RAINING,WET,DAYLIGHT,TRAFFIC SIGNAL,UNKNOWN,NONE DETECTED,42BE50B7-B5CC-4107-9947-38FC5491123B,PEDESTRIAN,Cross/Enter at Intersection,NO IMPROPER ACTIONS,AT INTERSECTION MARKED CROSSWALK,Unknown,SUSPECTED MINOR INJURY,N/A,39.15330833,-77.27789,"(39.15330833, -77.27789)"
MCP2813006N,190020250,Montgomery County Police,Injury Crash,04/30/2019 01:30:00 PM,County,BLUHILL RD,FLORAL ST,,N/A,PEDESTRIAN,SINGLE VEHICLE,CLEAR,DRY,DAYLIGHT,N/A,N/A,N/A,87A3151F-A47A-40CE-B4CB-60ABB5827F8D,PEDESTRIAN,Other,NO IMPROPER ACTIONS,OTHER,No,POSSIBLE INJURY,REFLECTIVE CLOTHING,39.05632173,-77.0662837,"(39.05632173, -77.0662837)"
MCP3089001J,180031265,Montgomery County Police,Injury Crash,06/25/2018 12:11:00 PM,US (State),COLESVILLE RD,SPRING ST,,N/A,BICYCLIST,SINGLE VEHICLE,CLEAR,N/A,DAYLIGHT,N/A,N/A,N/A,98B9364D-5511-41AD-901E-8167F7D45A9A,BICYCLIST,Walking/Riding w/Traffic,IN ROADWAY IMPROPERLY,ON ROADWAY NOT AT CROSSWALK,Yes,SUSPECTED MINOR INJURY,NONE,38.99911167,-77.02601,"(38.99911167, -77.02601)"
MCP30570010,180013496,Montgomery County Police,Injury Crash,03/18/2018 11:39:00 AM,County,BARNESVILLE RD,PEACH TREE RD,,N/A,BICYCLIST,STRAIGHT MOVEMENT ANGLE,CLEAR,DRY,DAYLIGHT,STOP SIGN,NONE DETECTED,NONE DETECTED,7DC7116E-A28E-4B80-A22C-67CD06D82378,BICYCLIST,Cross/Enter at Intersection,FAILURE TO OBEY TRAFFIC SIGNS SIGNALS OR OFFICER,AT INTERSECTION BUT NO CROSSWALK,Yes,POSSIBLE INJURY,MC/BIKE HELMET,39.21530833,-77.35591833,"(39.21530833, -77.35591833)"
DD5615007W,190049636,Rockville Police Departme,Injury Crash,10/16/2019 02:57:00 PM,Municipality,HALPINE RD,E JEFFERSON ST,,ROCKVILLE,PEDESTRIAN,OTHER,RAINING,WET,DAYLIGHT,TRAFFIC SIGNAL,NONE DETECTED,NONE DETECTED,D56ED7A6-F922-46C8-840B-79335D4EC9ED,PEDESTRIAN,Cross/Enter at Intersection,NO IMPROPER ACTIONS,DRIVEWAY ACCESS MARKED CROSSWALK,No,SUSPECTED MINOR INJURY,NONE,39.09323,-77.15333167,"(39.09323, -77.15333167)"
MCP9130001W,15063278,MONTGOMERY,Injury Crash,12/11/2015 06:03:00 AM,County,OAKVIEW DR,NEW HAMPSHIRE AVE,,N/A,PEDESTRIAN,SINGLE VEHICLE,CLEAR,DRY,DARK LIGHTS ON,TRAFFIC SIGNAL,NONE DETECTED,NONE DETECTED,C045DEB2-0DD3-485E-AB05-D849DF201A52,PEDESTRIAN,Cross/Enter at Intersection,NO IMPROPER ACTIONS,AT INTERSECTION MARKED CROSSWALK,No,POSSIBLE INJURY,NONE,39.01544924,-76.97772503,"(39.01544924, -76.97772503)"