Report Number,Local Case Number,Agency Name,ACRS Report Type,Crash Date/Time,Route Type,Road Name,Cross-Street Name,Off-Road Description,Municipality,Related Non-Motorist,Collision Type,Weather,Surface Condition,Light,Traffic Control,Driver Substance Abuse,Non-Motorist Substance Abuse,Person ID,Pedestrian Type,Pedestrian Movement,Pedestrian Actions,Pedestrian Location,At Fault,Injury Severity,Safety Equipment,Latitude,Longitude,Location
DD5604003Q,200043423,Rockville Police Departme,Injury Crash,11/03/2020 04:46:00 PM,Municipality,EDMONSTON DR,DENHAM RD,,ROCKVILLE,BICYCLIST,OTHER,CLEAR,DRY,DUSK,NO CONTROLS,NONE DETECTED,NONE DETECTED,8ED98D7F-E606-47E0-B70B-9FC6DB5DD97A,BICYCLIST,Walking/Riding w/Traffic,IN ROADWAY IMPROPERLY,ON ROADWAY NOT AT CROSSWALK,Yes,SUSPECTED MINOR INJURY,MC/BIKE HELMET,39.08669317,-77.13380933,"(39.08669317, -77.13380933)"
MCP2818003M,180024177,Montgomery County Police,Injury Crash,05/17/2018 08:52:00 AM,US (State),GEORGIA AVE,BONIFANT ST,,N/A,PEDESTRIAN,OTHER,RAINING,WET,DAYLIGHT,TRAFFIC SIGNAL,NONE DETECTED,NONE DETECTED,F3741C78-8828-420E-A090-6D396490B794,PEDESTRIAN,Other,FAILURE TO YIELD RIGHT OF WAY,ON ROADWAY NOT AT CROSSWALK,Yes,POSSIBLE INJURY,N/A,38.991615,-77.02630167,"(38.991615, -77.02630167)"
MCP33900023,250022171,MONTGOMERY,Injury Crash,05/19/2025 04:01:00 PM,Local Route,DEERWATER DR,,,,Pedestrian,Unknown,Clear,Dry,Daylight,No Controls,"Unknown, Unknown","Not Suspect of Alcohol Use, Not Suspect of Drug Use",BAF052D5-9B92-400A-A047-3F142EA43F51,Pedestrian,Cross/Enter Not at Intersection,Dart/Dash,Travel Lane Other Location,No,Suspected Minor Injury,None,39.1919257,-77.2800692,"(39.1919257, -77.2800692)"
DD5634000F,180051149,Rockville Police Departme,Injury Crash,10/12/2018 07:09:00 PM,Municipality,N WASHINGTON ST,MARTINS LA,,ROCKVILLE,PEDESTRIAN,OTHER,CLEAR,DRY,DARK LIGHTS ON,TRAFFIC SIGNAL,NONE DETECTED,NONE DETECTED,85C3E3E3-2EA9-45A5-8411-CF4BABA4096D,PEDESTRIAN,Cross/Enter at Intersection,NO IMPROPER ACTIONS,ON ROADWAY AT CROSSWALK,No,SUSPECTED SERIOUS INJURY,NONE,39.09084161,-77.15363057,"(39.09084161, -77.15363057)"
DM8514001K,240048276,TAKOMA,Injury Crash,10/09/2024 07:15:00 PM,Maryland (State) Route,UNIVERSITY BLVD,,,,Pedestrian,Single Vehicle,Clear,Dry,Dark - Lighted,No Controls,"Not Suspect of Alcohol Use, Not Suspect of Drug Use","Suspect of Alcohol Use, Not Suspect of Drug Use",BBF2B3EB-36DD-4207-92E3-003A71CE4887,Pedestrian,Cross/Enter Not at Intersection,"Dart/Dash, Inattentive (Talking, Eating, etc.)",Median/Crossing Island,No,Possible Injury,None,38.98949796,-76.98858815,"(38.98949796, -76.98858815)"
MCP1002000Y,200011326,Montgomery County Police,Injury Crash,03/07/2020 05:00:00 PM,,,,PARKING LOT IN FRONT OF 516 N FREDERICK RD,,PEDESTRIAN,SINGLE VEHICLE,CLEAR,,DAYLIGHT,NO CONTROLS,NONE DETECTED,NONE DETECTED,F0DEDF6A-418A-4A51-86B5-F9463E3722E9,PEDESTRIAN,Cross/Enter at Intersection,N/A,AT INTERSECTION MARKED CROSSWALK,No,NO APPARENT INJURY,NONE,39.14788,-77.2091,"(39.14788, -77.2091)"
MCP23580067,190029964,Montgomery County Police,Injury Crash,06/23/2019 08:00:00 AM,Maryland (State),VEIRS MILL RD,MONTERREY DR,,N/A,PEDESTRIAN,OTHER,CLEAR,DRY,DAYLIGHT,NO CONTROLS,UNKNOWN,NONE DETECTED,51031B78-8778-4F9A-8216-806FF98A9B4C,PEDESTRIAN,Other,UNKNOWN,ON ROADWAY NOT AT CROSSWALK,Unknown,SUSPECTED SERIOUS INJURY,UNKNOWN,39.04427833,-77.06305833,"(39.04427833, -77.06305833)"
MCP11940011,15035594,MONTGOMERY,Injury Crash,07/19/2015 04:09:00 PM,Government,CLARA BARTON PKWY,MACARTHUR BLVD,,N/A,BICYCLIST,HEAD ON LEFT TURN,CLEAR,DRY,DAYLIGHT,STOP SIGN,NONE DETECTED,NONE DETECTED,D43675C8-1579-4A24-BB73-6ABB772685B0,BICYCLIST,Cross/Enter at Intersection,NO IMPROPER ACTIONS,AT INTERSECTION MARKED CROSSWALK,No,POSSIBLE INJURY,MC/BIKE HELMET,38.98928167,-77.19604833,"(38.98928167, -77.19604833)"
MCP93860025,15018685,Montgomery County Police,Injury Crash,04/21/2015 11:00:00 AM,County,MORGAN DR,STRATFORD RD,,N/A,PEDESTRIAN,OTHER,CLEAR,DRY,DAYLIGHT,NO CONTROLS,NONE DETECTED,NONE DETECTED,ABAACFEB-6287-43B1-AEB2-C75CE821567F,PEDESTRIAN,Getting off/on Vehicle,NO IMPROPER ACTIONS,SHOULDER,,SUSPECTED MINOR INJURY,NONE,39.28264,-77.17787333,"(39.28264, -77.17787333)"
MCP3000004H,230049481,Montgomery County Police,Injury Crash,08/14/2023 08:18:00 PM,County,CHARITY LA,RIFFLE FORD RD,,N/A,PEDESTRIAN,OTHER,CLEAR,DRY,DARK LIGHTS ON,NO CONTROLS,NONE DETECTED,NONE DETECTED,283737AE-5177-4E6A-A7C3-6237E13675A6,PEDESTRIAN,Walking/Riding w/Traffic,NO IMPROPER ACTIONS,SHARED USE PATH OR TRAILS,No,POSSIBLE INJURY,NONE,39.1463255,-77.28766933,"(39.1463255, -77.28766933)"
MCP93180043,250028717,MONTGOMERY,Property Damage Crash,06/27/2025 04:43:00 PM,Maryland (State) Route,,,,,Scooter (electric),Single Vehicle,Clear,Dry,Daylight,No Controls,"Not Suspect of Alcohol Use, Not Suspect of Drug Use","Not Suspect of Alcohol Use, Not Suspect of Drug Use",FA9D033D-BB45-4BF9-A534-27B06EDE1545,Scooter (electric),Other,None (No Improper Action),Driveway Access,No,No Apparent Injury,Unknown,38.99258765,-76.9929002,"(38.99258765, -76.9929002)"
MCP2752006P,240050590,MONTGOMERY,Injury Crash,10/22/2024 04:19:00 PM,Maryland (State) Route,BRADLEY BLVD,,,,Pedestrian,Single Vehicle,Clear,Dry,Daylight,No Controls,"Not Suspect of Alcohol Use, Not Suspect of Drug Use","Not Suspect of Alcohol Use, Not Suspect of Drug Use",DD22C13A-D103-48CD-B34C-48630155B08F,Pedestrian,Cross/Enter Not at Intersection,Dart/Dash,Other,No,Suspected Serious Injury,None,39.00781342,-77.17278746,"(39.00781342, -77.17278746)"
MCP24270004,16006138,Montgomery County Police,Injury Crash,02/05/2016 09:30:00 PM,County,MAYOR LA,SLIGO AVE,,N/A,PEDESTRIAN,SINGLE VEHICLE,CLEAR,DRY,DARK LIGHTS ON,NO CONTROLS,UNKNOWN,N/A,56AC267D-1468-4F07-BC6F-873F2BE8442C,PEDESTRIAN,Cross/Enter not at Intersection,OTHER,OTHER,Yes,POSSIBLE INJURY,NONE,38.99231917,-77.02590019,"(38.99231917, -77.02590019)"
MCP2203004Q,200026353,Montgomery County Police,Injury Crash,07/07/2020 01:40:00 PM,Maryland (State),GEORGIA AVE,SHOREFIELD RD,,N/A,PEDESTRIAN,OTHER,CLEAR,DRY,DAYLIGHT,TRAFFIC SIGNAL,UNKNOWN,N/A,C33961B6-CC24-42E4-A1A1-707E3A6D3A6C,PEDESTRIAN,Cross/Enter at Intersection,UNKNOWN,AT INTERSECTION MARKED CROSSWALK,Unknown,POSSIBLE INJURY,N/A,39.05309083,-77.05111867,"(39.05309083, -77.05111867)"
MCP28880008,15019744,Montgomery County Police,Injury Crash,04/27/2015 10:24:00 PM,County,LOCKWOOD DR,ENT TO SHOPPING CENTER,,N/A,PEDESTRIAN,OTHER,CLEAR,DRY,DARK LIGHTS ON,NO CONTROLS,N/A,ALCOHOL PRESENT,12A9FA0A-6023-4FBE-82C5-30F98B23AFD2,PEDESTRIAN,Other,DART DASH,ON ROADWAY NOT AT CROSSWALK,,POSSIBLE INJURY,NONE,39.04130167,-76.98569833,"(39.04130167, -76.98569833)"
MCP9106000R,16001755,Montgomery County Police,Injury Crash,01/10/2016 12:06:00 PM,,,,PARKING LOT OF 20902 FREDERICK RD,,PEDESTRIAN,SINGLE VEHICLE,RAINING,,DAYLIGHT,N/A,NONE DETECTED,NONE DETECTED,0B57A94E-021C-4AD1-9943-DF1F47638315,PEDESTRIAN,Other,NO IMPROPER ACTIONS,OTHER,No,POSSIBLE INJURY,N/A,39.199015,-77.24625833,"(39.199015, -77.24625833)"
MCP91130070,210001100,Montgomery County Police,Property Damage Crash,01/09/2021 01:56:00 PM,County,ATHERTON DR,GREENLY ST,,N/A,OTHER,STRAIGHT MOVEMENT ANGLE,CLEAR,DRY,DAYLIGHT,STOP SIGN,NONE DETECTED,NONE DETECTED,521BF898-D328-47A7-8EAA-F0F3CBA8AD4E,OTHER,Other,OTHER,OTHER,No,NO APPARENT INJURY,NONE,39.06148,-77.07553167,"(39.06148, -77.07553167)"
MCP2765003N,17009224,Montgomery County Police,Injury Crash,02/20/2017 05:00:00 PM,,,,7949 TUCKERMAN LA - CABIN JOHN SHOPPING CENTER,,PEDESTRIAN,SINGLE VEHICLE,CLEAR,,DAYLIGHT,NO CONTROLS,NONE DETECTED,NONE DETECTED,E6B20618-6054-4990-8F42-2AA3CA303C8D,PEDESTRIAN,Cross/Enter not at Intersection,UNKNOWN,ON ROADWAY NOT AT CROSSWALK,Yes,POSSIBLE INJURY,NONE,39.04094333,-77.15739333,"(39.04094333, -77.15739333)"
MCP2688001B,15003830,Montgomery County Police,Injury Crash,01/23/2015 09:45:00 PM,Maryland (State),NEW HAMPSHIRE AVE,ELTON RD,,N/A,PEDESTRIAN,OTHER,RAINING,WET,DARK LIGHTS ON,TRAFFIC SIGNAL,NONE DETECTED,NONE DETECTED,3B5EDDAD-6364-4A80-9439-FC1B9584C2F0,PEDESTRIAN,Cross/Enter at Intersection,UNKNOWN,ON ROADWAY AT CROSSWALK,,SUSPECTED MINOR INJURY,N/A,39.02051333,-76.97672333,"(39.02051333, -76.97672333)"
MCP3078001B,180021519,Montgomery County Police,Injury Crash,05/02/2018 02:49:00 PM,County,REEDIE DR,FERN ST,,N/A,PEDESTRIAN,N/A,CLEAR,DRY,DAYLIGHT,TRAFFIC SIGNAL,N/A,NONE DETECTED,B331610E-3538-481A-A6C3-79FFF4C64F99,PEDESTRIAN,Cross/Enter at Intersection,NO IMPROPER ACTIONS,ON ROADWAY AT CROSSWALK,No,SUSPECTED MINOR INJURY,NONE,39.03896333,-77.04931,"(39.03896333, -77.04931)"
MCP2087000D,16054878,Montgomery County Police,Injury Crash,10/25/2016 11:11:00 AM,County,RANDOLPH RD,BUSHEY DR,,N/A,PEDESTRIAN,SINGLE VEHICLE,CLEAR,DRY,DAYLIGHT,NO CONTROLS,NONE DETECTED,NONE DETECTED,DBB10406-E1A0-4687-A577-6C6A3FE9C8D6,PEDESTRIAN,Cross/Enter at Intersection,NO IMPROPER ACTIONS,AT INTERSECTION MARKED CROSSWALK,No,SUSPECTED MINOR INJURY,N/A,39.05741713,-77.07781434,"(39.05741713, -77.07781434)"
MCP3005004D,180065076,Montgomery County Police,Injury Crash,12/29/2018 02:30:00 PM,County,GRANDVIEW AVE,ENNALLS AVE,,N/A,PEDESTRIAN,ANGLE MEETS LEFT TURN,CLEAR,N/A,DAYLIGHT,NO CONTROLS,NONE DETECTED,NONE DETECTED,C7743276-ADA8-4064-AA9D-5FA0768D98D1,PEDESTRIAN,Cross/Enter not at Intersection,DART DASH,ON ROADWAY NOT AT CROSSWALK,Yes,POSSIBLE INJURY,NONE,39.03958333,-77.052515,"(39.03958333, -77.052515)"
DD5615002R,16051173,Rockville Police Departme,Property Damage Crash,10/05/2016 02:00:00 PM,,,,PARKING LOT OF MONTGOERY COLLEGE ROCKVILLE.,,PEDESTRIAN,OTHER,CLEAR,,DAYLIGHT,NO CONTROLS,N/A,NONE DETECTED,ABC21282-5864-4EDE-8F26-917D69F25526,PEDESTRIAN,Standing,N/A,OTHER,No,NO APPARENT INJURY,NONE,39.10067561,-77.15751886,"(39.10067561, -77.15751886)"
MCP3191003Q,220046868,Montgomery County Police,Property Damage Crash,10/25/2022 04:45:00 PM,Municipality,KOHLHOSS RD,WOOTTON AVE,,POOLESVILLE,BICYCLIST,OTHER,CLOUDY,DRY,DAYLIGHT,NO CONTROLS,NONE DETECTED,NONE DETECTED,A3A099B5-F1EF-4F6A-8828-0C00DABBD104,BICYCLIST,Cross/Enter at Intersection,INATTENTIVE,AT INTERSECTION BUT NO CROSSWALK,Yes,NO APPARENT INJURY,NONE,39.14392473,-77.40558168,"(39.14392473, -77.40558168)"
MCP2870002T,220057538,Montgomery County Police,Injury Crash,12/28/2022 02:00:00 PM,County,SNOUFFERS SCHOOL RD,MOONEY DR,,N/A,PEDESTRIAN,SINGLE VEHICLE,CLEAR,DRY,DAYLIGHT,TRAFFIC SIGNAL,UNKNOWN,NONE DETECTED,B2621643-D9FC-44DF-8707-4F61BBA9CB2C,PEDESTRIAN,Cross/Enter at Intersection,NO IMPROPER ACTIONS,ON ROADWAY AT CROSSWALK,No,SUSPECTED MINOR INJURY,N/A,39.16250556,-77.1657427,"(39.16250556, -77.1657427)"
MCP3117001L,190006889,Montgomery County Police,Injury Crash,02/12/2019 04:30:00 PM,County,E JEFFERSON ST,CALIFORNIA CIR,,N/A,PEDESTRIAN,OTHER,RAINING,WET,DAYLIGHT,TRAFFIC SIGNAL,UNKNOWN,NONE DETECTED,C3A07A2D-2E7D-41E2-861D-6A5A2D4CC2E9,PEDESTRIAN,Cross/Enter not at Intersection,INATTENTIVE,ON ROADWAY AT CROSSWALK,Yes,SUSPECTED MINOR INJURY,NONE,39.05679204,-77.12623028,"(39.05679204, -77.12623028)"
MCP28500016,180048206,Montgomery County Police,Injury Crash,09/27/2018 03:35:00 AM,County,STEDWICK RD,WATKINS MILL RD,,N/A,PEDESTRIAN,OPPOSITE DIRECTION SIDESWIPE,RAINING,WET,DARK LIGHTS ON,NO CONTROLS,ALCOHOL PRESENT,N/A,604E4CD8-DD38-4753-AA57-914135B35AD0,PEDESTRIAN,Standing,NO IMPROPER ACTIONS,ON ROADWAY NOT AT CROSSWALK,No,SUSPECTED MINOR INJURY,N/A,39.170935,-77.21022167,"(39.170935, -77.21022167)"
MCP2675000S,15031652,Montgomery County Police,Injury Crash,06/28/2015 09:19:00 PM,County,RANDOLPH RD,BLUHILL RD,,N/A,BICYCLIST,HEAD ON LEFT TURN,CLEAR,DRY,DARK LIGHTS ON,NO CONTROLS,NONE DETECTED,NONE DETECTED,EC72741F-4797-441E-A6F3-8FFAA117D007,BICYCLIST,Cross/Enter not at Intersection,IN ROADWAY IMPROPERLY,ON ROADWAY NOT AT CROSSWALK,,SUSPECTED MINOR INJURY,NONE,39.05903667,-77.06514167,"(39.05903667, -77.06514167)"
EJ7888001V,220005225,Gaithersburg Police Depar,Injury Crash,02/07/2022 07:05:00 AM,Maryland (State),W DIAMOND AVE,BUREAU DR,,GAITHERSBURG,PEDESTRIAN,OTHER,CLEAR,DRY,DAWN,TRAFFIC SIGNAL,NONE DETECTED,NONE DETECTED,E0C94809-14A2-47FC-804C-B4BC5E29E3FE,PEDESTRIAN,Cross/Enter at Intersection,FAILURE TO OBEY TRAFFIC SIGNS SIGNALS OR OFFICER,AT INTERSECTION MARKED CROSSWALK,Yes,SUSPECTED MINOR INJURY,N/A,39.14213818,-77.21737642,"(39.14213818, -77.21737642)"
MCP93010047,23007433,Montgomery County Police,Injury Crash,02/14/2023 08:40:00 AM,Municipality,SCHOOL DR,MUDDY BRANCH RD,,N/A,PEDESTRIAN,SINGLE VEHICLE,N/A,DRY,DAYLIGHT,NO CONTROLS,N/A,N/A,8E8CF360-4D95-4DE2-9D9E-2CD7657DD578,PEDESTRIAN,Cross/Enter at Intersection,INATTENTIVE,ON ROADWAY AT CROSSWALK,Unknown,SUSPECTED MINOR INJURY,NONE,39.1177869,-77.21681391,"(39.1177869, -77.21681391)"
MCP2756002D,180061932,Montgomery County Police,Injury Crash,12/11/2018 06:45:00 PM,,,,"DRIVEWAY LEAVING 2119 UNIVERSITY BLVD. W. SILVER SPRING, MD 20902.",,PEDESTRIAN,STRAIGHT MOVEMENT ANGLE,CLEAR,,DARK LIGHTS ON,NO CONTROLS,NONE DETECTED,NONE DETECTED,F5D9628F-9B39-4D10-A20B-73DE6792A5D9,PEDESTRIAN,Walking/Cycling on Sidewalk,NO IMPROPER ACTIONS,SIDEWALK,No,POSSIBLE INJURY,NONE,39.04126333,-77.04747833,"(39.04126333, -77.04747833)"
MCP21070021,180051958,Montgomery County Police,Injury Crash,10/17/2018 08:24:00 AM,County,CENTURY BLVD,CRYSTAL ROCK DR,,N/A,PEDESTRIAN,OTHER,CLEAR,DRY,DAYLIGHT,N/A,NONE DETECTED,NONE DETECTED,BC9EEE4B-4E99-4C3D-BD2F-7DA9A6A23B04,PEDESTRIAN,Cross/Enter not at Intersection,DART DASH,ON ROADWAY NOT AT CROSSWALK,Yes,SUSPECTED MINOR INJURY,NONE,39.18287388,-77.26386979,"(39.18287388, -77.26386979)"
MCP3171001G,210003908,Montgomery County Police,Injury Crash,01/29/2021 11:00:00 PM,Maryland (State),GREAT SENECA HWY,MIDDLEBROOK RD,,N/A,PEDESTRIAN,STRAIGHT MOVEMENT ANGLE,CLEAR,DRY,DARK LIGHTS ON,NO CONTROLS,N/A,NONE DETECTED,0F45C163-3011-4509-8B3E-ADC00057B124,PEDESTRIAN,Walking/Riding against Traffic,IN ROADWAY IMPROPERLY,ON ROADWAY NOT AT CROSSWALK,Yes,SUSPECTED SERIOUS INJURY,NONE,39.17390833,-77.26152833,"(39.17390833, -77.26152833)"
MCP137800KM,180006930,Montgomery County Police,Injury Crash,02/09/2018 06:26:00 PM,County,LOST KNIFE RD,MONTGOMERY VILLAGE AVE,,N/A,PEDESTRIAN,SINGLE VEHICLE,CLOUDY,DRY,DARK LIGHTS ON,STOP SIGN,NONE DETECTED,NONE DETECTED,87BC848F-BA5A-43FB-B14C-631F03AEB6A3,PEDESTRIAN,Cross/Enter at Intersection,INATTENTIVE,SIDEWALK,No,SUSPECTED MINOR INJURY,NONE,39.157237,-77.20322371,"(39.157237, -77.20322371)"
MCP3271002H,220040006,Montgomery County Police,Injury Crash,09/14/2022 04:15:00 PM,Maryland (State),GOLDSBORO RD,MILLWOOD RD,,N/A,BICYCLIST,OPPOSITE DIR BOTH LEFT TURN,CLEAR,DRY,DAYLIGHT,STOP SIGN,NONE DETECTED,NONE DETECTED,91193DA0-41D2-4512-ADAC-7F797B9BFC0E,BICYCLIST,Cross/Enter at Intersection,NO IMPROPER ACTIONS,AT INTERSECTION BUT NO CROSSWALK,No,SUSPECTED MINOR INJURY,MC/BIKE HELMET,38.97408943,-77.1199701,"(38.97408943, -77.1199701)"
MCP24460061,220037705,Montgomery County Police,Injury Crash,08/31/2022 02:06:00 PM,,,,"IN THE PARKING LOT OF 6820 OLNEY LAYTONSVILLE RD. LAYTONSVILLE, MD. 20882",,BICYCLIST,OTHER,CLEAR,,DAYLIGHT,NO CONTROLS,NONE DETECTED,NONE DETECTED,35179F08-9F14-4F49-B90A-418D652B5BD3,BICYCLIST,Cross/Enter at Intersection,FAILURE TO YIELD RIGHT OF WAY,OTHER,Yes,POSSIBLE INJURY,MC/BIKE HELMET,39.20394554,-77.13950048,"(39.20394554, -77.13950048)"
MCP3391000R,240020036,MONTGOMERY,Injury Crash,04/29/2024 06:39:00 PM,,,,Parking Lot Way        PARKING LOT AISLE,,Pedestrian,Single Vehicle,Clear,,Daylight,,"Not Suspect of Alcohol Use, Not Suspect of Drug Use","Not Suspect of Alcohol Use, Not Suspect of Drug Use",E6CEFF13-6667-44B6-AB1F-CC2BD9B41E55,Pedestrian,Cross/Enter Not at Intersection,"Inattentive (Talking, Eating, etc.)",Other,No,Suspected Minor Injury,None,39.03626105,-77.05683106,"(39.03626105, -77.05683106)"
MCP1170002J,190054027,Montgomery County Police,Injury Crash,11/09/2019 12:59:00 PM,County,GREENCASTLE RD,BROWNSTONE DR,,N/A,PEDESTRIAN,SINGLE VEHICLE,CLEAR,DRY,DAYLIGHT,N/A,NONE DETECTED,N/A,1724C550-4B69-4C7C-9B92-95718739E804,PEDESTRIAN,Other,OTHER,OTHER,Yes,SUSPECTED SERIOUS INJURY,NONE,39.11322833,-76.93093333,"(39.11322833, -76.93093333)"
EJ79030040,250010495,GAITHERSBURG,Injury Crash,03/10/2025 02:00:00 PM,,,,Parking Aisle        COSTCO PARKING LOT LOCATED AT 880 RUSSELL AVENUE,,Pedestrian,Single Vehicle,Clear,,Daylight,,"Not Suspect of Alcohol Use, Not Suspect of Drug Use","Not Suspect of Alcohol Use, Not Suspect of Drug Use",A2BA4AFF-9D79-4064-B8BE-C20B5690E8C9,Pedestrian,None,None (No Improper Action),Other,No,Suspected Minor Injury,None,39.15658209,-77.21402032,"(39.15658209, -77.21402032)"
MCP320000GB,250028502,MONTGOMERY,Injury Crash,06/26/2025 12:38:00 PM,County Route,W CEDAR LA,OLD GEORGETOWN RD,,,Cyclist (non-electric),Single Vehicle,Clear,Dry,Daylight,Pedestrian Crossing,"Not Suspect of Alcohol Use, Not Suspect of Drug Use","Not Suspect of Alcohol Use, Not Suspect of Drug Use",90378BD4-4C3B-4369-AC59-477CBE45A38B,Cyclist (non-electric),Cross/Enter at Intersection,None (No Improper Action),Intersection Marked Crosswalk,No,Suspected Minor Injury,None,39.00454138,-77.11057708,"(39.00454138, -77.11057708)"
MCP2087000B,16054837,Montgomery County Police,Injury Crash,10/25/2016 06:58:00 AM,County,RANDOLPH RD,TIVOLI LAKE BLVD,,N/A,PEDESTRIAN,OTHER,CLEAR,DRY,DARK LIGHTS ON,TRAFFIC SIGNAL,UNKNOWN,NONE DETECTED,BB4E5E69-0616-4188-A7B5-60C6FDC95D4B,PEDESTRIAN,Cross/Enter at Intersection,NO IMPROPER ACTIONS,AT INTERSECTION MARKED CROSSWALK,No,SUSPECTED SERIOUS INJURY,NONE,39.06611114,-77.03449532,"(39.06611114, -77.03449532)"
MCP1505000H,15034210,MONTGOMERY,Injury Crash,07/12/2015 02:04:00 PM,County,DAVIS MILL RD,WILDCAT RD,,N/A,BICYCLIST,STRAIGHT MOVEMENT ANGLE,CLEAR,DRY,DAYLIGHT,NO CONTROLS,N/A,N/A,62B66522-35C0-4221-A98C-1948C1824B61,BICYCLIST,Walking/Riding w/Traffic,NO IMPROPER ACTIONS,SHOULDER,No,SUSPECTED MINOR INJURY,MC/BIKE HELMET,39.219934,-77.221913,"(39.219934, -77.221913)"
MCP27980053,220036655,Montgomery County Police,Injury Crash,08/24/2022 05:35:00 PM,Maryland (State),FREDERICK RD,E GUDE DR,,N/A,PEDESTRIAN,OTHER,CLEAR,DRY,DAYLIGHT,TRAFFIC SIGNAL,UNKNOWN,NONE DETECTED,8A3D7BF6-C4ED-4550-A080-AB94DE23382A,PEDESTRIAN,Cross/Enter at Intersection,NO IMPROPER ACTIONS,AT INTERSECTION MARKED CROSSWALK,No,SUSPECTED MINOR INJURY,NONE,39.18405333,-77.263825,"(39.18405333, -77.263825)"
MCP3193004N,230031612,Montgomery County Police,Property Damage Crash,07/02/2023 07:20:00 PM,Maryland (State),UNIVERSITY BLVD W,AMHERST AVE,,N/A,BICYCLIST,OTHER,CLEAR,DRY,DAYLIGHT,NO CONTROLS,NONE DETECTED,NONE DETECTED,49C06472-24B2-4959-A297-B7A54C09FDDA,BICYCLIST,Walking/Cycling on Sidewalk,N/A,SIDEWALK,No,NO APPARENT INJURY,NONE,39.04115333,-77.04706333,"(39.04115333, -77.04706333)"
MCP3040004V,200045141,Montgomery County Police,Injury Crash,11/15/2020 07:30:00 PM,Maryland (State),GEORGIA AVE,OLNEY SANDY SPRING RD,,N/A,PEDESTRIAN,SINGLE VEHICLE,RAINING,WET,DARK LIGHTS ON,TRAFFIC SIGNAL,NONE DETECTED,NONE DETECTED,277548F2-2C2A-49F6-B222-6A8B66ABB9E5,PEDESTRIAN,Cross/Enter at Intersection,DART DASH,AT INTERSECTION MARKED CROSSWALK,Yes,POSSIBLE INJURY,NONE,39.15308776,-77.0666712,"(39.15308776, -77.0666712)"
MCP2162004Q,200019716,Montgomery County Police,Injury Crash,05/16/2020 06:51:00 PM,,,,"IN THE DRIVEWAY OF 16713 ALEXANDER MANOR DRIVE, SILVER SPRING, MARYLAND",,OTHER,SINGLE VEHICLE,CLEAR,,DAYLIGHT,NO CONTROLS,,N/A,9CED3A31-2BFB-459C-B859-A6588F0F2F23,OTHER,Getting off/on Vehicle,INATTENTIVE,OTHER,Yes,POSSIBLE INJURY,NONE,39.1364856,-77.01767355,"(39.1364856, -77.01767355)"
MCP29910069,220011254,Montgomery County Police,Injury Crash,03/16/2022 07:59:00 AM,Maryland (State),GEORGIA AVE,RANDOLPH RD,,N/A,BICYCLIST,SINGLE VEHICLE,N/A,DRY,DAYLIGHT,OTHER,NONE DETECTED,NONE DETECTED,8222379E-738F-415D-A46F-2D41222780C8,BICYCLIST,Cross/Enter at Intersection,NO IMPROPER ACTIONS,AT INTERSECTION MARKED CROSSWALK,No,POSSIBLE INJURY,NONE,39.05780143,-77.0501592,"(39.05780143, -77.0501592)"
MCP0036009Y,190024134,Montgomery County Police,Injury Crash,05/21/2019 05:34:00 PM,County,DAMASCUS BLVD,RIDGE RD,,N/A,PEDESTRIAN,SINGLE VEHICLE,CLOUDY,DRY,DAYLIGHT,NO CONTROLS,NONE DETECTED,NONE DETECTED,F158C80A-86E1-4895-A8D2-06B7C07ABB56,PEDESTRIAN,Other,NO IMPROPER ACTIONS,SIDEWALK,No,SUSPECTED SERIOUS INJURY,N/A,39.28760167,-77.20626833,"(39.28760167, -77.20626833)"
MCP33390055,250018965,MONTGOMERY,Injury Crash,04/30/2025 08:20:00 PM,,,,"Parking Stall        NORBECK SAFEWAY
5510 NORBECK ROAD",,Pedestrian,Single Vehicle,Clear,,Dark - Lighted,,"Not Suspect of Alcohol Use, Not Suspect of Drug Use","Not Suspect of Alcohol Use, Not Suspect of Drug Use",52ED4613-9400-4135-BA7F-21D7AE456DC6,Pedestrian,Other,None (No Improper Action),Other,No,Possible Injury,None,39.09441981,-77.11032623,"(39.09441981, -77.11032623)"
MCP3180000B,190015313,Montgomery County Police,Injury Crash,04/02/2019 06:30:00 PM,Maryland (State),OLNEY SANDY SPRING RD,VILLAGE CENTER DR,,N/A,PEDESTRIAN,STRAIGHT MOVEMENT ANGLE,RAINING,WET,DAYLIGHT,TRAFFIC SIGNAL,NONE DETECTED,NONE DETECTED,9E661EAA-39B1-47B7-AF40-5EBF318085A2,PEDESTRIAN,Cross/Enter at Intersection,INATTENTIVE,ON ROADWAY AT CROSSWALK,No,SUSPECTED MINOR INJURY,NONE,39.15208833,-77.06454333,"(39.15208833, -77.06454333)"
MCP2678003X,230002041,Montgomery County Police,Injury Crash,01/13/2023 08:24:00 AM,,,,"DRIVEWAY OF 11939 CLARIDGE RD, SILVER SPRING MD 20902",,OTHER PEDALCYCLIST,STRAIGHT MOVEMENT ANGLE,CLOUDY,,DAYLIGHT,N/A,NONE DETECTED,NONE DETECTED,B062DF59-2962-450B-B0C8-AD6EE4B2B4C0,OTHER PEDALCYCLIST,Walking/Cycling on Sidewalk,NO IMPROPER ACTIONS,SIDEWALK,No,POSSIBLE INJURY,N/A,39.05806167,-77.04848667,"(39.05806167, -77.04848667)"