Report Number,Local Case Number,Agency Name,ACRS Report Type,Crash Date/Time,Route Type,Road Name,Cross-Street Name,Off-Road Description,Municipality,Related Non-Motorist,Collision Type,Weather,Surface Condition,Light,Traffic Control,Driver Substance Abuse,Non-Motorist Substance Abuse,Person ID,Pedestrian Type,Pedestrian Movement,Pedestrian Actions,Pedestrian Location,At Fault,Injury Severity,Safety Equipment,Latitude,Longitude,Location
MCP2927000L,15054457,MONTGOMERY,Injury Crash,10/27/2015 07:04:00 AM,US (State),GEORGIA AVE,BONIFANT ST,,N/A,PEDESTRIAN,OTHER,CLEAR,DRY,DARK LIGHTS ON,TRAFFIC SIGNAL,NONE DETECTED,NONE DETECTED,401D48C1-CFB0-4D78-A0D7-4C7FF4A1B049,PEDESTRIAN,Cross/Enter at Intersection,NO IMPROPER ACTIONS,AT INTERSECTION MARKED CROSSWALK,No,POSSIBLE INJURY,NONE,38.99350333,-77.026545,"(38.99350333, -77.026545)"
EJ7781003S,230005206,Gaithersburg Police Depar,Injury Crash,02/01/2023 09:45:00 AM,County,MUDDY BRANCH RD,WEST SIDE DR,,GAITHERSBURG,PEDESTRIAN,OTHER,CLEAR,DRY,DAYLIGHT,STOP SIGN,NONE DETECTED,NONE DETECTED,2F8CA36D-017D-45EB-AE40-31F586468190,PEDESTRIAN,Cross/Enter at Intersection,NO IMPROPER ACTIONS,AT INTERSECTION BUT NO CROSSWALK,No,POSSIBLE INJURY,N/A,39.12896292,-77.20577262,"(39.12896292, -77.20577262)"
MCP2214000W,220042736,Montgomery County Police,Injury Crash,09/30/2022 07:26:00 PM,County,GUNNERS BRANCH RD,FREDERICK RD,,N/A,PEDESTRIAN,SINGLE VEHICLE,RAINING,WET,DARK LIGHTS ON,TRAFFIC SIGNAL,NONE DETECTED,ALCOHOL PRESENT,928E34C0-E069-4AB1-A956-ECDAEF348873,PEDESTRIAN,Cross/Enter at Intersection,NO IMPROPER ACTIONS,AT INTERSECTION MARKED CROSSWALK,No,SUSPECTED SERIOUS INJURY,NONE,39.179065,-77.23771667,"(39.179065, -77.23771667)"
MCP29760012,15047401,MONTGOMERY,Injury Crash,09/18/2015 05:49:00 PM,County,FENTON ST,CAMERON ST,,N/A,PEDESTRIAN,OTHER,CLEAR,DRY,DAYLIGHT,TRAFFIC SIGNAL,NONE DETECTED,NONE DETECTED,D3E852AB-7614-4D38-AFAB-AC610F23AF6E,PEDESTRIAN,Cross/Enter at Intersection,NO IMPROPER ACTIONS,ON ROADWAY AT CROSSWALK,No,POSSIBLE INJURY,NONE,38.99829156,-77.02872992,"(38.99829156, -77.02872992)"
MCP2588007P,200030814,Montgomery County Police,Injury Crash,08/08/2020 12:54:00 PM,Maryland (State),GEORGIA AVE,HENDERSON AVE,,N/A,PEDESTRIAN,OTHER,CLEAR,DRY,DAYLIGHT,NO CONTROLS,NONE DETECTED,NONE DETECTED,5CEAC53D-AC8F-4068-87DA-FCC1A53BCB06,PEDESTRIAN,Cross/Enter at Intersection,NO IMPROPER ACTIONS,ON ROADWAY AT CROSSWALK,No,POSSIBLE INJURY,N/A,39.05064097,-77.05166819,"(39.05064097, -77.05166819)"
MCP2774001G,15057231,MONTGOMERY,Injury Crash,11/10/2015 05:34:00 AM,Maryland (State),EAST WEST HWY,COLESVILLE RD,,N/A,PEDESTRIAN,N/A,RAINING,WET,DARK LIGHTS ON,TRAFFIC SIGNAL,NONE DETECTED,N/A,977A32E2-2588-4465-91E8-867BFFB7BD43,PEDESTRIAN,Cross/Enter at Intersection,NO IMPROPER ACTIONS,AT INTERSECTION MARKED CROSSWALK,No,SUSPECTED MINOR INJURY,N/A,38.99418,-77.03288167,"(38.99418, -77.03288167)"
MCP136600B1,20004686,Montgomery County Police,Injury Crash,10/22/2020 12:46:00 PM,Maryland (State),DARNESTOWN RD,MUDDY BRANCH RD,,N/A,BICYCLIST,SAME DIRECTION SIDESWIPE,CLEAR,DRY,DAYLIGHT,TRAFFIC SIGNAL,NONE DETECTED,NONE DETECTED,D2AB854A-B546-4230-A6CC-049638D7B170,BICYCLIST,Cross/Enter at Intersection,NO IMPROPER ACTIONS,ON ROADWAY AT CROSSWALK,No,SUSPECTED MINOR INJURY,MC/BIKE HELMET,39.10287667,-77.220525,"(39.10287667, -77.220525)"
EJ7876003Y,210045443,Gaithersburg Police Depar,Injury Crash,11/09/2021 06:00:00 PM,Municipality,STORY DR,CROWN FARM DR,,N/A,BICYCLIST,OTHER,CLEAR,DRY,DARK -- UNKNOWN LIGHTING,NO CONTROLS,NONE DETECTED,NONE DETECTED,9036A371-124E-44E4-8342-B1E225F44399,BICYCLIST,Cross/Enter at Intersection,NO IMPROPER ACTIONS,ON ROADWAY AT CROSSWALK,No,POSSIBLE INJURY,MC/BIKE HELMET,39.11586362,-77.21188477,"(39.11586362, -77.21188477)"
MCP3024002G,220017750,Montgomery County Police,Injury Crash,04/27/2022 03:58:00 PM,County,WISTERIA DR,CIRCLE GATE DR,,N/A,PEDESTRIAN,SINGLE VEHICLE,CLEAR,DRY,DAYLIGHT,NO CONTROLS,N/A,N/A,86E1A882-F253-4067-B374-E51D7BEB9CE3,PEDESTRIAN,Cross/Enter at Intersection,UNKNOWN,UNKNOWN,Unknown,SUSPECTED MINOR INJURY,N/A,39.17272678,-77.26414402,"(39.17272678, -77.26414402)"
MCP2818001W,16028823,Montgomery County Police,Injury Crash,06/08/2016 05:00:00 PM,Maryland (State),GEORGIA AVE,CAMERON ST,,N/A,PEDESTRIAN,OTHER,CLEAR,DRY,DAYLIGHT,TRAFFIC SIGNAL,NONE DETECTED,NONE DETECTED,4FE83547-1427-491C-8EE2-43C3D39EDAEE,PEDESTRIAN,Cross/Enter at Intersection,NO IMPROPER ACTIONS,AT INTERSECTION MARKED CROSSWALK,No,POSSIBLE INJURY,N/A,38.99769833,-77.02968333,"(38.99769833, -77.02968333)"
MCP3035000B,17006938,Montgomery County Police,Injury Crash,02/08/2017 05:03:00 PM,County,MARSTON LA,THOMAS FARM RD,,N/A,PEDESTRIAN,SINGLE VEHICLE,CLEAR,DRY,DAYLIGHT,N/A,NONE DETECTED,NONE DETECTED,18C3CE11-B7BB-40C7-9142-FFEBE00CA9B0,PEDESTRIAN,Standing,NO IMPROPER ACTIONS,SIDEWALK,No,SUSPECTED SERIOUS INJURY,N/A,39.17397283,-77.197193,"(39.17397283, -77.197193)"
MCP2552005G,230013787,Montgomery County Police,Injury Crash,03/21/2023 09:51:00 PM,County,SHADY GROVE RD,BRIARDALE RD,,N/A,BICYCLIST,SAME DIR REAR END,CLEAR,DRY,DARK LIGHTS ON,NO CONTROLS,UNKNOWN,NONE DETECTED,6229535D-57C0-4810-B59E-3B121845FA3F,BICYCLIST,Walking/Riding w/Traffic,NO IMPROPER ACTIONS,ON ROADWAY NOT AT CROSSWALK,No,SUSPECTED MINOR INJURY,NONE,39.13441178,-77.15753169,"(39.13441178, -77.15753169)"
MCP3268005K,250015958,MONTGOMERY,Injury Crash,04/10/2025 11:30:00 PM,County Route,,,,,Pedestrian,Single Vehicle,Clear,,Dark - Not Lighted,Pedestrian Crossing Sign,"Unknown, Unknown","Not Suspect of Alcohol Use, Not Suspect of Drug Use",DAE0B5F4-D996-4577-99F7-09109CB578C3,Pedestrian,Cross/Enter at Intersection,None (No Improper Action),Intersection Marked Crosswalk,No,Suspected Minor Injury,None,39.03897286,-76.99200988,"(39.03897286, -76.99200988)"
MCP3237000G,200013398,Montgomery County Police,Injury Crash,03/20/2020 02:39:00 PM,,PORTSIDE CT,FALLBROOK CT,,N/A,PEDESTRIAN,SINGLE VEHICLE,CLEAR,DRY,DAYLIGHT,NO CONTROLS,NONE DETECTED,NONE DETECTED,8D4A634C-FDD0-47C5-87AF-4A8734AF57CA,PEDESTRIAN,Getting off/on Vehicle,ENTERING EXITING PARKED STANDING VEHICLE,ON ROADWAY NOT AT CROSSWALK,Yes,SUSPECTED SERIOUS INJURY,NONE,39.14381833,-77.184915,"(39.14381833, -77.184915)"
MCP94390002,15017410,Montgomery County Police,Injury Crash,04/15/2015 10:32:00 PM,Maryland (State),FREDERICK RD,REDLAND BLVD,,ROCKVILLE,PEDESTRIAN,STRAIGHT MOVEMENT ANGLE,RAINING,WET,DARK LIGHTS ON,TRAFFIC SIGNAL,NONE DETECTED,N/A,476C1954-0A5D-4E96-9403-239F9359DCE9,PEDESTRIAN,Cross/Enter at Intersection,NO IMPROPER ACTIONS,ON ROADWAY AT CROSSWALK,,POSSIBLE INJURY,N/A,39.11569,-77.166265,"(39.11569, -77.166265)"
MCP26120016,15055028,MONTGOMERY,Injury Crash,10/29/2015 04:51:00 PM,,,,In the parking lot of 3654 Bel Pre Rd.,,PEDESTRIAN,SINGLE VEHICLE,CLEAR,,DAYLIGHT,N/A,NONE DETECTED,NONE DETECTED,E5C2F0FC-6CC2-4E09-9DED-1A3E4BB2EFD5,PEDESTRIAN,Approach/Leaving Schoolbus,IN ROADWAY IMPROPERLY,OTHER,Yes,SUSPECTED SERIOUS INJURY,NONE,39.092355,-77.07349667,"(39.092355, -77.07349667)"
DD56350015,190029923,Rockville Police Departme,Injury Crash,06/22/2019 10:22:00 PM,,,,14672 SOUTHLAWN LN,,PEDESTRIAN,OTHER,CLEAR,,DARK LIGHTS ON,N/A,NONE DETECTED,NONE DETECTED,A7553BB8-7090-48D4-A07F-CCE2079021C7,PEDESTRIAN,Standing,OTHER,OTHER,No,POSSIBLE INJURY,N/A,39.09605299,-77.13893373,"(39.09605299, -77.13893373)"
MCP2466004M,230066764,Montgomery County Police,Injury Crash,11/16/2023 06:05:00 PM,County,SETTLERS LANDING WAY,LAKE WINDS WAY,,N/A,PEDESTRIAN,SINGLE VEHICLE,CLEAR,DRY,DARK LIGHTS ON,NO CONTROLS,NONE DETECTED,NONE DETECTED,7AEAC3AA-D60C-4E71-A650-4D7998C51AB5,PEDESTRIAN,Walking/Cycling on Sidewalk,UNKNOWN,AT INTERSECTION BUT NO CROSSWALK,Unknown,POSSIBLE INJURY,NONE,39.0906019,-77.22631213,"(39.0906019, -77.22631213)"
MCP26670017,15050547,MONTGOMERY,Injury Crash,10/06/2015 07:24:00 AM,County,WASHINGTON GROVE LA,FLOWER HILL WAY,,N/A,PEDESTRIAN,SINGLE VEHICLE,CLEAR,DRY,DAYLIGHT,NO CONTROLS,NONE DETECTED,NONE DETECTED,CA4E4198-32AC-43F4-BD16-466469A3F174,PEDESTRIAN,Cross/Enter not at Intersection,IN ROADWAY IMPROPERLY,ON ROADWAY NOT AT CROSSWALK,Yes,SUSPECTED MINOR INJURY,NONE,39.15103,-77.16846667,"(39.15103, -77.16846667)"
DM8522004F,250032881,TAKOMA,Property Damage Crash,05/29/2025 03:10:00 PM,Maryland (State) Route,NEW HAMPSHIRE AVE (SB/L),GLENSIDE DR,,,Cyclist (Electric),Single Vehicle,Clear,Dry,Daylight,Traffic Control Signal,"Not Suspect of Alcohol Use, Not Suspect of Drug Use","Not Suspect of Alcohol Use, Not Suspect of Drug Use",80812865-F5D7-4958-89A6-DB4FD7147762,Cyclist (Electric),Cross/Enter at Intersection,None (No Improper Action),Intersection Marked Crosswalk,No,No Apparent Injury,Helmet,38.9816261,-76.98898662,"(38.9816261, -76.98898662)"
MCP3222002V,240052297,MONTGOMERY,Injury Crash,10/31/2024 04:57:00 PM,County Route,FERNWOOD RD,GREYSWOOD RD,,,Pedestrian,Single Vehicle,Clear,Dry,Daylight,Traffic Control Signal,"Not Suspect of Alcohol Use, Not Suspect of Drug Use","Not Suspect of Alcohol Use, Not Suspect of Drug Use",332B449B-8A07-4539-A5CF-4AE632769646,Pedestrian,Cross/Enter at Intersection,None (No Improper Action),Intersection Marked Crosswalk,No,Suspected Minor Injury,None,39.0182433,-77.1333093,"(39.0182433, -77.1333093)"
MCP271700P6,190031745,Montgomery County Police,Injury Crash,07/03/2019 04:30:00 PM,,,,10400 AUTO PARK AVENUE (PARKING LOT OF CADILLAC CAR DEALERSHIP),,PEDESTRIAN,OTHER,CLEAR,,DAYLIGHT,NO CONTROLS,NONE DETECTED,NONE DETECTED,029B25FB-1974-4A62-B43A-E47F6D35BF47,PEDESTRIAN,Cross/Enter not at Intersection,DART DASH,ON ROADWAY NOT AT CROSSWALK,Yes,SUSPECTED MINOR INJURY,N/A,39.027235,-77.14683467,"(39.027235, -77.14683467)"
MCP2954002Y,17008657,Montgomery County Police,Injury Crash,02/17/2017 03:12:00 PM,,,,10801 LOCKWOOD DR IN THE PARKING LOT TO THE REAR NEAR THE ENTRANCE,,PEDESTRIAN,SINGLE VEHICLE,CLEAR,,DAYLIGHT,NO CONTROLS,UNKNOWN,NONE DETECTED,8B95DAC6-2678-4587-A9F8-C0BBD10C7A6C,PEDESTRIAN,Other,N/A,ON ROADWAY AT CROSSWALK,No,POSSIBLE INJURY,N/A,39.03250899,-77.00229138,"(39.03250899, -77.00229138)"
MCP3257000R,200035349,Montgomery County Police,Injury Crash,09/09/2020 02:01:00 PM,,,,PARKING LOT OF LEDOS PIZZA 5245 RIVER RD,,PEDESTRIAN,OTHER,CLEAR,,DAYLIGHT,NO CONTROLS,UNKNOWN,N/A,C766C177-36C4-4AA1-87C9-D06FC903C9DE,PEDESTRIAN,Standing,N/A,OTHER,No,SUSPECTED MINOR INJURY,NONE,38.96603276,-77.10452051,"(38.96603276, -77.10452051)"
MCP28400013,170504579,Montgomery County Police,Injury Crash,04/27/2017 06:30:00 PM,Maryland (State),NEW HAMPSHIRE AVE,SHAW AVE E,,N/A,PEDESTRIAN,SAME DIR REAR END,N/A,DRY,DAYLIGHT,NO CONTROLS,"N/A, NONE DETECTED",N/A,B4D5073C-DEF5-4D4D-982A-4A1B0D41DC6C,PEDESTRIAN,Standing,NO IMPROPER ACTIONS,SHOULDER,No,SUSPECTED MINOR INJURY,N/A,39.06878816,-77.00289488,"(39.06878816, -77.00289488)"
MCP2565001S,15033708,MONTGOMERY,Injury Crash,07/09/2015 09:56:00 PM,,,,"In Parking lot of 11710 Hunters Lane, Rockville, MD",,PEDESTRIAN,OTHER,CLEAR,,DARK LIGHTS ON,NO CONTROLS,NONE DETECTED,NONE DETECTED,DC11BE07-8B7B-4A5D-9ECA-CA97ECF17D47,PEDESTRIAN,Other,NO IMPROPER ACTIONS,OTHER,No,SUSPECTED MINOR INJURY,N/A,39.04886473,-77.09873557,"(39.04886473, -77.09873557)"
MCP289100DS,240039168,MONTGOMERY,Injury Crash,08/19/2024 01:48:00 PM,County Route,DALE DR,,,,Scooter (electric),Single Vehicle,Clear,Dry,Daylight,Traffic Control Signal,"Not Suspect of Alcohol Use, Not Suspect of Drug Use","Not Suspect of Alcohol Use, Not Suspect of Drug Use",B3186629-BBAB-4B47-ACA9-CE66937778F5,Scooter (electric),Cross/Enter at Intersection,"Inattentive (Talking, Eating, etc.), None (No Improper Action)",Intersection Marked Crosswalk,No,Suspected Minor Injury,None,39.00521457,-77.02278187,"(39.00521457, -77.02278187)"
MCP12270028,240062364,MONTGOMERY,Injury Crash,12/31/2024 06:13:00 PM,County Route,E FRANKLIN AVE,UNIVERSITY BLVD E (WB/L),,,Pedestrian,Single Vehicle,Rain,Wet,Dark - Lighted,Pedestrian Crossing,"Not Suspect of Alcohol Use, Not Suspect of Drug Use","Suspect of Alcohol Use, Not Suspect of Drug Use",A6DEC110-93C4-45B1-B56B-CAF296493DF5,Pedestrian,Cross/Enter at Intersection,"Failure to Obey Traffic Signs, Signals, or Officer, In Roadway Improperly (Standing, Lying, Working, Playing), Not Visible (Dark Clothing, No Lighting, etc.)",Intersection Marked Crosswalk,Yes,Suspected Serious Injury,None,39.01210985,-77.00250114,"(39.01210985, -77.00250114)"
MCP27080043,180064590,Montgomery County Police,Injury Crash,12/26/2018 05:00:00 PM,Maryland (State),PINEY BRANCH RD,FLOWER AVE,,N/A,PEDESTRIAN,HEAD ON LEFT TURN,CLEAR,DRY,DUSK,TRAFFIC SIGNAL,NONE DETECTED,NONE DETECTED,0F06F111-E7C9-4CA0-B271-2EC1F5E2BAC5,PEDESTRIAN,Cross/Enter at Intersection,N/A,AT INTERSECTION MARKED CROSSWALK,No,SUSPECTED MINOR INJURY,NONE,38.99819333,-77.00348,"(38.99819333, -77.00348)"
MCP0617000L,16025109,Montgomery County Police,Injury Crash,05/26/2016 02:06:00 PM,,,,PARKING LOT OF 18207 VILLAGE CENTER DR,,PEDESTRIAN,OTHER,CLOUDY,,DAYLIGHT,NO CONTROLS,N/A,ALCOHOL PRESENT,52D5C223-AF1C-492D-86BB-C70A6121E333,PEDESTRIAN,Other,INATTENTIVE,OTHER,Yes,SUSPECTED MINOR INJURY,N/A,39.12148667,-77.00988333,"(39.12148667, -77.00988333)"
MCP2695000W,16047338,Montgomery County Police,Injury Crash,09/15/2016 12:01:00 PM,County,LOCKWOOD DR,NEW HAMPSHIRE AVE,,N/A,PEDESTRIAN,SINGLE VEHICLE,CLEAR,DRY,DAYLIGHT,NO CONTROLS,N/A,N/A,A68A07D2-1361-49A9-B844-BDD4E03A0C9B,PEDESTRIAN,Cross/Enter at Intersection,IN ROADWAY IMPROPERLY,ON ROADWAY NOT AT CROSSWALK,No,POSSIBLE INJURY,N/A,39.0393207,-76.99142575,"(39.0393207, -76.99142575)"
MCP3027001C,170541992,Montgomery County Police,Injury Crash,11/10/2017 07:13:00 AM,,,,8301 FENTON ST,,OTHER,OTHER,CLEAR,,DAYLIGHT,N/A,N/A,N/A,901E9F88-EADF-4E9A-98C8-FE9BB15BC478,OTHER,Getting off/on Vehicle,NO IMPROPER ACTIONS,OTHER,No,SUSPECTED MINOR INJURY,NONE,38.99330667,-77.02398167,"(38.99330667, -77.02398167)"
MCP1213008D,230058536,Montgomery County Police,Injury Crash,10/04/2023 04:45:00 PM,County,GOOD HOPE RD,SANDY HOLLOW CT,,N/A,PEDESTRIAN,SINGLE VEHICLE,CLEAR,DRY,DAYLIGHT,NO CONTROLS,,NONE DETECTED,8AD7DDE0-812C-47E7-B588-943F8B3F232B,PEDESTRIAN,Standing,ENTERING EXITING PARKED STANDING VEHICLE,ON ROADWAY NOT AT CROSSWALK,Yes,SUSPECTED SERIOUS INJURY,NONE,39.09764333,-76.98539167,"(39.09764333, -76.98539167)"
MCP2552000X,16029030,Montgomery County Police,Injury Crash,06/09/2016 04:42:00 PM,,,,"PARKING LOT OF 12321 PARKLAWN DRIVE, ROCKVILLE, MD 20852",,PEDESTRIAN,OTHER,CLEAR,,DAYLIGHT,N/A,UNKNOWN,N/A,1AFCEF25-F233-4C41-975B-6E1AF1A3DC91,PEDESTRIAN,Other Working,NO IMPROPER ACTIONS,OTHER,No,SUSPECTED MINOR INJURY,N/A,39.059955,-77.11130667,"(39.059955, -77.11130667)"
MCP13970015,180025254,Montgomery County Police,Injury Crash,05/23/2018 07:59:00 AM,County,WATKINS MILL RD,GREENRIVER TERR,,N/A,PEDESTRIAN,OTHER,CLEAR,DRY,DAYLIGHT,PERSON,N/A,NONE DETECTED,5978E481-B408-4BB5-B52C-FF4F132BB2B8,PEDESTRIAN,Standing,NO IMPROPER ACTIONS,OTHER,No,SUSPECTED MINOR INJURY,N/A,39.19040595,-77.22419858,"(39.19040595, -77.22419858)"
MCP3039000N,170515413,Montgomery County Police,Injury Crash,06/23/2017 07:50:00 PM,Maryland (State),OLD GEORGETOWN RD,RAMP 4 FR MD 187 NB TO IS 495 EB,,N/A,BICYCLIST,SAME DIR REAR END,CLEAR,DRY,DAYLIGHT,TRAFFIC SIGNAL,NONE DETECTED,NONE DETECTED,1D97FA12-9737-4990-823B-AC984C47B1BB,BICYCLIST,Walking/Riding w/Traffic,NO IMPROPER ACTIONS,ON ROADWAY NOT AT CROSSWALK,No,SUSPECTED MINOR INJURY,MC/BIKE HELMET,39.01477089,-77.11841695,"(39.01477089, -77.11841695)"
MCP30040009,16002262,Montgomery County Police,Injury Crash,01/12/2016 10:20:00 PM,,,,THE EXIT OF THE PARKING GARAGE ON WOODGLEN DRIVE,,BICYCLIST,OTHER,CLEAR,,DARK -- UNKNOWN LIGHTING,N/A,NONE DETECTED,UNKNOWN,CE89B5DD-EA02-477A-BB72-66E117D8BED9,BICYCLIST,Walking/Cycling on Sidewalk,NOT VISIBLE,SIDEWALK,Yes,SUSPECTED MINOR INJURY,UNKNOWN,39.04197687,-77.11324498,"(39.04197687, -77.11324498)"
MCP284800BZ,230005556,Montgomery County Police,Injury Crash,02/07/2023 09:39:00 AM,County,PICKERING PL,WATERS LANDING DR,,N/A,PEDESTRIAN,OTHER,N/A,DRY,DAYLIGHT,NO CONTROLS,NONE DETECTED,NONE DETECTED,8A579EFE-33CB-4B75-9826-586DC040BE3E,PEDESTRIAN,Walking to/from school,FAILURE TO YIELD RIGHT OF WAY,ON ROADWAY NOT AT CROSSWALK,Yes,SUSPECTED MINOR INJURY,NONE,39.18998,-77.270155,"(39.18998, -77.270155)"
MCP25980021,180053745,Montgomery County Police,Injury Crash,10/26/2018 09:08:00 PM,Maryland (State),PINEY BRANCH RD,SILVER SPRING AVE,,N/A,PEDESTRIAN,STRAIGHT MOVEMENT ANGLE,RAINING,WET,DARK LIGHTS ON,NO CONTROLS,N/A,N/A,DB2F230C-3323-45C8-A118-8A0E5E4F793A,PEDESTRIAN,Cross/Enter not at Intersection,IN ROADWAY IMPROPERLY,OUTSIDE RIGHT OF WAY,Yes,SUSPECTED MINOR INJURY,NONE,38.99349176,-77.00914788,"(38.99349176, -77.00914788)"
MCP2291006V,230023734,Montgomery County Police,Injury Crash,05/17/2023 06:04:00 PM,County,HAMILTON SPRING RD,HAMILTON SPRING CT,,N/A,BICYCLIST,SAME DIRECTION SIDESWIPE,CLEAR,DRY,DAYLIGHT,NO CONTROLS,NONE DETECTED,NONE DETECTED,A8B3B853-B457-4DF5-ACB6-717A2A1B8DA6,BICYCLIST,Walking/Riding w/Traffic,NO IMPROPER ACTIONS,N/A,No,SUSPECTED SERIOUS INJURY,MC/BIKE HELMET,38.98897767,-77.168729,"(38.98897767, -77.168729)"
DD5604002Z,190036284,Rockville Police Departme,Injury Crash,07/30/2019 11:10:00 AM,,,,51 MANNAKEE STREET PARKING LOT #5,,PEDESTRIAN,OTHER,CLEAR,,DAYLIGHT,NO CONTROLS,NONE DETECTED,NONE DETECTED,50FB890C-3913-4F20-8384-DE42EA258E6F,PEDESTRIAN,Other,NO IMPROPER ACTIONS,OTHER,No,POSSIBLE INJURY,NONE,39.09963105,-77.15955905,"(39.09963105, -77.15955905)"
MCP28090049,190032434,Montgomery County Police,Injury Crash,07/08/2019 02:45:00 PM,Maryland (State),GEORGIA AVE,FENWICK LA,,N/A,OTHER CONVEYANCE,OTHER,CLOUDY,DRY,DAYLIGHT,N/A,N/A,N/A,70838C9D-B119-4590-8A8B-769C63FCB18A,OTHER CONVEYANCE,Cross/Enter at Intersection,NO IMPROPER ACTIONS,AT INTERSECTION MARKED CROSSWALK,No,SUSPECTED MINOR INJURY,N/A,38.99823155,-77.03063312,"(38.99823155, -77.03063312)"
MCP2899005Z,220053114,Montgomery County Police,Fatal Crash,12/01/2022 08:41:00 PM,Maryland (State),ROCKVILLE PIKE,TALBOTT ST,,ROCKVILLE,PEDESTRIAN,STRAIGHT MOVEMENT ANGLE,CLEAR,DRY,DARK LIGHTS ON,NO CONTROLS,NONE DETECTED,ALCOHOL CONTRIBUTED,CAA75231-17AE-4085-B460-54FB44B18717,PEDESTRIAN,Cross/Enter not at Intersection,IN ROADWAY IMPROPERLY,ON ROADWAY NOT AT CROSSWALK,Yes,FATAL INJURY,NONE,39.07110667,-77.13198833,"(39.07110667, -77.13198833)"
MCP27890024,16002818,Montgomery County Police,Injury Crash,01/15/2016 04:00:00 PM,County,MANCHESTER RD,E WAYNE AVE,,N/A,PEDESTRIAN,SINGLE VEHICLE,CLEAR,DRY,DAYLIGHT,NO CONTROLS,N/A,N/A,50389101-ED99-4016-AC5C-34A12326FC6E,PEDESTRIAN,Walking/Riding w/Traffic,IN ROADWAY IMPROPERLY,OUTSIDE RIGHT OF WAY,Yes,SUSPECTED MINOR INJURY,N/A,39.00258167,-77.01118333,"(39.00258167, -77.01118333)"
MCP32580013,210025401,Montgomery County Police,Injury Crash,07/02/2021 12:39:00 PM,County,PRICE AVE,GEORGIA AVE,,N/A,BICYCLIST,SAME DIR REAR END,CLEAR,DRY,DAYLIGHT,N/A,N/A,N/A,2A1469EE-07C0-485C-84EC-5058E82DC486,BICYCLIST,Walking/Riding w/Traffic,UNKNOWN,ON ROADWAY NOT AT CROSSWALK,Unknown,SUSPECTED MINOR INJURY,MC/BIKE HELMET,39.04009167,-77.051125,"(39.04009167, -77.051125)"
MCP2563000R,180034957,Montgomery County Police,Fatal Crash,07/15/2018 08:48:00 AM,,,,PARKING LOT OF 19620 WHITE GROUND ROAD,,PEDESTRIAN,SINGLE VEHICLE,CLEAR,,DAYLIGHT,NO CONTROLS,,UNKNOWN,17F8F349-6498-4021-820B-3E80A0CD8BCE,PEDESTRIAN,Unknown,UNKNOWN,OTHER,Unknown,FATAL INJURY,NONE,39.17753833,-77.32008333,"(39.17753833, -77.32008333)"
MCP22030029,170549506,Montgomery County Police,Injury Crash,12/19/2017 01:35:00 PM,County,AMHERST AVE,UNIVERSITY BLVD W,,N/A,PEDESTRIAN,ANGLE MEETS RIGHT TURN,CLEAR,DRY,DAYLIGHT,TRAFFIC SIGNAL,NONE DETECTED,NONE DETECTED,8121C4DF-8D1F-4E59-B879-5A66EE8A587D,PEDESTRIAN,Cross/Enter at Intersection,NO IMPROPER ACTIONS,ON ROADWAY AT CROSSWALK,No,SUSPECTED MINOR INJURY,NONE,39.04075833,-77.04814833,"(39.04075833, -77.04814833)"
MCP2177001W,170512885,Montgomery County Police,Injury Crash,06/10/2017 12:30:00 PM,Maryland (State),DARNESTOWN RD,MUDDY BRANCH RD,,N/A,BICYCLIST,SAME DIRECTION RIGHT TURN,CLEAR,DRY,DAYLIGHT,TRAFFIC SIGNAL,UNKNOWN,NONE DETECTED,D611F962-0D1E-4FB0-A7D2-BCE994617E97,BICYCLIST,N/A,NO IMPROPER ACTIONS,IN BIKEWAY,No,SUSPECTED MINOR INJURY,MC/BIKE HELMET,39.102735,-77.22112333,"(39.102735, -77.22112333)"
MCP30680027,190005751,Montgomery County Police,Injury Crash,02/06/2019 10:35:00 AM,County,WISCONSIN CIR,WISCONSIN AVE,,N/A,PEDESTRIAN,N/A,CLEAR,DRY,DARK LIGHTS ON,TRAFFIC SIGNAL,N/A,N/A,32CC3DF7-CD22-4677-BF67-9332CA690A7B,PEDESTRIAN,Cross/Enter at Intersection,NO IMPROPER ACTIONS,AT INTERSECTION MARKED CROSSWALK,No,SUSPECTED MINOR INJURY,N/A,38.96299,-77.08527833,"(38.96299, -77.08527833)"
MCP2760004H,230066932,Montgomery County Police,Injury Crash,11/17/2023 04:10:00 PM,County,MONTGOMERY VILLAGE AVE,CENTERWAY RD,,N/A,PEDESTRIAN,OTHER,CLEAR,DRY,DUSK,NO CONTROLS,N/A,N/A,B7AD6816-0BA4-41B5-886A-0BBBE151CD88,PEDESTRIAN,Cross/Enter not at Intersection,DART DASH,ON ROADWAY NOT AT CROSSWALK,Yes,SUSPECTED MINOR INJURY,N/A,39.17238667,-77.20381167,"(39.17238667, -77.20381167)"
MCP25520028,180000091,Montgomery County Police,Injury Crash,01/01/2018 03:25:00 PM,,,,"PARKING LOT OF 12051 ROCKVILLE PIKE, ROCKVILLE, MD 20851.",,PEDESTRIAN,OTHER,CLEAR,,DAYLIGHT,N/A,N/A,N/A,C4345F08-F201-4AAF-BA22-1B3482F5B76C,PEDESTRIAN,Cross/Enter not at Intersection,NO IMPROPER ACTIONS,ON ROADWAY AT CROSSWALK,No,SUSPECTED MINOR INJURY,N/A,39.05494275,-77.11521506,"(39.05494275, -77.11521506)"