Report Number,Local Case Number,Agency Name,ACRS Report Type,Crash Date/Time,Route Type,Road Name,Cross-Street Name,Off-Road Description,Municipality,Related Non-Motorist,Collision Type,Weather,Surface Condition,Light,Traffic Control,Driver Substance Abuse,Non-Motorist Substance Abuse,Person ID,Pedestrian Type,Pedestrian Movement,Pedestrian Actions,Pedestrian Location,At Fault,Injury Severity,Safety Equipment,Latitude,Longitude,Location
MCP3153002R,210035766,Montgomery County Police,Property Damage Crash,09/11/2021 01:55:00 PM,County,KEATING ST,INDEPENDENCE ST,,N/A,PEDESTRIAN,HEAD ON,CLEAR,DRY,DAYLIGHT,NO CONTROLS,"ALCOHOL CONTRIBUTED, NONE DETECTED",N/A,1E48DDB3-A930-4AF4-8740-3C7B68D0703D,PEDESTRIAN,Standing,NO IMPROPER ACTIONS,OTHER,No,NO APPARENT INJURY,N/A,39.07431833,-77.09076,"(39.07431833, -77.09076)"
MCP1438002S,16033074,Montgomery County Police,Injury Crash,06/30/2016 10:49:00 AM,County,EPSILON DR,EPSILON PL,,N/A,PEDESTRIAN,SAME DIR REAR END,CLEAR,DRY,DAYLIGHT,NO CONTROLS,NONE DETECTED,NONE DETECTED,A64D706D-54E3-4455-B144-AC1BD0306A35,PEDESTRIAN,Standing,NO IMPROPER ACTIONS,OTHER,No,NO APPARENT INJURY,N/A,39.13841333,-77.16330667,"(39.13841333, -77.16330667)"
MCP1580004X,15062796,MONTGOMERY,Injury Crash,12/09/2015 06:37:00 AM,County,GAITHER RD,SHADY GROVE RD,,N/A,PEDESTRIAN,OTHER,N/A,DRY,DARK LIGHTS ON,TRAFFIC SIGNAL,NONE DETECTED,UNKNOWN,F7C502CF-9CE1-40B0-9186-5614EACFAD09,PEDESTRIAN,Cross/Enter at Intersection,NO IMPROPER ACTIONS,AT INTERSECTION MARKED CROSSWALK,No,POSSIBLE INJURY,N/A,39.11731,-77.18363667,"(39.11731, -77.18363667)"
MCP28660054,180063057,Montgomery County Police,Injury Crash,12/17/2018 07:56:00 PM,County,CEDAR LA,SAUL RD,,N/A,PEDESTRIAN,OTHER,CLEAR,DRY,DARK LIGHTS ON,TRAFFIC SIGNAL,UNKNOWN,NONE DETECTED,18FF8A9B-CC47-4E6E-A8E3-E89F1D975197,PEDESTRIAN,Cross/Enter at Intersection,NO IMPROPER ACTIONS,AT INTERSECTION MARKED CROSSWALK,No,SUSPECTED MINOR INJURY,NONE,39.01665342,-77.08789371,"(39.01665342, -77.08789371)"
EJ7885003K,230057360,Gaithersburg Police Depar,Injury Crash,09/28/2023 06:17:00 PM,,,,IN THE PARKING GARAGE OF 10121 WASHINGTONIAN BLVD,,PEDESTRIAN,OTHER,CLEAR,,DAYLIGHT,NO CONTROLS,UNKNOWN,NONE DETECTED,9E6D56D2-6A46-402C-9ADA-3028BC182D75,PEDESTRIAN,Standing,OTHER,OTHER,No,POSSIBLE INJURY,N/A,39.1202178,-77.2044607,"(39.1202178, -77.2044607)"
DD5595000V,15001558,Rockville Police Departme,Property Damage Crash,01/10/2015 01:03:00 PM,,,,THE REAR OF THE PARKING LOT AT 820 BALTIMORE RD,,OTHER,SINGLE VEHICLE,CLEAR,,DAYLIGHT,N/A,NONE DETECTED,N/A,04E6C31A-1A67-428A-BC16-A7FC8271E446,OTHER,N/A,N/A,OTHER,,NO APPARENT INJURY,N/A,39.08497103,-77.13515997,"(39.08497103, -77.13515997)"
MCP28500016,180048206,Montgomery County Police,Injury Crash,09/27/2018 03:35:00 AM,County,STEDWICK RD,WATKINS MILL RD,,N/A,PEDESTRIAN,OPPOSITE DIRECTION SIDESWIPE,RAINING,WET,DARK LIGHTS ON,NO CONTROLS,ALCOHOL PRESENT,N/A,322684B3-1FD0-4042-A9FF-C82BC23FB40A,PEDESTRIAN,Standing,NO IMPROPER ACTIONS,ON ROADWAY NOT AT CROSSWALK,No,SUSPECTED SERIOUS INJURY,N/A,39.170935,-77.21022167,"(39.170935, -77.21022167)"
MCP2686002N,180023937,Montgomery County Police,Injury Crash,05/15/2018 05:20:00 PM,Maryland (State),FREDERICK RD,BROOKS AVE,,GAITHERSBURG,BICYCLIST,STRAIGHT MOVEMENT ANGLE,CLEAR,DRY,DAYLIGHT,NO CONTROLS,NONE DETECTED,UNKNOWN,31607F01-B537-4797-8D2A-ED2B36DF33E2,BICYCLIST,Walking/Cycling on Sidewalk,UNKNOWN,SIDEWALK,No,SUSPECTED SERIOUS INJURY,NONE,39.14336167,-77.200995,"(39.14336167, -77.200995)"
MCP2708001D,16045389,Montgomery County Police,Injury Crash,09/05/2016 04:13:00 PM,County,CARROLL AVE,PINEY BRANCH RD,,N/A,BICYCLIST,SAME DIRECTION RIGHT TURN,CLEAR,DRY,DAYLIGHT,TRAFFIC SIGNAL,UNKNOWN,NONE DETECTED,C3A1DCBA-5FE5-480C-A249-CA8E10C6BD56,BICYCLIST,Walking/Cycling on Sidewalk,N/A,ON ROADWAY AT CROSSWALK,Yes,POSSIBLE INJURY,NONE,38.99983,-76.99064,"(38.99983, -76.99064)"
DM85220036,240052201,TAKOMA,Property Damage Crash,10/31/2024 09:07:00 AM,Maryland (State) Route,,PINEY BRANCH RD,,,Pedestrian,Single Vehicle,Clear,Dry,Daylight,Pedestrian Crossing,"Not Suspect of Alcohol Use, Not Suspect of Drug Use","Not Suspect of Alcohol Use, Not Suspect of Drug Use",A7CD5EAF-DE8E-4F79-AB54-FE0EF1765DA7,Pedestrian,Cross/Enter at Intersection,None (No Improper Action),Intersection Marked Crosswalk,No,No Apparent Injury,None,38.98313937,-77.01539537,"(38.98313937, -77.01539537)"
DD5610005Q,190031674,Rockville Police Departme,Injury Crash,07/03/2019 10:53:00 AM,Municipality,MT VERNON PL,ROCKVILLE PIKE,,N/A,PEDESTRIAN,OTHER,CLEAR,DRY,DAYLIGHT,STOP SIGN,NONE DETECTED,N/A,363C98D6-3772-41DC-B9CE-B95CD752E012,PEDESTRIAN,Other,NO IMPROPER ACTIONS,ON ROADWAY AT CROSSWALK,No,POSSIBLE INJURY,N/A,39.07886167,-77.142135,"(39.07886167, -77.142135)"
MCP2656003C,180044582,Montgomery County Police,Property Damage Crash,09/06/2018 07:13:00 PM,County,BRANTFORD AVE,NEW HAMPSHIRE AVE,,N/A,BICYCLIST,STRAIGHT MOVEMENT ANGLE,N/A,DRY,DARK LIGHTS ON,N/A,N/A,N/A,34F4DA45-1672-470C-AF15-449A7CFC313A,BICYCLIST,Cross/Enter at Intersection,NO IMPROPER ACTIONS,AT INTERSECTION MARKED CROSSWALK,No,NO APPARENT INJURY,MC/BIKE HELMET,39.05920833,-76.99764,"(39.05920833, -76.99764)"
MCP31630060,230055809,Montgomery County Police,Injury Crash,09/19/2023 06:23:00 PM,Maryland (State),ROCKVILLE PIKE,EDSON LA,,N/A,PEDESTRIAN,HEAD ON LEFT TURN,CLEAR,DRY,DAYLIGHT,TRAFFIC SIGNAL,N/A,N/A,6793FB86-BD34-42B6-AF08-1E47C1539A66,PEDESTRIAN,Cross/Enter at Intersection,NO IMPROPER ACTIONS,ON ROADWAY AT CROSSWALK,No,POSSIBLE INJURY,NONE,39.04066867,-77.109677,"(39.04066867, -77.109677)"
MCP9417000Y,15054976,MONTGOMERY,Injury Crash,10/29/2015 12:00:00 PM,County,EDSON LA,WOODGLEN DR,,N/A,PEDESTRIAN,OTHER,CLEAR,DRY,DAYLIGHT,PERSON,UNKNOWN,NONE DETECTED,8E2C6FE6-BDC9-48D8-9028-0FCB2F766DB5,PEDESTRIAN,Standing,NO IMPROPER ACTIONS,OTHER,No,POSSIBLE INJURY,REFLECTIVE CLOTHING,39.04020833,-77.11192667,"(39.04020833, -77.11192667)"
MCP271700W5,210041996,Montgomery County Police,Property Damage Crash,10/19/2021 03:15:00 PM,US (State),COLUMBIA PIKE,TECH RD,,N/A,PEDESTRIAN,OTHER,CLEAR,DRY,DAYLIGHT,TRAFFIC SIGNAL,NONE DETECTED,NONE DETECTED,3B6D1BE4-C94E-4058-B9FB-EC43E11A1FC0,PEDESTRIAN,Cross/Enter at Intersection,NO IMPROPER ACTIONS,ON ROADWAY AT CROSSWALK,No,NO APPARENT INJURY,NONE,39.05789533,-76.96816317,"(39.05789533, -76.96816317)"
MCP3109002Y,190033882,Montgomery County Police,Injury Crash,07/17/2019 10:00:00 AM,County,FOREST GLEN RD,SLIGO CREEK PKWY,,N/A,BICYCLIST,SINGLE VEHICLE,CLEAR,DRY,DAYLIGHT,TRAFFIC SIGNAL,NONE DETECTED,NONE DETECTED,E10795A1-984D-4138-85AE-A6E5CDBCD2E4,BICYCLIST,Walking/Riding w/Traffic,NO IMPROPER ACTIONS,ON ROADWAY NOT AT CROSSWALK,No,SUSPECTED SERIOUS INJURY,MC/BIKE HELMET,39.01631283,-77.0321085,"(39.01631283, -77.0321085)"
MCP30900087,250014386,MONTGOMERY,Injury Crash,04/02/2025 04:30:00 PM,Maryland (State) Route,MUNCASTER MILL RD (WB/L),,,,Pedestrian,Single Vehicle,Cloudy,Dry,Daylight,No Controls,"Not Suspect of Alcohol Use, Not Suspect of Drug Use","Not Suspect of Alcohol Use, Not Suspect of Drug Use",DBC63A7F-77E5-4369-B609-3D477F64E97A,Pedestrian,Cross/Enter Not at Intersection,Dart/Dash,Travel Lane Other Location,Yes,Suspected Minor Injury,None,39.15861606,-77.15992111,"(39.15861606, -77.15992111)"
MCP2372002C,190049760,Montgomery County Police,Injury Crash,10/17/2019 09:31:00 AM,,,,PARKING LOT OF 5214 RIVER ROAD,,PEDESTRIAN,SINGLE VEHICLE,CLEAR,,DAYLIGHT,N/A,NONE DETECTED,NONE DETECTED,B97021D4-97A1-4429-A5F1-A276D73D6D58,PEDESTRIAN,Other,NO IMPROPER ACTIONS,OTHER,No,POSSIBLE INJURY,NONE,38.964625,-77.10461667,"(38.964625, -77.10461667)"
MCP2348005S,200002572,Montgomery County Police,Fatal Crash,01/15/2020 08:41:00 PM,Maryland (State),ROCKVILLE PIKE,ROLLINS AVE,,ROCKVILLE,PEDESTRIAN,SINGLE VEHICLE,CLEAR,DRY,DARK LIGHTS ON,TRAFFIC SIGNAL,NONE DETECTED,UNKNOWN,8B5E5D5B-C526-476F-829D-28228166602C,PEDESTRIAN,Unknown,UNKNOWN,UNKNOWN,Yes,FATAL INJURY,NONE,39.05748,-77.12031,"(39.05748, -77.12031)"
MCP115100BG,190059445,Montgomery County Police,Injury Crash,12/10/2019 08:30:00 AM,County,MIDDLEBROOK RD,ENT TO BUSINESS,,N/A,PEDESTRIAN,OTHER,CLOUDY,WET,DAYLIGHT,NO CONTROLS,UNKNOWN,NONE DETECTED,2DA10919-577C-47F6-82C3-B782B6675207,PEDESTRIAN,Cross/Enter at Intersection,UNKNOWN,AT INTERSECTION BUT NO CROSSWALK,No,SUSPECTED MINOR INJURY,N/A,39.1758385,-77.25480717,"(39.1758385, -77.25480717)"
MCP2586004F,180056363,Montgomery County Police,Injury Crash,11/09/2018 06:31:00 PM,County,STEWART LA,OLD COLUMBIA PIKE,,N/A,PEDESTRIAN,OTHER,CLEAR,DRY,DARK LIGHTS ON,NO CONTROLS,UNKNOWN,NONE DETECTED,25D81DF1-1BA8-4263-A0C8-33EB50D0FC75,PEDESTRIAN,Cross/Enter at Intersection,NO IMPROPER ACTIONS,ON ROADWAY AT CROSSWALK,No,POSSIBLE INJURY,N/A,39.04625267,-76.98656163,"(39.04625267, -76.98656163)"
MCP29050056,220002282,Montgomery County Police,Injury Crash,01/19/2022 06:49:00 AM,County,DEMOCRACY BLVD,BELLS MILL RD,,N/A,PEDESTRIAN,STRAIGHT MOVEMENT ANGLE,CLOUDY,WET,DARK LIGHTS ON,NO CONTROLS,N/A,N/A,2B085D08-63A1-46EE-A069-02200307D912,PEDESTRIAN,Cross/Enter at Intersection,NOT VISIBLE,ON ROADWAY NOT AT CROSSWALK,Unknown,SUSPECTED SERIOUS INJURY,NONE,39.02316607,-77.15377932,"(39.02316607, -77.15377932)"
MCP31110076,230055715,Montgomery County Police,Injury Crash,09/19/2023 10:26:00 AM,County,BATTERY LA,WOODMONT AVE,,N/A,BICYCLIST,SINGLE VEHICLE,CLEAR,DRY,DAYLIGHT,TRAFFIC SIGNAL,NONE DETECTED,NONE DETECTED,5B5AB40D-97BE-4859-B4CE-5B8155AF02E6,BICYCLIST,Walking/Cycling on Sidewalk,NO IMPROPER ACTIONS,SIDEWALK,Yes,SUSPECTED MINOR INJURY,NONE,38.992645,-77.0974075,"(38.992645, -77.0974075)"
MCP2941003W,190062360,Montgomery County Police,Injury Crash,12/10/2019 06:08:00 PM,Maryland (State),GEORGIA AVE,FENWICK LA,,N/A,PEDESTRIAN,OTHER,RAINING,WET,DARK LIGHTS ON,OTHER,UNKNOWN,NONE DETECTED,9D6432B3-D409-43B8-91A0-306F071F0C08,PEDESTRIAN,Cross/Enter at Intersection,NO IMPROPER ACTIONS,ON ROADWAY AT CROSSWALK,No,POSSIBLE INJURY,NONE,38.99817812,-77.03059596,"(38.99817812, -77.03059596)"
MCP2546002J,180046952,Montgomery County Police,Property Damage Crash,09/19/2018 01:25:00 PM,County,E JEFFERSON ST,MONTROSE RD,,N/A,OTHER,OTHER,CLEAR,DRY,DAYLIGHT,OTHER,NONE DETECTED,NONE DETECTED,B96521D3-1975-4BF3-8681-1EFD8BE77771,OTHER,Other,OTHER,MEDIAN,No,NO APPARENT INJURY,REFLECTIVE CLOTHING,39.04965789,-77.126099,"(39.04965789, -77.126099)"
MCP29820026,170547437,Montgomery County Police,Injury Crash,12/08/2017 06:53:00 PM,US (State),COLESVILLE RD,SPRING ST,,N/A,PEDESTRIAN,OTHER,CLEAR,DRY,DARK LIGHTS ON,UNKNOWN,UNKNOWN,NONE DETECTED,1D617DB5-AEA5-49B6-9969-B0DEB24DD89C,PEDESTRIAN,Cross/Enter at Intersection,NO IMPROPER ACTIONS,AT INTERSECTION MARKED CROSSWALK,No,SUSPECTED MINOR INJURY,N/A,38.9990128,-77.02622473,"(38.9990128, -77.02622473)"
MCP13780059,15014654,Montgomery County Police,Injury Crash,03/30/2015 06:37:00 PM,County,TOWNE CREST CT,TOWNE CREST DR,,N/A,PEDESTRIAN,SINGLE VEHICLE,CLEAR,DRY,DAYLIGHT,N/A,NONE DETECTED,NONE DETECTED,5805A951-44B4-485D-AE0B-51548CDD7F9F,PEDESTRIAN,Playing,DART DASH,OTHER,,SUSPECTED MINOR INJURY,N/A,39.145455,-77.17360667,"(39.145455, -77.17360667)"
MCP3158001F,190026188,Montgomery County Police,Injury Crash,06/01/2019 06:52:00 PM,County,SNOUFFERS SCHOOL RD,WOODFIELD RD,,N/A,PEDESTRIAN,OTHER,CLEAR,DRY,DAYLIGHT,WARNING SIGN,NONE DETECTED,NONE DETECTED,A1885F74-610F-4881-9007-17A7D44A93D1,PEDESTRIAN,Other,NO IMPROPER ACTIONS,ON ROADWAY AT CROSSWALK,No,POSSIBLE INJURY,NONE,39.16084,-77.163385,"(39.16084, -77.163385)"
MCP9318000L,180031038,Montgomery County Police,Injury Crash,06/23/2018 09:15:00 PM,County,CASTLE BLVD,TEAGARDEN CIR,,N/A,PEDESTRIAN,OTHER,CLEAR,DRY,DARK LIGHTS ON,NO CONTROLS,NONE DETECTED,NONE DETECTED,5EA97E46-11C2-4020-95BE-4ABD860524EE,PEDESTRIAN,Cross/Enter not at Intersection,DART DASH,ON ROADWAY NOT AT CROSSWALK,Yes,SUSPECTED SERIOUS INJURY,N/A,39.08186667,-76.94466,"(39.08186667, -76.94466)"
MCP28860010,15057995,MONTGOMERY,Injury Crash,11/13/2015 04:19:00 PM,County,GRIDLEY RD,SELFRIDGE RD,,N/A,PEDESTRIAN,SINGLE VEHICLE,CLEAR,DRY,DAYLIGHT,N/A,NONE DETECTED,NONE DETECTED,AA212CF7-22FD-467D-A997-6CBB4912CF52,PEDESTRIAN,Cross/Enter at Intersection,NO IMPROPER ACTIONS,AT INTERSECTION MARKED CROSSWALK,No,POSSIBLE INJURY,NONE,39.056545,-77.08547,"(39.056545, -77.08547)"
MCP28450021,16041930,Montgomery County Police,Injury Crash,08/18/2016 01:10:00 PM,,,,SIDEWALK PARALLEL TO 10008 COLESVILLE ROAD,,BICYCLIST,SINGLE VEHICLE,CLEAR,,DAYLIGHT,NO CONTROLS,NONE DETECTED,NONE DETECTED,12E9569A-45E2-424C-8F6D-F3ECC535EDD2,BICYCLIST,Walking/Cycling on Sidewalk,WRONG WAY RIDING OR WALKING,SIDEWALK,No,POSSIBLE INJURY,MC/BIKE HELMET,39.01908783,-77.01417089,"(39.01908783, -77.01417089)"
MCP3014000P,16032310,Montgomery County Police,Injury Crash,06/26/2016 03:14:00 AM,Maryland (State),GEORGIA AVE,CONNECTICUT AVE,,N/A,PEDESTRIAN,STRAIGHT MOVEMENT ANGLE,CLEAR,DRY,DARK LIGHTS ON,NO CONTROLS,UNKNOWN,ALCOHOL CONTRIBUTED,EB750F75-5C93-472D-A218-D7F9307C26AE,PEDESTRIAN,Cross/Enter not at Intersection,IN ROADWAY IMPROPERLY,ON ROADWAY NOT AT CROSSWALK,Yes,SUSPECTED MINOR INJURY,NONE,39.08314096,-77.07761317,"(39.08314096, -77.07761317)"
MCP235800CZ,240049406,MONTGOMERY,Injury Crash,10/16/2024 10:00:00 AM,County Route,MACARTHUR BLVD,PERSIMMON TREE RD,,,Cyclist (non-electric),Single Vehicle,Clear,Dry,Daylight,Stop Sign,"Not Suspect of Alcohol Use, Not Suspect of Drug Use","Not Suspect of Alcohol Use, Not Suspect of Drug Use",37ED2AEF-409A-4EFB-8598-9F867498F543,Cyclist (non-electric),Walking/Cycling Along Roadway Against Traffic (In or Adjacent to Travel Lane),None (No Improper Action),Shoulder/Roadside,No,Suspected Serious Injury,Helmet,38.97429686,-77.1682134,"(38.97429686, -77.1682134)"
DM8450000C,15049110,TAKOMA,Property Damage Crash,09/28/2015 08:57:00 AM,Municipality,MAPLE AVE,LEE AVE,,TAKOMA PARK,"BICYCLIST, PEDESTRIAN",OTHER,CLOUDY,DRY,DAYLIGHT,SCHOOL ZONE SIGN DEVICE,,NONE DETECTED,93AE9100-BABB-4D4D-A203-609338F919B6,BICYCLIST,Walking/Riding w/Traffic,FAILURE TO YIELD RIGHT OF WAY,AT INTERSECTION MARKED CROSSWALK,Yes,NO APPARENT INJURY,NONE,38.979885,-77.007915,"(38.979885, -77.007915)"
MCP3328004S,250023227,MONTGOMERY,Injury Crash,05/25/2025 09:00:00 PM,Maryland (State) Route,VEIRS MILL RD (WB/L),,,,Pedestrian,Single Vehicle,Clear,Dry,Dark - Lighted,Pedestrian Crossing Sign,"Not Suspect of Alcohol Use, Not Suspect of Drug Use","Suspect of Alcohol Use, Not Suspect of Drug Use",81D80606-A115-42C6-BFA2-A28E6A8DAA01,Pedestrian,Cross/Enter Not at Intersection,"Dart/Dash, Failure to Yield Right-Of-Way, Not Visible (Dark Clothing, No Lighting, etc.)",Travel Lane Other Location,Yes,Suspected Serious Injury,None,39.04417177,-77.06320304,"(39.04417177, -77.06320304)"
MCP003600CJ,190060627,Montgomery County Police,Injury Crash,12/16/2019 05:23:00 PM,County,CENTURY BLVD,PINNACLE DR,,N/A,PEDESTRIAN,SINGLE VEHICLE,RAINING,WET,DARK LIGHTS ON,STOP SIGN,NONE DETECTED,NONE DETECTED,D291BCC2-2F2D-4EC0-9C06-68B67932A7DF,PEDESTRIAN,Cross/Enter at Intersection,NO IMPROPER ACTIONS,ON ROADWAY AT CROSSWALK,No,POSSIBLE INJURY,NONE,39.18250383,-77.26570667,"(39.18250383, -77.26570667)"
MCP1334004M,17001589,Montgomery County Police,Injury Crash,01/10/2017 09:56:00 AM,,,,PARKING LOT OF 19227 WATKINS MILL RD,,PEDESTRIAN,SINGLE VEHICLE,CLOUDY,,DAYLIGHT,NO CONTROLS,NONE DETECTED,NONE DETECTED,1608CFB5-7D3A-470B-8B94-4621203DD3D1,PEDESTRIAN,Cross/Enter at Intersection,NO IMPROPER ACTIONS,AT INTERSECTION BUT NO CROSSWALK,No,SUSPECTED MINOR INJURY,NONE,39.17128211,-77.20726177,"(39.17128211, -77.20726177)"
MCP28120011,15005442,Montgomery County Police,Injury Crash,02/03/2015 10:09:00 AM,County,FENTON ST,ELLSWORTH DR,,N/A,PEDESTRIAN,SINGLE VEHICLE,CLEAR,DRY,DAYLIGHT,TRAFFIC SIGNAL,N/A,N/A,2D60AD7C-9329-47B4-9D4C-C951555264DA,PEDESTRIAN,Cross/Enter at Intersection,NO IMPROPER ACTIONS,ON ROADWAY AT CROSSWALK,,POSSIBLE INJURY,N/A,38.99688,-77.02540833,"(38.99688, -77.02540833)"
MCP27100045,220024661,Montgomery County Police,Injury Crash,06/08/2022 07:50:00 PM,County,LONGDRAFT RD,PHEASANT RUN DR,,GAITHERSBURG,MACHINE OPERATOR/RIDER,STRAIGHT MOVEMENT ANGLE,RAINING,WET,DAYLIGHT,N/A,NONE DETECTED,NONE DETECTED,370591B1-A208-4699-B1B7-2A54755452D5,MACHINE OPERATOR/RIDER,Cross/Enter at Intersection,INATTENTIVE,ON ROADWAY NOT AT CROSSWALK,Yes,POSSIBLE INJURY,NONE,39.14463696,-77.23817045,"(39.14463696, -77.23817045)"
MCP31990021,200026750,Montgomery County Police,Injury Crash,07/10/2020 06:23:00 AM,Maryland (State),VEIRS MILL RD,BUSHEY DR,,N/A,OTHER CONVEYANCE,SAME DIR REAR END,CLEAR,DRY,DAYLIGHT,NO CONTROLS,NONE DETECTED,NONE DETECTED,AAB0A796-AA4A-436D-AEC2-97724B8C71F8,OTHER CONVEYANCE,Other,INATTENTIVE,OTHER,Yes,SUSPECTED MINOR INJURY,MC/BIKE HELMET,39.05463833,-77.07975333,"(39.05463833, -77.07975333)"
MCP2857003C,210027614,Montgomery County Police,Injury Crash,07/17/2021 11:09:00 AM,Maryland (State),QUINCE ORCHARD RD,GREAT SENECA HWY,,N/A,BICYCLIST,SAME DIRECTION SIDESWIPE,CLEAR,DRY,DAYLIGHT,TRAFFIC SIGNAL,NONE DETECTED,NONE DETECTED,1B83EACC-6EF9-49F7-8847-534064A2C30F,BICYCLIST,Walking/Riding w/Traffic,NO IMPROPER ACTIONS,ON ROADWAY NOT AT CROSSWALK,No,SUSPECTED MINOR INJURY,MC/BIKE HELMET,39.12875113,-77.23630311,"(39.12875113, -77.23630311)"
MCP283200BL,250011627,MONTGOMERY,Injury Crash,03/17/2025 10:45:00 AM,Municipality Route,FARRAGUT AVE,LEXINGTON ST,,,Pedestrian,Single Vehicle,Clear,Dry,Daylight,Stop Sign,"Not Suspect of Alcohol Use, Not Suspect of Drug Use","Not Suspect of Alcohol Use, Not Suspect of Drug Use",4255432F-FE24-43BB-83D9-3BA46D745617,Pedestrian,Cross/Enter at Intersection,Other,Intersection Unmarked Crosswalk,No,Possible Injury,None,39.03184022,-77.07236932,"(39.03184022, -77.07236932)"
MCP2641003M,230066732,Montgomery County Police,Injury Crash,11/16/2023 03:20:00 PM,Maryland (State),GEORGIA AVE,GOLD MINE RD,,N/A,BICYCLIST,HEAD ON LEFT TURN,CLEAR,DRY,DAYLIGHT,TRAFFIC SIGNAL,NONE DETECTED,NONE DETECTED,EDBA9767-FA15-44BB-B64E-7E329333CF09,BICYCLIST,Cross/Enter at Intersection,NO IMPROPER ACTIONS,ON ROADWAY NOT AT CROSSWALK,No,POSSIBLE INJURY,MC/BIKE HELMET,39.17206833,-77.05902167,"(39.17206833, -77.05902167)"
MCP2001002B,240042560,MONTGOMERY,Fatal Crash,09/08/2024 04:40:00 AM,Maryland (State) Route,NEW HAMPSHIRE AVE (SB/L),RODNEY RD,,,Pedestrian,Single Vehicle,Clear,Dry,Dark - Unknown Lighting,Stop Sign,"Suspect of Alcohol Use, Unknown","Not Suspect of Alcohol Use, Not Suspect of Drug Use",E7478DA5-AC66-4571-A76F-25F05C80855A,Pedestrian,Cross/Enter at Intersection,Unknown,Intersection Other,Yes,Fatal Injury,None,39.02867395,-76.98327452,"(39.02867395, -76.98327452)"
MCP28590073,190032715,Montgomery County Police,Injury Crash,07/12/2019 09:00:00 AM,,,,"GARAGE BEHIND 9420 KEY WEST AVE, GAITHERSBURG, MD, 20878",,PEDESTRIAN,OTHER,CLEAR,,DARK -- UNKNOWN LIGHTING,NO CONTROLS,UNKNOWN,NONE DETECTED,4281002E-5997-4A77-878D-B73AD3B4042F,PEDESTRIAN,Cross/Enter not at Intersection,NO IMPROPER ACTIONS,OTHER,No,POSSIBLE INJURY,NONE,39.10298535,-77.19419552,"(39.10298535, -77.19419552)"
MCP93790012,16066977,Montgomery County Police,Injury Crash,12/29/2016 02:14:00 PM,Municipality,S STONESTREET AVE,BALTIMORE RD,,N/A,PEDESTRIAN,STRAIGHT MOVEMENT ANGLE,CLEAR,DRY,DAYLIGHT,N/A,NONE DETECTED,NONE DETECTED,7C3D19DE-B48A-4D76-8FF2-0729398A79F2,PEDESTRIAN,Cross/Enter at Intersection,NO IMPROPER ACTIONS,AT INTERSECTION MARKED CROSSWALK,No,POSSIBLE INJURY,NONE,39.08284532,-77.14354187,"(39.08284532, -77.14354187)"
MCP2722004Z,230063091,Montgomery County Police,Injury Crash,10/28/2023 05:04:00 PM,,,,PARKING LOT OF 2904 N LEISURE WORLD BLVD,,PEDESTRIAN,SINGLE VEHICLE,CLEAR,,DAYLIGHT,NO CONTROLS,NONE DETECTED,NONE DETECTED,502693D8-67C1-4A01-84C0-EAE77A72CCF3,PEDESTRIAN,Other,NO IMPROPER ACTIONS,OTHER,No,SUSPECTED MINOR INJURY,NONE,39.104894,-77.05995717,"(39.104894, -77.05995717)"
MCP2844001W,16063618,Montgomery County Police,Injury Crash,12/11/2016 06:36:00 PM,Maryland (State),VEIRS MILL RD,ENT TO WHEATON PLAZA,,N/A,PEDESTRIAN,OTHER,N/A,DRY,DARK LIGHTS ON,NO CONTROLS,NONE DETECTED,NONE DETECTED,F0FE77EC-9195-4412-BA92-43224C97B2DD,PEDESTRIAN,Cross/Enter not at Intersection,NO IMPROPER ACTIONS,ON ROADWAY AT CROSSWALK,No,SUSPECTED MINOR INJURY,N/A,39.0372884,-77.05765218,"(39.0372884, -77.05765218)"
MCP33420017,230057592,Montgomery County Police,Injury Crash,09/29/2023 09:47:00 PM,County,VEIRS MILL RD,VEIRS MILL RD,,N/A,PEDESTRIAN,OTHER,N/A,WET,DARK NO LIGHTS,TRAFFIC SIGNAL,UNKNOWN,ALCOHOL PRESENT,57FEB7CA-E2E5-4AB6-A50E-BD16F7AB074F,PEDESTRIAN,Unknown,UNKNOWN,UNKNOWN,Unknown,SUSPECTED SERIOUS INJURY,NONE,39.0448662,-77.06478595,"(39.0448662, -77.06478595)"
DD5604003K,200029470,Rockville Police Departme,Injury Crash,07/29/2020 04:41:00 PM,Municipality,EDMONSTON DR,VEIRS MILL SERV RD,,ROCKVILLE,BICYCLIST,STRAIGHT MOVEMENT ANGLE,CLEAR,DRY,DAYLIGHT,STOP SIGN,NONE DETECTED,NONE DETECTED,4B48EDD0-1673-45E3-B932-BF4C2A25AF77,BICYCLIST,Walking/Riding w/Traffic,FAILURE TO OBEY TRAFFIC SIGNS SIGNALS OR OFFICER,ON ROADWAY NOT AT CROSSWALK,Yes,SUSPECTED MINOR INJURY,NONE,39.078304,-77.13051683,"(39.078304, -77.13051683)"
MCP2714001L,200008878,Montgomery County Police,Injury Crash,02/22/2020 03:20:00 PM,,,,PARKING LOT IN FRONT OF 12214 VEIRS MILL RD,,PEDESTRIAN,HEAD ON LEFT TURN,CLEAR,,DAYLIGHT,N/A,UNKNOWN,N/A,7E3B5855-D973-4416-8C39-B57518704F3E,PEDESTRIAN,Push/Work on Vehicle,INATTENTIVE,SIDEWALK,No,POSSIBLE INJURY,NONE,39.05647487,-77.08386766,"(39.05647487, -77.08386766)"