Report Number,Local Case Number,Agency Name,ACRS Report Type,Crash Date/Time,Route Type,Road Name,Cross-Street Name,Off-Road Description,Municipality,Related Non-Motorist,Collision Type,Weather,Surface Condition,Light,Traffic Control,Driver Substance Abuse,Non-Motorist Substance Abuse,Person ID,Pedestrian Type,Pedestrian Movement,Pedestrian Actions,Pedestrian Location,At Fault,Injury Severity,Safety Equipment,Latitude,Longitude,Location
EJ78370031,180049248,Gaithersburg Police Depar,Injury Crash,10/02/2018 02:39:00 PM,Municipality,FIRSTFIELD RD,FIRSTFIELD RD (AHEAD),,N/A,PEDESTRIAN,SINGLE VEHICLE,CLEAR,N/A,DAYLIGHT,NO CONTROLS,N/A,N/A,6C1B01B9-BB08-4EE8-A421-D3ED6FEA8CC5,PEDESTRIAN,Cross/Enter at Intersection,NO IMPROPER ACTIONS,AT INTERSECTION BUT NO CROSSWALK,No,POSSIBLE INJURY,NONE,39.144765,-77.21921667,"(39.144765, -77.21921667)"
DD56530013,220007841,Rockville Police Departme,Property Damage Crash,02/22/2022 06:00:00 PM,Municipality,N WASHINGTON ST,W MONTGOMERY AVE,,ROCKVILLE,PEDESTRIAN,SINGLE VEHICLE,CLOUDY,WET,DARK LIGHTS ON,TRAFFIC SIGNAL,N/A,N/A,B5B12EF5-DEBC-4AD2-9360-FB6E763EFC9E,PEDESTRIAN,Cross/Enter at Intersection,UNKNOWN,ON ROADWAY AT CROSSWALK,No,NO APPARENT INJURY,NONE,39.084364,-77.15278617,"(39.084364, -77.15278617)"
DD56330083,230008437,Rockville Police Departme,Injury Crash,02/19/2023 08:00:00 PM,Maryland (State),VEIRS MILL RD,ATLANTIC AVE,,ROCKVILLE,PEDESTRIAN,OTHER,CLEAR,DRY,DARK LIGHTS ON,TRAFFIC SIGNAL,NONE DETECTED,NONE DETECTED,7E21D8A2-62BF-4C98-AE11-49A11302D4F2,PEDESTRIAN,Cross/Enter not at Intersection,DART DASH,ON ROADWAY NOT AT CROSSWALK,Yes,SUSPECTED MINOR INJURY,NONE,39.07491545,-77.11553743,"(39.07491545, -77.11553743)"
MCP2707001D,180062919,Montgomery County Police,Injury Crash,12/17/2018 08:00:00 AM,Maryland (State),FREDERICK RD,RAMP 8 FR MD 355 SB TO IS 370 WB,,N/A,PEDESTRIAN,SAME DIRECTION RIGHT TURN,CLEAR,DRY,DAYLIGHT,N/A,UNKNOWN,NONE DETECTED,0A3109EA-795A-49B6-94DB-8F54EA8E1C55,PEDESTRIAN,Cross/Enter at Intersection,INATTENTIVE,AT INTERSECTION MARKED CROSSWALK,No,SUSPECTED MINOR INJURY,NONE,39.12366524,-77.17905555,"(39.12366524, -77.17905555)"
MCP30680008,170526461,Montgomery County Police,Injury Crash,08/23/2017 07:24:00 PM,Maryland (State),OLD GEORGETOWN RD,RAMP 4 FR MD 187 NB TO IS 495 EB,,N/A,BICYCLIST,HEAD ON LEFT TURN,CLEAR,DRY,DAYLIGHT,TRAFFIC SIGNAL,N/A,N/A,3792D5EB-1C1F-4090-9B6F-8C739F70A506,BICYCLIST,Walking/Cycling on Sidewalk,FAILURE TO OBEY TRAFFIC SIGNS SIGNALS OR OFFICER,ON ROADWAY AT CROSSWALK,Yes,POSSIBLE INJURY,MC/BIKE HELMET,39.01504167,-77.118695,"(39.01504167, -77.118695)"
MCP3129007V,230057809,Montgomery County Police,Injury Crash,10/01/2023 07:30:00 AM,Maryland (State),GEORGIA AVE,ASPEN HILL RD,,N/A,PEDESTRIAN,OTHER,CLEAR,DRY,DAYLIGHT,TRAFFIC SIGNAL,NONE DETECTED,NONE DETECTED,04305442-8938-4E80-965B-97877E01430B,PEDESTRIAN,Unknown,INATTENTIVE,UNKNOWN,Unknown,SUSPECTED MINOR INJURY,NONE,39.08041082,-77.07525236,"(39.08041082, -77.07525236)"
MCP3012006Y,200031220,Montgomery County Police,Fatal Crash,08/11/2020 10:09:00 AM,County,BEL PRE RD,LONDON LA,,N/A,PEDESTRIAN,SINGLE VEHICLE,CLEAR,DRY,DAYLIGHT,NO CONTROLS,UNKNOWN,N/A,200A8E58-E5FA-4BA9-B7DC-D4F49531776B,PEDESTRIAN,Standing,ENTERING EXITING PARKED STANDING VEHICLE,OTHER,No,FATAL INJURY,N/A,39.092935,-77.08049333,"(39.092935, -77.08049333)"
MCP3037006L,240049487,MONTGOMERY,Injury Crash,10/16/2024 03:46:00 PM,County Route,OBSERVATION DR (SB/L),MILESTONE CENTER DR (NB/L),,,Pedestrian,Unknown,Clear,Dry,Daylight,"Person (including flagger, law enforcement, crossing guard, etc.","Not Suspect of Alcohol Use, Not Suspect of Drug Use","Not Suspect of Alcohol Use, Not Suspect of Drug Use",15507302-FC64-40CB-861E-0719787847FA,Pedestrian,Walking/Cycling Along Roadway With Traffic (In or Adjacent to Travel Lane),None (No Improper Action),Intersection Marked Crosswalk,No,Suspected Minor Injury,None,39.20383788,-77.25977099,"(39.20383788, -77.25977099)"
DD5615003D,170508051,Rockville Police Departme,Injury Crash,05/16/2017 09:44:00 AM,Maryland (State),HUNGERFORD DR,FREDERICK AVE #2,,ROCKVILLE,PEDESTRIAN,OTHER,CLEAR,DRY,DAYLIGHT,NO CONTROLS,NONE DETECTED,NONE DETECTED,C13115A6-3D85-4FFD-ADB1-FA97086F90C0,PEDESTRIAN,Cross/Enter not at Intersection,FAILURE TO YIELD RIGHT OF WAY,OUTSIDE RIGHT OF WAY,Yes,POSSIBLE INJURY,NONE,39.09451,-77.15309667,"(39.09451, -77.15309667)"
MCP2991003W,190040989,Montgomery County Police,Injury Crash,08/26/2019 08:20:00 PM,County,HINES RD,WELLFLEET DR,,N/A,PEDESTRIAN,SINGLE VEHICLE,CLEAR,DRY,DARK LIGHTS ON,N/A,N/A,N/A,C404D28E-0035-45B1-A0A7-C8CF71E68B88,PEDESTRIAN,Cross/Enter at Intersection,NO IMPROPER ACTIONS,AT INTERSECTION MARKED CROSSWALK,No,POSSIBLE INJURY,NONE,39.14143267,-77.07796833,"(39.14143267, -77.07796833)"
MCP2411003F,190027727,Montgomery County Police,Injury Crash,06/10/2019 04:08:00 PM,,,,PARKING LOT OF UNIQUE THRIFT STORE,,PEDESTRIAN,OTHER,CLOUDY,,DAYLIGHT,UNKNOWN,UNKNOWN,ALCOHOL PRESENT,BC47460A-0554-45D8-9425-11F7FFC8FA28,PEDESTRIAN,Unknown,UNKNOWN,UNKNOWN,Unknown,POSSIBLE INJURY,N/A,39.05699503,-77.08239273,"(39.05699503, -77.08239273)"
MCP26500016,230050435,Montgomery County Police,Injury Crash,08/20/2023 09:26:00 PM,County,HILLANDALE RD,BRADLEY BLVD,,N/A,PEDESTRIAN,SINGLE VEHICLE,CLEAR,DRY,DARK LIGHTS ON,TRAFFIC SIGNAL,NONE DETECTED,NONE DETECTED,40E0881A-7D2D-414E-8A63-0CE960474748,PEDESTRIAN,Cross/Enter at Intersection,NO IMPROPER ACTIONS,ON ROADWAY AT CROSSWALK,No,SUSPECTED MINOR INJURY,N/A,38.9778,-77.09670833,"(38.9778, -77.09670833)"
MCP21070039,210024485,Montgomery County Police,Injury Crash,06/26/2021 09:09:00 AM,County,BARNESVILLE RD,MT EPHRAIM RD,,N/A,BICYCLIST,SAME DIR REAR END,CLEAR,DRY,DAYLIGHT,NO CONTROLS,NONE DETECTED,NONE DETECTED,0F2B82F9-E612-4714-87E5-73A19033D525,BICYCLIST,Walking/Riding w/Traffic,NO IMPROPER ACTIONS,OTHER,No,SUSPECTED MINOR INJURY,MC/BIKE HELMET,39.22623333,-77.40316167,"(39.22623333, -77.40316167)"
DD5623000Q,170550182,Rockville Police Departme,Injury Crash,12/22/2017 02:40:00 PM,Municipality,BURGUNDY DR,PINEWOOD RD,,ROCKVILLE,BICYCLIST,STRAIGHT MOVEMENT ANGLE,CLEAR,DRY,DAYLIGHT,STOP SIGN,NONE DETECTED,ALCOHOL PRESENT,9F83C7AB-991C-40F7-8A15-D25E8238A930,BICYCLIST,Walking/Riding w/Traffic,NO IMPROPER ACTIONS,ON ROADWAY NOT AT CROSSWALK,No,SUSPECTED MINOR INJURY,NONE,39.09032283,-77.14256267,"(39.09032283, -77.14256267)"
MCP28910040,170523155,Montgomery County Police,Injury Crash,08/05/2017 11:34:00 AM,Maryland (State),GEORGIA AVE,FOREST GLEN RD,,N/A,PEDESTRIAN,SINGLE VEHICLE,CLEAR,DRY,DAYLIGHT,TRAFFIC SIGNAL,NONE DETECTED,NONE DETECTED,5A11D6D5-2A15-4381-B0E6-ECB4014CA598,PEDESTRIAN,Cross/Enter at Intersection,OTHER,AT INTERSECTION MARKED CROSSWALK,No,SUSPECTED SERIOUS INJURY,NONE,39.01587583,-77.0427145,"(39.01587583, -77.0427145)"
MCP2934003R,190031395,Montgomery County Police,Injury Crash,07/01/2019 06:46:00 PM,County,WESTLAKE TERR,AUTO PARK AVE,,N/A,PEDESTRIAN,OTHER,CLEAR,DRY,DAYLIGHT,TRAFFIC SIGNAL,NONE DETECTED,NONE DETECTED,20202D83-D6A2-4674-B4F6-3B699236EC2D,PEDESTRIAN,Cross/Enter at Intersection,NO IMPROPER ACTIONS,ON ROADWAY AT CROSSWALK,No,POSSIBLE INJURY,NONE,39.02661289,-77.14558403,"(39.02661289, -77.14558403)"
MCP2046006W,170510819,Montgomery County Police,Injury Crash,05/31/2017 07:20:00 AM,County,DENNIS AVE,ROYALTON RD,,N/A,PEDESTRIAN,STRAIGHT MOVEMENT ANGLE,CLOUDY,WET,DAYLIGHT,NO CONTROLS,NONE DETECTED,NONE DETECTED,00585223-14D1-4513-AEDD-56F688689028,PEDESTRIAN,Cross/Enter not at Intersection,IN ROADWAY IMPROPERLY,ON ROADWAY NOT AT CROSSWALK,Yes,POSSIBLE INJURY,N/A,39.02742088,-77.01719239,"(39.02742088, -77.01719239)"
MCP3080002K,200012073,Montgomery County Police,Injury Crash,03/12/2020 06:31:00 PM,County,MIDDLEBROOK RD,CRYSTAL ROCK DR,,N/A,BICYCLIST,N/A,CLEAR,DRY,DAYLIGHT,TRAFFIC SIGNAL,NONE DETECTED,N/A,FCCD6E79-8D0A-4FE4-B215-75E1CBA68449,BICYCLIST,Cross/Enter at Intersection,N/A,AT INTERSECTION MARKED CROSSWALK,No,POSSIBLE INJURY,NONE,39.17686072,-77.26440422,"(39.17686072, -77.26440422)"
MCP3258004G,250000871,MONTGOMERY,Injury Crash,01/07/2025 06:17:00 PM,Local Route,WHEATON PLZ RING RD CUT,,,,Pedestrian,Single Vehicle,Snow,Slush,Dark - Lighted,Pedestrian Crossing,"Not Suspect of Alcohol Use, Not Suspect of Drug Use","Not Suspect of Alcohol Use, Not Suspect of Drug Use",845F2373-990F-4D68-93BE-DAE911B23C7F,Pedestrian,Cross/Enter Not at Intersection,None (No Improper Action),Travel Lane Other Location,No,Suspected Minor Injury,None,39.0374745,-77.05735933,"(39.0374745, -77.05735933)"
MCP32280067,240040945,MONTGOMERY,Injury Crash,08/29/2024 03:43:00 PM,County Route,KENNETT ST,13TH ST,,,Scooter (electric),Single Vehicle,Clear,Dry,Daylight,Pedestrian Crossing Sign,"Not Suspect of Alcohol Use, Not Suspect of Drug Use","Not Suspect of Alcohol Use, Not Suspect of Drug Use",091FFBBB-67C9-49BD-A62E-922FAEF65F4C,Scooter (electric),Cross/Enter at Intersection,None (No Improper Action),Intersection Marked Crosswalk,No,Suspected Minor Injury,None,38.98728559,-77.02777053,"(38.98728559, -77.02777053)"
MCP2982004F,220042750,Montgomery County Police,Injury Crash,09/30/2022 09:05:00 PM,County,SPRING ST,FIRST AVE,,N/A,PEDESTRIAN,OTHER,CLEAR,WET,DARK LIGHTS ON,NO CONTROLS,NONE DETECTED,N/A,7013A708-8B0B-407A-9FBB-D3238EC49AB2,PEDESTRIAN,Cross/Enter not at Intersection,FAILURE TO YIELD RIGHT OF WAY,SHOULDER,Yes,POSSIBLE INJURY,NONE,38.99897853,-77.03279139,"(38.99897853, -77.03279139)"
MCP3075001W,180057739,Montgomery County Police,Injury Crash,11/17/2018 04:07:00 PM,County,SHAKESPEARE BLVD,OBSERVATION DR,,N/A,PEDESTRIAN,OTHER,CLEAR,DRY,DAYLIGHT,NO CONTROLS,NONE DETECTED,NONE DETECTED,2E71615D-B61E-4F19-AE02-E54A05D6234A,PEDESTRIAN,Cross/Enter at Intersection,NO IMPROPER ACTIONS,ON ROADWAY AT CROSSWALK,No,SUSPECTED MINOR INJURY,N/A,39.19745366,-77.25231727,"(39.19745366, -77.25231727)"
MCP2722002S,170550433,Montgomery County Police,Injury Crash,12/23/2017 08:08:00 PM,Maryland (State),GEORGIA AVE,ENT TO APTS,,N/A,PEDESTRIAN,SINGLE VEHICLE,N/A,WET,DARK LIGHTS ON,STOP SIGN,N/A,N/A,04D3E27F-2A9F-4A12-9B9A-2E1DF1C1BB34,PEDESTRIAN,Cross/Enter at Intersection,NO IMPROPER ACTIONS,AT INTERSECTION BUT NO CROSSWALK,No,POSSIBLE INJURY,NONE,39.09050167,-77.07965,"(39.09050167, -77.07965)"
MCP2564001F,170521313,Montgomery County Police,Injury Crash,07/26/2017 04:10:00 PM,County,LOST KNIFE RD,ODENDHAL AVE,,N/A,PEDESTRIAN,STRAIGHT MOVEMENT ANGLE,N/A,DRY,DAYLIGHT,NO CONTROLS,UNKNOWN,NONE DETECTED,224A575E-83CF-4BDE-8A4D-2237DB1B857C,PEDESTRIAN,Cross/Enter at Intersection,NO IMPROPER ACTIONS,AT INTERSECTION BUT NO CROSSWALK,No,SUSPECTED MINOR INJURY,NONE,39.15363673,-77.19987094,"(39.15363673, -77.19987094)"
MCP30480056,190023306,Montgomery County Police,Injury Crash,05/17/2019 11:14:00 AM,County,MADISON ST,ANDERSON RD,,N/A,"OTHER, PEDESTRIAN",OTHER,CLOUDY,DRY,DAYLIGHT,NO CONTROLS,N/A,N/A,AA0C6665-C0DA-4C32-A388-547F3C0C8E95,OTHER,Other,N/A,N/A,No,NO APPARENT INJURY,N/A,39.03666667,-77.07016333,"(39.03666667, -77.07016333)"
MCP28810053,220051496,Montgomery County Police,Injury Crash,11/21/2022 02:20:00 PM,,,,11530 MIDDLEBROOK RD,,PEDESTRIAN,SINGLE VEHICLE,CLEAR,,DAYLIGHT,NO CONTROLS,UNKNOWN,N/A,F4EA78D5-F385-4308-8E9F-C121D6B99C96,PEDESTRIAN,Standing,NO IMPROPER ACTIONS,INSIDE BUILDING,No,POSSIBLE INJURY,N/A,39.17965167,-77.239425,"(39.17965167, -77.239425)"
MCP25460029,17007535,Montgomery County Police,Property Damage Crash,02/11/2017 04:19:00 PM,County,ATHERTON DR,ISBELL ST,,N/A,BICYCLIST,SINGLE VEHICLE,CLOUDY,DRY,DAYLIGHT,NO CONTROLS,NONE DETECTED,NONE DETECTED,F7624F05-DF97-475B-8248-155A5E23844D,BICYCLIST,Playing,DART DASH,ON ROADWAY NOT AT CROSSWALK,Yes,NO APPARENT INJURY,NONE,39.06413333,-77.07593167,"(39.06413333, -77.07593167)"
MCP2717009T,17010018,Montgomery County Police,Property Damage Crash,02/24/2017 03:00:00 PM,,,,10201 OLD GEORGETOWN ROAD (WILDWOOD SHOPPING CENTER PARKING-LOT),,PEDESTRIAN,SINGLE VEHICLE,CLEAR,,DAYLIGHT,NO CONTROLS,UNKNOWN,NONE DETECTED,2A278E7E-53D4-404A-88FA-459CA0EB0D09,PEDESTRIAN,Cross/Enter at Intersection,NO IMPROPER ACTIONS,ON ROADWAY AT CROSSWALK,No,NO APPARENT INJURY,NONE,39.02411833,-77.12386717,"(39.02411833, -77.12386717)"
DD5601002Q,17012008,Rockville Police Departme,Injury Crash,03/07/2017 01:45:00 PM,Municipality,WOOTTON PKWY,SEVEN LOCKS RD,,ROCKVILLE,BICYCLIST,OTHER,CLEAR,DRY,DAYLIGHT,TRAFFIC SIGNAL,N/A,N/A,27A9C2D0-0873-4EC4-96A0-7665BEDE37D4,BICYCLIST,Walking/Riding against Traffic,UNKNOWN,ON ROADWAY AT CROSSWALK,Unknown,SUSPECTED MINOR INJURY,MC/BIKE HELMET,39.06696392,-77.16167092,"(39.06696392, -77.16167092)"
MCP3022003W,210020396,Montgomery County Police,Injury Crash,05/29/2021 06:35:00 PM,,SERVICEBERRY DR,AURORA HILLS DR,,N/A,BICYCLIST,STRAIGHT MOVEMENT ANGLE,RAINING,WET,DAYLIGHT,STOP SIGN,N/A,N/A,C6C3C2EC-DF76-488E-B34D-49476A67EEF9,BICYCLIST,Cross/Enter at Intersection,FAILURE TO OBEY TRAFFIC SIGNS SIGNALS OR OFFICER,AT INTERSECTION BUT NO CROSSWALK,Yes,SUSPECTED MINOR INJURY,NONE,39.23542333,-77.24341,"(39.23542333, -77.24341)"
DM8434001S,190010565,Takoma Park Police Depart,Injury Crash,03/07/2019 04:13:00 AM,Maryland (State),PINEY BRANCH RD,PHILADELPHIA AVE,,N/A,OTHER,SINGLE VEHICLE,CLEAR,DRY,DARK LIGHTS ON,PERSON,UNKNOWN,N/A,67E506EE-B483-45E3-B3A6-F36749345583,OTHER,Standing,NO IMPROPER ACTIONS,ON ROADWAY NOT AT CROSSWALK,No,POSSIBLE INJURY,REFLECTIVE CLOTHING,38.98354667,-77.01549167,"(38.98354667, -77.01549167)"
DD56050083,230066468,Rockville Police Departme,Injury Crash,11/15/2023 12:00:00 PM,Maryland (State),ROCKVILLE PIKE,WOOTTON PKWY,,ROCKVILLE,PEDESTRIAN,OTHER,CLEAR,DRY,DAYLIGHT,TRAFFIC SIGNAL,UNKNOWN,N/A,B11845F6-08D5-42D7-85D5-1C4A0926E9F5,PEDESTRIAN,Cross/Enter at Intersection,NO IMPROPER ACTIONS,ON ROADWAY AT CROSSWALK,No,POSSIBLE INJURY,N/A,39.07695037,-77.13949521,"(39.07695037, -77.13949521)"
MCP2967001L,16044742,Montgomery County Police,Injury Crash,09/01/2016 08:35:00 PM,Maryland (State),CONNECTICUT AVE,RAYMOND ST,,CHEVY CHASE #3,PEDESTRIAN,SINGLE VEHICLE,RAINING,WET,DARK LIGHTS ON,TRAFFIC SIGNAL,N/A,N/A,7975393E-8274-4EF2-A5CA-A854F0F4CE16,PEDESTRIAN,Cross/Enter at Intersection,NO IMPROPER ACTIONS,ON ROADWAY AT CROSSWALK,No,SUSPECTED MINOR INJURY,NONE,38.97806833,-77.07701833,"(38.97806833, -77.07701833)"
MCP32560012,210041574,Montgomery County Police,Injury Crash,10/16/2021 07:49:00 PM,,,,"BACK LOADING DOCK AREA OF 11221 NEW HAMPSHIRE AVENUE, SILVER SPRING, MARYLAND 20904.",,PEDESTRIAN,SINGLE VEHICLE,CLEAR,,DARK NO LIGHTS,NO CONTROLS,NONE DETECTED,NONE DETECTED,8AAE149C-0A21-4A9A-8DB3-DAF29123B793,PEDESTRIAN,Other,INATTENTIVE,OTHER,Yes,SUSPECTED SERIOUS INJURY,NONE,39.04042549,-76.98952744,"(39.04042549, -76.98952744)"
MCP2689000X,15023448,Montgomery County Police,Injury Crash,05/16/2015 11:17:00 AM,Maryland (State),ROCKVILLE PIKE,TWINBROOK PKWY,,ROCKVILLE,BICYCLIST,SAME DIRECTION RIGHT TURN,CLEAR,DRY,DAYLIGHT,TRAFFIC SIGNAL,NONE DETECTED,NONE DETECTED,F5C60ED5-D31F-48B4-A863-866B78184E25,BICYCLIST,Walking/Riding w/Traffic,NO IMPROPER ACTIONS,ON ROADWAY NOT AT CROSSWALK,,SUSPECTED MINOR INJURY,MC/BIKE HELMET,39.059225,-77.12142833,"(39.059225, -77.12142833)"
MCP2814002R,210040568,Montgomery County Police,Injury Crash,10/11/2021 07:28:00 AM,County,BLACKBERRY DR,DARNESTOWN RD,,N/A,BICYCLIST,OTHER,N/A,DRY,DAYLIGHT,STOP SIGN,UNKNOWN,NONE DETECTED,107A527E-561E-4A56-9B39-8B806DDC7894,BICYCLIST,Cross/Enter at Intersection,WRONG WAY RIDING OR WALKING,AT INTERSECTION MARKED CROSSWALK,Yes,SUSPECTED MINOR INJURY,MC/BIKE HELMET,39.11650767,-77.24864083,"(39.11650767, -77.24864083)"
MCP3138000F,180050688,Montgomery County Police,Injury Crash,10/04/2018 05:00:00 PM,,,,MACY'S PARKING LOT @ WHEATON PLAZA,,PEDESTRIAN,OTHER,UNKNOWN,,UNKNOWN,N/A,UNKNOWN,UNKNOWN,9819D366-266D-426C-8B54-227D1B8AD523,PEDESTRIAN,Other,NO IMPROPER ACTIONS,OTHER,No,POSSIBLE INJURY,UNKNOWN,39.03756997,-77.05633537,"(39.03756997, -77.05633537)"
MCP13690007,200005221,Montgomery County Police,Injury Crash,01/31/2020 08:30:00 PM,,,,PARKING LOT 20908 FREDERICK RD,,PEDESTRIAN,SINGLE VEHICLE,CLEAR,,DARK LIGHTS ON,NO CONTROLS,NONE DETECTED,NONE DETECTED,1927168B-4846-4228-8473-B57C4FFD535C,PEDESTRIAN,Other Working,OTHER,OTHER,No,POSSIBLE INJURY,N/A,39.19895667,-77.249115,"(39.19895667, -77.249115)"
EJ78510067,210008384,Gaithersburg Police Depar,Injury Crash,03/05/2021 05:53:00 PM,,,,BEHIND 422 MARKET STREET (PARKING LOT),,PEDESTRIAN,OTHER,CLEAR,,DAYLIGHT,NO CONTROLS,UNKNOWN,NONE DETECTED,81D5F8AD-E529-4618-BD83-6F70465A4E5A,PEDESTRIAN,Other,INATTENTIVE,OTHER,No,SUSPECTED MINOR INJURY,NONE,39.12174383,-77.23678555,"(39.12174383, -77.23678555)"
MCP2016001C,16052613,Montgomery County Police,Injury Crash,10/13/2016 09:12:00 AM,,,,"DRIVEWAY OF 11105 POTOMAC CREST DR
POTOMAC, MD 20854",,PEDESTRIAN,OTHER,CLEAR,,DAYLIGHT,N/A,NONE DETECTED,N/A,49B53CD8-B9D6-435F-A172-86F04B84F083,PEDESTRIAN,Standing,NO IMPROPER ACTIONS,N/A,No,SUSPECTED MINOR INJURY,N/A,39.038255,-77.1602,"(39.038255, -77.1602)"
MCP1438002S,16033074,Montgomery County Police,Injury Crash,06/30/2016 10:49:00 AM,County,EPSILON DR,EPSILON PL,,N/A,PEDESTRIAN,SAME DIR REAR END,CLEAR,DRY,DAYLIGHT,NO CONTROLS,NONE DETECTED,NONE DETECTED,AC0672E8-9703-45E4-ABE0-720582A93649,PEDESTRIAN,Standing,NO IMPROPER ACTIONS,OTHER,No,SUSPECTED SERIOUS INJURY,N/A,39.13841333,-77.16330667,"(39.13841333, -77.16330667)"
MCP2456001P,17016557,Montgomery County Police,Property Damage Crash,04/01/2017 10:49:00 AM,,,,PARKING LOT OF 8703 PINEY BRANCH RD,,OTHER,UNKNOWN,CLEAR,,DAYLIGHT,NO CONTROLS,UNKNOWN,N/A,C753ECF5-3590-4E99-9183-2C9CD230F607,OTHER,Unknown,UNKNOWN,UNKNOWN,No,NO APPARENT INJURY,N/A,38.99861167,-77.00399667,"(38.99861167, -77.00399667)"
EJ7781005M,250016099,GAITHERSBURG,Injury Crash,04/13/2025 12:00:00 PM,,,,Parking Lot Way        P/L OF 883 RUSSELL AVE,,Pedestrian,Single Vehicle,Clear,,Daylight,,"Unknown, Unknown","Not Suspect of Alcohol Use, Not Suspect of Drug Use",F153D5AD-6EAB-42C3-9340-4AF62D254DE4,Pedestrian,Other,None (No Improper Action),Other,No,Possible Injury,None,39.15740168,-77.21225412,"(39.15740168, -77.21225412)"
MCP2508000C,16014050,MONTGOMERY,Injury Crash,03/22/2016 02:30:00 PM,,,,PARKING LOT OF 19840 CENTURY BLVD.,,PEDESTRIAN,OTHER,CLEAR,,DAYLIGHT,NO CONTROLS,NONE DETECTED,NONE DETECTED,52C05DB0-1E0C-4A41-A1D5-A97CF93A89E5,PEDESTRIAN,Cross/Enter not at Intersection,NO IMPROPER ACTIONS,ON ROADWAY NOT AT CROSSWALK,No,POSSIBLE INJURY,NONE,39.18159167,-77.26644667,"(39.18159167, -77.26644667)"
MCP3005005H,200051190,Montgomery County Police,Injury Crash,12/29/2020 11:35:00 AM,County,REEDIE DR,FERN ST,,N/A,PEDESTRIAN,OTHER,CLEAR,DRY,DAYLIGHT,TRAFFIC SIGNAL,UNKNOWN,NONE DETECTED,CFAADBCF-F92F-4C95-9DEC-C5A077F1A1F4,PEDESTRIAN,Cross/Enter at Intersection,NO IMPROPER ACTIONS,AT INTERSECTION MARKED CROSSWALK,No,POSSIBLE INJURY,NONE,39.0389752,-77.04961914,"(39.0389752, -77.04961914)"
MCP9390000L,16010150,Montgomery County Police,Injury Crash,02/29/2016 06:53:00 PM,Maryland (State),CLOPPER RD,METROPOLITAN GROVE RD,,GAITHERSBURG,PEDESTRIAN,OTHER,CLEAR,DRY,DARK LIGHTS ON,TRAFFIC SIGNAL,N/A,N/A,3BB2A7F7-F150-4FCA-B19A-2253460EDB75,PEDESTRIAN,Cross/Enter at Intersection,FAILURE TO OBEY TRAFFIC SIGNS SIGNALS OR OFFICER,AT INTERSECTION MARKED CROSSWALK,Yes,SUSPECTED MINOR INJURY,N/A,39.14603767,-77.22830772,"(39.14603767, -77.22830772)"
MCP20160019,16042551,Montgomery County Police,Injury Crash,08/22/2016 08:55:00 AM,,,,"AMAZON SHIPPING WAREHOUSE LOCATED AT 861 E GUDE DRIVE ROCKVILLE, MD 20852",,PEDESTRIAN,OTHER,N/A,,DAYLIGHT,N/A,N/A,N/A,4FCFA298-6A89-454B-99C5-DC0877E803D1,PEDESTRIAN,Other,NO IMPROPER ACTIONS,N/A,No,SUSPECTED MINOR INJURY,N/A,39.10652333,-77.15140833,"(39.10652333, -77.15140833)"
DM83390013,180002657,Takoma Park Police Depart,Injury Crash,01/17/2018 09:33:00 AM,,,,PARKING LOT OF 7676 NEW HAMPSHIRE AVE,,PEDESTRIAN,OTHER,CLOUDY,,DAYLIGHT,NO CONTROLS,NONE DETECTED,N/A,F7B6235F-EE38-46E8-8318-ACE69119CF2F,PEDESTRIAN,Getting off/on Vehicle,ENTERING EXITING PARKED STANDING VEHICLE,N/A,Unknown,POSSIBLE INJURY,N/A,38.98684667,-76.98909333,"(38.98684667, -76.98909333)"
MCP3050003X,190047996,Montgomery County Police,Injury Crash,10/06/2019 06:17:00 PM,County,GRENOBLE CT,GRENOBLE DR,,N/A,BICYCLIST,SINGLE VEHICLE,CLEAR,DRY,DAYLIGHT,NO CONTROLS,NONE DETECTED,NONE DETECTED,FE8A870F-390C-485F-99ED-77C3D0B40ED6,BICYCLIST,Other,DART DASH,AT INTERSECTION BUT NO CROSSWALK,No,SUSPECTED MINOR INJURY,MC/BIKE HELMET,39.07023734,-77.08879965,"(39.07023734, -77.08879965)"
MCP2923000N,15032224,MONTGOMERY,Injury Crash,06/30/2015 04:25:00 PM,County,S WESTLAND DR,FREDERICK RD,,N/A,PEDESTRIAN,OTHER,CLEAR,DRY,DAYLIGHT,NO CONTROLS,UNKNOWN,UNKNOWN,01834BB0-DCCB-466C-8167-EBD6BA7FEDB3,PEDESTRIAN,Cross/Enter not at Intersection,IN ROADWAY IMPROPERLY,ON ROADWAY NOT AT CROSSWALK,No,SUSPECTED MINOR INJURY,N/A,39.12641176,-77.18231857,"(39.12641176, -77.18231857)"
MCP3080003N,230048977,Montgomery County Police,Injury Crash,08/11/2023 06:20:00 PM,,STILT ST,FULMER AVE,,N/A,BICYCLIST,OTHER,CLEAR,DRY,DAYLIGHT,NO CONTROLS,N/A,N/A,82BA7200-87BB-43E7-BDCB-7AF8B0F77C96,BICYCLIST,Walking/Riding against Traffic,NO IMPROPER ACTIONS,ON ROADWAY NOT AT CROSSWALK,Yes,SUSPECTED MINOR INJURY,MC/BIKE HELMET,39.2195385,-77.2905295,"(39.2195385, -77.2905295)"
MCP28790012,16047439,Montgomery County Police,Injury Crash,09/15/2016 08:35:00 PM,County,REDLAND RD,CRABBS BRANCH WAY,,N/A,PEDESTRIAN,N/A,CLEAR,DRY,DARK LIGHTS ON,N/A,NONE DETECTED,ALCOHOL CONTRIBUTED,FE764741-4EFE-46A3-9863-63CA585B883F,PEDESTRIAN,Cross/Enter not at Intersection,DART DASH,ON ROADWAY NOT AT CROSSWALK,Yes,SUSPECTED MINOR INJURY,N/A,39.12066333,-77.15898667,"(39.12066333, -77.15898667)"