Report Number,Local Case Number,Agency Name,ACRS Report Type,Crash Date/Time,Route Type,Road Name,Cross-Street Name,Off-Road Description,Municipality,Related Non-Motorist,Collision Type,Weather,Surface Condition,Light,Traffic Control,Driver Substance Abuse,Non-Motorist Substance Abuse,Person ID,Pedestrian Type,Pedestrian Movement,Pedestrian Actions,Pedestrian Location,At Fault,Injury Severity,Safety Equipment,Latitude,Longitude,Location
MCP20720074,230055914,Montgomery County Police,Injury Crash,09/20/2023 12:18:00 PM,,,,"19700 FREDERICK  ROAD GERMANTOWN 
(7-ELEVEN PARKING LOT)",,PEDESTRIAN,OTHER,CLEAR,,DAYLIGHT,NO CONTROLS,ALCOHOL PRESENT,NONE DETECTED,2CCD4876-935A-48DA-B40F-FC51E746C968,PEDESTRIAN,N/A,NO IMPROPER ACTIONS,CURB,No,POSSIBLE INJURY,N/A,39.17879833,-77.23895667,"(39.17879833, -77.23895667)"
MCP1334008D,190043816,Montgomery County Police,Injury Crash,09/13/2019 06:55:00 AM,County,WIGHTMAN RD,PLEASANT RIDGE DR,,N/A,PEDESTRIAN,SINGLE VEHICLE,CLOUDY,DRY,DAYLIGHT,TRAFFIC SIGNAL,UNKNOWN,NONE DETECTED,DD0CE177-E4B0-44D1-A7B0-256A712173F1,PEDESTRIAN,Cross/Enter at Intersection,IN ROADWAY IMPROPERLY,ON ROADWAY AT CROSSWALK,Yes,SUSPECTED MINOR INJURY,NONE,39.19060996,-77.19192752,"(39.19060996, -77.19192752)"
MCP3222002H,230017338,Montgomery County Police,Injury Crash,04/11/2023 09:02:00 PM,County,MAIDEN LA,OLD CHESTER RD,,N/A,PEDESTRIAN,N/A,CLEAR,DRY,DARK LIGHTS ON,NO CONTROLS,NONE DETECTED,NONE DETECTED,CF07CF85-B800-46FB-A72A-1D4E42020D46,PEDESTRIAN,Walking/Riding w/Traffic,NO IMPROPER ACTIONS,SHOULDER,No,POSSIBLE INJURY,NONE,38.98575316,-77.11819636,"(38.98575316, -77.11819636)"
MCP23480063,210045409,Montgomery County Police,Fatal Crash,11/09/2021 03:04:00 PM,,ASBURY DRIVE,FELLOWSHIP CIRCLE,,N/A,PEDESTRIAN,SINGLE VEHICLE,CLEAR,DRY,DAYLIGHT,STOP SIGN,NONE DETECTED,UNKNOWN,A26A5D68-AEF0-4561-9C1C-A41AA013B402,PEDESTRIAN,Cross/Enter at Intersection,IN ROADWAY IMPROPERLY,ON ROADWAY NOT AT CROSSWALK,Yes,FATAL INJURY,N/A,39.15142833,-77.19793,"(39.15142833, -77.19793)"
MCP1020001T,16058598,Montgomery County Police,Injury Crash,11/14/2016 07:37:00 AM,County,TAPWOOD RD,SCHAEFFER RD,,N/A,PEDESTRIAN,SAME DIR REAR END,CLEAR,DRY,DAYLIGHT,NO CONTROLS,NONE DETECTED,NONE DETECTED,C92D0957-62FF-48F3-B128-03473B80CD68,PEDESTRIAN,Walking/Riding w/Traffic,NO IMPROPER ACTIONS,ON ROADWAY NOT AT CROSSWALK,No,SUSPECTED MINOR INJURY,N/A,39.15917333,-77.29155167,"(39.15917333, -77.29155167)"
MCP1121003J,170551486,Montgomery County Police,Injury Crash,12/31/2017 04:59:00 PM,Municipality,ODENDHAL AVE,FREDERICK RD,,N/A,PEDESTRIAN,OTHER,CLEAR,DRY,DARK LIGHTS ON,TRAFFIC SIGNAL,UNKNOWN,NONE DETECTED,616491BA-C21E-4B11-8D37-27802B30029C,PEDESTRIAN,Cross/Enter at Intersection,NO IMPROPER ACTIONS,AT INTERSECTION MARKED CROSSWALK,No,SUSPECTED MINOR INJURY,NONE,39.14855,-77.20680833,"(39.14855, -77.20680833)"
MCP25860024,16048616,Montgomery County Police,Injury Crash,09/21/2016 07:35:00 PM,County,ROBEY RD,BRIGGS CHANEY RD,,N/A,PEDESTRIAN,OTHER,CLEAR,DRY,DARK NO LIGHTS,N/A,UNKNOWN,NONE DETECTED,815FF899-3F06-4946-9BEB-679DC778F4B6,PEDESTRIAN,Getting off/on Vehicle,NO IMPROPER ACTIONS,OTHER,No,SUSPECTED MINOR INJURY,N/A,39.0809673,-76.9424057,"(39.0809673, -76.9424057)"
MCP23530053,180011153,Montgomery County Police,Injury Crash,03/05/2018 08:12:00 AM,County,NEWPORT MILL RD,UNIVERSITY BLVD W,,N/A,PEDESTRIAN,SINGLE VEHICLE,CLEAR,DRY,DAYLIGHT,PERSON,NONE DETECTED,NONE DETECTED,A1321944-CFBF-4285-8BEC-63AC04DD3CCB,PEDESTRIAN,Cross/Enter at Intersection,NO IMPROPER ACTIONS,ON ROADWAY AT CROSSWALK,No,POSSIBLE INJURY,NONE,39.03391951,-77.07243919,"(39.03391951, -77.07243919)"
MCP2909000V,15057599,MONTGOMERY,Property Damage Crash,11/11/2015 06:09:00 PM,Maryland (State),OLD GEORGETOWN RD,DEL RAY AVE,,N/A,BICYCLIST,OTHER,CLEAR,N/A,DARK LIGHTS ON,N/A,NONE DETECTED,NONE DETECTED,5A5B0280-A135-45FD-984B-5298C02580D7,BICYCLIST,Other,NO IMPROPER ACTIONS,ON ROADWAY NOT AT CROSSWALK,No,NO APPARENT INJURY,NONE,38.990655,-77.09964167,"(38.990655, -77.09964167)"
MCP0704000F,15006634,Montgomery County Police,Injury Crash,02/09/2015 08:20:00 PM,County,WOODMONT AVE,HAMPDEN LA,,N/A,PEDESTRIAN,SINGLE VEHICLE,RAINING,WET,DARK LIGHTS ON,N/A,NONE DETECTED,NONE DETECTED,0411D836-4E7E-41EF-A50B-5118BC972717,PEDESTRIAN,Cross/Enter at Intersection,NO IMPROPER ACTIONS,ON ROADWAY AT CROSSWALK,,POSSIBLE INJURY,N/A,38.982665,-77.09581333,"(38.982665, -77.09581333)"
MCP27540018,170505519,Montgomery County Police,Injury Crash,05/02/2017 06:21:00 PM,Maryland (State),PINEY BRANCH RD,ENT TO APTS,,N/A,PEDESTRIAN,OTHER,OTHER,DRY,DAYLIGHT,N/A,NONE DETECTED,N/A,775922F7-4D73-41D3-900C-8B9A6E082A50,PEDESTRIAN,Walking/Cycling on Sidewalk,NO IMPROPER ACTIONS,SIDEWALK,No,POSSIBLE INJURY,N/A,38.99862667,-77.00000667,"(38.99862667, -77.00000667)"
MCP22700016,230019535,Montgomery County Police,Injury Crash,04/24/2023 11:50:00 AM,County,RUGBY AVE,DEL RAY AVE,,N/A,PEDESTRIAN,OTHER,CLEAR,DRY,DAYLIGHT,NO CONTROLS,NONE DETECTED,NONE DETECTED,7EA4C5C2-D6AC-4612-9487-E225542A8A7D,PEDESTRIAN,Other,IN ROADWAY IMPROPERLY,SIDEWALK,Yes,POSSIBLE INJURY,NONE,38.991275,-77.09777667,"(38.991275, -77.09777667)"
MCP3430000F,250029428,MONTGOMERY,Injury Crash,07/02/2025 02:19:00 PM,County Route,FENTON ST,,,,Pedestrian,Single Vehicle,Clear,Dry,Daylight,No Controls,"Not Suspect of Alcohol Use, Not Suspect of Drug Use","Not Suspect of Alcohol Use, Not Suspect of Drug Use",DEF0DD11-A0F1-4BD3-8585-8C47E1133CE9,Pedestrian,Cross/Enter Not at Intersection,"In Roadway Improperly (Standing, Lying, Working, Playing)",Travel Lane Other Location,No,Suspected Minor Injury,None,38.99191198,-77.02409793,"(38.99191198, -77.02409793)"
MCP13340045,16045767,Montgomery County Police,Injury Crash,09/07/2016 01:06:00 PM,Maryland (State),WOODFIELD RD,HADLEY FARMS DR,,N/A,PEDESTRIAN,SINGLE VEHICLE,CLEAR,DRY,DAYLIGHT,TRAFFIC SIGNAL,NONE DETECTED,NONE DETECTED,BFE79DEE-E76B-495C-9911-8156EB0CE3C7,PEDESTRIAN,Cross/Enter at Intersection,IN ROADWAY IMPROPERLY,ON ROADWAY AT CROSSWALK,Yes,SUSPECTED SERIOUS INJURY,N/A,39.18002446,-77.15061218,"(39.18002446, -77.15061218)"
MCP29190010,15059249,MONTGOMERY,Injury Crash,11/20/2015 08:44:00 AM,Maryland (State),16TH ST,EAST WEST HWY,,N/A,PEDESTRIAN,SINGLE VEHICLE,CLEAR,DRY,DAYLIGHT,PERSON,NONE DETECTED,NONE DETECTED,3CDB75AB-A77F-437A-BF69-F0C057ED9BDE,PEDESTRIAN,Cross/Enter at Intersection,NO IMPROPER ACTIONS,ON ROADWAY AT CROSSWALK,No,POSSIBLE INJURY,N/A,38.99442259,-77.03610063,"(38.99442259, -77.03610063)"
MCP3115005Q,220007955,Montgomery County Police,Injury Crash,02/23/2022 03:00:00 PM,,,,PARKING LOT OF 3116 GRACEFIELD ROAD,,MACHINE OPERATOR/RIDER,N/A,CLEAR,,N/A,STOP SIGN,N/A,N/A,5907E3A7-5599-41F1-B91A-974C52192072,MACHINE OPERATOR/RIDER,Walking/Riding against Traffic,NOT VISIBLE,ON ROADWAY NOT AT CROSSWALK,Yes,POSSIBLE INJURY,NONE,39.050635,-76.95096667,"(39.050635, -76.95096667)"
MCP2363000B,15008007,Montgomery County Police,Fatal Crash,02/18/2015 11:16:00 AM,County,CRESTHAVEN DR,DEVERE DR,,N/A,PEDESTRIAN,OTHER,CLEAR,DRY,DAYLIGHT,NO CONTROLS,ALCOHOL PRESENT,UNKNOWN,1D48AAD0-93CB-4FE6-9D0C-87EEE153A101,PEDESTRIAN,Standing,NO IMPROPER ACTIONS,CURB,No,FATAL INJURY,NONE,39.021585,-76.987954,"(39.021585, -76.987954)"
MCP30390027,180020086,Montgomery County Police,Injury Crash,04/24/2018 03:40:00 PM,Municipality,KENSINGTON PKWY,WASHINGTON ST,,KENSINGTON,BICYCLIST,OTHER,RAINING,WET,DAYLIGHT,STOP SIGN,NONE DETECTED,NONE DETECTED,9BC1E8B7-BC67-4292-B802-1451AA7D29D5,BICYCLIST,Cross/Enter at Intersection,NO IMPROPER ACTIONS,AT INTERSECTION BUT NO CROSSWALK,No,SUSPECTED MINOR INJURY,MC/BIKE HELMET,39.02185667,-77.07288833,"(39.02185667, -77.07288833)"
MCP3014000M,16017776,Montgomery County Police,Injury Crash,04/11/2016 06:00:00 PM,,,,PEDESTRIAN STRUCK ON SIDEWALK IN THE ENTRANCE TO PARKING LOT OF 13205 TWINBROOK PKWY.,,PEDESTRIAN,STRAIGHT MOVEMENT ANGLE,UNKNOWN,,UNKNOWN,NO CONTROLS,UNKNOWN,NONE DETECTED,F4623942-C3AD-47C9-B843-DB8A17587FC0,PEDESTRIAN,Walking/Cycling on Sidewalk,N/A,SIDEWALK,No,SUSPECTED MINOR INJURY,N/A,39.07276031,-77.11248726,"(39.07276031, -77.11248726)"
MCP2008001G,15057569,MONTGOMERY,Injury Crash,11/11/2015 03:53:00 PM,,,,Parking lot of 7103 Democracy Blvd (Sears-Montgomery Mall),,PEDESTRIAN,OTHER,CLEAR,,DAYLIGHT,N/A,NONE DETECTED,NONE DETECTED,C4272973-F77D-4E6E-8556-5590AEF77944,PEDESTRIAN,Cross/Enter not at Intersection,IN ROADWAY IMPROPERLY,ON ROADWAY NOT AT CROSSWALK,Yes,POSSIBLE INJURY,N/A,39.02492669,-77.14436531,"(39.02492669, -77.14436531)"
MCP28090020,15028357,Montgomery County Police,Injury Crash,06/11/2015 01:37:00 PM,Maryland (State),UNIVERSITY BLVD W,GABEL ST,,N/A,PEDESTRIAN,OTHER,N/A,DRY,DAYLIGHT,TRAFFIC SIGNAL,N/A,N/A,A39FA0D6-8792-4F2C-A996-6CF8D2419E8A,PEDESTRIAN,Cross/Enter not at Intersection,DART DASH,ON ROADWAY NOT AT CROSSWALK,,POSSIBLE INJURY,N/A,39.033415,-77.02409333,"(39.033415, -77.02409333)"
MCP3136000F,180046113,Montgomery County Police,Injury Crash,09/15/2018 11:56:00 AM,County,WAYNE AVE,FENTON ST,,N/A,PEDESTRIAN,OTHER,CLEAR,DRY,DAYLIGHT,NO CONTROLS,NONE DETECTED,NONE DETECTED,23C9F282-3345-41F1-9E73-70F12D6C3AB9,PEDESTRIAN,Getting off/on Vehicle,ENTERING EXITING PARKED STANDING VEHICLE,ON ROADWAY NOT AT CROSSWALK,Unknown,POSSIBLE INJURY,N/A,38.99611155,-77.02474958,"(38.99611155, -77.02474958)"
MCP2674001K,190060477,Montgomery County Police,Injury Crash,12/15/2019 06:34:00 PM,,,,PARKING LOT OF 21000 FREDERICK RD,,OTHER,SINGLE VEHICLE,CLEAR,,DARK LIGHTS ON,NO CONTROLS,NONE DETECTED,NONE DETECTED,E4D6DD1C-C24C-46D9-BF1A-3948E8E021A8,OTHER,Standing,N/A,INSIDE BUILDING,No,SUSPECTED MINOR INJURY,NONE,39.20059667,-77.24620833,"(39.20059667, -77.24620833)"
MCP27550018,180005786,Montgomery County Police,Injury Crash,02/02/2018 08:18:00 PM,County,RANDOLPH RD,GLENMONT CIR #1,,N/A,PEDESTRIAN,OTHER,N/A,N/A,DARK -- UNKNOWN LIGHTING,TRAFFIC SIGNAL,NONE DETECTED,NONE DETECTED,1F75E722-ED50-43A0-BE2D-8D209C2F2837,PEDESTRIAN,Standing,IN ROADWAY IMPROPERLY,OTHER,Yes,POSSIBLE INJURY,N/A,39.0590927,-77.04755098,"(39.0590927, -77.04755098)"
MCP3201001W,210025891,Montgomery County Police,Injury Crash,07/06/2021 10:19:00 AM,County,GREY EAGLE CT,GREAT SENECA HWY,,N/A,BICYCLIST,OTHER,CLEAR,DRY,DAYLIGHT,STOP SIGN,N/A,N/A,1A336117-683D-489A-83DA-F4E42B51782B,BICYCLIST,Cross/Enter at Intersection,NO IMPROPER ACTIONS,ON ROADWAY AT CROSSWALK,No,SUSPECTED MINOR INJURY,NONE,39.169312,-77.2639625,"(39.169312, -77.2639625)"
MCP3052000F,170529958,Montgomery County Police,Injury Crash,09/11/2017 06:33:00 PM,,,,PARKING LOT OF LOWES,,BICYCLIST,SINGLE VEHICLE,CLEAR,,DAYLIGHT,N/A,NONE DETECTED,NONE DETECTED,A51FB3FE-AC27-4503-A57D-B32394F39AF8,BICYCLIST,Walking/Riding w/Traffic,NO IMPROPER ACTIONS,ON ROADWAY NOT AT CROSSWALK,No,SUSPECTED MINOR INJURY,MC/BIKE HELMET,39.12475027,-77.23576427,"(39.12475027, -77.23576427)"
MCP2695001F,170508116,Montgomery County Police,Injury Crash,05/16/2017 02:56:00 PM,Maryland (State),SANDY SPRING RD,DINO DR,,N/A,PEDESTRIAN,SINGLE VEHICLE,CLEAR,DRY,DAYLIGHT,NO CONTROLS,N/A,N/A,46FCBE15-A586-4438-A914-14FB6512A9CC,PEDESTRIAN,Other,NO IMPROPER ACTIONS,SHOULDER,No,SUSPECTED SERIOUS INJURY,N/A,39.10860151,-76.92221403,"(39.10860151, -76.92221403)"
MCP31090047,200012150,Montgomery County Police,Injury Crash,03/12/2020 08:52:00 AM,Other Public Roadway,PERSHING DR,WAYNE AVE,,N/A,PEDESTRIAN,SINGLE VEHICLE,CLEAR,DRY,DAYLIGHT,NO CONTROLS,UNKNOWN,NONE DETECTED,C4165AF2-8BEE-45BD-A0E2-F9092FC1E35D,PEDESTRIAN,Walking/Riding w/Traffic,NO IMPROPER ACTIONS,ON ROADWAY NOT AT CROSSWALK,Unknown,POSSIBLE INJURY,N/A,38.99387884,-77.02615967,"(38.99387884, -77.02615967)"
MCP27570010,15066325,MONTGOMERY,Injury Crash,12/26/2015 11:04:00 PM,Maryland (State),LAYHILL RD,GLENALLAN AVE,,N/A,PEDESTRIAN,SINGLE VEHICLE,RAINING,WET,DARK LIGHTS ON,TRAFFIC SIGNAL,NONE DETECTED,NONE DETECTED,1D71B8A1-052D-4F08-8BC5-ECFCE9C42C18,PEDESTRIAN,Cross/Enter at Intersection,NO IMPROPER ACTIONS,AT INTERSECTION MARKED CROSSWALK,No,POSSIBLE INJURY,NONE,39.06319659,-77.05016613,"(39.06319659, -77.05016613)"
MCP2348004K,190001848,Montgomery County Police,Injury Crash,01/11/2019 08:30:00 PM,,,,PARKING LOT OF 12345 GEORGIA AVE,,PEDESTRIAN,SINGLE VEHICLE,CLEAR,,DARK LIGHTS ON,NO CONTROLS,NONE DETECTED,NONE DETECTED,481A5CEC-DA9D-4BF6-9F48-CF86DC471133,PEDESTRIAN,Cross/Enter not at Intersection,DART DASH,ON ROADWAY NOT AT CROSSWALK,Yes,POSSIBLE INJURY,NONE,39.06083167,-77.04947667,"(39.06083167, -77.04947667)"
MCP29370045,220013985,Montgomery County Police,Injury Crash,04/14/2022 12:45:00 AM,County,ROBEY RD,BRIGGS CHANEY RD,,N/A,PEDESTRIAN,SINGLE VEHICLE,N/A,DRY,DARK LIGHTS ON,NO CONTROLS,UNKNOWN,NONE DETECTED,B01CBB4C-2CC9-4C00-851C-BD21EC916254,PEDESTRIAN,Unknown,UNKNOWN,UNKNOWN,Unknown,SUSPECTED SERIOUS INJURY,NONE,39.07990715,-76.94437646,"(39.07990715, -76.94437646)"
MCP2964001H,16021317,Montgomery County Police,Injury Crash,04/30/2016 04:08:00 PM,Maryland (State),FREDERICK RD,MIDDLEBROOK RD,,N/A,BICYCLIST,STRAIGHT MOVEMENT ANGLE,CLOUDY,DRY,DAYLIGHT,YIELD SIGN,NONE DETECTED,NONE DETECTED,C9C78F9A-B57D-4AA9-A18A-ADC1BD43341A,BICYCLIST,Cross/Enter at Intersection,INATTENTIVE,ON ROADWAY AT CROSSWALK,Yes,SUSPECTED MINOR INJURY,NONE,39.18076775,-77.23862886,"(39.18076775, -77.23862886)"
MCP26080010,15039489,MONTGOMERY,Injury Crash,08/08/2015 05:38:00 PM,County,WAYNE AVE,SLIGO CREEK PKWY,,N/A,BICYCLIST,OTHER,CLEAR,DRY,DAYLIGHT,OTHER,NONE DETECTED,NONE DETECTED,A124F21E-99B7-4DC7-8C5D-0C23A2D52653,BICYCLIST,Cross/Enter at Intersection,NO IMPROPER ACTIONS,IN BIKEWAY,No,SUSPECTED MINOR INJURY,MC/BIKE HELMET,38.99973,-77.01094,"(38.99973, -77.01094)"
MCP26710046,250006558,MONTGOMERY,Property Damage Crash,02/13/2025 05:10:00 PM,,,,Parking Lot Way        8202 GEORGIA  AVENUE PARKING LOT,,Wheelchair (electric),Single Vehicle,Clear,,Daylight,,"Not Suspect of Alcohol Use, Not Suspect of Drug Use","Not Suspect of Alcohol Use, Not Suspect of Drug Use",D3BF1FEE-599C-4B75-8E1F-06E5DAAE212E,Wheelchair (electric),Other,"Not Visible (Dark Clothing, No Lighting, etc.)",Other,No,No Apparent Injury,None,38.99196092,-77.02731784,"(38.99196092, -77.02731784)"
MCP2846000Q,15016215,Montgomery County Police,Injury Crash,04/08/2015 09:00:00 AM,Maryland (State),CONNECTICUT AVE,VEIRS MILL RD,,N/A,BICYCLIST,STRAIGHT MOVEMENT ANGLE,RAINING,WET,DAYLIGHT,YIELD SIGN,NONE DETECTED,NONE DETECTED,A4FB5533-F216-4062-9A93-954C63C7752D,BICYCLIST,Cross/Enter at Intersection,NO IMPROPER ACTIONS,ON ROADWAY AT CROSSWALK,,POSSIBLE INJURY,MC/BIKE HELMET,39.05179833,-77.07453833,"(39.05179833, -77.07453833)"
MCP10220046,16009028,Montgomery County Police,Injury Crash,02/23/2016 10:09:00 AM,Maryland (State),GERMANTOWN RD,CRYSTAL ROCK DR,,N/A,PEDESTRIAN,SINGLE VEHICLE,RAINING,WET,DAYLIGHT,TRAFFIC SIGNAL,NONE DETECTED,NONE DETECTED,086B24E4-8070-4559-8201-79C806FCCC22,PEDESTRIAN,Cross/Enter at Intersection,IN ROADWAY IMPROPERLY,AT INTERSECTION BUT NO CROSSWALK,Yes,SUSPECTED SERIOUS INJURY,NONE,39.18114333,-77.26191833,"(39.18114333, -77.26191833)"
MCP2565004X,170544171,Montgomery County Police,Injury Crash,11/21/2017 06:00:00 PM,Maryland (State),WISCONSIN AVE,MONTGOMERY AVE,,N/A,PEDESTRIAN,OTHER,CLEAR,DRY,DARK LIGHTS ON,TRAFFIC SIGNAL,N/A,NONE DETECTED,EE1C1B88-99FE-4FDB-8B07-47D72D724110,PEDESTRIAN,Cross/Enter at Intersection,NO IMPROPER ACTIONS,ON ROADWAY AT CROSSWALK,No,POSSIBLE INJURY,NONE,38.98377833,-77.09380333,"(38.98377833, -77.09380333)"
MCP3329000S,220046987,Montgomery County Police,Property Damage Crash,10/26/2022 12:41:00 PM,US (State),GEORGIA AVE,WAYNE AVE,,N/A,PEDESTRIAN,STRAIGHT MOVEMENT ANGLE,CLEAR,N/A,DAYLIGHT,TRAFFIC SIGNAL,UNKNOWN,NONE DETECTED,CDCD7B23-E6D4-4E6E-97F8-8FAED540768F,PEDESTRIAN,Cross/Enter at Intersection,NO IMPROPER ACTIONS,AT INTERSECTION MARKED CROSSWALK,No,NO APPARENT INJURY,N/A,38.99473494,-77.02665961,"(38.99473494, -77.02665961)"
MCP2727000Q,15043407,MONTGOMERY,Injury Crash,08/29/2015 12:09:00 PM,,,,"PARKINGLOT OF 20910 FREDERICK ROAD GERMANTOWN, MD 20876",,PEDESTRIAN,OTHER,CLEAR,,DAYLIGHT,NO CONTROLS,NONE DETECTED,NONE DETECTED,B0C34B5B-0995-4764-805E-76EB33C09F05,PEDESTRIAN,Other,NO IMPROPER ACTIONS,OTHER,No,POSSIBLE INJURY,N/A,39.20296833,-77.25091167,"(39.20296833, -77.25091167)"
MCP3289002S,230064542,Montgomery County Police,Property Damage Crash,11/05/2023 01:58:00 PM,,,,PARKING LOT OG 1280 EAST WEST HIGHWAY,,PEDESTRIAN,SINGLE VEHICLE,CLEAR,,DAYLIGHT,NO CONTROLS,UNKNOWN,NONE DETECTED,865F5AEB-2F29-4364-8C33-0ED0CFD30BE1,PEDESTRIAN,Cross/Enter not at Intersection,NO IMPROPER ACTIONS,OTHER,No,NO APPARENT INJURY,NONE,38.99176207,-77.03202414,"(38.99176207, -77.03202414)"
MCP3005000S,16018653,Montgomery County Police,Injury Crash,04/16/2016 11:54:00 AM,County,CHESTER MILL RD,NARROWS TERR,,N/A,BICYCLIST,HEAD ON LEFT TURN,N/A,DRY,DAYLIGHT,NO CONTROLS,NONE DETECTED,NONE DETECTED,B1F190BA-91AD-4E08-A6FB-5F79FC7F15BD,BICYCLIST,Cross/Enter at Intersection,FAILURE TO YIELD RIGHT OF WAY,ON ROADWAY NOT AT CROSSWALK,Yes,POSSIBLE INJURY,NONE,39.11881833,-77.04032167,"(39.11881833, -77.04032167)"
MCP2446002H,17004357,Montgomery County Police,Injury Crash,01/25/2017 03:22:00 PM,,,,IN THE PARKING LOT OF 19911 AIRCRAFT DR. GERMANTOWN MD.,,MACHINE OPERATOR/RIDER,OTHER,CLEAR,,DAYLIGHT,NO CONTROLS,NONE DETECTED,NONE DETECTED,DA93DEE9-DCE7-498F-872F-1CA9A82DAD54,MACHINE OPERATOR/RIDER,Standing,NO IMPROPER ACTIONS,OTHER,No,POSSIBLE INJURY,N/A,39.1825537,-77.26042248,"(39.1825537, -77.26042248)"
MCP2357000V,15015825,Montgomery County Police,Injury Crash,04/06/2015 10:25:00 AM,County,FLORA LA,PIN OAK DR,,N/A,PEDESTRIAN,OTHER,CLEAR,DRY,DAYLIGHT,N/A,NONE DETECTED,NONE DETECTED,6FB88B68-7007-498E-8374-80D678DF0ED3,PEDESTRIAN,Standing,N/A,OTHER,,SUSPECTED SERIOUS INJURY,N/A,39.01227667,-77.03274833,"(39.01227667, -77.03274833)"
MCP30900068,220034656,Montgomery County Police,Injury Crash,08/12/2022 08:41:00 AM,,,,"PARKING LOT OF 805 RUSSELL AVE GAITHERSBURG,MD",,PEDESTRIAN,SINGLE VEHICLE,CLEAR,,DAYLIGHT,NO CONTROLS,N/A,N/A,94DBD28E-D76C-4620-9DD2-CCF6E74F5FDB,PEDESTRIAN,Other,NO IMPROPER ACTIONS,OTHER,No,POSSIBLE INJURY,N/A,39.15685,-77.21019,"(39.15685, -77.21019)"
DD56210011,170508352,Rockville Police Departme,Injury Crash,05/17/2017 02:30:00 PM,Municipality,CHURCH ST,ROCKVILLE PIKE,,N/A,PEDESTRIAN,SINGLE VEHICLE,CLEAR,DRY,DAYLIGHT,TRAFFIC SIGNAL,UNKNOWN,NONE DETECTED,849B78CA-57BF-4B0A-A915-3780EF224F57,PEDESTRIAN,Cross/Enter at Intersection,UNKNOWN,AT INTERSECTION MARKED CROSSWALK,Unknown,SUSPECTED MINOR INJURY,NONE,39.08354633,-77.14731067,"(39.08354633, -77.14731067)"
EJ7851001F,16014440,Gaithersburg Police Depar,Injury Crash,03/24/2016 08:00:00 AM,Maryland (State),FREDERICK RD,DALAMAR ST,,GAITHERSBURG,PEDESTRIAN,OTHER,CLEAR,DRY,DAYLIGHT,N/A,NONE DETECTED,NONE DETECTED,A284AA65-5A49-41A6-A106-ACDCC31B9813,PEDESTRIAN,Cross/Enter at Intersection,NO IMPROPER ACTIONS,SIDEWALK,No,POSSIBLE INJURY,NONE,39.14614584,-77.20441461,"(39.14614584, -77.20441461)"
MCP32380035,240058345,MONTGOMERY,Injury Crash,12/06/2024 11:37:00 AM,US (State),GEORGIA AVE (SB/L),,,,Scooter (electric),Single Vehicle,Clear,Dry,Daylight,No Controls,"Not Suspect of Alcohol Use, Not Suspect of Drug Use","Not Suspect of Alcohol Use, Not Suspect of Drug Use",CA875B92-8D34-4D80-B02F-A2E0259C9E42,Scooter (electric),Walking/Cycling on Sidewalk,Unknown,Sidewalk,Yes,Suspected Minor Injury,Helmet,38.99197858,-77.02684686,"(38.99197858, -77.02684686)"
MCP3030005C,230025334,Montgomery County Police,Injury Crash,05/26/2023 04:25:00 PM,Maryland (State),WISCONSIN AVE,LELAND ST,,N/A,PEDESTRIAN,OTHER,CLEAR,DRY,DAYLIGHT,TRAFFIC SIGNAL,N/A,N/A,38470A6C-7E25-4810-AAA1-A3A7DA1F26D7,PEDESTRIAN,Cross/Enter not at Intersection,INATTENTIVE,ON ROADWAY NOT AT CROSSWALK,Yes,POSSIBLE INJURY,NONE,38.98013167,-77.09211,"(38.98013167, -77.09211)"
EJ7898003F,240034286,GAITHERSBURG,Injury Crash,07/20/2024 02:20:00 PM,,,,Parking Aisle        33 DALAMAR ST (MEGAMART),,Pedestrian,Single Vehicle,Cloudy,,Daylight,,"Not Suspect of Alcohol Use, Not Suspect of Drug Use","Not Suspect of Alcohol Use, Not Suspect of Drug Use",53460626-C1C9-4761-BBC6-3FC1C70B59C7,Pedestrian,Other,None (No Improper Action),Driveway Access,No,Suspected Minor Injury,None,39.14570983,-77.20552117,"(39.14570983, -77.20552117)"
EJ7833008J,240057696,GAITHERSBURG,Injury Crash,12/02/2024 03:30:00 PM,Maryland (State) Route,FREDERICK RD (SB/L),S WESTLAND DR,,,Cyclist (non-electric),Single Vehicle,Clear,Dry,Daylight,Traffic Control Signal,"Unknown, Unknown","Not Suspect of Alcohol Use, Not Suspect of Drug Use",B4E8CE29-44CC-4FFA-B51B-7A09D2CA421A,Cyclist (non-electric),Cross/Enter at Intersection,None (No Improper Action),Intersection Marked Crosswalk,No,Suspected Minor Injury,Unknown,39.12597168,-77.18289898,"(39.12597168, -77.18289898)"
MCP28670019,15023259,Montgomery County Police,Injury Crash,05/15/2015 02:52:00 PM,US (State),COLESVILLE RD,UNIVERSITY BLVD E,,N/A,PEDESTRIAN,OTHER,CLEAR,DRY,DAYLIGHT,TRAFFIC SIGNAL,NONE DETECTED,NONE DETECTED,A4128C5D-74CC-40FB-AFF4-D7603639885B,PEDESTRIAN,Cross/Enter at Intersection,NO IMPROPER ACTIONS,ON ROADWAY AT CROSSWALK,,SUSPECTED MINOR INJURY,N/A,39.02033333,-77.01328667,"(39.02033333, -77.01328667)"
MCP3164001J,190019146,Montgomery County Police,Injury Crash,04/24/2019 07:00:00 AM,Maryland (State),VEIRS MILL RD,NEWPORT MILL RD,,N/A,PEDESTRIAN,HEAD ON LEFT TURN,CLEAR,DRY,DAYLIGHT,TRAFFIC SIGNAL,N/A,N/A,F6A53DF0-C986-433E-99A8-BB5900666264,PEDESTRIAN,Cross/Enter at Intersection,NO IMPROPER ACTIONS,ON ROADWAY AT CROSSWALK,No,SUSPECTED MINOR INJURY,NONE,39.04459667,-77.06430333,"(39.04459667, -77.06430333)"