Report Number,Local Case Number,Agency Name,ACRS Report Type,Crash Date/Time,Route Type,Road Name,Cross-Street Name,Off-Road Description,Municipality,Related Non-Motorist,Collision Type,Weather,Surface Condition,Light,Traffic Control,Driver Substance Abuse,Non-Motorist Substance Abuse,Person ID,Pedestrian Type,Pedestrian Movement,Pedestrian Actions,Pedestrian Location,At Fault,Injury Severity,Safety Equipment,Latitude,Longitude,Location
MCP2513001X,200005932,Montgomery County Police,Injury Crash,02/05/2020 07:15:00 AM,County,CALVERTON BLVD,SHANANDALE DR,,N/A,PEDESTRIAN,OTHER,CLEAR,DRY,DAWN,NO CONTROLS,N/A,NONE DETECTED,23C5B533-9AA8-4F37-AF19-855AF0FE6B83,PEDESTRIAN,Cross/Enter at Intersection,NO IMPROPER ACTIONS,ON ROADWAY AT CROSSWALK,No,POSSIBLE INJURY,N/A,39.05682402,-76.94832537,"(39.05682402, -76.94832537)"
MCP3010004F,190044523,Montgomery County Police,Injury Crash,09/17/2019 01:23:00 PM,Maryland (State),ROCKVILLE PIKE,ENT TO WHITE FLINT MALL,,N/A,OTHER CONVEYANCE,OTHER,CLEAR,DRY,DAYLIGHT,YIELD SIGN,N/A,N/A,93BC58B3-7CA2-4056-8584-515B2E15946C,OTHER CONVEYANCE,Cross/Enter at Intersection,NO IMPROPER ACTIONS,AT INTERSECTION BUT NO CROSSWALK,No,SUSPECTED MINOR INJURY,NONE,39.043295,-77.11060167,"(39.043295, -77.11060167)"
MCP30260080,220037494,Montgomery County Police,Property Damage Crash,08/30/2022 09:21:00 AM,Maryland (State),EAST WEST HWY,16TH ST,,N/A,OTHER,SINGLE VEHICLE,CLEAR,DRY,DAYLIGHT,TRAFFIC SIGNAL,NONE DETECTED,NONE DETECTED,B735FD92-39E3-4C60-BD06-0077AF806DF8,OTHER,N/A,N/A,INSIDE BUILDING,No,NO APPARENT INJURY,N/A,38.99676112,-77.03980417,"(38.99676112, -77.03980417)"
MCP2853008R,230029489,Montgomery County Police,Injury Crash,06/19/2023 08:15:00 PM,County,NORTHAMPTON DR,BEACON RD,,N/A,PEDESTRIAN,OTHER,CLEAR,DRY,DUSK,NO CONTROLS,N/A,N/A,0A451F72-DCA2-47AC-AB55-F4DC6830B3D9,PEDESTRIAN,Other,INATTENTIVE,ON ROADWAY NOT AT CROSSWALK,Yes,POSSIBLE INJURY,N/A,39.00839654,-76.98531459,"(39.00839654, -76.98531459)"
DD5610000V,15016000,Rockville Police Departme,Injury Crash,04/07/2015 07:53:00 AM,Maryland (State),ROCKVILLE PIKE,VEIRS MILL RD,,N/A,BICYCLIST,SINGLE VEHICLE,RAINING,WET,DAYLIGHT,YIELD SIGN,N/A,N/A,CF5B8CFF-2B1E-48BC-B24B-7000ED9E408A,BICYCLIST,Cross/Enter at Intersection,UNKNOWN,AT INTERSECTION MARKED CROSSWALK,,SUSPECTED SERIOUS INJURY,N/A,39.07707333,-77.13926333,"(39.07707333, -77.13926333)"
DD56170011,170519620,Rockville Police Departme,Injury Crash,07/17/2017 07:01:00 PM,,,,PARKING LOT OF 225 N WASHINGTON AVE,,PEDESTRIAN,SINGLE VEHICLE,CLEAR,,DUSK,NO CONTROLS,N/A,N/A,33F0F599-631D-449D-B4C2-27BF7A1087C9,PEDESTRIAN,Other,NO IMPROPER ACTIONS,OTHER,No,SUSPECTED MINOR INJURY,NONE,39.08618,-77.152725,"(39.08618, -77.152725)"
DD5624001M,180056733,Rockville Police Departme,Injury Crash,11/10/2018 02:15:00 PM,Municipality,HALPINE RD,ROCKVILLE PIKE,,N/A,PEDESTRIAN,OTHER,UNKNOWN,UNKNOWN,UNKNOWN,TRAFFIC SIGNAL,UNKNOWN,NONE DETECTED,9A13E283-8AC7-4F71-98FD-783ADFEEB139,PEDESTRIAN,Cross/Enter at Intersection,NO IMPROPER ACTIONS,ON ROADWAY AT CROSSWALK,Unknown,POSSIBLE INJURY,NONE,39.06191817,-77.12396861,"(39.06191817, -77.12396861)"
MCP2810000K,16001457,Montgomery County Police,Injury Crash,01/08/2016 06:34:00 PM,,,,"PARKING LOT OF 9649 LOST KNIFE RD ,MCG",,PEDESTRIAN,OTHER,RAINING,,DARK LIGHTS ON,N/A,UNKNOWN,N/A,F5EC6FD5-C64A-4A40-AB11-54A59AF25265,PEDESTRIAN,Other,NO IMPROPER ACTIONS,OTHER,No,SUSPECTED MINOR INJURY,N/A,39.15383368,-77.19800279,"(39.15383368, -77.19800279)"
MCP3137000T,190025697,Montgomery County Police,Injury Crash,05/29/2019 11:31:00 PM,County,RUATAN ST,QUEBEC ST,,N/A,PEDESTRIAN,HEAD ON,CLEAR,DRY,DARK LIGHTS ON,N/A,NONE DETECTED,NONE DETECTED,5AE0D82F-924C-4BCF-8FE0-8C91C7E31135,PEDESTRIAN,Standing,NO IMPROPER ACTIONS,OTHER,No,POSSIBLE INJURY,N/A,39.00036175,-76.98955953,"(39.00036175, -76.98955953)"
MCP2635002C,15042668,MONTGOMERY,Injury Crash,08/25/2015 06:19:00 PM,Maryland (State),DAMASCUS RD,SUNDOWN RD,,N/A,BICYCLIST,HEAD ON LEFT TURN,CLEAR,DRY,DAYLIGHT,NO CONTROLS,N/A,N/A,805B5A5A-B285-462C-AD0D-1BC498E414E3,BICYCLIST,Walking/Riding w/Traffic,NO IMPROPER ACTIONS,SHOULDER,No,POSSIBLE INJURY,MC/BIKE HELMET,39.22647833,-77.06983667,"(39.22647833, -77.06983667)"
MCP3184000J,190019033,Montgomery County Police,Injury Crash,04/23/2019 01:50:00 PM,Maryland (State),GEORGIA AVE,UNIVERSITY BLVD W,,N/A,PEDESTRIAN,SINGLE VEHICLE,CLEAR,DRY,DAYLIGHT,N/A,N/A,N/A,45FA0818-B5C4-4B8C-B9DE-665D00994A99,PEDESTRIAN,Cross/Enter not at Intersection,INATTENTIVE,ON ROADWAY NOT AT CROSSWALK,Yes,SUSPECTED MINOR INJURY,NONE,39.04134636,-77.05164483,"(39.04134636, -77.05164483)"
MCP23470033,210040488,Montgomery County Police,Injury Crash,10/10/2021 01:10:00 PM,County,CALVERTON BLVD,LEMAR ST,,N/A,BICYCLIST,OTHER,CLEAR,DRY,DAYLIGHT,NO CONTROLS,UNKNOWN,NONE DETECTED,8CBAB9D0-3FAC-4A75-A303-9EBEAF64F9A0,BICYCLIST,Other,WRONG WAY RIDING OR WALKING,IN BIKEWAY,No,SUSPECTED SERIOUS INJURY,NONE,39.05707483,-76.95069383,"(39.05707483, -76.95069383)"
MCP2891007S,190015784,Montgomery County Police,Injury Crash,04/05/2019 06:20:00 AM,Maryland (State),BURLINGTON AVE,GEORGIA AVE,,N/A,PEDESTRIAN,SINGLE VEHICLE,RAINING,WET,DARK LIGHTS ON,TRAFFIC SIGNAL,NONE DETECTED,NONE DETECTED,5FFC6858-3C3B-487D-A302-77D45DFCD950,PEDESTRIAN,Cross/Enter at Intersection,NO IMPROPER ACTIONS,ON ROADWAY AT CROSSWALK,No,POSSIBLE INJURY,NONE,38.98728667,-77.02627833,"(38.98728667, -77.02627833)"
MCP2683005V,220022703,Montgomery County Police,Property Damage Crash,05/27/2022 04:23:00 PM,County,LOST KNIFE RD,CONTOUR RD,,N/A,BICYCLIST,OTHER,CLOUDY,WET,DAYLIGHT,STOP SIGN,NONE DETECTED,N/A,D1311E5B-FCE1-40A8-AE36-73287AC992A1,BICYCLIST,Cross/Enter at Intersection,NO IMPROPER ACTIONS,AT INTERSECTION BUT NO CROSSWALK,No,NO APPARENT INJURY,NONE,39.1549356,-77.2010206,"(39.1549356, -77.2010206)"
MCP3192002D,210042051,Montgomery County Police,Injury Crash,10/19/2021 08:05:00 PM,County,GLENHAVEN PKWY,ALBERTI DR,,N/A,OTHER PEDALCYCLIST,SINGLE VEHICLE,CLEAR,DRY,DARK LIGHTS ON,STOP SIGN,NONE DETECTED,NONE DETECTED,EC486484-68EB-4F34-941F-FD3F15D56627,OTHER PEDALCYCLIST,Other,IN ROADWAY IMPROPERLY,ON ROADWAY NOT AT CROSSWALK,Yes,SUSPECTED MINOR INJURY,NONE,39.034687,-77.04074217,"(39.034687, -77.04074217)"
MCP2639001Q,17002140,Montgomery County Police,Injury Crash,01/12/2017 11:45:00 PM,Maryland (State),GEORGIA AVE,REEDIE DR,,N/A,PEDESTRIAN,STRAIGHT MOVEMENT ANGLE,CLOUDY,DRY,DARK LIGHTS ON,TRAFFIC SIGNAL,NONE DETECTED,ALCOHOL CONTRIBUTED,E1C46BDA-07C1-4AB0-BD55-D318002D62CE,PEDESTRIAN,Cross/Enter not at Intersection,DART DASH,ON ROADWAY NOT AT CROSSWALK,Yes,SUSPECTED SERIOUS INJURY,NONE,39.03885167,-77.050735,"(39.03885167, -77.050735)"
MCP9301000M,15026639,Montgomery County Police,Injury Crash,06/02/2015 02:16:00 PM,,,,parking lot of 610 N. Frederick Ave,,PEDESTRIAN,SINGLE VEHICLE,RAINING,,DAYLIGHT,NO CONTROLS,NONE DETECTED,NONE DETECTED,93765BF6-9A08-4BC3-9556-6D0795745664,PEDESTRIAN,Other,NO IMPROPER ACTIONS,OTHER,,SUSPECTED SERIOUS INJURY,N/A,39.15043667,-77.21318667,"(39.15043667, -77.21318667)"
MCP31210051,220050528,Montgomery County Police,Injury Crash,11/15/2022 05:44:00 PM,County,ARROWHEAD RD,ROTHBURY DR,,N/A,PEDESTRIAN,SINGLE VEHICLE,RAINING,WET,DARK NO LIGHTS,STOP SIGN,NONE DETECTED,NONE DETECTED,B4CFEFFF-B542-43AB-A085-48B53F67ED06,PEDESTRIAN,Cross/Enter at Intersection,NO IMPROPER ACTIONS,AT INTERSECTION MARKED CROSSWALK,No,POSSIBLE INJURY,NONE,39.18521736,-77.19379783,"(39.18521736, -77.19379783)"
MCP1595002F,230065714,Montgomery County Police,Injury Crash,11/11/2023 12:17:00 AM,Maryland (State),UNIVERSITY BLVD W,REEDIE DR,,N/A,PEDESTRIAN,OTHER,CLEAR,DRY,DARK LIGHTS ON,NO CONTROLS,NONE DETECTED,ALCOHOL CONTRIBUTED,C139969F-4293-43C3-9851-47EE5D039B3C,PEDESTRIAN,Cross/Enter not at Intersection,INATTENTIVE,ON ROADWAY NOT AT CROSSWALK,Yes,SUSPECTED SERIOUS INJURY,NONE,39.03973071,-77.04286618,"(39.03973071, -77.04286618)"
MCP2492001K,200050258,Montgomery County Police,Fatal Crash,12/22/2020 03:58:00 AM,Maryland (State),GEORGIA AVE,UNIVERSITY BLVD W,,N/A,PEDESTRIAN,OTHER,CLEAR,WET,DARK LIGHTS ON,TRAFFIC SIGNAL,NONE DETECTED,ALCOHOL PRESENT,35A79B1D-D5C2-4253-AC17-CF66F82D2A6E,PEDESTRIAN,Cross/Enter at Intersection,FAILURE TO OBEY TRAFFIC SIGNS SIGNALS OR OFFICER,ON ROADWAY AT CROSSWALK,Yes,FATAL INJURY,NONE,39.04149454,-77.05178448,"(39.04149454, -77.05178448)"
MCP2805004G,210045575,Montgomery County Police,Injury Crash,11/10/2021 02:47:00 PM,,,,"PL OF COSTCO, 880 RUSSELL AVE, GAITHERSBURG, MD",,PEDESTRIAN,SAME DIR REAR END,CLEAR,,DAYLIGHT,N/A,NONE DETECTED,NONE DETECTED,7ECB82FD-7F96-4A4B-BD97-82E3D8277ED7,PEDESTRIAN,Standing,NOT VISIBLE,CURB,No,SUSPECTED MINOR INJURY,N/A,39.15713833,-77.214125,"(39.15713833, -77.214125)"
MCP3161003C,210042969,Montgomery County Police,Injury Crash,10/25/2021 03:03:00 PM,Maryland (State),ROCKVILLE PIKE,CEDAR LA,,N/A,PEDESTRIAN,SINGLE VEHICLE,CLEAR,DRY,DAYLIGHT,NO CONTROLS,NONE DETECTED,NONE DETECTED,8B35DAE4-7417-4A97-8807-1DE8C94C9404,PEDESTRIAN,Cross/Enter not at Intersection,IN ROADWAY IMPROPERLY,ON ROADWAY NOT AT CROSSWALK,Yes,SUSPECTED SERIOUS INJURY,NONE,38.99746667,-77.10965833,"(38.99746667, -77.10965833)"
MCP2288000J,180026145,Montgomery County Police,Injury Crash,05/28/2018 10:10:00 AM,Maryland (State),OLD GEORGETOWN RD,ARLINGTON RD,,N/A,BICYCLIST,SAME DIRECTION RIGHT TURN,CLOUDY,DRY,DAYLIGHT,TRAFFIC SIGNAL,NONE DETECTED,NONE DETECTED,2498DA32-177A-4F75-90FC-6F8A21370D8F,BICYCLIST,Walking/Riding w/Traffic,NO IMPROPER ACTIONS,CURB,No,POSSIBLE INJURY,NONE,38.98750649,-77.0988214,"(38.98750649, -77.0988214)"
MCP2954003P,170523918,Montgomery County Police,Injury Crash,08/09/2017 04:00:00 PM,County,FLOWER AVE,PINEY BRANCH RD,,N/A,BICYCLIST,STRAIGHT MOVEMENT ANGLE,CLEAR,DRY,DAYLIGHT,NO CONTROLS,NONE DETECTED,ALCOHOL PRESENT,EB7ACDFE-964D-4344-98E1-EA2FEC9F88F5,BICYCLIST,Cross/Enter at Intersection,FAILURE TO YIELD RIGHT OF WAY,AT INTERSECTION BUT NO CROSSWALK,Yes,POSSIBLE INJURY,NONE,38.99864333,-77.00348833,"(38.99864333, -77.00348833)"
MCP3379001R,250011687,MONTGOMERY,Injury Crash,03/17/2025 03:44:00 PM,Maryland (State) Route,GERMANTOWN RD (SB/L),,,,Scooter (electric),Single Vehicle,Clear,Dry,Daylight,Traffic Control Signal,"Not Suspect of Alcohol Use, Not Suspect of Drug Use","Not Suspect of Alcohol Use, Not Suspect of Drug Use",3F759634-DB52-4692-B051-955264983B7A,Scooter (electric),Cross/Enter at Intersection,"Failure to Obey Traffic Signs, Signals, or Officer, Failure to Yield Right-Of-Way",Intersection Marked Crosswalk,Yes,Suspected Minor Injury,None,39.16716675,-77.28062683,"(39.16716675, -77.28062683)"
MCP22860025,180035634,Montgomery County Police,Injury Crash,07/18/2018 09:20:00 AM,Municipality,E JEFFERSON ST,ROLLINS AVE,,ROCKVILLE,PEDESTRIAN,STRAIGHT MOVEMENT ANGLE,CLEAR,DRY,DARK LIGHTS ON,NO CONTROLS,NONE DETECTED,NONE DETECTED,06435A6C-D0BD-4D7A-9A65-61195B335A1F,PEDESTRIAN,Cross/Enter not at Intersection,DART DASH,ON ROADWAY NOT AT CROSSWALK,Yes,SUSPECTED SERIOUS INJURY,NONE,39.05985667,-77.125865,"(39.05985667, -77.125865)"
MCP31480071,240051509,MONTGOMERY,Injury Crash,10/27/2024 04:37:00 PM,Municipality Route,ROSEMARY ST,ROSE MARY CIR,,,Pedestrian,Single Vehicle,Clear,Dry,Daylight,Pedestrian Crossing,"Not Suspect of Alcohol Use, Not Suspect of Drug Use","Not Suspect of Alcohol Use, Not Suspect of Drug Use",6FE8F479-BDED-412D-AC7B-30F374EBB7CA,Pedestrian,Cross/Enter at Intersection,None (No Improper Action),Intersection Marked Crosswalk,No,No Apparent Injury,"None, Other",38.97794319,-77.08102483,"(38.97794319, -77.08102483)"
DD56140022,17006536,Rockville Police Departme,Injury Crash,02/06/2017 06:15:00 PM,Municipality,MONROE ST,MONROE PL,,N/A,PEDESTRIAN,STRAIGHT MOVEMENT ANGLE,CLEAR,DRY,DARK LIGHTS ON,STOP SIGN,NONE DETECTED,NONE DETECTED,C1816816-AADD-423D-AEB1-10873A6BE69E,PEDESTRIAN,Cross/Enter at Intersection,NO IMPROPER ACTIONS,ON ROADWAY AT CROSSWALK,No,POSSIBLE INJURY,NONE,39.08324367,-77.14895067,"(39.08324367, -77.14895067)"
MCP30050055,200036016,Montgomery County Police,Injury Crash,09/14/2020 02:30:00 PM,County,ARCOLA AVE,KENBROOK DR,,N/A,MACHINE OPERATOR/RIDER,SINGLE VEHICLE,N/A,DRY,DAYLIGHT,STOP SIGN,NONE DETECTED,NONE DETECTED,8F35EC6B-3415-4650-9613-8CE54C76AE56,MACHINE OPERATOR/RIDER,Cross/Enter at Intersection,NO IMPROPER ACTIONS,AT INTERSECTION MARKED CROSSWALK,No,POSSIBLE INJURY,NONE,39.03915333,-77.027725,"(39.03915333, -77.027725)"
MCP2789003Z,180000883,Montgomery County Police,Injury Crash,01/06/2018 03:30:00 PM,,,,PARKING LOT OF 8315 GEORGIA AVE,,PEDESTRIAN,SINGLE VEHICLE,N/A,,DAYLIGHT,NO CONTROLS,N/A,N/A,7F3C9432-0EF3-46F0-9A43-A6A4F4EF7938,PEDESTRIAN,Other,IN ROADWAY IMPROPERLY,OTHER,Yes,POSSIBLE INJURY,N/A,39.01437333,-77.03431667,"(39.01437333, -77.03431667)"
MCP31190010,180048683,Montgomery County Police,Injury Crash,09/29/2018 12:49:00 PM,County,CROSS COUNTRY LA,STRAWBERRY KNOLL RD,,N/A,PEDESTRIAN,SINGLE VEHICLE,CLEAR,DRY,DAYLIGHT,NO CONTROLS,NONE DETECTED,NONE DETECTED,CFE9B1CB-5E05-4237-A76D-5077D3D7D3B7,PEDESTRIAN,Other,IN ROADWAY IMPROPERLY,ON ROADWAY NOT AT CROSSWALK,Yes,SUSPECTED MINOR INJURY,NONE,39.1623846,-77.18265876,"(39.1623846, -77.18265876)"
MCP3029000N,170500472,Montgomery County Police,Injury Crash,04/05/2017 08:15:00 AM,County,HEWITT AVE,GEORGIA AVE,,N/A,PEDESTRIAN,OTHER,CLEAR,DRY,DAYLIGHT,NO CONTROLS,UNKNOWN,N/A,45EBF403-7E71-49BC-AE53-9DB968368749,PEDESTRIAN,Standing,NO IMPROPER ACTIONS,OTHER,No,SUSPECTED MINOR INJURY,N/A,39.07924957,-77.06777215,"(39.07924957, -77.06777215)"
MCP2195005S,230004805,Montgomery County Police,Injury Crash,01/30/2023 06:30:00 AM,,,,PARKING LOT 16651 CRABBS BRANCH WAY,,PEDESTRIAN,OTHER,CLEAR,,DARK LIGHTS ON,NO CONTROLS,NONE DETECTED,NONE DETECTED,388A4E62-F4CC-4669-AAAF-1B5C475251DE,PEDESTRIAN,Other,FAILURE TO YIELD RIGHT OF WAY,OTHER,Yes,POSSIBLE INJURY,N/A,39.12764833,-77.16462333,"(39.12764833, -77.16462333)"
EJ78520070,230004374,Gaithersburg Police Depar,Injury Crash,01/26/2023 08:05:00 PM,Municipality,GIRARD ST,LARKSPUR WAY,,GAITHERSBURG,BICYCLIST,HEAD ON LEFT TURN,N/A,DRY,DARK LIGHTS ON,NO CONTROLS,NONE DETECTED,NONE DETECTED,46552CE2-6055-4346-93C6-477E3CD9D2C0,BICYCLIST,N/A,FAILURE TO YIELD RIGHT OF WAY,ON ROADWAY NOT AT CROSSWALK,Yes,SUSPECTED MINOR INJURY,UNKNOWN,39.14810642,-77.18608087,"(39.14810642, -77.18608087)"
MCP23480052,190024574,Montgomery County Police,Injury Crash,05/23/2019 05:30:00 PM,Maryland (State),GEORGIA AVE,UNIVERSITY BLVD W,,N/A,PEDESTRIAN,OTHER,CLEAR,DRY,DAYLIGHT,TRAFFIC SIGNAL,NONE DETECTED,NONE DETECTED,BA019151-C3B9-4D35-91CE-A52BF1E90460,PEDESTRIAN,Cross/Enter at Intersection,NO IMPROPER ACTIONS,ON ROADWAY AT CROSSWALK,No,SUSPECTED SERIOUS INJURY,N/A,39.04165333,-77.05187667,"(39.04165333, -77.05187667)"
MCP3232000R,200017966,Montgomery County Police,Injury Crash,05/02/2020 05:55:00 PM,Maryland (State),GEORGIA AVE,GEORGIAN WAY,,N/A,BICYCLIST,STRAIGHT MOVEMENT ANGLE,CLEAR,DRY,DAYLIGHT,NO CONTROLS,NONE DETECTED,NONE DETECTED,D12A7C3F-38BD-4A12-AB85-9A414A8AA6EB,BICYCLIST,Cross/Enter at Intersection,N/A,SIDEWALK,No,SUSPECTED MINOR INJURY,MC/BIKE HELMET,39.05439,-77.050395,"(39.05439, -77.050395)"
MCP263900D0,210041923,Montgomery County Police,Injury Crash,10/19/2021 07:40:00 AM,,SNOWDEN FARM PKWY,SWEETSPIRE DR,,N/A,BICYCLIST,STRAIGHT MOVEMENT ANGLE,CLEAR,DRY,DAYLIGHT,N/A,NONE DETECTED,NONE DETECTED,08591482-AE4C-4E70-91E7-3FA870F0BA44,BICYCLIST,Cross/Enter at Intersection,DART DASH,AT INTERSECTION MARKED CROSSWALK,Yes,POSSIBLE INJURY,MC/BIKE HELMET,39.226935,-77.24847833,"(39.226935, -77.24847833)"
MCP9369001S,210019431,Montgomery County Police,Injury Crash,05/23/2021 02:15:00 AM,Maryland (State),FREDERICK RD,RIDGEMONT AVE,,ROCKVILLE,PEDESTRIAN,SINGLE VEHICLE,CLEAR,DRY,DARK LIGHTS ON,NO CONTROLS,NONE DETECTED,NONE DETECTED,D77E4A56-49F7-456A-A139-DFBE28EAB47E,PEDESTRIAN,Walking/Riding w/Traffic,IN ROADWAY IMPROPERLY,ON ROADWAY NOT AT CROSSWALK,Yes,SUSPECTED SERIOUS INJURY,NONE,39.12004667,-77.17367167,"(39.12004667, -77.17367167)"
MCP2455004P,220002544,Montgomery County Police,Injury Crash,01/20/2022 03:40:00 PM,,,,PARKING LOT OF 12051 ROCKVILLE PIKE,,PEDESTRIAN,OTHER,CLEAR,,DAYLIGHT,N/A,NONE DETECTED,NONE DETECTED,9A3FFC8F-03E9-47A5-907C-0FA7DB010C08,PEDESTRIAN,Standing,NO IMPROPER ACTIONS,OTHER,No,POSSIBLE INJURY,UNKNOWN,39.05514725,-77.11523823,"(39.05514725, -77.11523823)"
MCP11740066,230022157,Montgomery County Police,Injury Crash,05/09/2023 07:43:00 AM,Maryland (State),EAST WEST HWY (W/B COUPLET),PEARL ST,,N/A,BICYCLIST,SINGLE VEHICLE,CLEAR,DRY,DAYLIGHT,TRAFFIC SIGNAL,NONE DETECTED,N/A,12E1213E-97E7-4D3C-A589-C8D5F0F414E9,BICYCLIST,Cross/Enter at Intersection,NO IMPROPER ACTIONS,AT INTERSECTION MARKED CROSSWALK,No,SUSPECTED MINOR INJURY,NONE,38.98502108,-77.09101622,"(38.98502108, -77.09101622)"
MCP1433004P,230000395,Montgomery County Police,Injury Crash,01/03/2023 06:45:00 PM,Maryland (State),ROCKVILLE PIKE,ENT TO FEDERAL PLAZA S.C.,,N/A,PEDESTRIAN,OTHER,CLEAR,WET,DARK LIGHTS ON,TRAFFIC SIGNAL,NONE DETECTED,NONE DETECTED,3942760D-CFA0-440B-B831-4BC11D7788D0,PEDESTRIAN,Walking/Riding against Traffic,NO IMPROPER ACTIONS,ON ROADWAY AT CROSSWALK,No,SUSPECTED MINOR INJURY,N/A,39.05739905,-77.12037172,"(39.05739905, -77.12037172)"
MCP3232000J,200011852,Montgomery County Police,Injury Crash,03/10/2020 06:29:00 PM,,,,DRIVE WAY ACCESS TO 2305 SHORFIELD RD.,,OTHER PEDALCYCLIST,STRAIGHT MOVEMENT ANGLE,N/A,,DAYLIGHT,N/A,NONE DETECTED,NONE DETECTED,2D628B5C-0719-45D2-8C5F-242B5D6837EC,OTHER PEDALCYCLIST,N/A,N/A,SIDEWALK,No,SUSPECTED MINOR INJURY,N/A,39.05302332,-77.0501063,"(39.05302332, -77.0501063)"
MCP2552005F,230001970,Montgomery County Police,Injury Crash,01/12/2023 06:19:00 PM,Maryland (State),FREDERICK RD,WATKINS POND BLVD,,ROCKVILLE,PEDESTRIAN,OTHER,CLEAR,WET,DARK LIGHTS ON,TRAFFIC SIGNAL,N/A,N/A,594BD2FD-637B-4E43-96E6-D5AE037FE857,PEDESTRIAN,Cross/Enter at Intersection,IN ROADWAY IMPROPERLY,ON ROADWAY NOT AT CROSSWALK,Yes,SUSPECTED MINOR INJURY,NONE,39.11222041,-77.16190113,"(39.11222041, -77.16190113)"
DD56170024,190054253,Rockville Police Departme,Injury Crash,11/09/2019 11:00:00 PM,Municipality,PARK RD,HUNGERFORD DR,,N/A,PEDESTRIAN,OTHER,CLEAR,N/A,DARK LIGHTS ON,TRAFFIC SIGNAL,UNKNOWN,UNKNOWN,04BAE178-E0DA-4243-B3E3-97659BAA8E60,PEDESTRIAN,Cross/Enter at Intersection,UNKNOWN,AT INTERSECTION MARKED CROSSWALK,Unknown,SUSPECTED MINOR INJURY,NONE,39.08526596,-77.14809588,"(39.08526596, -77.14809588)"
DD5649003K,230074413,Rockville Police Departme,Injury Crash,12/31/2023 05:25:00 PM,Municipality,MONROE ST,E JEFFERSON ST,,N/A,PEDESTRIAN,OTHER,CLEAR,DRY,DARK LIGHTS ON,TRAFFIC SIGNAL,NONE DETECTED,NONE DETECTED,2CA6776A-3D5D-47B3-8DA9-B1EC99D9CCAC,PEDESTRIAN,Cross/Enter at Intersection,NO IMPROPER ACTIONS,ON ROADWAY AT CROSSWALK,No,SUSPECTED SERIOUS INJURY,NONE,39.08181926,-77.14892365,"(39.08181926, -77.14892365)"
MCP2799004L,180061322,Montgomery County Police,Injury Crash,12/13/2018 12:00:00 AM,County,CHERRY HILL RD,BROADBIRCH DR,,N/A,PEDESTRIAN,SINGLE VEHICLE,CLEAR,DRY,DARK LIGHTS ON,NO CONTROLS,ILLEGAL DRUG CONTRIBUTED,NONE DETECTED,A7BDDB32-BD6D-4D15-A8C4-EDF60BBCBD15,PEDESTRIAN,Other,OTHER,SHOULDER,No,SUSPECTED MINOR INJURY,NONE,39.09495667,-76.92988833,"(39.09495667, -76.92988833)"
MCP2818001H,15063888,MONTGOMERY,Injury Crash,12/14/2015 05:20:00 PM,Maryland (State),GEORGIA AVE,CAMERON ST,,N/A,PEDESTRIAN,N/A,RAINING,WET,DARK NO LIGHTS,TRAFFIC SIGNAL,UNKNOWN,NONE DETECTED,14582517-2166-4199-AFA6-6D30E9185F65,PEDESTRIAN,Cross/Enter at Intersection,NO IMPROPER ACTIONS,AT INTERSECTION MARKED CROSSWALK,No,SUSPECTED MINOR INJURY,N/A,38.99755333,-77.02970333,"(38.99755333, -77.02970333)"
MCP2766001Q,15044823,MONTGOMERY,Injury Crash,09/05/2015 07:14:00 PM,,,,At the entrance to the Citgo located at 13615 Georgia Ave,,BICYCLIST,STRAIGHT MOVEMENT ANGLE,CLEAR,,DAYLIGHT,N/A,NONE DETECTED,ALCOHOL PRESENT,B5EA0A9A-A4D0-482B-AFC2-F38F491B0527,BICYCLIST,Walking/Cycling on Sidewalk,INATTENTIVE,SIDEWALK,Yes,POSSIBLE INJURY,NONE,39.07800028,-77.07120538,"(39.07800028, -77.07120538)"
MCP2274001J,170519122,Montgomery County Police,Injury Crash,07/14/2017 04:57:00 PM,,,,"PARKING LOT OF 455 N. FREDERICK AVE, GAITHERSBURG, MONTGOMERY COUTNY, MARYLAND",,BICYCLIST,STRAIGHT MOVEMENT ANGLE,CLOUDY,,DAYLIGHT,NO CONTROLS,NONE DETECTED,NONE DETECTED,79FA7296-98DD-4755-85CF-461003B40A90,BICYCLIST,Walking/Cycling on Sidewalk,NO IMPROPER ACTIONS,SIDEWALK,No,SUSPECTED MINOR INJURY,NONE,39.14836833,-77.206515,"(39.14836833, -77.206515)"
MCP32320059,240036475,MONTGOMERY,Injury Crash,08/02/2024 05:30:00 PM,,,,Parking Aisle        18131 SLADE SCHOOL RD,,Wheelchair (electric),Single Vehicle,Clear,,Daylight,,"Not Suspect of Alcohol Use, Not Suspect of Drug Use","Not Suspect of Alcohol Use, Not Suspect of Drug Use",25B3BAF4-EDD2-4C31-BA31-B38BDA040EFC,Wheelchair (electric),Unknown,Unknown,Other,Yes,Possible Injury,None,39.15485431,-77.04042973,"(39.15485431, -77.04042973)"
MCP2766001H,15029383,Montgomery County Police,Injury Crash,06/16/2015 08:00:00 PM,Maryland (State),VEIRS MILL RD,TURKEY BRANCH PKWY,,N/A,BICYCLIST,STRAIGHT MOVEMENT ANGLE,CLEAR,DRY,DAYLIGHT,WARNING SIGN,NONE DETECTED,NONE DETECTED,C872722A-C876-4AD2-BD2A-DE51325A6F1B,BICYCLIST,Cross/Enter at Intersection,NO IMPROPER ACTIONS,ON ROADWAY AT CROSSWALK,,SUSPECTED MINOR INJURY,MC/BIKE HELMET,39.06028667,-77.08915833,"(39.06028667, -77.08915833)"