Report Number,Local Case Number,Agency Name,ACRS Report Type,Crash Date/Time,Route Type,Road Name,Cross-Street Name,Off-Road Description,Municipality,Related Non-Motorist,Collision Type,Weather,Surface Condition,Light,Traffic Control,Driver Substance Abuse,Non-Motorist Substance Abuse,Person ID,Pedestrian Type,Pedestrian Movement,Pedestrian Actions,Pedestrian Location,At Fault,Injury Severity,Safety Equipment,Latitude,Longitude,Location
MCP31680049,220018235,Montgomery County Police,Injury Crash,04/29/2022 03:00:00 PM,,,,ENTERANCE/EXIT OF 12151 ROCKVILLE PIKE,,BICYCLIST,STRAIGHT MOVEMENT ANGLE,CLEAR,,DAYLIGHT,NO CONTROLS,NONE DETECTED,NONE DETECTED,5773DC59-65C9-486D-9579-733397973A4B,BICYCLIST,Cross/Enter at Intersection,NO IMPROPER ACTIONS,SIDEWALK,No,POSSIBLE INJURY,MC/BIKE HELMET,39.05814,-77.12053833,"(39.05814, -77.12053833)"
MCP2466001R,16064424,Montgomery County Police,Injury Crash,12/14/2016 06:45:00 PM,Maryland (State),NEW HAMPSHIRE AVE,MCNEIL LA,,N/A,BICYCLIST,STRAIGHT MOVEMENT ANGLE,CLEAR,N/A,DARK LIGHTS ON,NO CONTROLS,UNKNOWN,UNKNOWN,C23A4E98-A76F-4FCE-A278-3895979F5A15,BICYCLIST,Walking/Riding against Traffic,WRONG WAY RIDING OR WALKING,SHOULDER,Yes,SUSPECTED MINOR INJURY,MC/BIKE HELMET,39.115075,-76.99268,"(39.115075, -76.99268)"
MCP0613001W,20035972,Montgomery County Police,Injury Crash,09/14/2020 08:42:00 AM,County,BATCHELLORS FOREST RD,GEORGIA AVE,,N/A,BICYCLIST,SINGLE VEHICLE,CLOUDY,DRY,DAYLIGHT,STOP SIGN,NONE DETECTED,NONE DETECTED,C46C66C9-6039-41DC-A5FA-02913DB1F880,BICYCLIST,Walking/Cycling on Sidewalk,NO IMPROPER ACTIONS,AT INTERSECTION MARKED CROSSWALK,No,SUSPECTED MINOR INJURY,MC/BIKE HELMET,39.12372811,-77.0725345,"(39.12372811, -77.0725345)"
MCP2347002H,190061641,Montgomery County Police,Injury Crash,12/22/2019 01:41:00 PM,,,,2144 INDUSTRIAL PARKWAY PARKING LOT,,PEDESTRIAN,N/A,CLEAR,,DAYLIGHT,NO CONTROLS,NONE DETECTED,NONE DETECTED,5BB59111-847D-47F3-A95D-8446AF54C93A,PEDESTRIAN,Other,OTHER,OTHER,No,SUSPECTED MINOR INJURY,NONE,39.054455,-76.96905333,"(39.054455, -76.96905333)"
EJ78850035,230032394,Gaithersburg Police Depar,Injury Crash,07/07/2023 02:55:00 PM,,,,PARKING LOT OF 880 RUSSELL AVE,,PEDESTRIAN,N/A,CLEAR,,DAYLIGHT,NO CONTROLS,NONE DETECTED,NONE DETECTED,5FB966A6-5440-4489-BF8F-2D88032C8063,PEDESTRIAN,Other,NO IMPROPER ACTIONS,OTHER,No,POSSIBLE INJURY,N/A,39.1563985,-77.21339017,"(39.1563985, -77.21339017)"
MCP0936001M,16031943,Montgomery County Police,Injury Crash,06/24/2016 10:40:00 AM,,,,10550 CONNECTICUT AVENUE,,PEDESTRIAN,SINGLE VEHICLE,CLOUDY,,DAYLIGHT,N/A,NONE DETECTED,NONE DETECTED,FB5E7D7B-C056-487A-9808-72D516CF3656,PEDESTRIAN,Other,NO IMPROPER ACTIONS,OTHER,No,POSSIBLE INJURY,N/A,39.02775843,-77.07669318,"(39.02775843, -77.07669318)"
MCP3176002W,250001479,MONTGOMERY,Injury Crash,01/11/2025 11:19:00 PM,US (State),COLESVILLE RD,,,,Cyclist (Electric),Single Vehicle,Clear,Wet,Dark - Lighted,Traffic Control Signal,"Unknown, Unknown","Unknown, Unknown",F066AC1A-DC6B-4F2D-A3B6-42AA96DD1A16,Cyclist (Electric),Walking/Cycling on Sidewalk,None (No Improper Action),Intersection Marked Crosswalk,No,Suspected Minor Injury,None,39.00771995,-77.02000751,"(39.00771995, -77.02000751)"
MCP3005006Q,220032865,Montgomery County Police,Injury Crash,07/31/2022 11:50:00 AM,County,SELFRIDGE RD,MAHAN RD,,N/A,PEDESTRIAN,SINGLE VEHICLE,CLEAR,DRY,DAYLIGHT,NO CONTROLS,NONE DETECTED,NONE DETECTED,682792F0-7C86-44D0-A32B-E84E5CC9B165,PEDESTRIAN,Standing,OTHER,OTHER,Unknown,POSSIBLE INJURY,N/A,39.05519,-77.08034,"(39.05519, -77.08034)"
MCP30510083,240061648,MONTGOMERY,Injury Crash,12/26/2024 05:28:00 PM,,,,Parking Lot Way        PARKING LOT OF 7125 DEMOCRACY BLVD ( MACYS AT MONTGOMERY MALL),,Pedestrian,Single Vehicle,Clear,,Dark - Lighted,,"Not Suspect of Alcohol Use, Not Suspect of Drug Use","Not Suspect of Alcohol Use, Not Suspect of Drug Use",332017FF-35F9-493E-95A1-675446A0E3D4,Pedestrian,Cross/Enter at Intersection,None (No Improper Action),Intersection Unmarked Crosswalk,No,Possible Injury,None,39.02383832,-77.14829107,"(39.02383832, -77.14829107)"
DD5522002B,15060186,ROCKVILLE,Injury Crash,11/24/2015 10:45:00 PM,Municipality,CABIN JOHN PKWY,W LYNFIELD DR,,ROCKVILLE,PEDESTRIAN,OTHER,CLEAR,DRY,DARK LIGHTS ON,NO CONTROLS,NONE DETECTED,NONE DETECTED,5A854FC2-6E51-4175-9A0A-754BFAA32F2A,PEDESTRIAN,Walking/Riding w/Traffic,UNKNOWN,CURB,Yes,POSSIBLE INJURY,NONE,39.08370833,-77.15323167,"(39.08370833, -77.15323167)"
MCP32920024,240019616,MONTGOMERY,Injury Crash,04/26/2024 11:31:00 PM,Local Route,COBBLER PL,BARKLEY PL,,,Pedestrian,Single Vehicle,Clear,Dry,Dark - Lighted,Pedestrian Crossing,"Not Suspect of Alcohol Use, Not Suspect of Drug Use","Not Suspect of Alcohol Use, Not Suspect of Drug Use",81958B3F-40BE-4B24-BAD4-054AAAE9209D,Pedestrian,Cross/Enter at Intersection,None (No Improper Action),Intersection Marked Crosswalk,No,Suspected Minor Injury,Unknown,39.13149749,-77.19052225,"(39.13149749, -77.19052225)"
MCP2964000V,15044621,MONTGOMERY,Injury Crash,09/04/2015 05:00:00 PM,County,MIDDLEBROOK RD,FREDERICK RD,,N/A,BICYCLIST,STRAIGHT MOVEMENT ANGLE,CLEAR,DRY,DAYLIGHT,YIELD SIGN,NONE DETECTED,NONE DETECTED,A2B7366D-7142-416C-AD68-9BE9487645B1,BICYCLIST,Cross/Enter at Intersection,NO IMPROPER ACTIONS,AT INTERSECTION MARKED CROSSWALK,No,SUSPECTED MINOR INJURY,NONE,39.18076775,-77.23862886,"(39.18076775, -77.23862886)"
MCP22600017,16017022,Montgomery County Police,Injury Crash,04/07/2016 06:11:00 PM,,,,PARKING LOT OF 1776 EAST JEFFERSON STREET,,PEDESTRIAN,SINGLE VEHICLE,N/A,,DAYLIGHT,N/A,N/A,N/A,C2A5315E-EFD2-4147-AF84-B9FE5C3CFAAC,PEDESTRIAN,Other,NO IMPROPER ACTIONS,OTHER,No,SUSPECTED MINOR INJURY,N/A,39.057725,-77.124665,"(39.057725, -77.124665)"
MCP32120012,200003809,Montgomery County Police,Injury Crash,01/23/2020 03:47:00 PM,,,,PRIVATE DRIVE OFF 10000 BRUNSWICK AVE,,PEDESTRIAN,OTHER,CLEAR,,DAYLIGHT,NO CONTROLS,NONE DETECTED,NONE DETECTED,52DCA9D6-297D-4611-B12D-9E8465DCAA58,PEDESTRIAN,Walking/Riding against Traffic,N/A,ON ROADWAY NOT AT CROSSWALK,No,POSSIBLE INJURY,NONE,39.01943483,-77.05721367,"(39.01943483, -77.05721367)"
MCP15800047,15046473,MONTGOMERY,Injury Crash,09/14/2015 11:34:00 AM,,,,115 S FREDERICK AVE.   ST. MARTINS CATHOLIC CHURCH PARKING  LOT,,PEDESTRIAN,OTHER,CLEAR,,DAYLIGHT,NO CONTROLS,NONE DETECTED,NONE DETECTED,A7975367-F0D8-4D47-892F-EEC42EBC84B7,PEDESTRIAN,Standing,OTHER,OTHER,Unknown,POSSIBLE INJURY,NONE,39.13950667,-77.19561167,"(39.13950667, -77.19561167)"
EJ78330028,16045623,Gaithersburg Police Depar,Injury Crash,09/06/2016 06:28:00 PM,Municipality,FALLBROOK ST,STERNWHEELER CT,,GAITHERSBURG,PEDESTRIAN,OTHER,CLEAR,DRY,DAYLIGHT,NO CONTROLS,NONE DETECTED,NONE DETECTED,101AD7C5-157E-4F20-90B2-B7C5B20598A7,PEDESTRIAN,Playing,DART DASH,ON ROADWAY NOT AT CROSSWALK,Yes,SUSPECTED MINOR INJURY,NONE,39.14544,-77.187215,"(39.14544, -77.187215)"
MCP2789000K,15003826,Montgomery County Police,Injury Crash,01/23/2015 08:10:00 PM,Maryland (State),COLESVILLE RD,GEORGIA AVE,,N/A,PEDESTRIAN,SINGLE VEHICLE,RAINING,WET,DARK LIGHTS ON,TRAFFIC SIGNAL,N/A,N/A,BE95E8A5-2271-404B-9A7E-665E6DAF897F,PEDESTRIAN,Cross/Enter at Intersection,NO IMPROPER ACTIONS,AT INTERSECTION MARKED CROSSWALK,,SUSPECTED MINOR INJURY,N/A,38.99734667,-77.029575,"(38.99734667, -77.029575)"
MCP33050010,210039823,Montgomery County Police,Injury Crash,10/06/2021 01:33:00 PM,Maryland (State),GEORGIA AVE,CAMERON ST,,N/A,PEDESTRIAN,SAME DIRECTION RIGHT TURN,CLOUDY,DRY,DAYLIGHT,TRAFFIC SIGNAL,NONE DETECTED,NONE DETECTED,1FC31874-481D-479F-BECF-3EC5F869CE4B,PEDESTRIAN,Cross/Enter at Intersection,NO IMPROPER ACTIONS,ON ROADWAY AT CROSSWALK,No,SUSPECTED MINOR INJURY,N/A,38.9976706,-77.02961255,"(38.9976706, -77.02961255)"
MCP22030066,220039488,Montgomery County Police,Injury Crash,09/11/2022 01:20:00 PM,,,,PARKING LOT OF 12029 GEORGIA AVE,,PEDESTRIAN,N/A,RAINING,,DAYLIGHT,N/A,N/A,NONE DETECTED,4F2D6CFF-A874-4681-9636-C81F69FE760E,PEDESTRIAN,Cross/Enter not at Intersection,NO IMPROPER ACTIONS,ON ROADWAY NOT AT CROSSWALK,No,POSSIBLE INJURY,N/A,39.0529015,-77.0502545,"(39.0529015, -77.0502545)"
MCP24200047,220022518,Montgomery County Police,Property Damage Crash,06/01/2022 02:15:00 PM,,,,PARKING LOT OF 12389 GEORGIA AVE,,PEDESTRIAN,OTHER,CLEAR,,DAYLIGHT,NO CONTROLS,N/A,NONE DETECTED,E2FE718F-2E2D-4790-8010-D79A7B6EA85B,PEDESTRIAN,Other,NO IMPROPER ACTIONS,OTHER,No,NO APPARENT INJURY,N/A,39.14941667,-77.06661833,"(39.14941667, -77.06661833)"
MCP15750061,170545427,Montgomery County Police,Injury Crash,11/28/2017 03:45:00 PM,County,SHADY GROVE RD,DARNESTOWN RD,,N/A,BICYCLIST,STRAIGHT MOVEMENT ANGLE,CLEAR,DRY,DAYLIGHT,TRAFFIC SIGNAL,NONE DETECTED,NONE DETECTED,DBFBE688-8FB5-4654-B195-829CBEE6B0FD,BICYCLIST,Cross/Enter at Intersection,NO IMPROPER ACTIONS,ON ROADWAY AT CROSSWALK,No,POSSIBLE INJURY,NONE,39.09298509,-77.19645984,"(39.09298509, -77.19645984)"
MCP3114002Z,230018017,Montgomery County Police,Injury Crash,04/15/2023 06:03:00 PM,,,,PARKING LOT OF 10151 COLESVILLE ROAD,,PEDESTRIAN,SAME DIRECTION SIDESWIPE,CLEAR,,DAYLIGHT,N/A,N/A,N/A,E1D200F4-B541-432C-B7F7-D1DC70F9855F,PEDESTRIAN,Standing,NO IMPROPER ACTIONS,CURB,No,SUSPECTED MINOR INJURY,N/A,39.02129667,-77.01142583,"(39.02129667, -77.01142583)"
MCP2134001R,180058159,Montgomery County Police,Fatal Crash,11/20/2018 06:44:00 AM,Municipality,S SUMMIT AVE,WELLS AVE,,GAITHERSBURG,PEDESTRIAN,OTHER,CLEAR,N/A,DAWN,OTHER,N/A,UNKNOWN,3472140D-AE30-4C4F-AE41-2212B1289F04,PEDESTRIAN,Cross/Enter at Intersection,UNKNOWN,ON ROADWAY AT CROSSWALK,Unknown,FATAL INJURY,NONE,39.14136392,-77.19350721,"(39.14136392, -77.19350721)"
MCP2906001X,180046170,Montgomery County Police,Injury Crash,09/15/2018 07:00:00 PM,Municipality,WASHINGTONIAN BLVD,BOARDWALK PL,,N/A,PEDESTRIAN,STRAIGHT MOVEMENT ANGLE,CLEAR,DRY,DAYLIGHT,N/A,N/A,N/A,D86D412F-1271-4D08-BC05-F9607B1A28FD,PEDESTRIAN,Cross/Enter at Intersection,INATTENTIVE,ON ROADWAY AT CROSSWALK,Yes,SUSPECTED MINOR INJURY,NONE,39.11727593,-77.19916649,"(39.11727593, -77.19916649)"
MCP32800029,220028685,Montgomery County Police,Injury Crash,07/04/2022 02:12:00 PM,Maryland (State),SANDY SPRING RD,DINO DR,,N/A,"BICYCLIST, OTHER",ANGLE MEETS RIGHT TURN,CLEAR,DRY,DAYLIGHT,TRAFFIC SIGNAL,NONE DETECTED,NONE DETECTED,FA1E617F-5474-42B6-8EB7-961D6F8C58EF,BICYCLIST,Cross/Enter at Intersection,FAILURE TO YIELD RIGHT OF WAY,OUTSIDE RIGHT OF WAY,Yes,SUSPECTED SERIOUS INJURY,NONE,39.10874,-76.92343667,"(39.10874, -76.92343667)"
MCP9419002N,200030096,Montgomery County Police,Injury Crash,08/03/2020 01:49:00 PM,,,,PARKING LOT OF 12409 BRAXFIELD CT.,,PEDESTRIAN,OTHER,CLOUDY,,DAYLIGHT,NO CONTROLS,NONE DETECTED,NONE DETECTED,38464FA5-1EAE-4209-B0A6-139F2C434B6D,PEDESTRIAN,Other,N/A,OTHER,No,SUSPECTED MINOR INJURY,NONE,39.05966701,-77.10486404,"(39.05966701, -77.10486404)"
MCP2689003J,170523840,Montgomery County Police,Injury Crash,08/09/2017 10:24:00 AM,Maryland (State),VEIRS MILL RD,ATLANTIC AVE,,ROCKVILLE,PEDESTRIAN,SINGLE VEHICLE,CLEAR,DRY,DAYLIGHT,TRAFFIC SIGNAL,NONE DETECTED,NONE DETECTED,743D2934-9D2A-4737-9E39-9AEEA010B114,PEDESTRIAN,Cross/Enter at Intersection,NO IMPROPER ACTIONS,ON ROADWAY AT CROSSWALK,No,SUSPECTED MINOR INJURY,NONE,39.07487539,-77.11544976,"(39.07487539, -77.11544976)"
HA2389000D,15001213,MCPARK,Injury Crash,11/02/2015 05:46:00 PM,,,,"OCCURRED ON NE CAPITAL CRESCENT TRAIL, APPROXIMATELY 50 FEET PRIOR TO DORSET AVENUE INTERSECTION.",,BICYCLIST,HEAD ON,CLEAR,,DARK -- UNKNOWN LIGHTING,N/A,,UNKNOWN,56920666-4276-4E05-8DDA-E910B16642CE,BICYCLIST,N/A,IMPROPER PASSING,SHARED USE PATH OR TRAILS,Yes,NO APPARENT INJURY,UNKNOWN,38.96842663,-77.10256577,"(38.96842663, -77.10256577)"
MCP3078002L,180061491,Montgomery County Police,Injury Crash,12/09/2018 02:23:00 AM,,,,14400 TAOS COURT,,PEDESTRIAN,OTHER,CLEAR,,DARK LIGHTS ON,N/A,UNKNOWN,NONE DETECTED,D456826E-F980-45C2-880C-0ACE34EE5999,PEDESTRIAN,Standing,NO IMPROPER ACTIONS,OTHER,No,SUSPECTED MINOR INJURY,N/A,39.03722,-77.04036,"(39.03722, -77.04036)"
MCP1233003R,210001754,Montgomery County Police,Injury Crash,01/14/2021 03:28:00 PM,Maryland (State),UNIVERSITY BLVD W,HOBSON ST,,N/A,PEDESTRIAN,STRAIGHT MOVEMENT ANGLE,CLEAR,DRY,DAYLIGHT,TRAFFIC SIGNAL,NONE DETECTED,NONE DETECTED,BA600D47-CB18-4010-83E4-7EF4EB546284,PEDESTRIAN,Other,NO IMPROPER ACTIONS,N/A,No,SUSPECTED SERIOUS INJURY,NONE,39.03581667,-77.064925,"(39.03581667, -77.064925)"
MCP2968000T,15041885,MONTGOMERY,Property Damage Crash,08/21/2015 02:01:00 PM,Maryland (State),DARNESTOWN RD,BLACKBERRY DR,,N/A,BICYCLIST,SINGLE VEHICLE,CLEAR,DRY,DAYLIGHT,TRAFFIC SIGNAL,N/A,N/A,1402DDE6-933D-4433-BC4A-FDBB38771EE9,BICYCLIST,Walking/Riding w/Traffic,N/A,SHOULDER,No,NO APPARENT INJURY,MC/BIKE HELMET,39.11539443,-77.24898219,"(39.11539443, -77.24898219)"
MCP30510029,180050769,Montgomery County Police,Injury Crash,10/10/2018 07:50:00 PM,Other Public Roadway,MONTROSE PKWY,E JEFFERSON ST,,N/A,PEDESTRIAN,OTHER,CLEAR,DRY,DARK LIGHTS ON,TRAFFIC SIGNAL,NONE DETECTED,NONE DETECTED,A967266F-B6F0-46F7-BD88-6E3C68FCAA40,PEDESTRIAN,Cross/Enter at Intersection,NO IMPROPER ACTIONS,ON ROADWAY AT CROSSWALK,No,POSSIBLE INJURY,REFLECTIVE CLOTHING,39.05093961,-77.12610848,"(39.05093961, -77.12610848)"
MCP3262005H,250002944,MONTGOMERY,Injury Crash,01/21/2025 05:00:00 PM,County Route,TECH RD,OLD COLUMBIA PIKE,,,Pedestrian,Unknown,Clear,Ice/Frost,Dusk,Traffic Control Signal,"Unknown, Unknown","Not Suspect of Alcohol Use, Not Suspect of Drug Use",73C213D7-DCA1-4435-9423-EBB247B4501C,Pedestrian,Cross/Enter at Intersection,None (No Improper Action),Intersection Marked Crosswalk,No,Suspected Minor Injury,None,39.0574562,-76.9680966,"(39.0574562, -76.9680966)"
MCP0942002J,190050694,Montgomery County Police,Injury Crash,10/22/2019 02:19:00 PM,County,WOODMONT AVE,ELM ST,,N/A,PEDESTRIAN,OTHER,RAINING,WET,DAYLIGHT,TRAFFIC SIGNAL,NONE DETECTED,NONE DETECTED,EED7CCD5-117A-4B62-8963-0864A6C36611,PEDESTRIAN,Cross/Enter at Intersection,NO IMPROPER ACTIONS,AT INTERSECTION MARKED CROSSWALK,No,POSSIBLE INJURY,NONE,38.98168833,-77.09616167,"(38.98168833, -77.09616167)"
MCP3254001Y,220020677,Montgomery County Police,Injury Crash,05/15/2022 12:32:00 PM,County,MATENY RD,GREAT SENECA HWY,,N/A,BICYCLIST,OTHER,CLEAR,DRY,DAYLIGHT,TRAFFIC SIGNAL,NONE DETECTED,NONE DETECTED,711D2483-9E85-4E98-BA2E-3322C1F79B19,BICYCLIST,Cross/Enter at Intersection,NO IMPROPER ACTIONS,ON ROADWAY AT CROSSWALK,No,SUSPECTED MINOR INJURY,MC/BIKE HELMET,39.14622307,-77.27464274,"(39.14622307, -77.27464274)"
MCP3125002L,210001108,Montgomery County Police,Injury Crash,01/09/2021 03:20:00 PM,County,MARY CASSATT DR,SEVEN LOCKS RD,,N/A,PEDESTRIAN,SINGLE VEHICLE,CLEAR,DRY,DAYLIGHT,NO CONTROLS,NONE DETECTED,NONE DETECTED,66B67C25-C4F1-4E40-B9A9-C166F3D62AB7,PEDESTRIAN,Cross/Enter at Intersection,NO IMPROPER ACTIONS,AT INTERSECTION BUT NO CROSSWALK,No,SUSPECTED MINOR INJURY,NONE,39.04669833,-77.16098167,"(39.04669833, -77.16098167)"
MCP27640017,16043306,Montgomery County Police,Injury Crash,08/25/2016 07:52:00 PM,County,BERRY ST,WEISMAN RD,,N/A,BICYCLIST,STRAIGHT MOVEMENT ANGLE,CLEAR,DRY,DUSK,STOP SIGN,NONE DETECTED,NONE DETECTED,FBA6AE2C-7DFC-4B06-BD52-AFE97DD66271,BICYCLIST,Cross/Enter at Intersection,OTHER,AT INTERSECTION BUT NO CROSSWALK,Yes,SUSPECTED SERIOUS INJURY,NONE,39.05738589,-77.06286907,"(39.05738589, -77.06286907)"
MCP2351003B,190041966,Montgomery County Police,Injury Crash,09/02/2019 12:26:00 PM,,,,PKNGLT ENTRANCE 12230 ROCKVILLE PIKE,,PEDESTRIAN,OTHER,CLEAR,,DAYLIGHT,TRAFFIC SIGNAL,NONE DETECTED,NONE DETECTED,96CFC987-AF43-48A0-8E77-82037E307925,PEDESTRIAN,Cross/Enter not at Intersection,UNKNOWN,OTHER,Unknown,SUSPECTED MINOR INJURY,NONE,39.05607167,-77.11936167,"(39.05607167, -77.11936167)"
DM8336002Y,190055154,Takoma Park Police Depart,Property Damage Crash,11/15/2019 03:40:00 PM,Maryland (State),CARROLL AVE,ETHAN ALLEN AVE,,N/A,OTHER,OTHER,CLOUDY,DRY,DAYLIGHT,N/A,N/A,N/A,A3E8B331-4DE5-401A-967F-A3B07FF61C87,OTHER,N/A,NO IMPROPER ACTIONS,N/A,No,NO APPARENT INJURY,N/A,38.977835,-77.00701833,"(38.977835, -77.00701833)"
MCP2437001F,16004168,Montgomery County Police,Injury Crash,01/25/2016 07:29:00 PM,Maryland (State),GEORGIA AVE,HATHAWAY DR,,N/A,PEDESTRIAN,SINGLE VEHICLE,CLEAR,WET,DARK NO LIGHTS,NO CONTROLS,NONE DETECTED,ALCOHOL PRESENT,D011E0E3-C041-43AA-ACA8-DB199F6E0345,PEDESTRIAN,Walking/Riding w/Traffic,NOT VISIBLE,ON ROADWAY NOT AT CROSSWALK,Yes,SUSPECTED SERIOUS INJURY,NONE,39.06922667,-77.06196333,"(39.06922667, -77.06196333)"
MCP1378009D,16021859,Montgomery County Police,Injury Crash,05/03/2016 04:02:00 PM,County,COMPRINT CT,SHADY GROVE RD,,N/A,PEDESTRIAN,SINGLE VEHICLE,CLOUDY,DRY,DAYLIGHT,TRAFFIC SIGNAL,NONE DETECTED,NONE DETECTED,8331B717-AB5E-4AD4-8C3C-BBEDFC727A3F,PEDESTRIAN,Cross/Enter at Intersection,NO IMPROPER ACTIONS,ON ROADWAY AT CROSSWALK,No,POSSIBLE INJURY,N/A,39.11944333,-77.18282667,"(39.11944333, -77.18282667)"
MCP2934004Z,220037915,Montgomery County Police,Property Damage Crash,09/01/2022 04:06:00 PM,,,,PARKING LOT OF 10400 OLD GEORGETOWN RD.,,PEDESTRIAN,OTHER,CLEAR,,DAYLIGHT,NO CONTROLS,UNKNOWN,NONE DETECTED,620474ED-067A-47DC-B2A3-6003D655DAE2,PEDESTRIAN,Other,NO IMPROPER ACTIONS,OTHER,No,NO APPARENT INJURY,NONE,39.026319,-77.127215,"(39.026319, -77.127215)"
MCP2356001R,200029346,Montgomery County Police,Injury Crash,07/28/2020 05:35:00 PM,Maryland (State),FREDERICK RD,REDLAND BLVD,,ROCKVILLE,PEDESTRIAN,SINGLE VEHICLE,N/A,DRY,DAYLIGHT,TRAFFIC SIGNAL,NONE DETECTED,NONE DETECTED,70635A87-93F9-4F5B-BCFB-EBCF116FFF57,PEDESTRIAN,Standing,NO IMPROPER ACTIONS,SIDEWALK,No,SUSPECTED SERIOUS INJURY,N/A,39.11570361,-77.16614143,"(39.11570361, -77.16614143)"
MCP3123006H,230066555,Montgomery County Police,Injury Crash,11/15/2023 06:28:00 PM,,,,PARKING LOT OF 2120 RANDOLPH RD,,MACHINE OPERATOR/RIDER,SINGLE VEHICLE,CLOUDY,,DARK NO LIGHTS,N/A,N/A,N/A,4F4FCB62-D49D-48FF-9A00-71E5EF54CA1A,MACHINE OPERATOR/RIDER,Getting off/on Vehicle,NO IMPROPER ACTIONS,OTHER,No,SUSPECTED MINOR INJURY,N/A,39.05949333,-77.04632667,"(39.05949333, -77.04632667)"
MCP33530024,230073214,Montgomery County Police,Injury Crash,12/22/2023 07:17:00 PM,Maryland (State),GEORGIA AVE,WENDY LA,,N/A,PEDESTRIAN,STRAIGHT MOVEMENT ANGLE,CLEAR,DRY,DARK LIGHTS ON,N/A,UNKNOWN,NONE DETECTED,0C48ECCA-CD4A-473B-8324-D32C54685C55,PEDESTRIAN,Cross/Enter not at Intersection,FAILURE TO YIELD RIGHT OF WAY,ON ROADWAY NOT AT CROSSWALK,Yes,POSSIBLE INJURY,NONE,39.07969254,-77.07385365,"(39.07969254, -77.07385365)"
MCP3162000G,180045182,Montgomery County Police,Property Damage Crash,09/10/2018 03:56:00 PM,Maryland (State),NEW HAMPSHIRE AVE,RAMP 4 FR MD 650 NB TO IS 495 EB,,N/A,PEDESTRIAN,SAME DIR REAR END,RAINING,WET,DAYLIGHT,NO CONTROLS,NONE DETECTED,N/A,494CC876-4091-49AA-AC7A-43607BD5FC19,PEDESTRIAN,Standing,NO IMPROPER ACTIONS,ON ROADWAY AT CROSSWALK,No,NO APPARENT INJURY,N/A,39.01603667,-76.97742833,"(39.01603667, -76.97742833)"
MCP2396002Z,180053035,Montgomery County Police,Property Damage Crash,10/23/2018 10:20:00 AM,County,NORTH GATE DR,NORTH GATE TERR,,N/A,OTHER,SINGLE VEHICLE,CLEAR,DRY,DAYLIGHT,NO CONTROLS,NONE DETECTED,N/A,126DD776-73EA-4E43-9D09-20EEA2BAF6FD,OTHER,N/A,N/A,N/A,No,NO APPARENT INJURY,N/A,39.08437333,-77.049025,"(39.08437333, -77.049025)"
MCP1301000N,16036204,Montgomery County Police,Fatal Crash,07/17/2016 01:23:00 PM,Maryland (State),VEIRS MILL RD,TURKEY BRANCH PKWY,,N/A,BICYCLIST,SINGLE VEHICLE,CLEAR,DRY,DAYLIGHT,OTHER,NONE DETECTED,UNKNOWN,DD07E95B-EF89-4715-A848-564A11BE6CF9,BICYCLIST,Cross/Enter at Intersection,FAILURE TO OBEY TRAFFIC SIGNS SIGNALS OR OFFICER,ON ROADWAY AT CROSSWALK,Yes,FATAL INJURY,MC/BIKE HELMET,39.05998514,-77.08942294,"(39.05998514, -77.08942294)"
MCP2848003N,16063214,Montgomery County Police,Injury Crash,12/09/2016 01:16:00 PM,County,NORFOLK AVE,DEL RAY AVE,,N/A,PEDESTRIAN,OTHER,CLEAR,DRY,DAYLIGHT,NO CONTROLS,NONE DETECTED,NONE DETECTED,3777A764-0A0B-427C-80F3-7E4C43A409C1,PEDESTRIAN,Cross/Enter not at Intersection,NO IMPROPER ACTIONS,ON ROADWAY AT CROSSWALK,No,POSSIBLE INJURY,NONE,38.98961833,-77.09863833,"(38.98961833, -77.09863833)"
MCP2914007C,180038331,Montgomery County Police,Injury Crash,08/02/2018 02:36:00 PM,Maryland (State),NEW HAMPSHIRE AVE,POWDER MILL RD,,N/A,PEDESTRIAN,OTHER,RAINING,WET,DAYLIGHT,TRAFFIC SIGNAL,N/A,N/A,765CE0F3-6797-41D7-91EE-8968BC32EB57,PEDESTRIAN,Cross/Enter at Intersection,DART DASH,ON ROADWAY AT CROSSWALK,Unknown,POSSIBLE INJURY,NONE,39.02224071,-76.9773522,"(39.02224071, -76.9773522)"
MCP32760025,220029082,Montgomery County Police,Injury Crash,07/11/2022 08:40:00 PM,,,,8560 SECOND AVE SILVER SPRING MD PARKING GARAGE,,PEDESTRIAN,OTHER,CLEAR,,OTHER,NO CONTROLS,UNKNOWN,NONE DETECTED,2ED6652A-F4BD-4962-A2BA-B40C16C687FD,PEDESTRIAN,Other,NO IMPROPER ACTIONS,OTHER,No,SUSPECTED MINOR INJURY,NONE,38.99609,-77.03275,"(38.99609, -77.03275)"
MCP3053007Z,240051876,MONTGOMERY,Property Damage Crash,10/29/2024 07:16:00 PM,County Route,GLENPARK DR,,,,Cyclist (non-electric),Single Vehicle,Clear,Dry,Dark - Lighted,No Controls,"Not Suspect of Alcohol Use, Not Suspect of Drug Use","Not Suspect of Alcohol Use, Not Suspect of Drug Use",28A6A152-D3A3-4E6B-B313-5D65AA94C58F,Cyclist (non-electric),Other,None (No Improper Action),Shoulder/Roadside,No,No Apparent Injury,None,39.03644446,-77.03823405,"(39.03644446, -77.03823405)"
MCP15640075,230020118,Montgomery County Police,Injury Crash,04/27/2023 11:31:00 AM,,,,"MCDONALD'S PARKING LOT LOCATION 18010 GEORGIA AVENUE, OLNEY, MARYLAND 20832",,PEDESTRIAN,OTHER,CLOUDY,,DAYLIGHT,NO CONTROLS,NONE DETECTED,NONE DETECTED,E2FCDBE6-76BB-46CC-B191-C9E3279691E1,PEDESTRIAN,Cross/Enter not at Intersection,NO IMPROPER ACTIONS,OTHER,No,POSSIBLE INJURY,N/A,39.1517915,-77.06752,"(39.1517915, -77.06752)"