Report Number,Local Case Number,Agency Name,ACRS Report Type,Crash Date/Time,Route Type,Road Name,Cross-Street Name,Off-Road Description,Municipality,Related Non-Motorist,Collision Type,Weather,Surface Condition,Light,Traffic Control,Driver Substance Abuse,Non-Motorist Substance Abuse,Person ID,Pedestrian Type,Pedestrian Movement,Pedestrian Actions,Pedestrian Location,At Fault,Injury Severity,Safety Equipment,Latitude,Longitude,Location
DD561500DK,220051178,Rockville Police Departme,Property Damage Crash,11/19/2022 07:45:00 AM,Municipality,TWINBROOK PKWY,CHAPMAN AVE,,ROCKVILLE,BICYCLIST,STRAIGHT MOVEMENT ANGLE,CLEAR,DRY,DAYLIGHT,TRAFFIC SIGNAL,NONE DETECTED,NONE DETECTED,5A96D84B-EEE1-4B82-B809-D5119A8AA7E5,BICYCLIST,Cross/Enter at Intersection,FAILURE TO YIELD RIGHT OF WAY,AT INTERSECTION MARKED CROSSWALK,Yes,NO APPARENT INJURY,NONE,39.05880939,-77.11901631,"(39.05880939, -77.11901631)"
MCP31740013,190037174,Montgomery County Police,Injury Crash,08/04/2019 09:16:00 PM,,,,PARKING LOT OF 18250 FLOWER HILL WAY,,PEDESTRIAN,SINGLE VEHICLE,CLEAR,,DARK LIGHTS ON,N/A,NONE DETECTED,NONE DETECTED,115387EB-77CF-434B-9BB1-FCA04ED6C860,PEDESTRIAN,Other,INATTENTIVE,OTHER,Unknown,SUSPECTED MINOR INJURY,NONE,39.15565167,-77.16581,"(39.15565167, -77.16581)"
MCP2965005L,210053307,Montgomery County Police,Injury Crash,12/31/2021 08:35:00 AM,County,FAIRLAND RD,TAMARACK RD,,N/A,PEDESTRIAN,SINGLE VEHICLE,CLOUDY,WET,DAYLIGHT,TRAFFIC SIGNAL,NONE DETECTED,NONE DETECTED,927B0794-4F49-4339-9BB7-A6D8748F87C3,PEDESTRIAN,Cross/Enter at Intersection,UNKNOWN,ON ROADWAY AT CROSSWALK,No,SUSPECTED MINOR INJURY,NONE,39.07807833,-76.979865,"(39.07807833, -76.979865)"
MCP3255004V,230033617,Montgomery County Police,Injury Crash,07/14/2023 05:32:00 PM,Municipality,WASHINGTONIAN BLVD,ENT. TO WASHINGTONIAN CENTER,,N/A,PEDESTRIAN,SINGLE VEHICLE,RAINING,WET,DAYLIGHT,STOP SIGN,N/A,N/A,7BC11752-5A89-48DE-8A14-5B1B2D028054,PEDESTRIAN,Cross/Enter at Intersection,NO IMPROPER ACTIONS,ON ROADWAY AT CROSSWALK,No,SUSPECTED MINOR INJURY,N/A,39.11871562,-77.20252175,"(39.11871562, -77.20252175)"
MCP29390016,16052541,Montgomery County Police,Injury Crash,10/12/2016 07:22:00 PM,,,,"CHIK-FIL-A PARKING LOT LOCATED AT 19945 CENTURY BLVD GERMANTOWN, MD 20874",,PEDESTRIAN,STRAIGHT MOVEMENT ANGLE,CLEAR,,DARK LIGHTS ON,NO CONTROLS,NONE DETECTED,NONE DETECTED,765BAEF9-4E9F-40F1-9413-C72BE8A12BC8,PEDESTRIAN,Other,INATTENTIVE,OTHER,Yes,SUSPECTED MINOR INJURY,NONE,39.18263895,-77.26173878,"(39.18263895, -77.26173878)"
MCP2689008K,220026071,Montgomery County Police,Injury Crash,06/17/2022 09:44:00 AM,,,,PARKING LOT BEHIND CVS AT 7955 TUCKERMAN LA AND NEXT TO AN UNDER CONTRUCTION CAPITAL ONE BANK BRANCH,,PEDESTRIAN,SINGLE VEHICLE,CLEAR,,DAYLIGHT,NO CONTROLS,,NONE DETECTED,F8677410-535D-4049-AED6-97FB1082C436,PEDESTRIAN,Getting off/on Vehicle,N/A,ON ROADWAY NOT AT CROSSWALK,Yes,SUSPECTED SERIOUS INJURY,N/A,39.04169749,-77.15658611,"(39.04169749, -77.15658611)"
MCP2934001P,16030855,Montgomery County Police,Injury Crash,06/18/2016 01:05:00 PM,County,SANGAMORE RD,SENTINEL RD,,N/A,PEDESTRIAN,OTHER,CLEAR,DRY,DAYLIGHT,STOP SIGN,NONE DETECTED,NONE DETECTED,DF869967-4F30-4159-A165-8B5B8D02C13E,PEDESTRIAN,Cross/Enter at Intersection,NO IMPROPER ACTIONS,AT INTERSECTION MARKED CROSSWALK,No,POSSIBLE INJURY,NONE,38.95043049,-77.12047085,"(38.95043049, -77.12047085)"
EJ785600BZ,230047508,Gaithersburg Police Depar,Injury Crash,08/02/2023 06:37:00 PM,Municipality,KENTLANDS BLVD,MARKET ST,,GAITHERSBURG,PEDESTRIAN,OTHER,CLOUDY,DRY,DAYLIGHT,STOP SIGN,N/A,N/A,A931C563-4A9D-486A-8025-A0ACE268A27F,PEDESTRIAN,Cross/Enter at Intersection,NO IMPROPER ACTIONS,AT INTERSECTION MARKED CROSSWALK,No,SUSPECTED MINOR INJURY,NONE,39.1232753,-77.2360439,"(39.1232753, -77.2360439)"
MCP137800WW,210009336,Montgomery County Police,Injury Crash,03/12/2021 03:33:00 PM,,,,PARKING LOT OF 8097 SNOUFFER SCHOOL RD,,OTHER,SINGLE VEHICLE,CLEAR,,DAYLIGHT,N/A,NONE DETECTED,NONE DETECTED,5C4B6491-454C-45F9-A7D9-60F8FE0E2DEE,OTHER,Other,NO IMPROPER ACTIONS,OTHER,No,SUSPECTED MINOR INJURY,N/A,39.16229092,-77.16519664,"(39.16229092, -77.16519664)"
MCP2039001J,16018390,Montgomery County Police,Property Damage Crash,04/15/2016 06:12:00 AM,Maryland (State),CONNECTICUT AVE,KAYSON ST,,N/A,OTHER,STRAIGHT MOVEMENT ANGLE,CLEAR,DRY,DARK NO LIGHTS,STOP SIGN,N/A,N/A,3693B532-251E-4BEF-856F-C68D3FF4C778,OTHER,N/A,N/A,INSIDE BUILDING,No,NO APPARENT INJURY,N/A,39.06792499,-77.07523137,"(39.06792499, -77.07523137)"
MCP2921004L,230008946,Montgomery County Police,Injury Crash,02/22/2023 04:12:00 PM,,,,"PARKING LOT/DRIVEWAY OF MCDONALD'S LOCATED AT 12982 MIDDLEBROOK RD. GERMANTOWN, MD 20874.",,PEDESTRIAN,SINGLE VEHICLE,CLEAR,,DAYLIGHT,N/A,NONE DETECTED,UNKNOWN,D0665EC8-CE67-48B5-8342-2E5AE54A146F,PEDESTRIAN,Walking/Riding w/Traffic,NO IMPROPER ACTIONS,OTHER,No,POSSIBLE INJURY,N/A,39.180255,-77.269395,"(39.180255, -77.269395)"
MCP3123006N,230069784,Montgomery County Police,Injury Crash,12/04/2023 11:58:00 AM,US (State),COLUMBIA PIKE,BLACKBURN RD,,N/A,PEDESTRIAN,SAME DIR REAR END,CLEAR,DRY,DAYLIGHT,TRAFFIC SIGNAL,N/A,N/A,D14DD185-0BA5-426D-837D-AEC92B908196,PEDESTRIAN,Push/Work on Vehicle,NO IMPROPER ACTIONS,OTHER,No,SUSPECTED SERIOUS INJURY,N/A,39.10491517,-76.9330545,"(39.10491517, -76.9330545)"
MCP2821002N,220050750,Montgomery County Police,Injury Crash,11/15/2022 02:25:00 PM,,,,PARKING LOT OF 10215 FERNWOOD RD,,PEDESTRIAN,OTHER,N/A,,DAYLIGHT,NO CONTROLS,UNKNOWN,UNKNOWN,A6D82D8D-CEB0-483D-9F20-C48F55D5FC94,PEDESTRIAN,Standing,N/A,OTHER,No,POSSIBLE INJURY,N/A,39.02356551,-77.13462348,"(39.02356551, -77.13462348)"
MCP3038007J,240055059,MONTGOMERY,Injury Crash,11/16/2024 03:00:00 PM,County Route,DENNIS AVE,,,,Pedestrian,Single Vehicle,Clear,Dry,Daylight,No Controls,"Unknown, Unknown","Not Suspect of Alcohol Use, Not Suspect of Drug Use",F15ACD57-0C03-4F6E-9321-2DD40EBBC805,Pedestrian,Cross/Enter Not at Intersection,Unknown,Unknown,No,Suspected Minor Injury,None,39.0242829,-77.05330736,"(39.0242829, -77.05330736)"
MCP2713000L,16002857,Montgomery County Police,Injury Crash,01/15/2016 11:04:00 PM,County,PRICE AVE,GEORGIA AVE,,N/A,PEDESTRIAN,STRAIGHT MOVEMENT ANGLE,RAINING,WET,DARK LIGHTS ON,NO CONTROLS,UNKNOWN,N/A,A58D74A3-7836-4D8A-B09C-C1FFA6ACA8B6,PEDESTRIAN,Cross/Enter at Intersection,NO IMPROPER ACTIONS,ON ROADWAY AT CROSSWALK,No,SUSPECTED MINOR INJURY,NONE,39.04012589,-77.0512189,"(39.04012589, -77.0512189)"
MCP32880013,210024347,Montgomery County Police,Injury Crash,06/25/2021 11:06:00 AM,County,CHRISTOPHER AVE,HELLINGLY PL,,N/A,PEDESTRIAN,OTHER,CLEAR,DRY,DAYLIGHT,NO CONTROLS,NONE DETECTED,NONE DETECTED,0C24A54A-41E6-4C06-9DD1-D83DF9232C9A,PEDESTRIAN,Walking/Cycling on Sidewalk,NO IMPROPER ACTIONS,ON ROADWAY AT CROSSWALK,No,SUSPECTED SERIOUS INJURY,N/A,39.15942536,-77.20582028,"(39.15942536, -77.20582028)"
MCP137801C2,250006547,MONTGOMERY,Injury Crash,02/13/2025 04:35:00 PM,County Route,ODENDHAL AVE,CONTOUR RD,,,Pedestrian,Single Vehicle,Clear,Dry,Daylight,Traffic Control Signal,"Not Suspect of Alcohol Use, Not Suspect of Drug Use","Not Suspect of Alcohol Use, Not Suspect of Drug Use",45613D3D-3E07-4446-9424-BAEC716E057D,Pedestrian,Cross/Enter at Intersection,None (No Improper Action),Intersection Marked Crosswalk,No,Suspected Minor Injury,None,39.15240563,-77.19610712,"(39.15240563, -77.19610712)"
MCP31480079,240059313,MONTGOMERY,Injury Crash,12/11/2024 06:42:00 PM,,,,Parking Stall        11830 GRAND PARK AVE PARKING GARAGE,,Pedestrian,Single Vehicle,Clear,,Dark - Lighted,,"Unknown, Unknown","Not Suspect of Alcohol Use, Not Suspect of Drug Use",9445747E-FBD3-46D1-B930-15ECB1E71F62,Pedestrian,Other,Other,Driveway Access,No,Possible Injury,None,39.04986326,-77.11787598,"(39.04986326, -77.11787598)"
DD55830057,190017084,Rockville Police Departme,Injury Crash,04/12/2019 01:48:00 PM,Municipality,MONROE ST,MONROE PL,,ROCKVILLE,PEDESTRIAN,STRAIGHT MOVEMENT ANGLE,RAINING,WET,DAYLIGHT,N/A,NONE DETECTED,NONE DETECTED,2278EC43-EA28-4DE5-8151-C5308B200E20,PEDESTRIAN,Cross/Enter at Intersection,NO IMPROPER ACTIONS,ON ROADWAY AT CROSSWALK,No,POSSIBLE INJURY,N/A,39.08307367,-77.14925483,"(39.08307367, -77.14925483)"
MCP30190045,210045939,Montgomery County Police,Injury Crash,11/12/2021 05:15:00 PM,,GRAND PARK AVENUE,PERSEI PLACE,,N/A,PEDESTRIAN,OTHER,CLEAR,DRY,DARK LIGHTS ON,STOP SIGN,N/A,N/A,7142C2F2-1B69-44EA-8873-9FCA56077EC5,PEDESTRIAN,Other,NO IMPROPER ACTIONS,ON ROADWAY AT CROSSWALK,No,POSSIBLE INJURY,N/A,39.050075,-77.117335,"(39.050075, -77.117335)"
MCP3050003P,190044137,Montgomery County Police,Injury Crash,09/15/2019 01:55:00 AM,Maryland (State),CONNECTICUT AVE,CONNECTICUT AVE SERVICE RD,,N/A,PEDESTRIAN,SINGLE VEHICLE,CLEAR,DRY,DARK NO LIGHTS,NO CONTROLS,NONE DETECTED,UNKNOWN,4D11B2ED-1843-4E87-8F94-372BC1AFB707,PEDESTRIAN,Cross/Enter not at Intersection,IN ROADWAY IMPROPERLY,ON ROADWAY NOT AT CROSSWALK,Yes,SUSPECTED SERIOUS INJURY,NONE,39.07078,-77.07627167,"(39.07078, -77.07627167)"
MCP31710016,200000801,Montgomery County Police,Injury Crash,01/05/2020 09:58:00 PM,,,,"SAFEWAY PARKING LOT
19718 GERMANTOWN ROAD
GERMANTOWN, MD 20874",,BICYCLIST,STRAIGHT MOVEMENT ANGLE,CLEAR,,DARK NO LIGHTS,STOP SIGN,NONE DETECTED,NONE DETECTED,415CD240-2AEB-4FBA-A638-37ACB941EDEE,BICYCLIST,Cross/Enter at Intersection,NO IMPROPER ACTIONS,ON ROADWAY AT CROSSWALK,No,POSSIBLE INJURY,NONE,39.17981167,-77.26617833,"(39.17981167, -77.26617833)"
MCP3096003Z,230010054,Montgomery County Police,Injury Crash,02/28/2023 05:57:00 PM,County,REDLAND RD,YELLOWSTONE WAY,,N/A,PEDESTRIAN,SINGLE VEHICLE,CLEAR,DRY,DUSK,NO CONTROLS,NONE DETECTED,NONE DETECTED,B6E8CE33-456E-4077-A54D-6CE55D53B301,PEDESTRIAN,Cross/Enter at Intersection,NO IMPROPER ACTIONS,ON ROADWAY AT CROSSWALK,No,SUSPECTED MINOR INJURY,NONE,39.11932767,-77.16091183,"(39.11932767, -77.16091183)"
MCP3034001X,180035522,Montgomery County Police,Injury Crash,07/18/2018 11:14:00 AM,Maryland (State),GEORGIA AVE,FENWICK LA,,N/A,PEDESTRIAN,OTHER,CLEAR,DRY,DAYLIGHT,OTHER,NONE DETECTED,NONE DETECTED,0AD3FAAD-F906-42AB-BB52-8C9D47D7007E,PEDESTRIAN,Cross/Enter at Intersection,NO IMPROPER ACTIONS,AT INTERSECTION MARKED CROSSWALK,No,POSSIBLE INJURY,NONE,38.99828167,-77.03056833,"(38.99828167, -77.03056833)"
MCP33390031,230066843,Montgomery County Police,Injury Crash,11/17/2023 06:30:00 AM,County,ASPEN HILL RD,MARGOT DR,,N/A,PEDESTRIAN,OTHER,CLEAR,DRY,DAWN,OTHER,NONE DETECTED,UNKNOWN,411B9192-6983-4089-ADA1-0E856EFFE3EC,PEDESTRIAN,Cross/Enter at Intersection,NO IMPROPER ACTIONS,ON ROADWAY AT CROSSWALK,No,SUSPECTED MINOR INJURY,NONE,39.07093817,-77.10181125,"(39.07093817, -77.10181125)"
DD559500DR,230047919,Rockville Police Departme,Injury Crash,08/05/2023 08:55:00 AM,,,,PARKING LOT OF 50 W. EDMONSTON DR,,BICYCLIST,OTHER,CLOUDY,,DAYLIGHT,NO CONTROLS,NONE DETECTED,NONE DETECTED,3C54BB1C-6A9C-4FD8-9BEE-7234F8B1E5C6,BICYCLIST,Walking/Cycling on Sidewalk,NO IMPROPER ACTIONS,OTHER,No,SUSPECTED MINOR INJURY,NONE,39.07392417,-77.13527917,"(39.07392417, -77.13527917)"
MCP271700KG,180045596,Montgomery County Police,Injury Crash,09/12/2018 06:10:00 PM,Maryland (State),PINEY BRANCH RD,FLOWER AVE,,N/A,PEDESTRIAN,OTHER,RAINING,WET,DAYLIGHT,NO CONTROLS,NONE DETECTED,NONE DETECTED,8D5B00D6-0732-4E86-8DF7-D04B1E43827F,PEDESTRIAN,Cross/Enter not at Intersection,DART DASH,ON ROADWAY NOT AT CROSSWALK,Yes,SUSPECTED MINOR INJURY,NONE,38.99828933,-77.0043315,"(38.99828933, -77.0043315)"
MCP3355000P,230026200,Montgomery County Police,Injury Crash,05/31/2023 10:35:00 PM,County,E FRANKLIN AVE,UNIVERSITY BLVD E,,N/A,PEDESTRIAN,SINGLE VEHICLE,CLEAR,DRY,DARK LIGHTS ON,TRAFFIC SIGNAL,NONE DETECTED,NONE DETECTED,FE087B09-B3A7-4749-95DC-70119C09C0E4,PEDESTRIAN,Cross/Enter at Intersection,FAILURE TO YIELD RIGHT OF WAY,ON ROADWAY AT CROSSWALK,Yes,SUSPECTED SERIOUS INJURY,NONE,39.012225,-77.00212683,"(39.012225, -77.00212683)"
MCP235300BS,230022332,Montgomery County Police,Injury Crash,05/10/2023 06:29:00 AM,Maryland (State),CONNECTICUT AVE,DECATUR AVE,,N/A,PEDESTRIAN,SINGLE VEHICLE,CLOUDY,DRY,DAYLIGHT,NO CONTROLS,NONE DETECTED,NONE DETECTED,A9491846-3062-4422-BB56-0904E1B6D732,PEDESTRIAN,Cross/Enter not at Intersection,DART DASH,ON ROADWAY NOT AT CROSSWALK,Yes,SUSPECTED MINOR INJURY,NONE,39.03380833,-77.07521817,"(39.03380833, -77.07521817)"
MCP27120011,16032514,Montgomery County Police,Injury Crash,06/27/2016 12:49:00 PM,US (State),COLUMBIA PIKE,END BRIDGE,,N/A,PEDESTRIAN,OTHER,CLEAR,DRY,DAYLIGHT,N/A,NONE DETECTED,NONE DETECTED,29DE9B31-84EB-4E28-B120-BEADAED637B9,PEDESTRIAN,Standing,NO IMPROPER ACTIONS,SHOULDER,No,POSSIBLE INJURY,REFLECTIVE CLOTHING,39.05207833,-76.978015,"(39.05207833, -76.978015)"
MCP1389001Z,180050324,Montgomery County Police,Injury Crash,10/08/2018 04:27:00 PM,Maryland (State),MIDCOUNTY HWY,MONTGOMERY VILLAGE AVE,,N/A,PEDESTRIAN,SINGLE VEHICLE,CLEAR,DRY,DAYLIGHT,TRAFFIC SIGNAL,NONE DETECTED,NONE DETECTED,A8C5A7B7-4A22-43DB-A1BB-A54BD22ABF9A,PEDESTRIAN,Cross/Enter not at Intersection,DART DASH,ON ROADWAY NOT AT CROSSWALK,Yes,SUSPECTED MINOR INJURY,NONE,39.16002667,-77.201465,"(39.16002667, -77.201465)"
EJ78260041,190005219,Gaithersburg Police Depar,Injury Crash,02/02/2019 08:46:00 AM,Municipality,SIOUX LA,BAYRIDGE DR,,GAITHERSBURG,PEDESTRIAN,OTHER,CLEAR,WET,DAYLIGHT,N/A,N/A,N/A,31980DA3-0C23-49C7-BB5A-DC7DCAC20C41,PEDESTRIAN,Cross/Enter at Intersection,NO IMPROPER ACTIONS,AT INTERSECTION BUT NO CROSSWALK,No,POSSIBLE INJURY,NONE,39.13107333,-77.23439667,"(39.13107333, -77.23439667)"
MCP3153004C,220025898,Montgomery County Police,Injury Crash,06/15/2022 12:11:00 PM,Maryland (State),LAYHILL RD,RAMP 2 FR MD 200 WB TO MD 182,,N/A,BICYCLIST,STRAIGHT MOVEMENT ANGLE,CLEAR,DRY,DAYLIGHT,TRAFFIC SIGNAL,NONE DETECTED,NONE DETECTED,90171B6E-A3A8-43E8-9A9A-E437246981E7,BICYCLIST,Walking/Riding w/Traffic,NO IMPROPER ACTIONS,IN BIKEWAY,No,SUSPECTED MINOR INJURY,MC/BIKE HELMET,39.10011367,-77.04173487,"(39.10011367, -77.04173487)"
MCP3220003F,220055228,Montgomery County Police,Injury Crash,12/12/2022 03:10:00 PM,,,,PARKING LOT OF 880 RUSSELL AVE,,PEDESTRIAN,SINGLE VEHICLE,CLEAR,,DAYLIGHT,NO CONTROLS,UNKNOWN,UNKNOWN,A4D302A7-D73C-4CDA-B597-7A766267ED6D,PEDESTRIAN,Standing,NO IMPROPER ACTIONS,OTHER,Unknown,SUSPECTED MINOR INJURY,NONE,39.15647387,-77.21351338,"(39.15647387, -77.21351338)"
MCP9430000B,240024562,MONTGOMERY,Injury Crash,05/24/2024 07:42:00 AM,,,,Driveway        DRIVEWAY TO 10400 OLD GEORGETOWN ROAD (GEORGETOWN SQUARE),,Cyclist (non-electric),Single Vehicle,Clear,,Daylight,,"Not Suspect of Alcohol Use, Not Suspect of Drug Use","Not Suspect of Alcohol Use, Not Suspect of Drug Use",DFBD3025-2978-4640-9D50-67419FE830E1,Cyclist (non-electric),Walking/Cycling on Sidewalk,None (No Improper Action),Driveway Access,No,Suspected Minor Injury,None,39.02668311,-77.12765288,"(39.02668311, -77.12765288)"
MCP2617002X,16066614,Montgomery County Police,Injury Crash,12/27/2016 05:03:00 PM,,,,IN FRONT OF 7700 SCOTLAND DR. (PARKING LOT),,PEDESTRIAN,OTHER,CLEAR,,DUSK,NO CONTROLS,NONE DETECTED,NONE DETECTED,5E06C77E-6A82-424E-8F9E-F3AF14CE195B,PEDESTRIAN,Playing,DART DASH,OTHER,Yes,SUSPECTED MINOR INJURY,NONE,39.06536333,-77.15902833,"(39.06536333, -77.15902833)"
MCP229800JP,180028857,Montgomery County Police,Injury Crash,06/11/2018 03:11:00 PM,County,STRINGTOWN RD,SUTLER SQUARE TERR,,N/A,PEDESTRIAN,SINGLE VEHICLE,CLOUDY,DRY,DAYLIGHT,N/A,,NONE DETECTED,C5838823-5AD5-42E3-AAB9-540769BE0EB6,PEDESTRIAN,Push/Work on Vehicle,N/A,N/A,Yes,POSSIBLE INJURY,N/A,39.23838,-77.27614167,"(39.23838, -77.27614167)"
EJ77470015,15030436,Gaithersburg Police Depar,Injury Crash,06/22/2015 12:45:00 PM,Municipality,CHESTERTOWN ST,LITTLE QUARRY RD,,GAITHERSBURG,PEDESTRIAN,HEAD ON LEFT TURN,N/A,DRY,DAYLIGHT,NO CONTROLS,NONE DETECTED,NONE DETECTED,3CB1A0A3-365E-4869-8F36-50239E572364,PEDESTRIAN,Cross/Enter not at Intersection,N/A,ON ROADWAY NOT AT CROSSWALK,,POSSIBLE INJURY,N/A,39.123305,-77.24685333,"(39.123305, -77.24685333)"
MCP2757001P,170536392,Montgomery County Police,Property Damage Crash,10/13/2017 05:44:00 AM,County,KINGSWELL DR,LIVINGSTON ST,,N/A,PEDESTRIAN,SINGLE VEHICLE,N/A,N/A,DARK LIGHTS ON,NO CONTROLS,NONE DETECTED,NONE DETECTED,55BCA61C-5267-41A3-B9A5-B15963311238,PEDESTRIAN,Standing,OTHER,SHOULDER,No,NO APPARENT INJURY,N/A,39.05451784,-77.05814302,"(39.05451784, -77.05814302)"
MCP2052003G,230066205,Montgomery County Police,Injury Crash,11/14/2023 08:28:00 AM,Maryland (State),FREDERICK RD,WATKINS MILL RD,,GAITHERSBURG,PEDESTRIAN,SINGLE VEHICLE,CLEAR,DRY,DAYLIGHT,N/A,N/A,NONE DETECTED,51E26710-6162-44B1-AD58-4196B2282A02,PEDESTRIAN,Cross/Enter not at Intersection,IN ROADWAY IMPROPERLY,MEDIAN,Yes,POSSIBLE INJURY,N/A,39.15993144,-77.21981594,"(39.15993144, -77.21981594)"
MCP3068004M,230018175,Montgomery County Police,Injury Crash,04/16/2023 07:05:00 PM,County,ELM ST,ARLINGTON RD,,N/A,PEDESTRIAN,STRAIGHT MOVEMENT ANGLE,CLEAR,DRY,DAYLIGHT,TRAFFIC SIGNAL,N/A,N/A,59CC4794-D99A-4DC8-A7E1-D2A0651552A4,PEDESTRIAN,Cross/Enter at Intersection,NO IMPROPER ACTIONS,ON ROADWAY AT CROSSWALK,No,SUSPECTED MINOR INJURY,N/A,38.982098,-77.09860583,"(38.982098, -77.09860583)"
MCP2617008S,200043720,Montgomery County Police,Injury Crash,11/05/2020 05:52:00 PM,Maryland (State),LAYHILL RD,POST LA,,N/A,BICYCLIST,OTHER,CLEAR,DRY,DARK NO LIGHTS,NO CONTROLS,NONE DETECTED,NONE DETECTED,7F433424-2B36-452E-B696-4DEF66DD6E5E,BICYCLIST,Cross/Enter at Intersection,UNKNOWN,AT INTERSECTION BUT NO CROSSWALK,Unknown,SUSPECTED MINOR INJURY,MC/BIKE HELMET,39.0840475,-77.04641833,"(39.0840475, -77.04641833)"
MCP3080002V,200040688,Montgomery County Police,Injury Crash,10/15/2020 04:28:00 PM,Maryland (State),GREAT SENECA HWY,CLIMBING IVY DR,,N/A,PEDESTRIAN,OTHER,CLEAR,DRY,DAYLIGHT,TRAFFIC SIGNAL,NONE DETECTED,NONE DETECTED,969EC6CE-EA0B-4264-8C08-3FE9E527CF01,PEDESTRIAN,Cross/Enter at Intersection,NO IMPROPER ACTIONS,AT INTERSECTION MARKED CROSSWALK,No,POSSIBLE INJURY,NONE,39.16653148,-77.27062088,"(39.16653148, -77.27062088)"
MCP29910021,170536253,Montgomery County Police,Injury Crash,10/12/2017 01:58:00 PM,,,,PARKING LOT OF 3410 OLNEY LAYTONSVILLE RD (SIDE PARKING LOT EXIT),,PEDESTRIAN,SINGLE VEHICLE,CLEAR,,DAYLIGHT,N/A,NONE DETECTED,NONE DETECTED,5BF81DB6-F0E4-4AB4-96AE-316C6805C64B,PEDESTRIAN,Walking/Cycling on Sidewalk,NO IMPROPER ACTIONS,SIDEWALK,No,POSSIBLE INJURY,N/A,39.15259833,-77.06701167,"(39.15259833, -77.06701167)"
MCP1151002J,15010827,Montgomery County Police,Injury Crash,03/09/2015 08:19:00 AM,County,CRYSTAL ROCK DR,GERMANTOWN RD,,N/A,PEDESTRIAN,OTHER,CLEAR,DRY,DAYLIGHT,NO CONTROLS,NONE DETECTED,NONE DETECTED,21E5AE0E-C781-46BF-B7C1-8BBC1DE6159D,PEDESTRIAN,Cross/Enter not at Intersection,IN ROADWAY IMPROPERLY,ON ROADWAY NOT AT CROSSWALK,,POSSIBLE INJURY,N/A,39.181835,-77.26275,"(39.181835, -77.26275)"
MCP25040013,16000449,Montgomery County Police,Injury Crash,01/03/2016 05:40:00 PM,,,,PARKING LOT ROADWAY IN FRONT OF 7901 TUCKERMAN LANE,,PEDESTRIAN,STRAIGHT MOVEMENT ANGLE,CLEAR,,DUSK,OTHER,NONE DETECTED,NONE DETECTED,7D2231B3-619F-47BC-A5FD-C190EC7DF2C9,PEDESTRIAN,Cross/Enter at Intersection,NO IMPROPER ACTIONS,ON ROADWAY AT CROSSWALK,No,SUSPECTED MINOR INJURY,N/A,39.039952,-77.15729,"(39.039952, -77.15729)"
HA2386001W,24001524,MCPARK,Injury Crash,07/28/2024 06:20:00 PM,,,,Parking Lot Way        PARKING LOT OF HAMILTON POOL,,Pedestrian,Other,Clear,,Daylight,,"Not Suspect of Alcohol Use, Not Suspect of Drug Use","Not Suspect of Alcohol Use, Not Suspect of Drug Use",0926B5D5-D289-48DA-804D-0FF7313F18F0,Pedestrian,Standing,None (No Improper Action),Other,No,Suspected Minor Injury,None,38.95230817,-76.95163183,"(38.95230817, -76.95163183)"
MCP30480098,230005096,Montgomery County Police,Injury Crash,01/31/2023 03:30:00 PM,Maryland (State),ROCKVILLE PIKE,CEDAR LA,,N/A,PEDESTRIAN,OTHER,CLEAR,DRY,DAYLIGHT,TRAFFIC SIGNAL,N/A,N/A,843F9A7D-6597-4120-A1A5-07495D4ECBD8,PEDESTRIAN,Cross/Enter at Intersection,NO IMPROPER ACTIONS,AT INTERSECTION MARKED CROSSWALK,No,SUSPECTED MINOR INJURY,N/A,39.00177117,-77.05545783,"(39.00177117, -77.05545783)"
MCP28000052,220014387,Montgomery County Police,Injury Crash,04/04/2022 09:32:00 PM,,,,GARAGE DRIVEWAY ACCESS OF WF MARKET 11355 WOODGLEN DR/CROSSWALK  FACING EXECUTIVE BLVD AT PASSEO DR,,OTHER CONVEYANCE,OTHER,CLEAR,,DARK LIGHTS ON,NO CONTROLS,NONE DETECTED,NONE DETECTED,4F458A28-67BD-4C20-8477-AADE4D6F3289,OTHER CONVEYANCE,Walking/Cycling on Sidewalk,NO IMPROPER ACTIONS,DRIVEWAY ACCESS MARKED CROSSWALK,No,SUSPECTED MINOR INJURY,N/A,39.04329667,-77.11219167,"(39.04329667, -77.11219167)"
MCP2384000T,15008804,Montgomery County Police,Injury Crash,02/24/2015 06:45:00 PM,County,SANGAMORE RD,SENTINEL RD,,N/A,PEDESTRIAN,OTHER,CLEAR,DRY,DARK LIGHTS ON,STOP SIGN,UNKNOWN,NONE DETECTED,D8F82FF1-CCE2-4891-8992-EBF43F8F6B87,PEDESTRIAN,Cross/Enter at Intersection,NO IMPROPER ACTIONS,ON ROADWAY AT CROSSWALK,,SUSPECTED MINOR INJURY,N/A,38.95055333,-77.12055167,"(38.95055333, -77.12055167)"
MCP2181002D,190000573,Montgomery County Police,Property Damage Crash,01/04/2019 09:48:00 AM,Maryland (State),OLNEY LAYTONSVILLE RD,DORSEY RD,,N/A,PEDESTRIAN,OTHER,CLOUDY,DRY,DAYLIGHT,NO CONTROLS,N/A,N/A,524C88D3-37BE-4935-BEEE-565BD33ED55B,PEDESTRIAN,Other,DISABLED VEHICLE RELATED,AT INTERSECTION BUT NO CROSSWALK,Yes,NO APPARENT INJURY,NONE,39.19619833,-77.13016,"(39.19619833, -77.13016)"