Report Number,Local Case Number,Agency Name,ACRS Report Type,Crash Date/Time,Route Type,Road Name,Cross-Street Name,Off-Road Description,Municipality,Related Non-Motorist,Collision Type,Weather,Surface Condition,Light,Traffic Control,Driver Substance Abuse,Non-Motorist Substance Abuse,Person ID,Pedestrian Type,Pedestrian Movement,Pedestrian Actions,Pedestrian Location,At Fault,Injury Severity,Safety Equipment,Latitude,Longitude,Location
MCP9439000J,170530242,Montgomery County Police,Injury Crash,09/12/2017 11:09:00 PM,County,IZAAK WALTON WAY,W WILLARD RD,,N/A,PEDESTRIAN,SINGLE VEHICLE,CLEAR,DRY,DARK NO LIGHTS,N/A,,NONE DETECTED,5B2DA453-67E9-4E60-B67D-6CCA3AC2C7D2,PEDESTRIAN,Getting off/on Vehicle,OTHER,OTHER,Yes,SUSPECTED MINOR INJURY,N/A,39.10005948,-77.41992474,"(39.10005948, -77.41992474)"
MCP3150000G,180032133,Montgomery County Police,Injury Crash,06/29/2018 06:30:00 PM,County,FOREST GLEN RD,SLIGO CREEK PKWY,,N/A,BICYCLIST,STRAIGHT MOVEMENT ANGLE,CLEAR,DRY,DAYLIGHT,OTHER,N/A,N/A,F87DE2F1-B113-43B7-BAF2-BB294985E735,BICYCLIST,Other,IN ROADWAY IMPROPERLY,OTHER,Yes,SUSPECTED MINOR INJURY,NONE,39.01599108,-77.03529596,"(39.01599108, -77.03529596)"
MCP2761003T,220044472,Montgomery County Police,Injury Crash,10/11/2022 04:20:00 PM,County,RICHTER FARM RD,GERMANTOWN RD,,N/A,PEDESTRIAN,OTHER,CLEAR,DRY,DAYLIGHT,NO CONTROLS,UNKNOWN,NONE DETECTED,4F1F54A0-02E2-472F-B39F-9FEADBAB38F7,PEDESTRIAN,Other Working,NO IMPROPER ACTIONS,OTHER,No,POSSIBLE INJURY,N/A,39.15365908,-77.28666362,"(39.15365908, -77.28666362)"
MCP33910011,240031033,MONTGOMERY,Injury Crash,07/01/2024 12:40:00 PM,,,,Parking Lot Way        SIDEWALK,,"Other Pedestrian (person in a building, skater, personal conveyance, etc.)",Single Vehicle,Clear,,Daylight,,"Not Suspect of Alcohol Use, Not Suspect of Drug Use","Not Suspect of Alcohol Use, Not Suspect of Drug Use",4737B2FF-5EF0-46DC-A847-D750AA15AE22,"Other Pedestrian (person in a building, skater, personal conveyance, etc.)",Standing,None (No Improper Action),Other,No,Suspected Minor Injury,None,39.04179573,-77.04923866,"(39.04179573, -77.04923866)"
EJ7837004Z,20012459,Gaithersburg Police Depar,Injury Crash,03/13/2020 06:30:00 PM,,,,DRIVEWAY OF 302 SUMMIT HALL RD,,PEDESTRIAN,SINGLE VEHICLE,CLEAR,,DUSK,NO CONTROLS,N/A,N/A,E7E95277-1D2A-46BA-9FE7-065C7D828A46,PEDESTRIAN,Walking/Cycling on Sidewalk,N/A,SIDEWALK,No,SUSPECTED MINOR INJURY,NONE,39.12967272,-77.19785541,"(39.12967272, -77.19785541)"
MCP1017000R,15005676,Montgomery County Police,Injury Crash,02/04/2015 01:00:00 PM,,,,"Parking lot of 7400 Arlington Road, Bethesda, MD",,PEDESTRIAN,SINGLE VEHICLE,CLEAR,,DAYLIGHT,NO CONTROLS,NONE DETECTED,NONE DETECTED,1D8FD011-6F2B-4415-BBA9-9DCB548E4A07,PEDESTRIAN,Other,NO IMPROPER ACTIONS,OTHER,,SUSPECTED MINOR INJURY,N/A,38.983485,-77.098805,"(38.983485, -77.098805)"
MCP2849001Q,15053479,MONTGOMERY,Injury Crash,10/21/2015 06:46:00 PM,County,SHERWOOD FOREST DR,NOTLEY RD,,N/A,PEDESTRIAN,SINGLE VEHICLE,CLEAR,DRY,DARK NO LIGHTS,NO CONTROLS,NONE DETECTED,ALCOHOL PRESENT,FB407500-B4BE-459A-AC3F-B28D16814925,PEDESTRIAN,Cross/Enter not at Intersection,IN ROADWAY IMPROPERLY,ON ROADWAY NOT AT CROSSWALK,Yes,SUSPECTED MINOR INJURY,N/A,39.08128833,-77.00841333,"(39.08128833, -77.00841333)"
EJ7894003D,230057431,Gaithersburg Police Depar,Injury Crash,09/29/2023 06:20:00 AM,Maryland (State),FREDERICK RD,S WESTLAND DR,,N/A,PEDESTRIAN,SINGLE VEHICLE,CLEAR,DRY,DARK LIGHTS ON,TRAFFIC SIGNAL,NONE DETECTED,NONE DETECTED,B2343CD1-6A82-4BCB-91A3-A1810596EFD7,PEDESTRIAN,Cross/Enter at Intersection,UNKNOWN,AT INTERSECTION MARKED CROSSWALK,Unknown,SUSPECTED MINOR INJURY,NONE,39.12589946,-77.182744,"(39.12589946, -77.182744)"
MCP31610044,220037550,Montgomery County Police,Injury Crash,08/30/2022 03:12:00 PM,Maryland (State),KNOWLES AVE,CONNECTICUT AVE,,N/A,PEDESTRIAN,SINGLE VEHICLE,CLEAR,DRY,DAYLIGHT,TRAFFIC SIGNAL,NONE DETECTED,NONE DETECTED,C8540B04-90A7-4838-8D70-93E3DE6E5223,PEDESTRIAN,Cross/Enter not at Intersection,IN ROADWAY IMPROPERLY,ON ROADWAY NOT AT CROSSWALK,Yes,SUSPECTED MINOR INJURY,NONE,39.027,-77.077,"(39.027, -77.077)"
MCP120500CJ,240055249,MONTGOMERY,Injury Crash,11/18/2024 09:07:00 AM,County Route,WOODMONT AVE,CORDELL AVE,,,Pedestrian,Single Vehicle,Cloudy,Dry,Daylight,Traffic Control Signal,"Not Suspect of Alcohol Use, Not Suspect of Drug Use","Not Suspect of Alcohol Use, Not Suspect of Drug Use",2CCE0131-BE0D-4C89-84D0-38B88AA19326,Pedestrian,Cross/Enter at Intersection,None (No Improper Action),Intersection Marked Crosswalk,No,Suspected Minor Injury,None,38.99082053,-77.09663736,"(38.99082053, -77.09663736)"
MCP30210019,170531310,Montgomery County Police,Injury Crash,09/18/2017 02:55:00 PM,,,,PARKING LOT OF GIANT / SEARS     11200 NEW HAMPSHIRE AVE,,OTHER CONVEYANCE,SINGLE VEHICLE,CLEAR,,DAYLIGHT,NO CONTROLS,NONE DETECTED,NONE DETECTED,FB894BCC-2431-4173-9F0A-288583808629,OTHER CONVEYANCE,Unknown,UNKNOWN,N/A,No,SUSPECTED MINOR INJURY,NONE,39.04118167,-76.99018833,"(39.04118167, -76.99018833)"
MCP10200031,180009851,Montgomery County Police,Injury Crash,02/26/2018 09:04:00 AM,County,BOLAND FARM RD,FREDERICK RD,,N/A,BICYCLIST,OTHER,CLEAR,DRY,DAYLIGHT,OTHER,NONE DETECTED,NONE DETECTED,431C6187-045B-45A6-9A44-E8243F9A54BD,BICYCLIST,Cross/Enter at Intersection,NO IMPROPER ACTIONS,ON ROADWAY AT CROSSWALK,No,SUSPECTED SERIOUS INJURY,UNKNOWN,39.195328,-77.2446005,"(39.195328, -77.2446005)"
MCP301000B5,240044487,MONTGOMERY,Injury Crash,09/18/2024 01:06:00 PM,Private Route,,EDSON LA ROCKVILLE PIKE,,,Pedestrian,Single Vehicle,Clear,Dry,Daylight,Traffic Control Signal,"Not Suspect of Alcohol Use, Not Suspect of Drug Use","Not Suspect of Alcohol Use, Not Suspect of Drug Use",6403DFB0-CA7A-48C3-BEE4-918E261B8C7A,Pedestrian,Cross/Enter at Intersection,None (No Improper Action),Intersection Marked Crosswalk,No,Suspected Minor Injury,None,39.04038334,-77.10953694,"(39.04038334, -77.10953694)"
MCP30480056,190023306,Montgomery County Police,Injury Crash,05/17/2019 11:14:00 AM,County,MADISON ST,ANDERSON RD,,N/A,"OTHER, PEDESTRIAN",OTHER,CLOUDY,DRY,DAYLIGHT,NO CONTROLS,N/A,N/A,9A9611F8-832B-419B-87D7-6AD02C5195C7,PEDESTRIAN,Other,NO IMPROPER ACTIONS,ON ROADWAY AT CROSSWALK,No,POSSIBLE INJURY,N/A,39.03666667,-77.07016333,"(39.03666667, -77.07016333)"
MCP271700KK,180046630,Montgomery County Police,Injury Crash,09/18/2018 02:45:00 PM,County,PIERCE DR,TIMBERWOOD AVE,,N/A,PEDESTRIAN,OTHER,CLEAR,WET,DAYLIGHT,NO CONTROLS,NONE DETECTED,NONE DETECTED,EB59FEF9-F046-4631-9875-D24F61D5C271,PEDESTRIAN,Cross/Enter not at Intersection,DART DASH,ON ROADWAY NOT AT CROSSWALK,Yes,SUSPECTED MINOR INJURY,NONE,39.02162467,-77.0105055,"(39.02162467, -77.0105055)"
MCP30580052,230059208,Montgomery County Police,Injury Crash,10/07/2023 11:26:00 PM,County,SHADY GROVE RD,GAITHER RD,,N/A,PEDESTRIAN,OTHER,CLEAR,DRY,DARK LIGHTS ON,TRAFFIC SIGNAL,NONE DETECTED,ALCOHOL CONTRIBUTED,2612EDDC-05FA-4263-939D-43F946405906,PEDESTRIAN,Cross/Enter at Intersection,INATTENTIVE,ON ROADWAY AT CROSSWALK,Unknown,SUSPECTED MINOR INJURY,NONE,39.117575,-77.183435,"(39.117575, -77.183435)"
MCP9318003V,250013760,MONTGOMERY,Injury Crash,03/29/2025 08:23:00 PM,County Route,ADELPHI RD (WB/L),NEW HAMPSHIRE AVE,,,Pedestrian,Single Vehicle,Clear,Dry,Dark - Lighted,Traffic Control Signal,"Not Suspect of Alcohol Use, Not Suspect of Drug Use, Not Suspect of Alcohol Use, Not Suspect of Drug Use, Unknown, Unknown","Not Suspect of Alcohol Use, Not Suspect of Drug Use",0C318107-E6BF-4F91-A24E-835C683887D7,Pedestrian,Cross/Enter at Intersection,Unknown,Intersection Marked Crosswalk,No,Suspected Minor Injury,Unknown,39.01146049,-76.97885649,"(39.01146049, -76.97885649)"
MCP3038006J,230060111,Montgomery County Police,Injury Crash,10/12/2023 03:46:00 PM,County,ELLSWORTH DR,FENTON ST,,N/A,BICYCLIST,OTHER,CLEAR,DRY,DAYLIGHT,NO CONTROLS,NONE DETECTED,NONE DETECTED,F16F1CD9-5E3C-4B9A-91CE-5B791FB524CA,BICYCLIST,Walking/Riding w/Traffic,NO IMPROPER ACTIONS,ON ROADWAY NOT AT CROSSWALK,No,SUSPECTED MINOR INJURY,MC/BIKE HELMET,38.99732156,-77.02495353,"(38.99732156, -77.02495353)"
MCP3091003M,220021345,Montgomery County Police,Injury Crash,05/19/2022 01:44:00 PM,County,CRABBS BRANCH WAY,REDLAND RD,,N/A,OTHER,STRAIGHT MOVEMENT ANGLE,CLEAR,DRY,DAYLIGHT,TRAFFIC SIGNAL,N/A,N/A,EDFA2194-354D-4FFF-9D3D-B13FFD4621B6,OTHER,Cross/Enter at Intersection,FAILURE TO YIELD RIGHT OF WAY,ON ROADWAY AT CROSSWALK,Yes,SUSPECTED MINOR INJURY,UNKNOWN,39.1232285,-77.15694217,"(39.1232285, -77.15694217)"
MCP2450002X,190049073,Montgomery County Police,Injury Crash,10/12/2019 05:49:00 PM,US (State),GEORGIA AVE,13TH ST,,N/A,PEDESTRIAN,OTHER,N/A,N/A,DAYLIGHT,OTHER,NONE DETECTED,NONE DETECTED,3C03F820-6078-41AA-9F35-5CA3B2B52AA3,PEDESTRIAN,Getting off/on Vehicle,NO IMPROPER ACTIONS,SIDEWALK,No,POSSIBLE INJURY,N/A,38.98692833,-77.02664,"(38.98692833, -77.02664)"
MCP20460098,180059937,Montgomery County Police,Injury Crash,11/30/2018 05:32:00 PM,County,BRIGGS CHANEY RD,ASTON MANOR DR,,N/A,PEDESTRIAN,OTHER,CLEAR,DRY,DARK LIGHTS ON,NO CONTROLS,NONE DETECTED,NONE DETECTED,9A37E85E-CAB4-48ED-841F-E9862B93C8D0,PEDESTRIAN,Cross/Enter at Intersection,NO IMPROPER ACTIONS,AT INTERSECTION BUT NO CROSSWALK,No,POSSIBLE INJURY,N/A,39.07589015,-76.94114938,"(39.07589015, -76.94114938)"
MCP3038005B,210039517,Montgomery County Police,Injury Crash,10/04/2021 08:06:00 PM,County,FENTON ST,SLIGO AVE,,N/A,PEDESTRIAN,OTHER,CLEAR,DRY,DARK LIGHTS ON,TRAFFIC SIGNAL,NONE DETECTED,NONE DETECTED,DFB15920-8562-44D6-A6CC-C1388694F245,PEDESTRIAN,Cross/Enter not at Intersection,IN ROADWAY IMPROPERLY,ON ROADWAY NOT AT CROSSWALK,Yes,POSSIBLE INJURY,N/A,38.99007051,-77.02390053,"(38.99007051, -77.02390053)"
MCP32450045,230005127,Montgomery County Police,Injury Crash,01/31/2023 05:35:00 PM,County,OMEGA DR,RESEARCH BLVD,,N/A,PEDESTRIAN,N/A,RAINING,WET,DARK LIGHTS ON,NO CONTROLS,NONE DETECTED,NONE DETECTED,128E2078-BE75-4D57-8289-B0F516541775,PEDESTRIAN,Cross/Enter not at Intersection,DART DASH,ON ROADWAY NOT AT CROSSWALK,Yes,POSSIBLE INJURY,NONE,39.10871833,-77.19306417,"(39.10871833, -77.19306417)"
MCP2832002M,17015784,Montgomery County Police,Injury Crash,03/28/2017 01:38:00 PM,Maryland (State),EAST WEST HWY,GRUBB RD,,N/A,PEDESTRIAN,SINGLE VEHICLE,CLOUDY,DRY,DAYLIGHT,TRAFFIC SIGNAL,NONE DETECTED,NONE DETECTED,C453E4F1-F934-48E4-AF1F-8F114534F46E,PEDESTRIAN,Cross/Enter at Intersection,NO IMPROPER ACTIONS,ON ROADWAY AT CROSSWALK,No,SUSPECTED MINOR INJURY,N/A,38.99381333,-77.05224833,"(38.99381333, -77.05224833)"
MCP2291005S,220006216,Montgomery County Police,Injury Crash,02/12/2022 04:11:00 PM,Maryland (State),OLD GEORGETOWN RD,BEECH AVE,,N/A,BICYCLIST,HEAD ON LEFT TURN,CLEAR,DRY,DAYLIGHT,TRAFFIC SIGNAL,NONE DETECTED,NONE DETECTED,C48ACC2E-1FEC-4072-A715-0E3E6BA2EDB1,BICYCLIST,Standing,NO IMPROPER ACTIONS,SIDEWALK,No,POSSIBLE INJURY,MC/BIKE HELMET,39.01002068,-77.11475414,"(39.01002068, -77.11475414)"
DM8453000L,16052032,Takoma Park Police Depart,Injury Crash,10/10/2016 08:53:00 AM,Maryland (State),PHILADELPHIA AVE,CHICAGO AVE,,TAKOMA PARK,PEDESTRIAN,OTHER,CLEAR,DRY,DAYLIGHT,N/A,NONE DETECTED,NONE DETECTED,AB8EF9FA-B6CE-44B5-A508-3A9F59997B1C,PEDESTRIAN,Cross/Enter at Intersection,UNKNOWN,AT INTERSECTION MARKED CROSSWALK,Unknown,SUSPECTED MINOR INJURY,N/A,38.98666317,-77.02147186,"(38.98666317, -77.02147186)"
MCP2546002S,190060041,Montgomery County Police,Injury Crash,12/13/2019 07:18:00 AM,County,MONTROSE RD,BARGATE CT,,N/A,PEDESTRIAN,SINGLE VEHICLE,CLOUDY,DRY,DAYLIGHT,NO CONTROLS,NONE DETECTED,NONE DETECTED,C929EB04-39F3-418D-97BE-52D03F1687C7,PEDESTRIAN,Approach/Leaving Schoolbus,UNKNOWN,ON ROADWAY AT CROSSWALK,Yes,SUSPECTED SERIOUS INJURY,N/A,39.05325548,-77.13208247,"(39.05325548, -77.13208247)"
MCP3130004H,220006366,Montgomery County Police,Injury Crash,02/14/2022 07:00:00 AM,Maryland (State),CONNECTICUT AVE,WELLER RD,,N/A,PEDESTRIAN,STRAIGHT MOVEMENT ANGLE,CLOUDY,DRY,DAYLIGHT,TRAFFIC SIGNAL,NONE DETECTED,NONE DETECTED,73D2F379-3DB2-41CC-86F9-DEA59003D2D4,PEDESTRIAN,Walking to/from school,NO IMPROPER ACTIONS,AT INTERSECTION MARKED CROSSWALK,No,SUSPECTED MINOR INJURY,N/A,39.06367167,-77.07343,"(39.06367167, -77.07343)"
MCP23480047,180049336,Montgomery County Police,Injury Crash,10/02/2018 10:11:00 PM,,,,PARKING LOT OF KNIGHTS OF PYTHIAS LODGE AT 11011 GAME PRESERVE RD,,PEDESTRIAN,SINGLE VEHICLE,CLEAR,,DARK LIGHTS ON,NO CONTROLS,NONE DETECTED,NONE DETECTED,CF1B4D4E-FB75-47FF-AB81-8933E6390E9F,PEDESTRIAN,Other,OTHER,OTHER,No,SUSPECTED MINOR INJURY,N/A,39.16405734,-77.2294604,"(39.16405734, -77.2294604)"
MCP235800CX,240036577,MONTGOMERY,Property Damage Crash,08/03/2024 12:00:00 PM,County Route,MACARTHUR BLVD,HARVARD AVE,,,Cyclist (non-electric),Single Vehicle,Clear,Dry,Daylight,Stop Sign,"Not Suspect of Alcohol Use, Not Suspect of Drug Use","Not Suspect of Alcohol Use, Not Suspect of Drug Use",6713A74A-4D3D-48FE-8401-66EDDEF9BE3A,Cyclist (non-electric),Walking/Cycling Along Roadway Against Traffic (In or Adjacent to Travel Lane),None (No Improper Action),Intersection Marked Crosswalk,No,No Apparent Injury,Unknown,38.96973175,-77.14141059,"(38.96973175, -77.14141059)"
MCP2951002B,170516494,Montgomery County Police,Injury Crash,06/29/2017 07:20:00 PM,Maryland (State),GEORGIA AVE,LOTTE PLAZA,,N/A,BICYCLIST,SINGLE VEHICLE,CLEAR,DRY,DAYLIGHT,STOP SIGN,NONE DETECTED,NONE DETECTED,D423F8B6-EADD-45F2-8C5F-8D7266F96947,BICYCLIST,Walking/Cycling on Sidewalk,NO IMPROPER ACTIONS,CURB,No,POSSIBLE INJURY,NONE,39.07996167,-77.07373383,"(39.07996167, -77.07373383)"
MCP2565001M,15011123,Montgomery County Police,Injury Crash,03/10/2015 07:45:00 PM,County,MARINELLI RD,ROCKVILLE PIKE,,N/A,PEDESTRIAN,OTHER,RAINING,WET,DARK LIGHTS ON,TRAFFIC SIGNAL,NONE DETECTED,NONE DETECTED,E9AC37AA-BCEB-4819-9FF8-B327E2FC3A72,PEDESTRIAN,Cross/Enter at Intersection,IN ROADWAY IMPROPERLY,ON ROADWAY NOT AT CROSSWALK,,SUSPECTED MINOR INJURY,N/A,39.04713,-77.11299667,"(39.04713, -77.11299667)"
MCP2639008Z,200008439,Montgomery County Police,Injury Crash,02/20/2020 07:57:00 AM,County,ARCOLA AVE,LAMBERTON DR,,N/A,BICYCLIST,HEAD ON LEFT TURN,CLOUDY,DRY,DAYLIGHT,NO CONTROLS,NONE DETECTED,NONE DETECTED,8A8F995B-92D6-4640-AE8E-9524B35A12D6,BICYCLIST,Walking/Riding w/Traffic,IMPROPER PASSING,SHOULDER,Yes,POSSIBLE INJURY,MC/BIKE HELMET,39.04224,-77.02996333,"(39.04224, -77.02996333)"
MCP31290022,200026231,Montgomery County Police,Injury Crash,07/06/2020 03:47:00 PM,County,SPARTAN RD,GEORGIA AVE,,N/A,OTHER CONVEYANCE,SINGLE VEHICLE,CLEAR,DRY,DAYLIGHT,NO CONTROLS,NONE DETECTED,NONE DETECTED,F77D3000-E430-4400-B86A-4557820455D0,OTHER CONVEYANCE,Cross/Enter at Intersection,IN ROADWAY IMPROPERLY,OUTSIDE RIGHT OF WAY,Yes,SUSPECTED SERIOUS INJURY,NONE,39.15007064,-77.06526871,"(39.15007064, -77.06526871)"
MCP2829003K,170538120,Montgomery County Police,Injury Crash,10/22/2017 07:55:00 AM,County,SPRING ST,ROEDER RD,,N/A,PEDESTRIAN,OTHER,CLEAR,DRY,DAYLIGHT,NO CONTROLS,NONE DETECTED,NONE DETECTED,AE6CB71A-87D8-407B-9D12-76CE8D58B56B,PEDESTRIAN,Cross/Enter not at Intersection,IN ROADWAY IMPROPERLY,ON ROADWAY NOT AT CROSSWALK,Yes,SUSPECTED MINOR INJURY,N/A,38.99901697,-77.02503785,"(38.99901697, -77.02503785)"
EJ7852006F,220046268,Gaithersburg Police Depar,Property Damage Crash,10/21/2022 05:49:00 PM,,,,104 MAIN STREET,,PEDESTRIAN,OTHER,N/A,,DAYLIGHT,N/A,N/A,NONE DETECTED,99D584C1-3E7D-4CE5-B7E2-9D6809B7EF3D,PEDESTRIAN,Other,INATTENTIVE,OUTSIDE RIGHT OF WAY,Yes,NO APPARENT INJURY,REFLECTIVE CLOTHING,39.12431796,-77.2370865,"(39.12431796, -77.2370865)"
MCP2072003T,200016288,Montgomery County Police,Injury Crash,04/17/2020 01:45:00 PM,County,SCENERY DR,SCENERY PL (PROP),,N/A,BICYCLIST,OTHER,CLOUDY,DRY,DAYLIGHT,NO CONTROLS,NONE DETECTED,N/A,00D84A0A-9516-449F-B728-3D414E1807F7,BICYCLIST,Walking/Riding w/Traffic,UNKNOWN,UNKNOWN,Yes,SUSPECTED MINOR INJURY,NONE,39.17754333,-77.23342,"(39.17754333, -77.23342)"
EJ7886000P,2100366000,Gaithersburg Police Depar,Injury Crash,09/16/2021 10:00:00 PM,County,EMORY GROVE RD,QUAIL VALLEY DR,,N/A,PEDESTRIAN,STRAIGHT MOVEMENT ANGLE,RAINING,WET,DARK LIGHTS ON,NO CONTROLS,UNKNOWN,ALCOHOL PRESENT,8810D129-E59B-4B13-8A4A-9806111812AE,PEDESTRIAN,Cross/Enter at Intersection,UNKNOWN,AT INTERSECTION BUT NO CROSSWALK,No,SUSPECTED MINOR INJURY,N/A,39.15965386,-77.18871888,"(39.15965386, -77.18871888)"
MCP1563008R,230057550,Montgomery County Police,Injury Crash,09/29/2023 05:18:00 PM,,,,SIDEWALK/PAVED PATH IN FRONT OF 9111 RIVER RD. DRIVEWAY ADJACENT TO ROADWAY,,BICYCLIST,STRAIGHT MOVEMENT ANGLE,CLOUDY,,DAYLIGHT,STOP SIGN,NONE DETECTED,NONE DETECTED,136F7158-98E3-48EE-B750-98C9EEBA6B38,BICYCLIST,Walking/Cycling on Sidewalk,NO IMPROPER ACTIONS,SHARED USE PATH OR TRAILS,No,SUSPECTED MINOR INJURY,MC/BIKE HELMET,39.00456,-77.18641167,"(39.00456, -77.18641167)"
MCP2087001Z,170534160,Montgomery County Police,Injury Crash,10/01/2017 01:07:00 PM,County,MAGELLAN AVE,GLASGOW DR,,N/A,BICYCLIST,SINGLE VEHICLE,CLEAR,DRY,DAYLIGHT,STOP SIGN,NONE DETECTED,NONE DETECTED,CBCE76FE-0632-4C77-9CC7-4F466D9DE9EC,BICYCLIST,Cross/Enter at Intersection,FAILURE TO OBEY TRAFFIC SIGNS SIGNALS OR OFFICER,ON ROADWAY NOT AT CROSSWALK,Yes,POSSIBLE INJURY,NONE,39.07089333,-77.0922,"(39.07089333, -77.0922)"
MCP28230012,15005505,Montgomery County Police,Injury Crash,02/03/2015 04:37:00 PM,,,,4101 Aspen Hill Road (Shell Gas Station),,PEDESTRIAN,OTHER,CLEAR,,DAYLIGHT,NO CONTROLS,NONE DETECTED,NONE DETECTED,18E9E4D5-E450-45E7-85D1-42A67122ADD9,PEDESTRIAN,Standing,N/A,INSIDE BUILDING,,SUSPECTED MINOR INJURY,N/A,39.08039167,-77.08152667,"(39.08039167, -77.08152667)"
DD5634000Z,180064599,Rockville Police Departme,Injury Crash,12/26/2018 06:00:00 PM,Maryland (State),HUNGERFORD DR,N WASHINGTON ST,,ROCKVILLE,PEDESTRIAN,OTHER,CLOUDY,DRY,DARK LIGHTS ON,TRAFFIC SIGNAL,NONE DETECTED,NONE DETECTED,30FD3B1A-7979-486C-9098-FB27FA26910A,PEDESTRIAN,Cross/Enter at Intersection,NO IMPROPER ACTIONS,ON ROADWAY AT CROSSWALK,No,POSSIBLE INJURY,NONE,39.0920635,-77.15303667,"(39.0920635, -77.15303667)"
MCP3114001N,190053512,Montgomery County Police,Injury Crash,11/06/2019 05:22:00 PM,Other Public Roadway,CALVERTON BLVD,CHERRY HILL RD,,N/A,PEDESTRIAN,SINGLE VEHICLE,CLEAR,DRY,DARK LIGHTS ON,NO CONTROLS,NONE DETECTED,NONE DETECTED,33666EB0-36AC-4CC4-B610-28A572FFBDE5,PEDESTRIAN,Cross/Enter at Intersection,NO IMPROPER ACTIONS,ON ROADWAY AT CROSSWALK,No,SUSPECTED MINOR INJURY,NONE,39.056385,-76.95302833,"(39.056385, -76.95302833)"
MCP23530066,180057453,Montgomery County Police,Injury Crash,11/16/2018 08:53:00 AM,County,MAYFIELD DR,LONE OAK DR,,N/A,PEDESTRIAN,SINGLE VEHICLE,CLOUDY,WET,DAYLIGHT,NO CONTROLS,UNKNOWN,NONE DETECTED,C5A1B403-4593-4DDB-9C4B-70FFC0959BB5,PEDESTRIAN,Cross/Enter at Intersection,NO IMPROPER ACTIONS,AT INTERSECTION MARKED CROSSWALK,No,SUSPECTED MINOR INJURY,NONE,39.02067018,-77.13102063,"(39.02067018, -77.13102063)"
MCP3059007Y,220021726,Montgomery County Police,Injury Crash,05/21/2022 05:44:00 PM,County,SENECA FOREST CIR,SENECA FOREST CIR,,N/A,OTHER,SAME DIR REAR END,CLEAR,DRY,DAYLIGHT,NO CONTROLS,,NONE DETECTED,7C11BD5E-EA55-4E90-841B-38A1EECFDD2C,OTHER,Getting off/on Vehicle,ENTERING EXITING PARKED STANDING VEHICLE,OTHER,Yes,NO APPARENT INJURY,N/A,39.20750333,-77.234685,"(39.20750333, -77.234685)"
MCP2335001Q,220031928,Montgomery County Police,Injury Crash,07/24/2022 11:00:00 PM,County,NEEDLE DR,STRINGTOWN RD,,N/A,PEDESTRIAN,SINGLE VEHICLE,CLEAR,DRY,DARK NO LIGHTS,NO CONTROLS,N/A,NONE DETECTED,35423570-E129-434F-8BDB-442BFEDA3082,PEDESTRIAN,Standing,UNKNOWN,OTHER,No,SUSPECTED SERIOUS INJURY,N/A,39.22153777,-77.24664433,"(39.22153777, -77.24664433)"
DD5653001X,220045117,Rockville Police Departme,Property Damage Crash,10/14/2022 07:30:00 AM,Municipality,MARYLAND AVE,NEW MARK ESPLANADE,,ROCKVILLE,BICYCLIST,SINGLE VEHICLE,CLOUDY,UNKNOWN,DAYLIGHT,STOP SIGN,UNKNOWN,N/A,4E42D942-A912-4DD4-B121-CE958A966F76,BICYCLIST,Walking/Riding w/Traffic,NO IMPROPER ACTIONS,IN BIKEWAY,No,NO APPARENT INJURY,MC/BIKE HELMET,39.0788738,-77.15614325,"(39.0788738, -77.15614325)"
MCP2890000R,15052280,MONTGOMERY,Injury Crash,10/14/2015 11:33:00 PM,County,MIDDLEBROOK RD,FREDERICK RD,,N/A,PEDESTRIAN,SINGLE VEHICLE,CLEAR,DRY,DARK NO LIGHTS,NO CONTROLS,NONE DETECTED,NONE DETECTED,4EF7F2F6-5EB7-47BA-8EB1-E251B17E9611,PEDESTRIAN,Cross/Enter not at Intersection,DART DASH,ON ROADWAY NOT AT CROSSWALK,Yes,SUSPECTED SERIOUS INJURY,N/A,39.18172167,-77.23669,"(39.18172167, -77.23669)"
MCP2001001G,200045803,Montgomery County Police,Fatal Crash,11/20/2020 05:16:00 AM,Maryland (State),ROCKVILLE PIKE,GROSVENOR LA,,N/A,PEDESTRIAN,SINGLE VEHICLE,CLEAR,DRY,DARK LIGHTS ON,OTHER,NONE DETECTED,N/A,6F258D73-FB16-43ED-A9A7-0542E55FCC2A,PEDESTRIAN,Cross/Enter at Intersection,UNKNOWN,ON ROADWAY AT CROSSWALK,Yes,FATAL INJURY,OTHER,39.02256036,-77.10278445,"(39.02256036, -77.10278445)"
MCP94120003,170532808,Montgomery County Police,Injury Crash,09/24/2017 10:47:00 AM,Maryland (State),BRADLEY BLVD,OLD CHESTER RD,,N/A,OTHER,SINGLE VEHICLE,CLEAR,DRY,DAYLIGHT,N/A,NONE DETECTED,N/A,CD736706-E64A-42C1-AD8A-C092296465F2,OTHER,N/A,N/A,N/A,No,NO APPARENT INJURY,N/A,38.984815,-77.11512167,"(38.984815, -77.11512167)"
DM83880030,190026013,Takoma Park Police Depart,Injury Crash,05/31/2019 04:42:00 PM,,,,PARKING LOT OF 1127 UNIVERSITY BLVD.,,PEDESTRIAN,OTHER,CLEAR,,DAYLIGHT,NO CONTROLS,NONE DETECTED,NONE DETECTED,1FC70D6B-90EB-489A-AFE9-1D8A9791B9A6,PEDESTRIAN,Playing,DART DASH,OTHER,Yes,POSSIBLE INJURY,N/A,38.55400492,-79.18192616,"(38.55400492, -79.18192616)"