Report Number,Local Case Number,Agency Name,ACRS Report Type,Crash Date/Time,Route Type,Road Name,Cross-Street Name,Off-Road Description,Municipality,Related Non-Motorist,Collision Type,Weather,Surface Condition,Light,Traffic Control,Driver Substance Abuse,Non-Motorist Substance Abuse,Person ID,Pedestrian Type,Pedestrian Movement,Pedestrian Actions,Pedestrian Location,At Fault,Injury Severity,Safety Equipment,Latitude,Longitude,Location
MCP2987004F,180054734,Montgomery County Police,Injury Crash,11/01/2018 06:21:00 AM,Maryland (State),NEW HAMPSHIRE AVE,NORTHAMPTON DR,,N/A,PEDESTRIAN,STRAIGHT MOVEMENT ANGLE,CLEAR,DRY,DARK LIGHTS ON,NO CONTROLS,NONE DETECTED,NONE DETECTED,40094AB5-4347-4C63-92A3-68371C1CA2CC,PEDESTRIAN,Cross/Enter not at Intersection,IN ROADWAY IMPROPERLY,ON ROADWAY NOT AT CROSSWALK,Yes,SUSPECTED SERIOUS INJURY,NONE,39.007785,-76.97982333,"(39.007785, -76.97982333)"
MCP2987000Q,16023118,Montgomery County Police,Injury Crash,05/10/2016 07:30:00 AM,,,,"IN DRIVEWAY OF 509 HARDING DR, SILVER SPRING MD 20901",,PEDESTRIAN,SINGLE VEHICLE,CLEAR,,DAYLIGHT,NO CONTROLS,NONE DETECTED,NONE DETECTED,05240AE3-201B-43C4-8CD8-8092A6BD84F2,PEDESTRIAN,Standing,NOT VISIBLE,OTHER,Yes,SUSPECTED MINOR INJURY,NONE,39.01157833,-76.98385667,"(39.01157833, -76.98385667)"
MCP25340048,220025009,Montgomery County Police,Injury Crash,06/10/2022 10:35:00 PM,Maryland (State),UNIVERSITY BLVD W,ELKIN ST,,N/A,PEDESTRIAN,SINGLE VEHICLE,CLEAR,DRY,DARK LIGHTS ON,NO CONTROLS,NONE DETECTED,NONE DETECTED,FA1AABA5-45BB-46FE-996C-D36B69EA6BE7,PEDESTRIAN,Cross/Enter not at Intersection,UNKNOWN,ON ROADWAY NOT AT CROSSWALK,Yes,SUSPECTED MINOR INJURY,N/A,39.0414565,-77.05098933,"(39.0414565, -77.05098933)"
MCP2635008L,230063652,Montgomery County Police,Injury Crash,10/31/2023 05:49:00 PM,County,ASPEN HILL RD,ARCTIC AVE,,N/A,PEDESTRIAN,OTHER,CLEAR,DRY,DAYLIGHT,TRAFFIC SIGNAL,N/A,N/A,6DE46D4A-93CA-4A37-9566-95F9FEBB2060,PEDESTRIAN,Cross/Enter at Intersection,NO IMPROPER ACTIONS,ON ROADWAY AT CROSSWALK,No,SUSPECTED MINOR INJURY,NONE,39.0712315,-77.09882583,"(39.0712315, -77.09882583)"
DD55380055,250012450,ROCKVILLE,Injury Crash,03/21/2025 03:58:00 PM,Municipality Route,CABIN JOHN PKWY,E LYNFIELD DR,,,Scooter (electric),Single Vehicle,Clear,Dry,Daylight,No Controls,"Not Suspect of Alcohol Use, Not Suspect of Drug Use","Not Suspect of Alcohol Use, Not Suspect of Drug Use",4C9E61DF-DFB9-422B-AA6C-1EEA299BF585,Scooter (electric),Cross/Enter at Intersection,Dart/Dash,Intersection Unmarked Crosswalk,No,Suspected Minor Injury,None,39.07466819,-77.15089361,"(39.07466819, -77.15089361)"
MCP2270004S,250021950,MONTGOMERY,Injury Crash,05/18/2025 11:00:00 AM,,,,"Parking Lot Way        SHELL GAS STATION
300 EAST GUDE DRIVE
ROCKVILLE, MD 20850",,Pedestrian,Single Vehicle,Clear,,Daylight,,"Not Suspect of Alcohol Use, Not Suspect of Drug Use","Not Suspect of Alcohol Use, Not Suspect of Drug Use",AE04CE2D-B2A9-4B64-B242-C63AB7421D00,Pedestrian,Walking/Cycling Along Roadway With Traffic (In or Adjacent to Travel Lane),None (No Improper Action),Driveway Access,No,Suspected Serious Injury,None,39.10617971,-77.15167737,"(39.10617971, -77.15167737)"
MCP2671002B,190060159,Montgomery County Police,Property Damage Crash,12/13/2019 06:30:00 PM,County,WAYNE AVE,GEORGIA AVE,,N/A,PEDESTRIAN,SINGLE VEHICLE,RAINING,WET,DARK LIGHTS ON,TRAFFIC SIGNAL,NONE DETECTED,NONE DETECTED,585B9975-CCA2-4D76-80E8-858ACCD51618,PEDESTRIAN,Cross/Enter at Intersection,FAILURE TO OBEY TRAFFIC SIGNS SIGNALS OR OFFICER,ON ROADWAY AT CROSSWALK,Yes,NO APPARENT INJURY,NONE,38.99446114,-77.02693229,"(38.99446114, -77.02693229)"
HA2434000C,17001376,Maryland-National Capital,Injury Crash,10/14/2017 07:09:00 PM,Government,SLIGO CREEK PKWY,SCHUYLER RD,,N/A,PEDESTRIAN,OTHER,CLEAR,DRY,DUSK,STOP SIGN,N/A,N/A,8C97EBEE-2559-40FD-8B2B-D209B8B00435,PEDESTRIAN,Cross/Enter at Intersection,DART DASH,ON ROADWAY AT CROSSWALK,No,POSSIBLE INJURY,NONE,39.00255115,-77.01304972,"(39.00255115, -77.01304972)"
MCP3263001H,210042562,Montgomery County Police,Injury Crash,10/22/2021 05:04:00 PM,County,HIGHLAND AVE,TILBURY ST,,N/A,PEDESTRIAN,OTHER,CLEAR,DRY,DARK LIGHTS ON,STOP SIGN,NONE DETECTED,NONE DETECTED,6276A9E3-5C13-44B7-9B96-1195BBE0665E,PEDESTRIAN,Cross/Enter at Intersection,NO IMPROPER ACTIONS,ON ROADWAY AT CROSSWALK,No,SUSPECTED MINOR INJURY,NONE,38.99110833,-77.09392833,"(38.99110833, -77.09392833)"
MCP2931007N,250012120,MONTGOMERY,Injury Crash,03/19/2025 06:36:00 PM,County Route,TWINBROOK PKWY,,,,Scooter (electric),Single Vehicle,Clear,Dry,Daylight,No Controls,"Not Suspect of Alcohol Use, Not Suspect of Drug Use","Not Suspect of Alcohol Use, Not Suspect of Drug Use",8CA5CF67-4C01-4565-9C3E-0C99371B061F,Scooter (electric),Other,"None (No Improper Action), Unknown",Travel Lane Other Location,Yes,No Apparent Injury,None,39.06827067,-77.11413267,"(39.06827067, -77.11413267)"
MCP30420039,210029396,Montgomery County Police,Injury Crash,07/29/2021 10:50:00 AM,County,FERRARA AVE,FERRARA DR,,N/A,PEDESTRIAN,N/A,CLEAR,DRY,DAYLIGHT,NO CONTROLS,,NONE DETECTED,1C0E41A0-2316-48E3-99D0-E9F8EB4050D6,PEDESTRIAN,Getting off/on Vehicle,ENTERING EXITING PARKED STANDING VEHICLE,MEDIAN,Yes,SUSPECTED SERIOUS INJURY,NONE,39.052365,-77.077675,"(39.052365, -77.077675)"
MCP27470014,15039852,MONTGOMERY,Injury Crash,08/10/2015 08:45:00 PM,Maryland (State),GEORGIA AVE,CONNECTICUT AVE,,N/A,PEDESTRIAN,STRAIGHT MOVEMENT ANGLE,CLOUDY,WET,DARK LIGHTS ON,NO CONTROLS,NONE DETECTED,NONE DETECTED,5F2768FD-35AD-4114-8C9D-1168AAFDC609,PEDESTRIAN,Cross/Enter at Intersection,DART DASH,ON ROADWAY AT CROSSWALK,No,SUSPECTED MINOR INJURY,N/A,39.0841,-77.08213833,"(39.0841, -77.08213833)"
MCP28130016,15031257,Montgomery County Police,Injury Crash,06/26/2015 03:10:00 PM,,,,DRIVEWAY OF 10820 GEORGIA AVE,,BICYCLIST,SINGLE VEHICLE,CLEAR,,DAYLIGHT,NO CONTROLS,N/A,N/A,DC2D21EB-E9D6-4D88-8630-6386EC4B7705,BICYCLIST,Walking/Riding against Traffic,WRONG WAY RIDING OR WALKING,SHOULDER,,POSSIBLE INJURY,N/A,39.03275667,-77.04888667,"(39.03275667, -77.04888667)"
MCP291700DW,240048574,MONTGOMERY,Injury Crash,10/11/2024 12:17:00 PM,Maryland (State) Route,GEORGIA AVE (SB/L),,,,Pedestrian,Single Vehicle,Clear,Dry,Daylight,No Controls,"Not Suspect of Alcohol Use, Not Suspect of Drug Use","Suspect of Alcohol Use, Suspect of Drug Use",A9782872-B398-49EB-B7C0-FD8E4EC7536E,Pedestrian,Cross/Enter Not at Intersection,Dart/Dash,Travel Lane Other Location,Yes,Suspected Serious Injury,None,38.99908177,-77.03153301,"(38.99908177, -77.03153301)"
MCP29660050,180050359,Montgomery County Police,Injury Crash,10/08/2018 07:20:00 PM,County,ASPEN HILL RD,ARCTIC AVE,,N/A,BICYCLIST,OTHER,CLEAR,DRY,DARK LIGHTS ON,TRAFFIC SIGNAL,NONE DETECTED,NONE DETECTED,C2AD26FA-941C-4D06-8C48-AF4BA3B8A8F5,BICYCLIST,Cross/Enter at Intersection,NO IMPROPER ACTIONS,ON ROADWAY AT CROSSWALK,No,SUSPECTED MINOR INJURY,N/A,39.07151,-77.09904167,"(39.07151, -77.09904167)"
MCP3337000V,220049173,Montgomery County Police,Injury Crash,11/07/2022 06:13:00 PM,Maryland (State),GEORGIA AVE,EPPING RD,,N/A,OTHER CONVEYANCE,HEAD ON LEFT TURN,CLEAR,DRY,DARK LIGHTS ON,NO CONTROLS,NONE DETECTED,NONE DETECTED,0F6C46AA-9E0E-4CFB-ACDD-507E0C6DB9E7,OTHER CONVEYANCE,Cross/Enter at Intersection,NO IMPROPER ACTIONS,AT INTERSECTION BUT NO CROSSWALK,No,SUSPECTED MINOR INJURY,NONE,39.06520703,-77.05779474,"(39.06520703, -77.05779474)"
MCP2799002N,170501295,Montgomery County Police,Injury Crash,04/09/2017 08:44:00 PM,County,MORNINGWOOD DR,MORNINGWOOD CT,,N/A,BICYCLIST,HEAD ON,CLEAR,DRY,DARK NO LIGHTS,N/A,,ALCOHOL PRESENT,AAF5730E-F6CE-4E77-9BB7-6769523E5005,BICYCLIST,Walking/Riding w/Traffic,INATTENTIVE,ON ROADWAY NOT AT CROSSWALK,Yes,SUSPECTED MINOR INJURY,NONE,39.15077333,-77.08787167,"(39.15077333, -77.08787167)"
MCP235800BW,230062610,Montgomery County Police,Injury Crash,10/26/2023 06:30:00 AM,County,MACARTHUR BLVD,SANGAMORE RD,,N/A,BICYCLIST,STRAIGHT MOVEMENT ANGLE,CLEAR,DRY,DARK LIGHTS ON,TRAFFIC SIGNAL,NONE DETECTED,NONE DETECTED,A6176535-1334-4E7E-8C0C-9E88273A0D24,BICYCLIST,Walking/Riding w/Traffic,NO IMPROPER ACTIONS,OTHER,No,POSSIBLE INJURY,MC/BIKE HELMET,38.96858,-77.13904,"(38.96858, -77.13904)"
MCP9386008Z,210052390,Montgomery County Police,Property Damage Crash,12/23/2021 06:10:00 PM,County,PRICHARD RD,CONE LA,,N/A,PEDESTRIAN,OTHER,CLEAR,DRY,DARK LIGHTS ON,N/A,NONE DETECTED,NONE DETECTED,EFBDCC07-B68A-4ACE-A055-1D5402D70B37,PEDESTRIAN,Standing,NO IMPROPER ACTIONS,ON ROADWAY NOT AT CROSSWALK,No,NO APPARENT INJURY,NONE,39.0366085,-77.04600817,"(39.0366085, -77.04600817)"
MCP2159000T,220042533,Montgomery County Police,Property Damage Crash,09/29/2022 03:08:00 PM,County,DAWSON FARM RD,GERMANTOWN RD,,N/A,BICYCLIST,STRAIGHT MOVEMENT ANGLE,CLEAR,DRY,DAYLIGHT,TRAFFIC SIGNAL,N/A,UNKNOWN,A7E1EFC9-6944-48E9-AA92-9F388F811F41,BICYCLIST,Unknown,UNKNOWN,UNKNOWN,Yes,NO APPARENT INJURY,UNKNOWN,39.17141108,-77.27718681,"(39.17141108, -77.27718681)"
MCP2818004B,190018118,Montgomery County Police,Injury Crash,04/18/2019 09:53:00 AM,County,GROVE ST,SLIGO AVE,,N/A,PEDESTRIAN,OTHER,CLOUDY,DRY,DAYLIGHT,STOP SIGN,NONE DETECTED,NONE DETECTED,74A92D26-C72B-4395-A99E-39610AFE2749,PEDESTRIAN,Other,NO IMPROPER ACTIONS,AT INTERSECTION MARKED CROSSWALK,No,SUSPECTED MINOR INJURY,N/A,38.99017264,-77.0218665,"(38.99017264, -77.0218665)"
MCP2966000Z,15043905,MONTGOMERY,Injury Crash,09/01/2015 10:23:00 AM,County,OLD BALTIMORE RD,GEORGIA AVE,,N/A,BICYCLIST,OTHER,CLEAR,DRY,DAYLIGHT,TRAFFIC SIGNAL,NONE DETECTED,NONE DETECTED,613AB5F9-8B3B-4787-AB53-87D2FEA813F2,BICYCLIST,Cross/Enter at Intersection,N/A,ON ROADWAY AT CROSSWALK,No,SUSPECTED MINOR INJURY,MC/BIKE HELMET,39.13700921,-77.06881285,"(39.13700921, -77.06881285)"
MCP2877006W,190021647,Montgomery County Police,Injury Crash,05/08/2019 07:30:00 AM,Maryland (State),GEORGIA AVE,BELVEDERE BLVD,,N/A,PEDESTRIAN,SAME DIRECTION SIDESWIPE,CLEAR,DRY,DAYLIGHT,NO CONTROLS,NONE DETECTED,NONE DETECTED,1FDC2172-16F2-4598-B6F3-30407CF91234,PEDESTRIAN,Cross/Enter not at Intersection,INATTENTIVE,ON ROADWAY NOT AT CROSSWALK,Yes,SUSPECTED MINOR INJURY,NONE,39.01937898,-77.04395262,"(39.01937898, -77.04395262)"
MCP2617002R,16065629,Montgomery County Police,Property Damage Crash,12/22/2016 08:16:00 AM,Maryland (State),MASSACHUSETTS AVE,WESTBARD AVE,,N/A,BICYCLIST,OTHER,CLEAR,DRY,DAYLIGHT,TRAFFIC SIGNAL,NONE DETECTED,NONE DETECTED,F298094D-3987-488F-A3B7-77BEA038ED20,BICYCLIST,Cross/Enter at Intersection,NO IMPROPER ACTIONS,ON ROADWAY AT CROSSWALK,No,NO APPARENT INJURY,MC/BIKE HELMET,38.95845667,-77.10993833,"(38.95845667, -77.10993833)"
MCP3014001W,180054797,Montgomery County Police,Injury Crash,11/01/2018 03:01:00 PM,,,,"SIDEWALK IN FRONT OF 14101 GEORGIA AVENUE SILVER SPRING, MARYLAND 20906",,PEDESTRIAN,OTHER,CLEAR,,DAYLIGHT,NO CONTROLS,NONE DETECTED,NONE DETECTED,9D13568A-A7DF-422B-9D9C-39EAACADE8FB,PEDESTRIAN,Other,NO IMPROPER ACTIONS,SIDEWALK,No,SUSPECTED MINOR INJURY,NONE,39.08505,-77.07823167,"(39.08505, -77.07823167)"
MCP2717008V,16065025,Montgomery County Police,Injury Crash,12/19/2016 12:45:00 PM,,,,10400 OLD GEORGETOWN ROAD (GIANT FOOD PARKING LOT),,PEDESTRIAN,OTHER,CLEAR,,DAYLIGHT,NO CONTROLS,NONE DETECTED,NONE DETECTED,BCFFB152-7A45-4A35-8B48-2C86C1780C74,PEDESTRIAN,Cross/Enter not at Intersection,DART DASH,OUTSIDE RIGHT OF WAY,Yes,SUSPECTED MINOR INJURY,NONE,39.02603667,-77.126905,"(39.02603667, -77.126905)"
MCP2603002G,180062405,Montgomery County Police,Injury Crash,12/14/2018 08:36:00 AM,County,SNOUFFERS SCHOOL RD,LEWISBERRY DR,,N/A,PEDESTRIAN,OTHER,CLOUDY,N/A,DAYLIGHT,TRAFFIC SIGNAL,N/A,N/A,6052B498-AA78-4427-8C77-340E0E65C52F,PEDESTRIAN,Unknown,NO IMPROPER ACTIONS,ON ROADWAY AT CROSSWALK,No,SUSPECTED MINOR INJURY,N/A,39.18288,-77.182245,"(39.18288, -77.182245)"
MCP289100DS,240039168,MONTGOMERY,Injury Crash,08/19/2024 01:48:00 PM,County Route,DALE DR,,,,Scooter (electric),Single Vehicle,Clear,Dry,Daylight,Traffic Control Signal,"Not Suspect of Alcohol Use, Not Suspect of Drug Use","Not Suspect of Alcohol Use, Not Suspect of Drug Use",8809A3A2-C5C4-4706-9223-E499DC1E29E8,Scooter (electric),Cross/Enter at Intersection,"Inattentive (Talking, Eating, etc.), None (No Improper Action)",Intersection Marked Crosswalk,Yes,Suspected Minor Injury,None,39.00521457,-77.02278187,"(39.00521457, -77.02278187)"
DD5623000C,170529119,Rockville Police Departme,Injury Crash,09/07/2017 07:49:00 AM,Maryland (State),ROCKVILLE PIKE,RICHARD MONTGOMERY DR,,ROCKVILLE,PEDESTRIAN,OTHER,CLEAR,DRY,DAYLIGHT,TRAFFIC SIGNAL,NONE DETECTED,NONE DETECTED,7E3591CB-62F8-491C-A6A9-E34AA61A3084,PEDESTRIAN,Cross/Enter at Intersection,NO IMPROPER ACTIONS,AT INTERSECTION MARKED CROSSWALK,No,POSSIBLE INJURY,NONE,39.08063033,-77.14393733,"(39.08063033, -77.14393733)"
MCP2848005W,170550147,Montgomery County Police,Injury Crash,12/22/2017 01:03:00 PM,,,,NORDSTORM PARKING GARAGE-7111 DEMOCRACY BLVD,,PEDESTRIAN,OTHER,CLEAR,,DAYLIGHT,NO CONTROLS,NONE DETECTED,NONE DETECTED,150D3CCB-B772-420B-AC69-D563B65446E2,PEDESTRIAN,Cross/Enter at Intersection,NO IMPROPER ACTIONS,OTHER,No,POSSIBLE INJURY,NONE,39.02394667,-77.14436667,"(39.02394667, -77.14436667)"
MCP23580025,16042259,Montgomery County Police,Injury Crash,08/20/2016 07:10:00 AM,County,DEMOCRACY BLVD,RAMP 2 FR DEMOCRACY BLVD TO IS 270Y NB,,N/A,BICYCLIST,OTHER,CLEAR,DRY,DAYLIGHT,N/A,NONE DETECTED,NONE DETECTED,C25F76CE-397F-4B74-AE45-739FB95C24AB,BICYCLIST,Walking/Riding w/Traffic,NO IMPROPER ACTIONS,OTHER,No,SUSPECTED SERIOUS INJURY,UNKNOWN,38.99748,-77.10974,"(38.99748, -77.10974)"
DD56690018,250024772,ROCKVILLE,Injury Crash,06/03/2025 08:11:00 PM,,,,Parking Lot Way        PARKING LOT AREA.,,Pedestrian,Single Vehicle,Clear,,Daylight,,"Unknown, Unknown","Not Suspect of Alcohol Use, Not Suspect of Drug Use",71BAC57A-A9CB-4C25-B91E-586AB264753F,Pedestrian,Cross/Enter Not at Intersection,None (No Improper Action),Driveway Access,No,Suspected Minor Injury,None,39.0908808,-77.1519553,"(39.0908808, -77.1519553)"
DD55980022,170539245,Rockville Police Departme,Injury Crash,10/27/2017 06:58:00 PM,Maryland (State),VEIRS MILL RD,ATLANTIC AVE,,ROCKVILLE,PEDESTRIAN,STRAIGHT MOVEMENT ANGLE,CLEAR,DRY,DARK LIGHTS ON,TRAFFIC SIGNAL,N/A,N/A,3A3851FB-C037-43B6-8B72-DB4F2B3C0BAD,PEDESTRIAN,Cross/Enter at Intersection,N/A,ON ROADWAY AT CROSSWALK,No,SUSPECTED MINOR INJURY,N/A,39.07521933,-77.11582817,"(39.07521933, -77.11582817)"
MCP2853005R,190007242,Montgomery County Police,Injury Crash,02/14/2019 04:19:00 AM,Maryland (State),UNIVERSITY BLVD W,LEXINGTON ST,,N/A,PEDESTRIAN,OTHER,CLEAR,DRY,N/A,TRAFFIC SIGNAL,N/A,N/A,2F651CFE-4F38-4864-91F0-DFA59DBB4930,PEDESTRIAN,Cross/Enter at Intersection,FAILURE TO OBEY TRAFFIC SIGNS SIGNALS OR OFFICER,ON ROADWAY AT CROSSWALK,Yes,SUSPECTED SERIOUS INJURY,N/A,39.01957,-77.01117833,"(39.01957, -77.01117833)"
MCP2676001Q,15061648,MONTGOMERY,Injury Crash,12/02/2015 10:44:00 PM,County,MIDCOUNTY HWY,WOODFIELD RD,,N/A,PEDESTRIAN,OTHER,N/A,DRY,DARK NO LIGHTS,NO CONTROLS,N/A,N/A,D62B14F8-463B-4614-BC02-0AF98F52E704,PEDESTRIAN,Other,DART DASH,OTHER,Yes,SUSPECTED MINOR INJURY,NONE,39.15505667,-77.18051076,"(39.15505667, -77.18051076)"
MCP31700049,250030375,MONTGOMERY,Injury Crash,07/08/2025 12:40:00 PM,,,,Parking Lot Way        PARKING LOT OF 20924 FREDERICK RD,,Pedestrian,Single Vehicle,Clear,,Daylight,,"Unknown, Unknown","Not Suspect of Alcohol Use, Not Suspect of Drug Use",6CE3572A-718D-4F10-9B66-A97103E82103,Pedestrian,None,None (No Improper Action),Other,No,Suspected Minor Injury,None,39.20161376,-77.24961592,"(39.20161376, -77.24961592)"
MCP229800L8,180053322,Montgomery County Police,Injury Crash,10/24/2018 05:33:00 PM,,,,PARKING LOT OF 22222 DAVIS MILL RD,,"MACHINE OPERATOR/RIDER, OTHER",OTHER,CLEAR,,DAYLIGHT,NO CONTROLS,,NONE DETECTED,9B46E634-02FE-4FB2-A79F-5F5601A80AFA,MACHINE OPERATOR/RIDER,N/A,OTHER,OTHER,Unknown,POSSIBLE INJURY,N/A,39.221495,-77.2227965,"(39.221495, -77.2227965)"
MCP2664005M,220010551,Montgomery County Police,Injury Crash,03/11/2022 04:02:00 PM,Maryland (State),OLNEY LAYTONSVILLE RD,ENT TO SHOPPING CENTER,,N/A,BICYCLIST,SINGLE VEHICLE,CLEAR,DRY,DAYLIGHT,STOP SIGN,NONE DETECTED,NONE DETECTED,F2A0E6DB-05B2-47CA-AE37-0851A0E03920,BICYCLIST,Cross/Enter at Intersection,NO IMPROPER ACTIONS,ON ROADWAY AT CROSSWALK,No,SUSPECTED MINOR INJURY,MC/BIKE HELMET,39.15379386,-77.06830777,"(39.15379386, -77.06830777)"
DD5583007T,230005382,Rockville Police Departme,Property Damage Crash,02/02/2023 09:00:00 AM,Service Road,S CAMPUS DR,ENT TO PARKING,,N/A,PEDESTRIAN,SINGLE VEHICLE,CLEAR,DRY,DAYLIGHT,N/A,NONE DETECTED,UNKNOWN,C7EC8AD6-64E7-4CCE-AEB1-4E7DF44A91AD,PEDESTRIAN,Cross/Enter not at Intersection,DART DASH,ON ROADWAY NOT AT CROSSWALK,Yes,NO APPARENT INJURY,NONE,39.09637809,-77.15823874,"(39.09637809, -77.15823874)"
MCP2738004D,220052755,Montgomery County Police,Injury Crash,11/29/2022 09:53:00 PM,Maryland (State),NEW HAMPSHIRE AVE,LOCKWOOD DR,,N/A,PEDESTRIAN,OTHER,CLEAR,DRY,N/A,TRAFFIC SIGNAL,N/A,N/A,9C39FDED-12CA-48F9-8DBC-6E3DB9034031,PEDESTRIAN,Standing,UNKNOWN,MEDIAN,Unknown,SUSPECTED MINOR INJURY,N/A,39.0393995,-76.990528,"(39.0393995, -76.990528)"
MCP22990008,16044954,Montgomery County Police,Injury Crash,09/02/2016 06:23:00 PM,,,,"MONTGOMERY COUNTY PARKING LOT 20
8212 COLONIAL LANE SILVER SPRING, MD",,OTHER CONVEYANCE,SINGLE VEHICLE,CLEAR,,DAYLIGHT,N/A,NONE DETECTED,N/A,69070CA7-9E68-4664-AA78-4BCDA510CE29,OTHER CONVEYANCE,Other,UNKNOWN,ON ROADWAY NOT AT CROSSWALK,Yes,POSSIBLE INJURY,NONE,38.99172607,-77.02797085,"(38.99172607, -77.02797085)"
MCP2177004S,230046972,Montgomery County Police,Injury Crash,07/30/2023 02:40:00 PM,Municipality,RUSSELL AVE,SPUR TO ODENDHAL AVE,,N/A,PEDESTRIAN,SINGLE VEHICLE,CLEAR,DRY,DAYLIGHT,N/A,NONE DETECTED,NONE DETECTED,E688F882-C73E-4F32-84FF-B8ABD359ACE5,PEDESTRIAN,Cross/Enter at Intersection,NO IMPROPER ACTIONS,ON ROADWAY AT CROSSWALK,No,SUSPECTED MINOR INJURY,N/A,39.15050159,-77.2043814,"(39.15050159, -77.2043814)"
MCP3271001C,210035483,Montgomery County Police,Injury Crash,09/09/2021 04:25:00 PM,County,RIDGEFIELD RD,WESTBARD AVE,,N/A,OTHER CONVEYANCE,SINGLE VEHICLE,CLEAR,DRY,DAYLIGHT,TRAFFIC SIGNAL,NONE DETECTED,NONE DETECTED,58BEA775-C448-4969-A5C7-62BDA6569DDD,OTHER CONVEYANCE,Cross/Enter at Intersection,NO IMPROPER ACTIONS,ON ROADWAY AT CROSSWALK,No,POSSIBLE INJURY,NONE,38.96594412,-77.10744591,"(38.96594412, -77.10744591)"
MCP29520022,16027591,Montgomery County Police,Injury Crash,06/02/2016 02:53:00 PM,,,,ALLEY BEHIND LA FITNESS CONNECTING GEORGIA AVE AND DRIVEWAY TO PARKING GARAGE.,,OTHER CONVEYANCE,OTHER,CLEAR,,DAYLIGHT,NO CONTROLS,NONE DETECTED,NONE DETECTED,F9D18D7B-0CEB-4EAA-8F77-A79E76EFBDA7,OTHER CONVEYANCE,Other,NO IMPROPER ACTIONS,OTHER,No,POSSIBLE INJURY,NONE,38.99858667,-77.02928,"(38.99858667, -77.02928)"
MCP235800C5,240002228,MONTGOMERY,Property Damage Crash,01/14/2024 12:01:00 PM,,,,"Parking Stall        WHOLE FOODS BUILDING 5269 RIVER ROAD BETHESDA, MD",,Unknown Type Of Non-Motorist,Single Vehicle,Clear,,Daylight,,"Not Suspect of Alcohol Use, Not Suspect of Drug Use","Not Suspect of Alcohol Use, Not Suspect of Drug Use",FCF70680-A2D0-407F-9338-19EDD12ADCEB,Unknown Type Of Non-Motorist,Other,"None (No Improper Action), Other",Other,No,No Apparent Injury,None,38.9657486,-77.104895,"(38.9657486, -77.104895)"
MCP32000061,220029471,Montgomery County Police,Injury Crash,07/09/2022 12:24:00 PM,County,MONTROSE RD,EVELYN DR,,ROCKVILLE,PEDESTRIAN,OTHER,RAINING,WET,DAYLIGHT,STOP SIGN,NONE DETECTED,NONE DETECTED,443D3B8C-0747-47D7-984F-FEE4FCD26BDD,PEDESTRIAN,Cross/Enter at Intersection,NO IMPROPER ACTIONS,ON ROADWAY NOT AT CROSSWALK,No,SUSPECTED MINOR INJURY,NONE,39.05342,-77.13329233,"(39.05342, -77.13329233)"
MCP29950055,190047077,Montgomery County Police,Injury Crash,10/02/2019 04:35:00 PM,,,,"PARKING LOT OF 4101 RANDOLPH RD. SILVER SPRING, MD 20906. (SHELL GAS STATION)",,PEDESTRIAN,N/A,CLEAR,,DAYLIGHT,NO CONTROLS,NONE DETECTED,NONE DETECTED,3ACB19FD-9E19-4DE0-9820-391345037DA0,PEDESTRIAN,Standing,OTHER,OTHER,No,POSSIBLE INJURY,N/A,39.09205,-77.06954167,"(39.09205, -77.06954167)"
MCP15500018,15020472,Montgomery County Police,Injury Crash,04/30/2015 07:19:00 PM,Municipality,FREDERICK PL,FREDERICK AVE,,KENSINGTON,PEDESTRIAN,SINGLE VEHICLE,CLOUDY,N/A,DAYLIGHT,N/A,NONE DETECTED,NONE DETECTED,77710985-FE06-4BE3-B3C4-F1C8408BAB45,PEDESTRIAN,Standing,N/A,OTHER,,SUSPECTED SERIOUS INJURY,N/A,39.020775,-77.07114333,"(39.020775, -77.07114333)"
DM8439001J,180005913,Takoma Park Police Depart,Injury Crash,02/03/2018 03:04:00 PM,,,,"PARKING LOT 
7682 NEW HAMPSHIRE AVE",,PEDESTRIAN,OTHER,CLEAR,,DUSK,N/A,N/A,N/A,432B470F-EF21-42C0-B743-619905FDFDC1,PEDESTRIAN,Other,UNKNOWN,OTHER,No,POSSIBLE INJURY,N/A,38.98829833,-76.988165,"(38.98829833, -76.988165)"
DD5602000F,16041851,Rockville Police Departme,Injury Crash,08/18/2016 01:35:00 AM,Municipality,MONROE ST,MT VERNON PL,,ROCKVILLE,PEDESTRIAN,OTHER,N/A,WET,DARK NO LIGHTS,NO CONTROLS,UNKNOWN,ALCOHOL PRESENT,BA21D37A-8CDC-49D6-AD3B-906F263182D5,PEDESTRIAN,Walking/Riding w/Traffic,IN ROADWAY IMPROPERLY,ON ROADWAY NOT AT CROSSWALK,Yes,POSSIBLE INJURY,NONE,39.07894833,-77.15103,"(39.07894833, -77.15103)"
DM84760036,220005815,Takoma Park Police Depart,Injury Crash,02/10/2022 10:58:00 AM,Maryland (State),NEW HAMPSHIRE AVE,HOLTON LA,,TAKOMA PARK,PEDESTRIAN,SINGLE VEHICLE,CLEAR,DRY,DAYLIGHT,TRAFFIC SIGNAL,N/A,N/A,1411A1A9-3D6B-4E9A-ACE4-C33240B88357,PEDESTRIAN,Cross/Enter at Intersection,NO IMPROPER ACTIONS,ON ROADWAY AT CROSSWALK,No,SUSPECTED SERIOUS INJURY,N/A,38.98603167,-76.98817933,"(38.98603167, -76.98817933)"