Report Number,Local Case Number,Agency Name,ACRS Report Type,Crash Date/Time,Route Type,Road Name,Cross-Street Name,Off-Road Description,Municipality,Related Non-Motorist,Collision Type,Weather,Surface Condition,Light,Traffic Control,Driver Substance Abuse,Non-Motorist Substance Abuse,Person ID,Pedestrian Type,Pedestrian Movement,Pedestrian Actions,Pedestrian Location,At Fault,Injury Severity,Safety Equipment,Latitude,Longitude,Location
MCP2274000R,16026160,Montgomery County Police,Injury Crash,05/26/2016 08:35:00 AM,Municipality,BANK ST,QUINCE ORCHARD RD,,N/A,BICYCLIST,HEAD ON LEFT TURN,CLEAR,DRY,DAYLIGHT,NO CONTROLS,NONE DETECTED,NONE DETECTED,AC598001-1D24-4EAF-8F5A-D6216B0D8047,BICYCLIST,Cross/Enter at Intersection,FAILURE TO YIELD RIGHT OF WAY,UNKNOWN,Yes,SUSPECTED SERIOUS INJURY,UNKNOWN,39.14035833,-77.22306833,"(39.14035833, -77.22306833)"
MCP1512001C,170550918,Montgomery County Police,Injury Crash,12/27/2017 05:46:00 PM,Maryland (State),CLOPPER RD,METROPOLITAN GROVE RD,,GAITHERSBURG,PEDESTRIAN,SINGLE VEHICLE,CLEAR,DRY,DARK LIGHTS ON,NO CONTROLS,NONE DETECTED,NONE DETECTED,5524EE95-046C-493B-9130-132A1E0E1E67,PEDESTRIAN,Cross/Enter not at Intersection,FAILURE TO YIELD RIGHT OF WAY,ON ROADWAY NOT AT CROSSWALK,Yes,SUSPECTED MINOR INJURY,NONE,39.14486,-77.22616167,"(39.14486, -77.22616167)"
MCP20080033,16063764,Montgomery County Police,Injury Crash,12/12/2016 03:18:00 PM,County,MACARTHUR BLVD,HARVARD AVE,,GLEN ECHO,BICYCLIST,ANGLE MEETS LEFT TURN,CLEAR,DRY,DAYLIGHT,N/A,NONE DETECTED,NONE DETECTED,AD68D665-AED3-4D15-B14F-84E2324A0306,BICYCLIST,Cross/Enter at Intersection,NO IMPROPER ACTIONS,IN BIKEWAY,No,POSSIBLE INJURY,MC/BIKE HELMET,38.969655,-77.14156833,"(38.969655, -77.14156833)"
MCP3126006N,250026708,MONTGOMERY,Injury Crash,06/15/2025 03:28:00 PM,Local Route,COUNTRY SQUIRE WAY,COUNTRY SQUIRE WAY NEWCUT RD,,,Scooter (electric),Single Vehicle,Clear,Dry,Daylight,Stop Sign,"Not Suspect of Alcohol Use, Not Suspect of Drug Use","Not Suspect of Alcohol Use, Not Suspect of Drug Use",B98AB4C8-AE5C-49D5-BF00-91055326DE85,Scooter (electric),Cross/Enter at Intersection,"Failure to Yield Right-Of-Way, None (No Improper Action)",Intersection Unmarked Crosswalk,No,Suspected Minor Injury,None,39.22888005,-77.24959561,"(39.22888005, -77.24959561)"
MCP2087002Q,190004828,Montgomery County Police,Injury Crash,01/31/2019 06:43:00 AM,Maryland (State),GEORGIA AVE,CONNECTICUT AVE,,N/A,PEDESTRIAN,SINGLE VEHICLE,CLEAR,DRY,DAWN,TRAFFIC SIGNAL,NONE DETECTED,NONE DETECTED,B1B00341-3E2B-49B9-AF58-C81E2D01486E,PEDESTRIAN,Cross/Enter at Intersection,NO IMPROPER ACTIONS,ON ROADWAY AT CROSSWALK,No,POSSIBLE INJURY,N/A,39.08375333,-77.07751333,"(39.08375333, -77.07751333)"
MCP13790042,15051918,MONTGOMERY,Injury Crash,10/13/2015 11:34:00 AM,,,,"Parking lot of 12021 Georgia Ave Silver Spring, MD 20906",,PEDESTRIAN,OTHER,CLEAR,,DAYLIGHT,NO CONTROLS,NONE DETECTED,NONE DETECTED,45BFEA63-C173-44B2-9F8C-C124D2CEDA2F,PEDESTRIAN,Other,NO IMPROPER ACTIONS,OTHER,No,POSSIBLE INJURY,NONE,39.05274667,-77.049875,"(39.05274667, -77.049875)"
MCP91180059,250022019,MONTGOMERY,Injury Crash,05/18/2025 10:28:00 PM,County Route,CENTERHILL ST,VEIRS MILL RD (WB/L),,,Pedestrian,Single Vehicle,Clear,Dry,Dark - Unknown Lighting,Stop Sign,"Not Suspect of Alcohol Use, Not Suspect of Drug Use","Not Suspect of Alcohol Use, Not Suspect of Drug Use",0B6DA1FF-C0B8-4307-B2DA-655DF0012EDB,Pedestrian,Cross/Enter at Intersection,Unknown,Intersection Marked Crosswalk,No,Possible Injury,None,39.05041779,-77.07256584,"(39.05041779, -77.07256584)"
MCP11280043,15051173,MONTGOMERY,Injury Crash,10/09/2015 07:28:00 AM,Maryland (State),WISCONSIN AVE,ELM ST,,N/A,BICYCLIST,OTHER,CLOUDY,WET,DAWN,TRAFFIC SIGNAL,NONE DETECTED,NONE DETECTED,04EABA0B-B9A8-4C7C-ADA9-737ABF0E747F,BICYCLIST,Cross/Enter at Intersection,NO IMPROPER ACTIONS,ON ROADWAY AT CROSSWALK,No,SUSPECTED MINOR INJURY,NONE,38.98281167,-77.09328167,"(38.98281167, -77.09328167)"
MCP2830006B,230024335,Montgomery County Police,Injury Crash,05/21/2023 11:33:00 AM,County,QUEEN ELIZABETH DR,HERITAGE HILLS DR,,N/A,PEDESTRIAN,OTHER,CLEAR,DRY,DAYLIGHT,STOP SIGN,NONE DETECTED,NONE DETECTED,F6723E40-BA71-4B5F-A8DD-9C4180544BF1,PEDESTRIAN,Cross/Enter at Intersection,NO IMPROPER ACTIONS,ON ROADWAY AT CROSSWALK,No,SUSPECTED MINOR INJURY,NONE,39.16158201,-77.07134938,"(39.16158201, -77.07134938)"
MCP2946002X,180056753,Montgomery County Police,Injury Crash,11/12/2018 02:07:00 PM,,,,9936 MAIN STREET,,PEDESTRIAN,SINGLE VEHICLE,CLOUDY,,DAYLIGHT,NO CONTROLS,NONE DETECTED,NONE DETECTED,4ECAB87B-955F-4431-9862-E07135F4BDC4,PEDESTRIAN,Cross/Enter at Intersection,UNKNOWN,AT INTERSECTION BUT NO CROSSWALK,No,POSSIBLE INJURY,N/A,39.2883,-77.20557333,"(39.2883, -77.20557333)"
MCP2847001W,170507160,Montgomery County Police,Injury Crash,05/11/2017 02:20:00 AM,County,CONNECTICUT AVE,ROAD END - GATE,,N/A,OTHER,SINGLE VEHICLE,CLEAR,DRY,DARK LIGHTS ON,NO CONTROLS,,N/A,683EABA1-22F7-446A-9986-9AF970829AF4,OTHER,Other,OTHER,OTHER,Yes,SUSPECTED MINOR INJURY,N/A,39.093625,-77.06889,"(39.093625, -77.06889)"
MCP29730030,170506596,Montgomery County Police,Injury Crash,05/08/2017 12:00:00 PM,Maryland (State),GEORGIA AVE,CONNECTICUT AVE,,N/A,PEDESTRIAN,OTHER,CLEAR,DRY,DAYLIGHT,NO CONTROLS,NONE DETECTED,NONE DETECTED,E66DFBCD-B20A-480E-9212-CFC0A4D73FF2,PEDESTRIAN,Walking/Cycling on Sidewalk,NO IMPROPER ACTIONS,SIDEWALK,No,POSSIBLE INJURY,N/A,39.08232689,-77.07722157,"(39.08232689, -77.07722157)"
MCP2756003L,200041458,Montgomery County Police,Injury Crash,10/20/2020 07:57:00 PM,Maryland (State),GEORGIA AVE,REEDIE DR,,N/A,PEDESTRIAN,SAME DIRECTION SIDESWIPE,CLEAR,DRY,DARK LIGHTS ON,NO CONTROLS,NONE DETECTED,ALCOHOL PRESENT,6BB25EAB-0BAB-4A18-A556-8DEA4EFD3826,PEDESTRIAN,Cross/Enter not at Intersection,FAILURE TO YIELD RIGHT OF WAY,ON ROADWAY NOT AT CROSSWALK,Yes,POSSIBLE INJURY,NONE,39.03897333,-77.0517,"(39.03897333, -77.0517)"
MCP28480033,16033490,Montgomery County Police,Injury Crash,07/02/2016 07:57:00 AM,County,MACARTHUR BLVD,TOMLINSON AVE,,N/A,BICYCLIST,HEAD ON LEFT TURN,CLEAR,N/A,DAYLIGHT,NO CONTROLS,NONE DETECTED,NONE DETECTED,39692AC2-1098-4AC4-91B8-188A7EE2F353,BICYCLIST,Cross/Enter not at Intersection,NO IMPROPER ACTIONS,ON ROADWAY NOT AT CROSSWALK,No,SUSPECTED MINOR INJURY,MC/BIKE HELMET,38.97353333,-77.15563,"(38.97353333, -77.15563)"
MCP2612002P,180002973,Montgomery County Police,Property Damage Crash,01/18/2018 08:00:00 PM,Maryland (State),GEORGIA AVE,BEL PRE RD,,N/A,OTHER,OTHER,CLEAR,DRY,DARK LIGHTS ON,N/A,N/A,N/A,BE73EBA2-F3C8-4433-AFB4-D3F8AB4D9BF8,OTHER,Other Working,OTHER,OTHER,Yes,NO APPARENT INJURY,N/A,39.09332333,-77.07959,"(39.09332333, -77.07959)"
MCP3052000D,170529640,Montgomery County Police,Injury Crash,09/09/2017 11:11:00 PM,County,CONTOUR RD,LOST KNIFE RD,,N/A,PEDESTRIAN,SINGLE VEHICLE,N/A,DRY,DARK NO LIGHTS,WARNING SIGN,NONE DETECTED,NONE DETECTED,CA1DCA77-1D4A-4D13-BA0E-DCAA232A1086,PEDESTRIAN,Cross/Enter at Intersection,INATTENTIVE,ON ROADWAY AT CROSSWALK,No,POSSIBLE INJURY,NONE,39.15557976,-77.20001914,"(39.15557976, -77.20001914)"
MCP2846007Z,220021835,Montgomery County Police,Injury Crash,05/22/2022 03:15:00 PM,Maryland (State),GEORGIA AVE,BLUERIDGE AVE,,N/A,PEDESTRIAN,HEAD ON LEFT TURN,CLEAR,DRY,DAYLIGHT,PERSON,NONE DETECTED,NONE DETECTED,5774AC8B-CA66-4240-9325-D4065FF845E1,PEDESTRIAN,Cross/Enter at Intersection,NO IMPROPER ACTIONS,ON ROADWAY AT CROSSWALK,No,POSSIBLE INJURY,N/A,39.04295333,-77.05214333,"(39.04295333, -77.05214333)"
MCP9422001P,190015766,Montgomery County Police,Injury Crash,04/04/2019 11:27:00 PM,Maryland (State),NEW HAMPSHIRE AVE,THOMAS DR,,N/A,OTHER CONVEYANCE,SINGLE VEHICLE,CLEAR,DRY,DARK NO LIGHTS,NO CONTROLS,NONE DETECTED,NONE DETECTED,546B6DF9-4924-4D3A-A878-BED81F927D7A,OTHER CONVEYANCE,Walking/Riding w/Traffic,IN ROADWAY IMPROPERLY,ON ROADWAY NOT AT CROSSWALK,Yes,SUSPECTED SERIOUS INJURY,NONE,39.066735,-77.00138667,"(39.066735, -77.00138667)"
MCP263900B0,200042762,Montgomery County Police,Injury Crash,10/30/2020 06:53:00 AM,Maryland (State),GEORGIA AVE,HEATHFIELD RD,,N/A,PEDESTRIAN,STRAIGHT MOVEMENT ANGLE,RAINING,WET,DARK LIGHTS ON,TRAFFIC SIGNAL,NONE DETECTED,NONE DETECTED,EDCAE54E-EDED-4728-A622-6A20E44E3FC5,PEDESTRIAN,Cross/Enter at Intersection,DART DASH,ON ROADWAY AT CROSSWALK,Yes,POSSIBLE INJURY,NONE,39.08771167,-77.07952667,"(39.08771167, -77.07952667)"
MCP3055002T,210017989,Montgomery County Police,Injury Crash,05/13/2021 11:55:00 AM,,,,PARKING LOT AT 13781 CONNECTICUT AVE (GIANT),,PEDESTRIAN,OTHER,CLEAR,,DAYLIGHT,NO CONTROLS,N/A,N/A,E52457EE-6113-46A7-8A98-3FFA961F04BA,PEDESTRIAN,Other,NO IMPROPER ACTIONS,OTHER,No,SUSPECTED MINOR INJURY,NONE,39.07962,-77.07936,"(39.07962, -77.07936)"
MCP3339000V,220049986,Montgomery County Police,Injury Crash,11/04/2022 01:40:00 PM,,,,"2119 UNIVERSITY BOULEVARD WEST, SILVER SPRING, MD 20904",,PEDESTRIAN,OTHER,UNKNOWN,,DAYLIGHT,N/A,UNKNOWN,UNKNOWN,972E9C99-DC0A-448C-8C44-A5A6655E77D7,PEDESTRIAN,Standing,ENTERING EXITING PARKED STANDING VEHICLE,OTHER,No,POSSIBLE INJURY,NONE,39.04141068,-77.0473585,"(39.04141068, -77.0473585)"
DD5574000K,16038539,Rockville Police Departme,Property Damage Crash,07/29/2016 12:45:00 PM,Municipality,VINSON ST,S WASHINGTON ST,,ROCKVILLE,OTHER CONVEYANCE,STRAIGHT MOVEMENT ANGLE,CLEAR,DRY,DAYLIGHT,NO CONTROLS,N/A,N/A,B01EEC2B-A167-41DF-BDE8-56F30F0303ED,OTHER CONVEYANCE,Cross/Enter at Intersection,N/A,ON ROADWAY AT CROSSWALK,No,NO APPARENT INJURY,MC/BIKE HELMET,39.08208333,-77.15273333,"(39.08208333, -77.15273333)"
DD5648001P,230004285,Rockville Police Departme,Property Damage Crash,01/26/2023 01:36:00 PM,,,,PARKING LOT OF 824 ROCKVILLE PIKE,,PEDESTRIAN,OTHER,CLOUDY,,DAYLIGHT,N/A,UNKNOWN,NONE DETECTED,B850DEC6-6318-4BA1-8D68-3A47DA08E6DB,PEDESTRIAN,Other,NO IMPROPER ACTIONS,OTHER,No,NO APPARENT INJURY,NONE,39.07652084,-77.13802343,"(39.07652084, -77.13802343)"
MCP28510023,16057442,Montgomery County Police,Injury Crash,11/07/2016 03:47:00 PM,Maryland (State),GREAT SENECA HWY,MIDDLEBROOK RD,,N/A,PEDESTRIAN,SINGLE VEHICLE,CLEAR,DRY,DAYLIGHT,TRAFFIC SIGNAL,NONE DETECTED,NONE DETECTED,4F693368-D7C0-4535-AA41-CAAF0129485B,PEDESTRIAN,Cross/Enter at Intersection,FAILURE TO OBEY TRAFFIC SIGNS SIGNALS OR OFFICER,ON ROADWAY AT CROSSWALK,Yes,SUSPECTED MINOR INJURY,NONE,39.17465833,-77.26129667,"(39.17465833, -77.26129667)"
MCP3037002H,190012244,Montgomery County Police,Injury Crash,03/16/2019 07:54:00 PM,,,,"PARKING LOT OF 501 QUINCE ORCHARD RD, GAITHERSBURG, MD",,PEDESTRIAN,SINGLE VEHICLE,N/A,,DARK LIGHTS ON,N/A,UNKNOWN,NONE DETECTED,3932B4AA-1DE9-45C5-8313-77B5816147E6,PEDESTRIAN,Other,NO IMPROPER ACTIONS,OTHER,No,SUSPECTED MINOR INJURY,N/A,39.18419667,-77.26345167,"(39.18419667, -77.26345167)"
EJ7876000N,190026354,Gaithersburg Police Depar,Injury Crash,06/02/2019 10:10:00 PM,Maryland (State),MONTGOMERY VILLAGE AVE,SPUR TO LOST KNIFE RD,,N/A,BICYCLIST,STRAIGHT MOVEMENT ANGLE,CLOUDY,WET,DARK LIGHTS ON,TRAFFIC SIGNAL,NONE DETECTED,ALCOHOL PRESENT,4B746786-935A-4761-9328-C30FCC58F9FA,BICYCLIST,Cross/Enter at Intersection,OTHER,ON ROADWAY AT CROSSWALK,Yes,SUSPECTED MINOR INJURY,NONE,39.157775,-77.20400167,"(39.157775, -77.20400167)"
DM8434001P,190005950,Takoma Park Police Depart,Injury Crash,02/06/2019 05:50:00 PM,Municipality,PHILADELPHIA AVE,CEDAR AVE,,TAKOMA PARK,PEDESTRIAN,SINGLE VEHICLE,RAINING,WET,DARK LIGHTS ON,N/A,NONE DETECTED,NONE DETECTED,76C8DCA2-F4C2-403D-A339-A1F60EAD1ABA,PEDESTRIAN,Cross/Enter at Intersection,DART DASH,ON ROADWAY AT CROSSWALK,No,SUSPECTED SERIOUS INJURY,REFLECTIVE CLOTHING,38.927975,-77.01557667,"(38.927975, -77.01557667)"
MCP29480029,180009623,Montgomery County Police,Injury Crash,02/24/2018 05:10:00 PM,Maryland (State),GEORGIA AVE,PRICE AVE,,N/A,PEDESTRIAN,OTHER,RAINING,WET,DAYLIGHT,N/A,NONE DETECTED,NONE DETECTED,833B8594-1005-4A97-93F2-BCF2E1BFCB06,PEDESTRIAN,Cross/Enter at Intersection,NO IMPROPER ACTIONS,AT INTERSECTION MARKED CROSSWALK,No,SUSPECTED MINOR INJURY,NONE,39.04027,-77.05134167,"(39.04027, -77.05134167)"
DD5651003T,230053976,Rockville Police Departme,Injury Crash,09/09/2023 02:28:00 PM,,,,SAFEWAY PARKING LOT,,PEDESTRIAN,OTHER,CLEAR,,DAYLIGHT,NO CONTROLS,NONE DETECTED,NONE DETECTED,D1EC857D-F0ED-46A0-9E67-460B3AECC195,PEDESTRIAN,Other,NO IMPROPER ACTIONS,OTHER,No,POSSIBLE INJURY,N/A,39.11283043,-77.17165995,"(39.11283043, -77.17165995)"
EJ7829001N,15057386,GAITHERSBURG,Injury Crash,11/10/2015 05:40:00 PM,Municipality,PALM SPRING DR,PALMTREE DR,,GAITHERSBURG,PEDESTRIAN,SINGLE VEHICLE,RAINING,WET,DARK LIGHTS ON,NO CONTROLS,NONE DETECTED,NONE DETECTED,78111F0E-1331-4D51-ABF1-3A6D0256A7BB,PEDESTRIAN,Cross/Enter at Intersection,FAILURE TO YIELD RIGHT OF WAY,ON ROADWAY AT CROSSWALK,No,SUSPECTED MINOR INJURY,N/A,39.12377667,-77.21204167,"(39.12377667, -77.21204167)"
MCP3123006Q,230074174,Montgomery County Police,Injury Crash,12/29/2023 04:31:00 PM,County,MEDICAL CENTER DR,GREAT SENECA HWY,,N/A,BICYCLIST,STRAIGHT MOVEMENT ANGLE,CLEAR,DRY,DAYLIGHT,TRAFFIC SIGNAL,N/A,N/A,12929414-CCD8-41DF-B022-B393FD194A57,BICYCLIST,Walking/Cycling on Sidewalk,DART DASH,AT INTERSECTION MARKED CROSSWALK,Yes,SUSPECTED MINOR INJURY,MC/BIKE HELMET,39.09868686,-77.20405464,"(39.09868686, -77.20405464)"
MCP2635008V,240046064,MONTGOMERY,Fatal Crash,09/26/2024 07:18:00 PM,County Route,FRANKLIN AVE,,,,Pedestrian,Single Vehicle,Clear,Dry,Dusk,Pedestrian Crossing Sign,"Not Suspect of Alcohol Use, Not Suspect of Drug Use","Suspect of Alcohol Use, Suspect of Drug Use",EC1BBDC8-85B3-44F0-BAB4-52AD4F8EB141,Pedestrian,Cross/Enter at Intersection,None (No Improper Action),Intersection Marked Crosswalk,No,Fatal Injury,None,39.01087675,-77.00549836,"(39.01087675, -77.00549836)"
MCP3112005R,210053334,Montgomery County Police,Injury Crash,12/31/2021 12:18:00 PM,Maryland (State),WISCONSIN AVE,CHESTNUT ST,,N/A,PEDESTRIAN,OTHER,CLOUDY,DRY,DAYLIGHT,NO CONTROLS,NONE DETECTED,NONE DETECTED,04F1C0FC-3A11-4E17-9259-172DC64BCE85,PEDESTRIAN,Cross/Enter at Intersection,NO IMPROPER ACTIONS,AT INTERSECTION MARKED CROSSWALK,No,SUSPECTED MINOR INJURY,NONE,38.99348833,-77.09561,"(38.99348833, -77.09561)"
MCP28460021,16032703,Montgomery County Police,Injury Crash,06/28/2016 01:15:00 PM,County,SHOREFIELD RD,GEORGIA AVE,,N/A,PEDESTRIAN,OTHER,CLOUDY,DRY,DAYLIGHT,TRAFFIC SIGNAL,NONE DETECTED,NONE DETECTED,AE9A8913-1B4B-4010-A12A-E3F88D9A0C46,PEDESTRIAN,Cross/Enter at Intersection,NO IMPROPER ACTIONS,ON ROADWAY AT CROSSWALK,No,POSSIBLE INJURY,NONE,39.05316667,-77.050735,"(39.05316667, -77.050735)"
MCP1235001Q,190001836,Montgomery County Police,Injury Crash,01/11/2019 06:59:00 PM,County,LOCKWOOD DR,OAK LEAF DR,,N/A,PEDESTRIAN,OTHER,CLEAR,DRY,DARK LIGHTS ON,NO CONTROLS,NONE DETECTED,NONE DETECTED,775AA4C0-A555-4310-9074-0B4E909B517E,PEDESTRIAN,Cross/Enter at Intersection,NO IMPROPER ACTIONS,ON ROADWAY AT CROSSWALK,No,SUSPECTED MINOR INJURY,N/A,39.021135,-77.00824833,"(39.021135, -77.00824833)"
MCP2931005Z,220033947,Montgomery County Police,Injury Crash,08/07/2022 07:53:00 PM,,,,PARKING LOT OF 12266 ROCKVILLE PIKE,,PEDESTRIAN,STRAIGHT MOVEMENT ANGLE,CLEAR,,DAYLIGHT,NO CONTROLS,NONE DETECTED,NONE DETECTED,6B80FE70-B664-4E07-A531-9C3B09F9DB4E,PEDESTRIAN,Other,NO IMPROPER ACTIONS,ON ROADWAY AT CROSSWALK,No,POSSIBLE INJURY,NONE,39.05719333,-77.12165333,"(39.05719333, -77.12165333)"
MCP2203003L,180057062,Montgomery County Police,Injury Crash,11/14/2018 06:12:00 AM,Maryland (State),VEIRS MILL RD,CENTERHILL ST,,N/A,PEDESTRIAN,STRAIGHT MOVEMENT ANGLE,CLEAR,DRY,DARK NO LIGHTS,NO CONTROLS,UNKNOWN,NONE DETECTED,016CD83F-DC56-448A-9842-55EEFE49F413,PEDESTRIAN,Cross/Enter not at Intersection,IN ROADWAY IMPROPERLY,ON ROADWAY NOT AT CROSSWALK,Yes,POSSIBLE INJURY,N/A,39.05034667,-77.072875,"(39.05034667, -77.072875)"
MCP2689002G,16051905,Montgomery County Police,Injury Crash,10/09/2016 10:59:00 AM,County,ARDENNES AVE,TWINBROOK PKWY,,N/A,BICYCLIST,SINGLE VEHICLE,CLEAR,DRY,DAYLIGHT,TRAFFIC SIGNAL,NONE DETECTED,NONE DETECTED,F391FD4D-1E2D-45B9-82A9-BC17CDB054F2,BICYCLIST,Cross/Enter at Intersection,NO IMPROPER ACTIONS,ON ROADWAY AT CROSSWALK,No,POSSIBLE INJURY,NONE,39.06370266,-77.11632818,"(39.06370266, -77.11632818)"
MCP2339002G,170512551,Montgomery County Police,Injury Crash,06/08/2017 07:32:00 AM,County,BRIGGS CHANEY RD,GOOD HOPE RD,,N/A,BICYCLIST,HEAD ON LEFT TURN,N/A,DRY,DAYLIGHT,NO CONTROLS,NONE DETECTED,NONE DETECTED,BBA9D4FB-1414-4CA9-9C38-58CEC03FB028,BICYCLIST,Cross/Enter at Intersection,N/A,AT INTERSECTION BUT NO CROSSWALK,No,SUSPECTED MINOR INJURY,MC/BIKE HELMET,39.101519,-76.980297,"(39.101519, -76.980297)"
MCP2386001D,170505158,Montgomery County Police,Injury Crash,04/30/2017 03:30:00 PM,Maryland (State),UNIVERSITY BLVD E,MERRIMAC DR,,TAKOMA PARK,BICYCLIST,STRAIGHT MOVEMENT ANGLE,CLEAR,DRY,DAYLIGHT,STOP SIGN,UNKNOWN,OTHER,2DD37BAF-282B-4EBA-A612-59116939DDE7,BICYCLIST,Cross/Enter at Intersection,NO IMPROPER ACTIONS,ON ROADWAY AT CROSSWALK,No,SUSPECTED MINOR INJURY,NONE,38.99255474,-76.99164033,"(38.99255474, -76.99164033)"
MCP2440000X,220038190,Montgomery County Police,Injury Crash,09/03/2022 09:20:00 AM,Other Public Roadway,EMORY ST,MUNCASTER MILL RD,,N/A,BICYCLIST,OTHER,CLEAR,DRY,DAYLIGHT,STOP SIGN,NONE DETECTED,NONE DETECTED,11D5A6FC-DDAB-4ED0-95C2-B9E932A70C73,BICYCLIST,Other,NO IMPROPER ACTIONS,AT INTERSECTION BUT NO CROSSWALK,No,SUSPECTED MINOR INJURY,MC/BIKE HELMET,39.157915,-77.159095,"(39.157915, -77.159095)"
MCP2773001T,16026276,Montgomery County Police,Injury Crash,05/26/2016 07:08:00 PM,,,,SIDE WALK IN FRONT OF PARKING LOT OF 420 UNIVERSITY BLVD E,,PEDESTRIAN,OTHER,CLEAR,,DAYLIGHT,NO CONTROLS,NONE DETECTED,NONE DETECTED,ED64C75A-46C4-474D-A408-A784AA5D1B25,PEDESTRIAN,Walking/Cycling on Sidewalk,NO IMPROPER ACTIONS,SIDEWALK,No,POSSIBLE INJURY,NONE,39.008748,-76.99865,"(39.008748, -76.99865)"
MCP32330038,220039399,Montgomery County Police,Injury Crash,09/10/2022 06:56:00 PM,Maryland (State),PINEY BRANCH RD,CARROLL AVE,,N/A,PEDESTRIAN,SINGLE VEHICLE,CLEAR,DRY,DAWN,WARNING SIGN,NONE DETECTED,NONE DETECTED,BBA5F182-9899-4C1D-AFD0-8189882869D3,PEDESTRIAN,Cross/Enter not at Intersection,NO IMPROPER ACTIONS,ON ROADWAY AT CROSSWALK,No,SUSPECTED MINOR INJURY,N/A,39.03362783,-77.00331017,"(39.03362783, -77.00331017)"
MCP28590029,16032842,Montgomery County Police,Injury Crash,06/29/2016 06:48:00 AM,,,,"PARKING SPACE OUTSIDE 1088 WEST SIDE DR, GAITHERSBURG, MD.",,PEDESTRIAN,OTHER,N/A,,DAYLIGHT,NO CONTROLS,N/A,NONE DETECTED,73E4C9E2-F31C-4EDD-9E17-81711C5649AA,PEDESTRIAN,Standing,OTHER,OTHER,Yes,SUSPECTED MINOR INJURY,NONE,39.12388466,-77.20288038,"(39.12388466, -77.20288038)"
MCP26170087,190053280,Montgomery County Police,Injury Crash,11/05/2019 02:05:00 PM,County,ARCOLA AVE,KERSEY RD,,N/A,PEDESTRIAN,OTHER,CLEAR,DRY,DAYLIGHT,NO CONTROLS,NONE DETECTED,NONE DETECTED,DB39F010-09B7-4111-8921-4814E44A1621,PEDESTRIAN,Cross/Enter at Intersection,N/A,AT INTERSECTION MARKED CROSSWALK,No,NO APPARENT INJURY,NONE,39.043475,-77.03062167,"(39.043475, -77.03062167)"
MCP23480067,220018003,Montgomery County Police,Fatal Crash,04/28/2022 10:01:00 AM,County,TUCKERMAN LA,KINGS RIDING WAY,,N/A,PEDESTRIAN,SINGLE VEHICLE,CLEAR,DRY,DAYLIGHT,TRAFFIC SIGNAL,NONE DETECTED,UNKNOWN,D935AA95-550D-4A0D-BAC6-FD4DEA333B80,PEDESTRIAN,Cross/Enter not at Intersection,FAILURE TO OBEY TRAFFIC SIGNS SIGNALS OR OFFICER,ON ROADWAY AT CROSSWALK,Yes,FATAL INJURY,NONE,39.03005928,-77.11307377,"(39.03005928, -77.11307377)"
MCP21820030,220019289,Montgomery County Police,Property Damage Crash,05/06/2022 07:20:00 AM,,,,FRONT PARKING LOT OF WALT WHITMAN HIGH SCHOOL,,PEDESTRIAN,OTHER,RAINING,,DAYLIGHT,NO CONTROLS,N/A,N/A,A5D26242-86EF-4A39-8996-9371877AEB60,PEDESTRIAN,Walking/Riding w/Traffic,NO IMPROPER ACTIONS,OTHER,No,NO APPARENT INJURY,N/A,38.9814697,-77.12575206,"(38.9814697, -77.12575206)"
MCP32000034,210026823,Montgomery County Police,Injury Crash,07/12/2021 02:33:00 PM,,,,PARKING LOT OF 7-11 LOCATED AT 10524 CONNECTICUT AVE,,PEDESTRIAN,OTHER,CLEAR,,DAYLIGHT,NO CONTROLS,NONE DETECTED,NONE DETECTED,9F6A388F-045B-4281-9F87-FC4E06759DA7,PEDESTRIAN,Other,NO IMPROPER ACTIONS,OTHER,No,POSSIBLE INJURY,NONE,39.02784567,-77.07704383,"(39.02784567, -77.07704383)"
MCP3051002D,180053703,Montgomery County Police,Injury Crash,10/26/2018 04:29:00 PM,Maryland (State),OLD GEORGETOWN RD,CORDELL AVE,,N/A,PEDESTRIAN,OTHER,CLEAR,DRY,DAYLIGHT,NO CONTROLS,NONE DETECTED,NONE DETECTED,7CC39BC0-0B51-48F4-A2F0-67B46AF0E0B9,PEDESTRIAN,Cross/Enter at Intersection,NO IMPROPER ACTIONS,ON ROADWAY AT CROSSWALK,No,POSSIBLE INJURY,NONE,38.98812833,-77.09979333,"(38.98812833, -77.09979333)"
MCP3038007F,240050799,MONTGOMERY,Injury Crash,10/23/2024 05:56:00 PM,,,,"Parking Lot Way        8101 FENTON STREET SILVER SPRING, MD  PARKING LOT",,Pedestrian,Single Vehicle,Clear,,Daylight,,"Not Suspect of Alcohol Use, Not Suspect of Drug Use","Not Suspect of Alcohol Use, Not Suspect of Drug Use",3C13609F-E583-4A33-8C95-075F68D3E79A,Pedestrian,Other,Unknown,Other,No,Possible Injury,None,38.99069021,-77.023625,"(38.99069021, -77.023625)"
MCP3084002Y,190006658,Montgomery County Police,Injury Crash,02/11/2019 11:08:00 AM,County,DEMOCRACY BLVD,FERNWOOD RD,,N/A,PEDESTRIAN,OTHER,RAINING,WET,DAYLIGHT,TRAFFIC SIGNAL,NONE DETECTED,NONE DETECTED,577890A2-25CD-4E11-958E-1D1255762759,PEDESTRIAN,Cross/Enter at Intersection,NO IMPROPER ACTIONS,ON ROADWAY AT CROSSWALK,No,POSSIBLE INJURY,NONE,39.02203833,-77.13535,"(39.02203833, -77.13535)"