Report Number,Local Case Number,Agency Name,ACRS Report Type,Crash Date/Time,Route Type,Road Name,Cross-Street Name,Off-Road Description,Municipality,Related Non-Motorist,Collision Type,Weather,Surface Condition,Light,Traffic Control,Driver Substance Abuse,Non-Motorist Substance Abuse,Person ID,Pedestrian Type,Pedestrian Movement,Pedestrian Actions,Pedestrian Location,At Fault,Injury Severity,Safety Equipment,Latitude,Longitude,Location
MCP20080089,210009231,Montgomery County Police,Fatal Crash,03/11/2021 09:08:00 PM,Maryland (State),NEW HAMPSHIRE AVE,CAPITAL BELTWAY,,N/A,PEDESTRIAN,OTHER,CLEAR,DRY,DARK NO LIGHTS,NO CONTROLS,NONE DETECTED,NONE DETECTED,951350A3-5590-418F-AD4A-14442DEF10BF,PEDESTRIAN,Cross/Enter not at Intersection,IN ROADWAY IMPROPERLY,ON ROADWAY NOT AT CROSSWALK,Yes,FATAL INJURY,N/A,39.01722684,-76.97709106,"(39.01722684, -76.97709106)"
MCP31930037,20016483,Montgomery County Police,Property Damage Crash,04/18/2022 04:00:00 PM,County,SEMINARY RD,SELWAY LA,,N/A,PEDESTRIAN,OTHER,RAINING,WET,DAYLIGHT,UNKNOWN,UNKNOWN,NONE DETECTED,F3923552-7D22-432E-A32D-1ABF54307E0C,PEDESTRIAN,Cross/Enter at Intersection,INATTENTIVE,CURB,No,NO APPARENT INJURY,NONE,39.00951005,-77.04136017,"(39.00951005, -77.04136017)"
MCP29340048,210027767,Montgomery County Police,Injury Crash,07/18/2021 04:20:00 PM,Maryland (State),OLD GEORGETOWN RD,ROCK SPRING DR,,N/A,BICYCLIST,OTHER,CLEAR,DRY,DAYLIGHT,TRAFFIC SIGNAL,NONE DETECTED,NONE DETECTED,34ABDF8A-2748-43CF-A722-98D737317442,BICYCLIST,Cross/Enter at Intersection,FAILURE TO YIELD RIGHT OF WAY,AT INTERSECTION MARKED CROSSWALK,Yes,POSSIBLE INJURY,MC/BIKE HELMET,39.02685239,-77.12636166,"(39.02685239, -77.12636166)"
MCP3199001X,200021288,Montgomery County Police,Injury Crash,05/29/2020 02:12:00 PM,,,,PARKING LOT AT 2205 GEORGIAN WAY,,PEDESTRIAN,OTHER,CLOUDY,,DAYLIGHT,NO CONTROLS,NONE DETECTED,NONE DETECTED,018C90C2-0C67-4C20-BE6D-55CFB0C7DD52,PEDESTRIAN,Other,NO IMPROPER ACTIONS,OTHER,No,SUSPECTED MINOR INJURY,NONE,39.05454333,-77.04696,"(39.05454333, -77.04696)"
MCP137800R1,190029100,Montgomery County Police,Injury Crash,06/18/2019 12:03:00 PM,,,,PARKING LOT OF 19230 WOODFIELD RD,,PEDESTRIAN,SINGLE VEHICLE,CLOUDY,,DAYLIGHT,NO CONTROLS,NONE DETECTED,NONE DETECTED,186C1D61-591D-4E2F-983B-4E5FA2B43298,PEDESTRIAN,Other,NO IMPROPER ACTIONS,OTHER,No,SUSPECTED MINOR INJURY,NONE,39.17218667,-77.15340333,"(39.17218667, -77.15340333)"
MCP1616002K,15051176,MONTGOMERY,Injury Crash,10/09/2015 07:39:00 AM,Maryland (State),ROCKVILLE PIKE,LOCUST HILL RD,,N/A,BICYCLIST,SAME DIR REAR END,CLOUDY,WET,DUSK,NO CONTROLS,NONE DETECTED,NONE DETECTED,00CC188C-BC90-4458-959A-E2571AA2D729,BICYCLIST,Walking/Riding w/Traffic,NO IMPROPER ACTIONS,ON ROADWAY NOT AT CROSSWALK,No,POSSIBLE INJURY,MC/BIKE HELMET,39.00999167,-77.09724333,"(39.00999167, -77.09724333)"
MCP2866003Z,170525191,Montgomery County Police,Injury Crash,08/16/2017 05:40:00 PM,Maryland (State),OLD GEORGETOWN RD,BATTERY LA,,N/A,BICYCLIST,STRAIGHT MOVEMENT ANGLE,CLEAR,DRY,DAYLIGHT,TRAFFIC SIGNAL,NONE DETECTED,NONE DETECTED,C4C4A38D-B951-4599-B8C1-27F9683C26F8,BICYCLIST,Walking/Riding against Traffic,WRONG WAY RIDING OR WALKING,AT INTERSECTION MARKED CROSSWALK,Yes,POSSIBLE INJURY,NONE,38.99046667,-77.10370833,"(38.99046667, -77.10370833)"
MCP30040032,190022097,Montgomery County Police,Injury Crash,05/10/2019 11:00:00 AM,County,DORSET AVE,KENNEDY DR,,N/A,BICYCLIST,OTHER,UNKNOWN,UNKNOWN,DAYLIGHT,N/A,N/A,N/A,E6AF3FDD-40AB-4E34-A900-D769C05958A8,BICYCLIST,Cross/Enter at Intersection,UNKNOWN,ON ROADWAY AT CROSSWALK,Unknown,SUSPECTED MINOR INJURY,UNKNOWN,38.9692008,-77.1056713,"(38.9692008, -77.1056713)"
MCP1301001Z,220050810,Montgomery County Police,Fatal Crash,11/17/2022 08:29:00 AM,County,MEDICAL CENTER WAY,MEDICAL CENTER DR,,N/A,PEDESTRIAN,SINGLE VEHICLE,CLEAR,DRY,DAYLIGHT,STOP SIGN,NONE DETECTED,NONE DETECTED,6B218916-770E-423A-9E45-4CF6679E219A,PEDESTRIAN,Cross/Enter at Intersection,NO IMPROPER ACTIONS,ON ROADWAY AT CROSSWALK,No,FATAL INJURY,N/A,39.09741,-77.19563333,"(39.09741, -77.19563333)"
MCP3050006J,250020502,MONTGOMERY,Injury Crash,05/09/2025 04:48:00 PM,Maryland (State) Route,GEORGIA AVE,,,,Pedestrian,Single Vehicle,Clear,Dry,Daylight,No Controls,"Unknown, Unknown","Not Suspect of Alcohol Use, Not Suspect of Drug Use",6CADFB4C-004C-4E3C-AB49-7AAB6BBF7DC2,Pedestrian,Other,None (No Improper Action),Driveway Access,No,Possible Injury,None,39.08463197,-77.07799855,"(39.08463197, -77.07799855)"
MCP3306000C,210030830,Montgomery County Police,Injury Crash,08/08/2021 04:39:00 PM,,,,"PARKING LOT OF CHEESECAKE FACTORY LOCATED AT 7101 DEMOCRACY BLVD BETHESDA, MD 20817",,PEDESTRIAN,OTHER,CLEAR,,DAYLIGHT,NO CONTROLS,NONE DETECTED,NONE DETECTED,EEA80CFA-25DE-49BC-B10D-59414F91F08D,PEDESTRIAN,Other,NO IMPROPER ACTIONS,N/A,No,POSSIBLE INJURY,N/A,39.0259264,-77.146167,"(39.0259264, -77.146167)"
MCP3126003B,220022002,Montgomery County Police,Injury Crash,05/23/2022 04:45:00 PM,County,CLARKSBURG RD,OVERLOOK PARK DR,,N/A,BICYCLIST,OTHER,CLEAR,DRY,DAYLIGHT,NO CONTROLS,NONE DETECTED,NONE DETECTED,10A93DE5-89C6-43EF-ABE1-12B324B20581,BICYCLIST,Walking/Riding w/Traffic,IN ROADWAY IMPROPERLY,ON ROADWAY NOT AT CROSSWALK,Yes,POSSIBLE INJURY,NONE,39.245105,-77.277885,"(39.245105, -77.277885)"
MCP3402001V,240036417,MONTGOMERY,Injury Crash,08/02/2024 01:22:00 PM,Maryland (State) Route,,,,,Pedestrian,Single Vehicle,Clear,Dry,Daylight,Traffic Control Signal,"Not Suspect of Alcohol Use, Not Suspect of Drug Use","Not Suspect of Alcohol Use, Not Suspect of Drug Use",8D1718C3-2618-4A59-8FBF-4003DAF2BBDA,Pedestrian,Cross/Enter Not at Intersection,"In Roadway Improperly (Standing, Lying, Working, Playing)",Intersection Unmarked Crosswalk,Yes,Suspected Minor Injury,None,38.9983434,-77.00244513,"(38.9983434, -77.00244513)"
MCP20160065,220017857,Montgomery County Police,Injury Crash,04/27/2022 12:58:00 PM,Maryland (State),ROCKVILLE PIKE,FIRST ST,,N/A,OTHER PEDALCYCLIST,OTHER,CLEAR,DRY,DAYLIGHT,N/A,N/A,N/A,A683C053-B349-4FAB-AC2D-9D9E165E3ECE,OTHER PEDALCYCLIST,Cross/Enter at Intersection,FAILURE TO YIELD RIGHT OF WAY,SIDEWALK,Yes,POSSIBLE INJURY,N/A,39.11254,-77.23547667,"(39.11254, -77.23547667)"
MCP3353001Z,230069152,Montgomery County Police,Injury Crash,11/30/2023 04:19:00 PM,,,,PARKING LOT OF 4301 RANDOLPH RD,,PEDESTRIAN,OTHER,CLEAR,,DAYLIGHT,N/A,NONE DETECTED,NONE DETECTED,2259BC33-1276-46BF-A263-15A1B7E079E5,PEDESTRIAN,Standing,NO IMPROPER ACTIONS,OTHER,No,POSSIBLE INJURY,N/A,39.05606117,-77.0835027,"(39.05606117, -77.0835027)"
MCP9321000H,15051667,MONTGOMERY,Injury Crash,10/12/2015 06:59:00 AM,Maryland (State),GEORGIA AVE,SHOREFIELD RD,,N/A,PEDESTRIAN,OTHER,CLEAR,DRY,DAWN,TRAFFIC SIGNAL,NONE DETECTED,NONE DETECTED,CBE97C4F-C591-4BBD-86EF-18B53065B0AB,PEDESTRIAN,Cross/Enter at Intersection,INATTENTIVE,ON ROADWAY AT CROSSWALK,Yes,SUSPECTED MINOR INJURY,NONE,39.05,-77.05,"(39.05, -77.05)"
MCP28920093,210000732,Montgomery County Police,Injury Crash,01/06/2021 05:17:00 PM,Maryland (State),GEORGIA AVE,FOREST GLEN RD,,N/A,PEDESTRIAN,SINGLE VEHICLE,CLEAR,DRY,DARK LIGHTS ON,TRAFFIC SIGNAL,NONE DETECTED,NONE DETECTED,5563C982-1DD6-4E00-BDB6-30B31E4A20BB,PEDESTRIAN,Cross/Enter not at Intersection,DART DASH,ON ROADWAY NOT AT CROSSWALK,Yes,POSSIBLE INJURY,NONE,39.01551847,-77.04255305,"(39.01551847, -77.04255305)"
MCP3330002N,250009155,MONTGOMERY,Injury Crash,03/02/2025 08:08:00 AM,County Route,PRICE AVE,GEORGIA AVE,,,Pedestrian,Single Vehicle,Clear,Dry,Daylight,"Other Pavement Marking (excluding edgelines, centerlines, or lane lines)","Not Suspect of Alcohol Use, Not Suspect of Drug Use","Unknown, Unknown",FF96B319-0757-469B-B7E1-E9CA5F488811,Pedestrian,Cross/Enter at Intersection,Unknown,Intersection Marked Crosswalk,No,Suspected Minor Injury,None,39.04010214,-77.05093346,"(39.04010214, -77.05093346)"
DM8456000V,170514397,Takoma Park Police Depart,Injury Crash,06/18/2017 01:00:00 PM,Maryland (State),NEW HAMPSHIRE AVE,UNIVERSITY BLVD,,N/A,PEDESTRIAN,N/A,CLEAR,DRY,DAYLIGHT,TRAFFIC SIGNAL,N/A,NONE DETECTED,FA0BCDC3-971A-4350-90F0-C687F2A519DE,PEDESTRIAN,Cross/Enter not at Intersection,DART DASH,ON ROADWAY NOT AT CROSSWALK,Yes,POSSIBLE INJURY,NONE,38.98634,-76.98856167,"(38.98634, -76.98856167)"
MCP32110035,220043805,Montgomery County Police,Injury Crash,10/07/2022 10:22:00 AM,County,STONEYBROOK DR,BEACH DR,,N/A,BICYCLIST,STRAIGHT MOVEMENT ANGLE,N/A,DRY,DAYLIGHT,STOP SIGN,NONE DETECTED,N/A,398AFCD4-3443-43E8-A69A-3AD400346089,BICYCLIST,Cross/Enter at Intersection,NO IMPROPER ACTIONS,ON ROADWAY NOT AT CROSSWALK,No,POSSIBLE INJURY,MC/BIKE HELMET,39.01251963,-77.06408817,"(39.01251963, -77.06408817)"
MCP2789005L,190007068,Montgomery County Police,Property Damage Crash,02/13/2019 04:20:00 PM,,,,PARKING LOT OF FLORA SINGER ELEMENTARY SCHOOL,,PEDESTRIAN,SINGLE VEHICLE,CLEAR,,DAYLIGHT,PERSON,UNKNOWN,N/A,B3F3ECAA-D4A2-48B0-9613-D424BFAD98BB,PEDESTRIAN,Other Working,NO IMPROPER ACTIONS,OTHER,No,NO APPARENT INJURY,N/A,39.00571,-77.03852167,"(39.00571, -77.03852167)"
MCP3012005Z,200003610,Montgomery County Police,Injury Crash,01/22/2020 03:03:00 PM,Maryland (State),GEORGIA AVE,HATHAWAY DR,,N/A,PEDESTRIAN,OTHER,CLEAR,DRY,DAYLIGHT,TRAFFIC SIGNAL,N/A,N/A,FE0F0BE4-9565-4F09-9902-95B09B90A2B6,PEDESTRIAN,Walking/Riding against Traffic,IN ROADWAY IMPROPERLY,ON ROADWAY AT CROSSWALK,Yes,POSSIBLE INJURY,N/A,39.06811736,-77.0608396,"(39.06811736, -77.0608396)"
DD5583001V,16051391,Rockville Police Departme,Injury Crash,10/06/2016 02:00:00 PM,,,,"PARKING LOT OF GIANT FOOD, 625 HUNGERFORD DRIVE, ROCKVILLE",,PEDESTRIAN,OTHER,CLOUDY,,DAYLIGHT,N/A,UNKNOWN,NONE DETECTED,0F99B57D-29FE-4396-9536-EC9C2D673F73,PEDESTRIAN,Other,NO IMPROPER ACTIONS,OTHER,No,POSSIBLE INJURY,N/A,39.09294866,-77.15273112,"(39.09294866, -77.15273112)"
MCP3372001Y,230067838,Montgomery County Police,Injury Crash,11/22/2023 03:06:00 PM,County,CONNECTICUT AVE,BEL PRE RD,,N/A,PEDESTRIAN,SINGLE VEHICLE,CLEAR,DRY,DAYLIGHT,TRAFFIC SIGNAL,NONE DETECTED,NONE DETECTED,804CB5E0-45B3-4E78-B317-68535C8BCB2B,PEDESTRIAN,Cross/Enter at Intersection,NO IMPROPER ACTIONS,ON ROADWAY AT CROSSWALK,No,POSSIBLE INJURY,N/A,39.09196775,-77.07041842,"(39.09196775, -77.07041842)"
MCP24050009,15010068,Montgomery County Police,Injury Crash,03/03/2015 06:20:00 PM,Maryland (State),EAST WEST HWY,BLAIR MILL WAY,,N/A,PEDESTRIAN,STRAIGHT MOVEMENT ANGLE,RAINING,WET,DARK LIGHTS ON,NO CONTROLS,NONE DETECTED,NONE DETECTED,C23C6B18-5F51-4C06-B890-903E512ECD43,PEDESTRIAN,Cross/Enter at Intersection,NO IMPROPER ACTIONS,ON ROADWAY AT CROSSWALK,,POSSIBLE INJURY,N/A,38.98973202,-77.02835709,"(38.98973202, -77.02835709)"
MCP2939005N,210024258,Montgomery County Police,Injury Crash,06/24/2021 06:18:00 PM,County,SUNDOWN RD,HOWARD CHAPEL RD,,N/A,BICYCLIST,SAME DIR REAR END,CLEAR,DRY,DAYLIGHT,NO CONTROLS,NONE DETECTED,N/A,B36504C3-A059-4F71-AAE2-B75E9FC37CEF,BICYCLIST,Cross/Enter at Intersection,NO IMPROPER ACTIONS,ON ROADWAY NOT AT CROSSWALK,No,SUSPECTED MINOR INJURY,MC/BIKE HELMET,39.22366167,-77.07680333,"(39.22366167, -77.07680333)"
MCP2768000B,16021724,Montgomery County Police,Injury Crash,05/02/2016 10:00:00 PM,,,,PARKING LOT,,PEDESTRIAN,OTHER,RAINING,,DARK LIGHTS ON,N/A,UNKNOWN,NONE DETECTED,80A344E5-5078-405D-930B-6BE83A06A249,PEDESTRIAN,Cross/Enter not at Intersection,INATTENTIVE,ON ROADWAY NOT AT CROSSWALK,No,SUSPECTED MINOR INJURY,NONE,39.12399702,-77.20119596,"(39.12399702, -77.20119596)"
MCP29830034,180054646,Montgomery County Police,Injury Crash,10/31/2018 06:30:00 PM,County,BELVEDERE BLVD,GEORGIA AVE,,N/A,BICYCLIST,STRAIGHT MOVEMENT ANGLE,CLEAR,DRY,DARK NO LIGHTS,STOP SIGN,NONE DETECTED,NONE DETECTED,33C0304F-5CBD-4399-969D-DA72C0281B80,BICYCLIST,Cross/Enter at Intersection,NOT VISIBLE,SIDEWALK,No,POSSIBLE INJURY,MC/BIKE HELMET,39.019225,-77.04421833,"(39.019225, -77.04421833)"
MCP289200GD,240031111,MONTGOMERY,Injury Crash,07/01/2024 07:02:00 PM,County Route,,,,,Pedestrian,Single Vehicle,Clear,Dry,Daylight,No Controls,"Unknown, Unknown","Not Suspect of Alcohol Use, Not Suspect of Drug Use",3240E49F-E1EF-4E79-9380-5905C3E32FD9,Pedestrian,Walking/Cycling Along Roadway Against Traffic (In or Adjacent to Travel Lane),None (No Improper Action),OnStreet Bike Lanes,No,Possible Injury,None,39.01581641,-77.03994642,"(39.01581641, -77.03994642)"
MCP3317000W,230002745,Montgomery County Police,Injury Crash,01/17/2023 08:13:00 PM,County,PATTON DR,UNIVERSITY BLVD E,,N/A,PEDESTRIAN,SINGLE VEHICLE,CLEAR,DRY,DARK LIGHTS ON,NO CONTROLS,UNKNOWN,NONE DETECTED,601C02C3-A386-410F-9683-2A53CD07D863,PEDESTRIAN,Cross/Enter at Intersection,NO IMPROPER ACTIONS,ON ROADWAY AT CROSSWALK,No,SUSPECTED MINOR INJURY,NONE,39.00256455,-76.99565913,"(39.00256455, -76.99565913)"
DD5633001M,190023736,Rockville Police Departme,Injury Crash,05/19/2019 05:49:00 PM,,,,2100 CHAPMAN AVE (FLAGSHIP CARWASH PARKING LOT),,PEDESTRIAN,SAME DIR REAR END,CLEAR,,DAYLIGHT,N/A,NONE DETECTED,NONE DETECTED,20A7C632-83E7-414D-BF5E-BA4C56361706,PEDESTRIAN,Standing,NO IMPROPER ACTIONS,OTHER,No,POSSIBLE INJURY,N/A,39.05721333,-77.11673333,"(39.05721333, -77.11673333)"
MCP1205001L,15059306,MONTGOMERY,Injury Crash,11/20/2015 01:36:00 PM,,,,Parking area of 7851 Old Georgetown Road.,,PEDESTRIAN,OTHER,CLEAR,,DAYLIGHT,N/A,NONE DETECTED,NONE DETECTED,742381F1-6DE6-42A6-B5F0-312A65D25D6C,PEDESTRIAN,Other,NO IMPROPER ACTIONS,OTHER,No,SUSPECTED MINOR INJURY,N/A,38.98836856,-77.10028052,"(38.98836856, -77.10028052)"
MCP29300020,210046908,Montgomery County Police,Injury Crash,11/18/2021 08:15:00 PM,County,BEL PRE RD,PARKER FARM WAY,,N/A,PEDESTRIAN,OTHER,RAINING,WET,DARK LIGHTS ON,TRAFFIC SIGNAL,NONE DETECTED,NONE DETECTED,AF171322-9C8B-4167-B9F4-9129AD0F3997,PEDESTRIAN,Cross/Enter at Intersection,NO IMPROPER ACTIONS,AT INTERSECTION MARKED CROSSWALK,No,SUSPECTED MINOR INJURY,N/A,39.09076333,-77.048355,"(39.09076333, -77.048355)"
MCP2450003V,220000178,Montgomery County Police,Injury Crash,01/02/2022 04:20:00 PM,Maryland (State),PINEY BRANCH RD,UNIVERSITY BLVD E,,N/A,PEDESTRIAN,OTHER,N/A,WET,UNKNOWN,OTHER,N/A,ALCOHOL CONTRIBUTED,32D36CC3-596D-4D22-A61A-B527E8B134D5,PEDESTRIAN,Unknown,UNKNOWN,CURB,Yes,SUSPECTED SERIOUS INJURY,N/A,38.99956189,-76.99609516,"(38.99956189, -76.99609516)"
MCP158000BJ,190026998,Montgomery County Police,Injury Crash,06/06/2019 07:40:00 AM,County,CENTER CT,MONTGOMERY VILLAGE AVE,,N/A,BICYCLIST,SINGLE VEHICLE,CLOUDY,WET,DAYLIGHT,STOP SIGN,NONE DETECTED,NONE DETECTED,C4EC57A8-7B17-45DF-9309-5D525F2493ED,BICYCLIST,Cross/Enter at Intersection,NO IMPROPER ACTIONS,ON ROADWAY AT CROSSWALK,No,SUSPECTED MINOR INJURY,NONE,39.16800667,-77.205625,"(39.16800667, -77.205625)"
DD5527004T,230052328,Rockville Police Departme,Injury Crash,08/30/2023 09:00:00 PM,,,,PARKING LOT OF 845 ROCKVILLE PIKE ROCKVILLE MD 20850,,PEDESTRIAN,OTHER,CLEAR,,DARK LIGHTS ON,NO CONTROLS,NONE DETECTED,NONE DETECTED,AE77CAC0-C950-4727-8351-501633D3A516,PEDESTRIAN,Cross/Enter not at Intersection,NO IMPROPER ACTIONS,ON ROADWAY NOT AT CROSSWALK,No,POSSIBLE INJURY,NONE,39.07432118,-77.13761745,"(39.07432118, -77.13761745)"
MCP2977002F,170507852,Montgomery County Police,Injury Crash,05/15/2017 10:22:00 AM,County,MANCHESTER RD,BRADFORD RD,,N/A,PEDESTRIAN,OTHER,CLEAR,DRY,DAYLIGHT,NO CONTROLS,N/A,N/A,179229BD-A698-4490-B31C-15DEFBD314FE,PEDESTRIAN,Cross/Enter at Intersection,OTHER,ON ROADWAY NOT AT CROSSWALK,Yes,POSSIBLE INJURY,NONE,38.99829833,-77.00686,"(38.99829833, -77.00686)"
MCP28570037,210001882,Montgomery County Police,Injury Crash,01/15/2021 04:26:00 PM,,,,"PARKING LOT OF 18625 MOONEY DRIVE, GAITHERSBURG, MD 20879",,PEDESTRIAN,SINGLE VEHICLE,CLOUDY,,DAYLIGHT,N/A,NONE DETECTED,NONE DETECTED,9828D9BA-5524-448C-9987-0A272669F3EB,PEDESTRIAN,Other Working,UNKNOWN,N/A,No,SUSPECTED MINOR INJURY,N/A,39.16289373,-77.16414513,"(39.16289373, -77.16414513)"
MCP2921001G,16064255,Montgomery County Police,Injury Crash,12/14/2016 08:04:00 PM,,,,IN AREA BETWEEN THE BEST BUY STORE (20914 FREDERICK RD) AND THE BEST BUY PARKING LOT.,,PEDESTRIAN,SINGLE VEHICLE,CLEAR,,DARK LIGHTS ON,N/A,NONE DETECTED,NONE DETECTED,457CCBB6-CB41-4FAF-BD14-55CCA2E200ED,PEDESTRIAN,Cross/Enter at Intersection,NO IMPROPER ACTIONS,ON ROADWAY AT CROSSWALK,No,POSSIBLE INJURY,N/A,39.25777667,-77.20923333,"(39.25777667, -77.20923333)"
EJ7833003W,170524565,Gaithersburg Police Depar,Injury Crash,08/12/2017 11:38:00 PM,,,,"PARKING LOT OF 111 WATKINS STATION CIRCLE IN GAITHERSBURG, MD 20877",,PEDESTRIAN,OTHER,N/A,,DARK LIGHTS ON,NO CONTROLS,UNKNOWN,NONE DETECTED,8612D1E8-980E-47B4-AC2D-462CFE3AA978,PEDESTRIAN,Standing,OTHER,OTHER,No,POSSIBLE INJURY,NONE,39.16057648,-77.2195711,"(39.16057648, -77.2195711)"
MCP302600BX,230065061,Montgomery County Police,Injury Crash,11/08/2023 08:22:00 AM,County,BEECH AVE,SINGLETON DR,,N/A,PEDESTRIAN,SINGLE VEHICLE,CLEAR,DRY,DAYLIGHT,STOP SIGN,NONE DETECTED,NONE DETECTED,94345AF9-B1C7-45FF-87D8-72EE9F8F645B,PEDESTRIAN,Cross/Enter at Intersection,NOT VISIBLE,ON ROADWAY NOT AT CROSSWALK,No,SUSPECTED MINOR INJURY,NONE,39.00973033,-77.11581167,"(39.00973033, -77.11581167)"
MCP3350001Q,230062613,Montgomery County Police,Injury Crash,10/26/2023 07:20:00 AM,,GROSVENOR PL,GROSVENOR LN,,N/A,PEDESTRIAN,SINGLE VEHICLE,CLEAR,DRY,DUSK,NO CONTROLS,NONE DETECTED,NONE DETECTED,5AE3FE1D-931A-49F8-A216-4E5CEDFBB242,PEDESTRIAN,Cross/Enter at Intersection,NO IMPROPER ACTIONS,AT INTERSECTION MARKED CROSSWALK,No,SUSPECTED MINOR INJURY,N/A,39.02299667,-77.10580833,"(39.02299667, -77.10580833)"
MCP23650014,180047846,Montgomery County Police,Injury Crash,09/25/2018 08:49:00 AM,County,BRIGGS CHANEY RD,GATESHEAD MANOR WAY,,N/A,MACHINE OPERATOR/RIDER,STRAIGHT MOVEMENT ANGLE,RAINING,WET,DAYLIGHT,TRAFFIC SIGNAL,UNKNOWN,NONE DETECTED,8B00DF86-D7A4-4D5D-8875-522D80173C19,MACHINE OPERATOR/RIDER,Cross/Enter at Intersection,NO IMPROPER ACTIONS,ON ROADWAY AT CROSSWALK,No,SUSPECTED MINOR INJURY,N/A,39.07741833,-76.94238833,"(39.07741833, -76.94238833)"
MCP3268000F,200036194,Montgomery County Police,Injury Crash,09/15/2020 04:43:00 PM,Maryland (State),GEORGIA AVE,AUGUST DR,,N/A,PEDESTRIAN,N/A,CLEAR,DRY,DAYLIGHT,N/A,NONE DETECTED,N/A,7A8B4ECF-9866-4143-A007-508A50EE08C8,PEDESTRIAN,Cross/Enter not at Intersection,DART DASH,MEDIAN,Yes,SUSPECTED SERIOUS INJURY,N/A,39.02182648,-77.04473542,"(39.02182648, -77.04473542)"
MCP263900DL,220002119,Montgomery County Police,Property Damage Crash,01/18/2022 07:46:00 AM,County,CRYSTAL ROCK DR,WISTERIA DR,,N/A,PEDESTRIAN,STRAIGHT MOVEMENT ANGLE,CLOUDY,SNOW,DAYLIGHT,NO CONTROLS,NONE DETECTED,NONE DETECTED,D3B73550-DAB0-42D2-B311-E745785BE1D4,PEDESTRIAN,Cross/Enter not at Intersection,DART DASH,ON ROADWAY NOT AT CROSSWALK,Yes,NO APPARENT INJURY,NONE,39.17400833,-77.26557833,"(39.17400833, -77.26557833)"
DD5624000G,180011754,Rockville Police Departme,Injury Crash,03/08/2018 01:25:00 PM,Municipality,KING FARM BLVD,PICCARD DR,,ROCKVILLE,PEDESTRIAN,OTHER,CLEAR,DRY,DAYLIGHT,STOP SIGN,ALCOHOL PRESENT,NONE DETECTED,66E4D4DF-9C97-48C5-9E53-DC30CEC8DFBD,PEDESTRIAN,Cross/Enter at Intersection,NO IMPROPER ACTIONS,AT INTERSECTION MARKED CROSSWALK,No,SUSPECTED MINOR INJURY,N/A,39.11058284,-77.18243122,"(39.11058284, -77.18243122)"
MCP3021005F,200041083,Montgomery County Police,Injury Crash,10/18/2020 12:30:00 PM,,,,12012 CHERRY HILL RD - ALDI PARKING LOT,,PEDESTRIAN,SINGLE VEHICLE,CLEAR,,DAYLIGHT,NO CONTROLS,NONE DETECTED,NONE DETECTED,9981D314-3241-41E7-9F0E-0E7E947151E7,PEDESTRIAN,Standing,NO IMPROPER ACTIONS,OTHER,No,POSSIBLE INJURY,N/A,39.052725,-76.95676833,"(39.052725, -76.95676833)"
MCP25080007,15014007,Montgomery County Police,Injury Crash,03/26/2015 07:44:00 PM,,,,PARKING LOT OF 13408 KINGSVIEW VILLAGE AVE,,PEDESTRIAN,SINGLE VEHICLE,RAINING,,DARK LIGHTS ON,NO CONTROLS,NONE DETECTED,NONE DETECTED,5F62CB21-8ADC-45DB-8432-1E52943CB6A9,PEDESTRIAN,Other,NOT VISIBLE,OTHER,,POSSIBLE INJURY,NONE,39.15988333,-77.27945,"(39.15988333, -77.27945)"
MCP3328001G,230001561,Montgomery County Police,Injury Crash,01/10/2023 05:40:00 PM,County,RANDOLPH RD,KEMP MILL RD,,N/A,PEDESTRIAN,OTHER,CLEAR,DRY,DARK LIGHTS ON,TRAFFIC SIGNAL,UNKNOWN,UNKNOWN,E12F4DD3-23B3-431D-9B74-1D8E2AB26FB7,PEDESTRIAN,Cross/Enter at Intersection,FAILURE TO OBEY TRAFFIC SIGNS SIGNALS OR OFFICER,AT INTERSECTION MARKED CROSSWALK,Yes,SUSPECTED SERIOUS INJURY,NONE,39.06641242,-77.03036487,"(39.06641242, -77.03036487)"
MCP28770090,210022660,Montgomery County Police,Injury Crash,06/14/2021 08:23:00 AM,County,WILLARD AVE,FRIENDSHIP BLVD,,N/A,PEDESTRIAN,OTHER,CLEAR,DRY,DAYLIGHT,TRAFFIC SIGNAL,NONE DETECTED,NONE DETECTED,FD4BB509-886F-48E5-A1C0-5BFBF0A7917A,PEDESTRIAN,Cross/Enter at Intersection,NO IMPROPER ACTIONS,AT INTERSECTION MARKED CROSSWALK,No,SUSPECTED MINOR INJURY,NONE,38.96214079,-77.08894879,"(38.96214079, -77.08894879)"
EJ78840042,220008914,Gaithersburg Police Depar,Property Damage Crash,03/01/2022 07:19:00 PM,Municipality,WASHINGTONIAN BLVD,ROUNDABOUT,,N/A,PEDESTRIAN,SAME DIRECTION SIDESWIPE,CLEAR,DRY,DARK LIGHTS ON,N/A,N/A,N/A,13D09074-8A79-421F-90D3-4A0562CE8A1C,PEDESTRIAN,Walking/Riding w/Traffic,NO IMPROPER ACTIONS,ON ROADWAY NOT AT CROSSWALK,Unknown,NO APPARENT INJURY,LIGHTING,39.1178945,-77.20217447,"(39.1178945, -77.20217447)"