Report Number,Local Case Number,Agency Name,ACRS Report Type,Crash Date/Time,Route Type,Road Name,Cross-Street Name,Off-Road Description,Municipality,Related Non-Motorist,Collision Type,Weather,Surface Condition,Light,Traffic Control,Driver Substance Abuse,Non-Motorist Substance Abuse,Person ID,Pedestrian Type,Pedestrian Movement,Pedestrian Actions,Pedestrian Location,At Fault,Injury Severity,Safety Equipment,Latitude,Longitude,Location
MCP3225005C,250006938,MONTGOMERY,Injury Crash,02/16/2025 07:45:00 PM,,,,"Parking Stall        PARKING LOT OF 12029 GEORGIA AVE, SILVER SPRING, MD 20902",,Pedestrian,Single Vehicle,Clear,,Dark - Lighted,,"Unknown, Unknown","Not Suspect of Alcohol Use, Not Suspect of Drug Use",0A0DD8CC-A337-4EC4-AA9A-4FCCB2E287CF,Pedestrian,Other,None (No Improper Action),Other,No,Possible Injury,None,39.05273111,-77.04942055,"(39.05273111, -77.04942055)"
MCP3270000T,200045439,Montgomery County Police,Property Damage Crash,11/17/2020 06:36:00 PM,Maryland (State),NEW HAMPSHIRE AVE,IN CORP LMTS TAKOMA PARK,,N/A,BICYCLIST,STRAIGHT MOVEMENT ANGLE,CLEAR,DRY,DARK LIGHTS ON,N/A,UNKNOWN,NONE DETECTED,3A6BF28C-53BF-44BE-B913-210842B262B2,BICYCLIST,Cross/Enter at Intersection,NO IMPROPER ACTIONS,AT INTERSECTION MARKED CROSSWALK,No,NO APPARENT INJURY,NONE,39.04090188,-76.99101255,"(39.04090188, -76.99101255)"
MCP219800H2,250010863,MONTGOMERY,Injury Crash,03/12/2025 02:41:00 PM,Maryland (State) Route,QUINCE ORCHARD RD,,,,Pedestrian,Single Vehicle,Clear,Dry,Daylight,Traffic Control Signal,"Not Suspect of Alcohol Use, Not Suspect of Drug Use","Not Suspect of Alcohol Use, Not Suspect of Drug Use",905F43A3-67D9-4386-813C-D909C9A06F5E,Pedestrian,Cross/Enter at Intersection,None (No Improper Action),Intersection Marked Crosswalk,No,Suspected Serious Injury,None,39.11882921,-77.25173402,"(39.11882921, -77.25173402)"
MCP29700014,15058902,MONTGOMERY,Injury Crash,11/18/2015 01:54:00 PM,County,GRANDVIEW AVE,ENNALLS AVE,,N/A,PEDESTRIAN,SINGLE VEHICLE,CLOUDY,DRY,DAYLIGHT,STOP SIGN,N/A,N/A,EF5ED284-D620-4B88-A2CD-78DAB2E97A0D,PEDESTRIAN,Cross/Enter at Intersection,NO IMPROPER ACTIONS,ON ROADWAY AT CROSSWALK,No,SUSPECTED MINOR INJURY,N/A,39.04006912,-77.05277927,"(39.04006912, -77.05277927)"
MCP1305003Z,200006511,Montgomery County Police,Property Damage Crash,02/08/2020 02:52:00 PM,,,,PARKING LOT AT 22 TINDALL SRPINGS CT,,OTHER,OTHER,CLEAR,,DAYLIGHT,NO CONTROLS,NONE DETECTED,N/A,C29B8ED9-C74D-4F71-8804-6A0CE6219D80,OTHER,N/A,NO IMPROPER ACTIONS,INSIDE BUILDING,No,NO APPARENT INJURY,N/A,39.18515167,-77.17692833,"(39.18515167, -77.17692833)"
EJ7847000V,15008084,Gaithersburg Police Depar,Injury Crash,02/18/2015 09:09:00 PM,Maryland (State),FREDERICK RD,SPUR FR MD 124,,N/A,PEDESTRIAN,OTHER,CLOUDY,WET,DARK LIGHTS ON,NO CONTROLS,N/A,ALCOHOL CONTRIBUTED,D7365F4F-19AA-4007-B7D5-EA4CD68DDC02,PEDESTRIAN,Walking/Riding w/Traffic,IN ROADWAY IMPROPERLY,ON ROADWAY NOT AT CROSSWALK,,SUSPECTED MINOR INJURY,NONE,39.15197167,-77.21152833,"(39.15197167, -77.21152833)"
MCP2753000Q,15015658,Montgomery County Police,Injury Crash,04/05/2015 07:45:00 AM,County,BAUER DR,LAKE DR,,N/A,OTHER,SINGLE VEHICLE,CLEAR,DRY,DAYLIGHT,NO CONTROLS,ALCOHOL PRESENT,N/A,2BE5EB42-40BE-4BB2-BC62-1D8A2A23ACBE,OTHER,N/A,NO IMPROPER ACTIONS,OTHER,,NO APPARENT INJURY,N/A,39.09835,-77.110915,"(39.09835, -77.110915)"
MCP1342001Y,180003303,Montgomery County Police,Injury Crash,01/20/2018 02:10:00 PM,County,CARRY BACK DR,NATIVE DANCER RD,,N/A,BICYCLIST,SAME DIRECTION RIGHT TURN,CLEAR,DRY,DAYLIGHT,NO CONTROLS,MEDICATION PRESENT,NONE DETECTED,E843508C-1B39-4BD8-BE2A-4812D5B7BFC2,BICYCLIST,Walking/Riding w/Traffic,NO IMPROPER ACTIONS,OTHER,No,SUSPECTED MINOR INJURY,MC/BIKE HELMET,39.10126333,-77.26250333,"(39.10126333, -77.26250333)"
MCP28270038,170527032,Montgomery County Police,Injury Crash,08/26/2017 04:06:00 PM,Maryland (State),GEORGIA AVE,GREGG RD,,N/A,BICYCLIST,SAME DIR REND LEFT TURN,CLEAR,DRY,DAYLIGHT,NO CONTROLS,NONE DETECTED,NONE DETECTED,6B1E8157-3E29-4966-A1EB-A3AA55D7398C,BICYCLIST,Walking/Riding w/Traffic,NO IMPROPER ACTIONS,SHOULDER,No,POSSIBLE INJURY,MC/BIKE HELMET,39.19945833,-77.06591,"(39.19945833, -77.06591)"
MCP3299000V,210041546,Montgomery County Police,Injury Crash,10/16/2021 03:39:00 PM,,,,11160 VEIRS MILL ROAD. COSTCO/TARGET PARKING LOT.,,PEDESTRIAN,OTHER,RAINING,,DAYLIGHT,NO CONTROLS,NONE DETECTED,NONE DETECTED,97E52A8A-5E6D-4ABD-9208-5627D8CA3BEC,PEDESTRIAN,Cross/Enter not at Intersection,INATTENTIVE,OTHER,Yes,POSSIBLE INJURY,NONE,39.03576029,-77.05606393,"(39.03576029, -77.05606393)"
MCP1417005K,16034135,Montgomery County Police,Injury Crash,07/06/2016 06:39:00 AM,,,,"DRIVEWAY OF
20211 GOSHEN ROAD",,PEDESTRIAN,SINGLE VEHICLE,CLEAR,,DAYLIGHT,NO CONTROLS,NONE DETECTED,NONE DETECTED,399630BF-45EE-4B79-8F2F-C4327491C8AF,PEDESTRIAN,Other,DART DASH,OTHER,Yes,SUSPECTED MINOR INJURY,NONE,39.18907963,-77.18577325,"(39.18907963, -77.18577325)"
MCP2750004V,200016263,Montgomery County Police,Injury Crash,04/17/2020 09:35:00 AM,,,,12313 GEORGIA AVE,,PEDESTRIAN,STRAIGHT MOVEMENT ANGLE,CLEAR,,DAYLIGHT,NO CONTROLS,NONE DETECTED,NONE DETECTED,9CDABA14-1A2B-4247-B97C-D0985BD01B04,PEDESTRIAN,Walking/Cycling on Sidewalk,NO IMPROPER ACTIONS,SIDEWALK,No,SUSPECTED MINOR INJURY,NONE,39.05927333,-77.04997333,"(39.05927333, -77.04997333)"
MCP21950009,15035166,Montgomery County Police,Injury Crash,02/22/2017 12:10:00 PM,County,E GUDE DR,FREDERICK RD,,N/A,BICYCLIST,OTHER,CLEAR,DRY,DAYLIGHT,NO CONTROLS,NONE DETECTED,NONE DETECTED,0382707F-A1D8-41D5-B842-59380286DA85,BICYCLIST,Walking/Cycling on Sidewalk,NO IMPROPER ACTIONS,SIDEWALK,No,POSSIBLE INJURY,NONE,39.10954983,-77.18127283,"(39.10954983, -77.18127283)"
MCP158000CM,200008049,Montgomery County Police,Injury Crash,02/18/2020 06:11:00 AM,County,MONTGOMERY VILLAGE AVE,CLUB HOUSE RD,,N/A,PEDESTRIAN,SINGLE VEHICLE,CLOUDY,DRY,DARK LIGHTS ON,TRAFFIC SIGNAL,NONE DETECTED,NONE DETECTED,8EC4F423-145E-419B-9D56-5D61B3760FB7,PEDESTRIAN,Cross/Enter at Intersection,NO IMPROPER ACTIONS,AT INTERSECTION MARKED CROSSWALK,No,SUSPECTED MINOR INJURY,N/A,39.174405,-77.20391833,"(39.174405, -77.20391833)"
MCP28810063,240002647,MONTGOMERY,Injury Crash,01/17/2024 01:14:00 PM,,,,Parking Lot Way        21030 FREDERICK RD,,Pedestrian,Single Vehicle,Clear,,Daylight,No Controls,"Not Suspect of Alcohol Use, Not Suspect of Drug Use","Not Suspect of Alcohol Use, Not Suspect of Drug Use",F81E50B5-A6A7-441B-95F6-6D2112DBAE56,Pedestrian,Standing,None (No Improper Action),NonTrafficway Area,No,Suspected Minor Injury,None,39.20158825,-77.24670089,"(39.20158825, -77.24670089)"
MCP2588006P,190055048,Montgomery County Police,Injury Crash,11/15/2019 08:10:00 AM,County,GRENOBLE DR,KEATING ST,,N/A,OTHER,SAME DIRECTION SIDESWIPE,CLEAR,DRY,DAYLIGHT,NO CONTROLS,NONE DETECTED,NONE DETECTED,2F0A1CE5-DD1B-46C8-B6F9-8B5236F43A3A,OTHER,Other Working,NO IMPROPER ACTIONS,OTHER,No,POSSIBLE INJURY,REFLECTIVE CLOTHING,39.07689793,-77.09058001,"(39.07689793, -77.09058001)"
MCP2001001S,220027189,Montgomery County Police,Fatal Crash,06/24/2022 04:30:00 AM,Maryland (State),GEORGIA AVE,ROSSMOOR BLVD,,N/A,PEDESTRIAN,SINGLE VEHICLE,CLEAR,DRY,DARK NO LIGHTS,NO CONTROLS,NONE DETECTED,N/A,47FBE4D0-CEC8-4C4C-900A-7D45E68A1A18,PEDESTRIAN,Cross/Enter not at Intersection,IN ROADWAY IMPROPERLY,ON ROADWAY NOT AT CROSSWALK,Yes,FATAL INJURY,N/A,39.09968167,-77.07761667,"(39.09968167, -77.07761667)"
MCP2777004Z,180062705,Montgomery County Police,Injury Crash,12/15/2018 05:40:00 PM,County,WOODMONT AVE,HAMPDEN LA,,N/A,PEDESTRIAN,OTHER,RAINING,WET,DARK LIGHTS ON,TRAFFIC SIGNAL,NONE DETECTED,NONE DETECTED,127ED9F2-9A58-4C6E-BA9D-83C78C196CDE,PEDESTRIAN,Cross/Enter at Intersection,NO IMPROPER ACTIONS,ON ROADWAY AT CROSSWALK,No,POSSIBLE INJURY,NONE,38.98231333,-77.09590833,"(38.98231333, -77.09590833)"
MCP2420004T,230018104,Montgomery County Police,Injury Crash,04/16/2023 09:01:00 AM,Maryland (State),LAYHILL RD,BRIGGS RD,,N/A,BICYCLIST,OTHER,CLEAR,DRY,DAYLIGHT,TRAFFIC SIGNAL,NONE DETECTED,NONE DETECTED,5B01D49C-277B-4770-8C8F-B3E0F597E07E,BICYCLIST,Cross/Enter at Intersection,NO IMPROPER ACTIONS,ON ROADWAY AT CROSSWALK,No,SUSPECTED MINOR INJURY,MC/BIKE HELMET,39.0691727,-77.0455124,"(39.0691727, -77.0455124)"
MCP3022001N,180015324,Montgomery County Police,Injury Crash,03/22/2018 12:30:00 PM,,,,"PARKING LOT OF 7ELEVEN LOCATED AT 13001 WISTERIA DRIVE, GERMANTOWN, MD 20874",,PEDESTRIAN,OPPOSITE DIR BOTH LEFT TURN,CLEAR,,DAYLIGHT,STOP SIGN,UNKNOWN,UNKNOWN,FA9A83C1-92ED-4AB6-A0EC-F198348119E8,PEDESTRIAN,Cross/Enter at Intersection,N/A,AT INTERSECTION BUT NO CROSSWALK,No,SUSPECTED MINOR INJURY,N/A,39.17844221,-77.27031916,"(39.17844221, -77.27031916)"
DD56530044,240060701,ROCKVILLE,Injury Crash,12/19/2024 05:53:00 PM,Municipality Route,N HORNERS LA,,,,Pedestrian,Single Vehicle,Clear,Dry,Dark - Lighted,No Controls,"Not Suspect of Alcohol Use, Not Suspect of Drug Use","Not Suspect of Alcohol Use, Not Suspect of Drug Use",0CA24FA1-A6BD-4665-A829-B0BCF0952543,Pedestrian,Cross/Enter Not at Intersection,Dart/Dash,Shoulder/Roadside,No,Suspected Minor Injury,None,39.0930761,-77.14371127,"(39.0930761, -77.14371127)"
MCP291700CY,240001010,MONTGOMERY,Injury Crash,01/07/2024 01:30:00 PM,County Route,NEWPORT MILL RD,DAWSON AVE,,,"Other Pedestrian (person in a building, skater, personal conveyance, etc.)",Unknown,Clear,Dry,Daylight,Traffic Control Signal,"Not Suspect of Alcohol Use, Not Suspect of Drug Use","Not Suspect of Alcohol Use, Not Suspect of Drug Use",47D609AE-149E-4148-A75D-CE8B8F961450,"Other Pedestrian (person in a building, skater, personal conveyance, etc.)",Cross/Enter Not at Intersection,Failure to Yield Right-Of-Way,Travel Lane Other Location,Yes,Suspected Minor Injury,None,39.0454076,-77.06449126,"(39.0454076, -77.06449126)"
MCP26650010,15024061,Montgomery County Police,Injury Crash,05/19/2015 06:48:00 PM,County,CHESHIRE DR,OLD GEORGETOWN RD,,N/A,PEDESTRIAN,OTHER,CLEAR,DRY,DAYLIGHT,TRAFFIC SIGNAL,N/A,N/A,3BED917E-F2A2-451E-859A-88F7712D4083,PEDESTRIAN,Cross/Enter at Intersection,NO IMPROPER ACTIONS,AT INTERSECTION MARKED CROSSWALK,,POSSIBLE INJURY,N/A,39.02256833,-77.12319667,"(39.02256833, -77.12319667)"
DD56510065,250016407,ROCKVILLE,Injury Crash,04/14/2025 01:50:00 PM,Municipality Route,,PARK RD (WB/L),,,Pedestrian,Single Vehicle,Clear,Dry,Daylight,Traffic Control Signal,"Unknown, Unknown","Not Suspect of Alcohol Use, Not Suspect of Drug Use",75186C34-0B14-4A9C-8BE6-F6F5A83EBCE0,Pedestrian,Cross/Enter at Intersection,None (No Improper Action),Intersection Marked Crosswalk,No,Suspected Minor Injury,None,39.0852506,-77.14823538,"(39.0852506, -77.14823538)"
MCP23480025,16060327,Montgomery County Police,Injury Crash,11/23/2016 07:13:00 PM,,,,DRIVEWAY OF 10820 GEORGIA AVE.,,PEDESTRIAN,SINGLE VEHICLE,CLEAR,,DARK LIGHTS ON,NO CONTROLS,NONE DETECTED,NONE DETECTED,46F97782-4222-4A49-BE41-2E4903AC42EB,PEDESTRIAN,Walking/Cycling on Sidewalk,NO IMPROPER ACTIONS,SIDEWALK,No,SUSPECTED MINOR INJURY,N/A,39.03336333,-77.04893667,"(39.03336333, -77.04893667)"
MCP3126004N,230032900,Montgomery County Police,Injury Crash,07/10/2023 07:15:00 PM,County,WEST OLD BALTIMORE RD,FREDERICK RD,,N/A,PEDESTRIAN,OTHER,CLEAR,DRY,DAYLIGHT,TRAFFIC SIGNAL,NONE DETECTED,NONE DETECTED,DD985A25-D9D9-41D9-AF24-C54A20369898,PEDESTRIAN,Cross/Enter at Intersection,IN ROADWAY IMPROPERLY,MEDIAN,Yes,SUSPECTED MINOR INJURY,NONE,39.21552826,-77.2530279,"(39.21552826, -77.2530279)"
DD55080033,17003277,Rockville Police Departme,Injury Crash,01/19/2017 12:58:00 PM,Municipality,N STONESTREET AVE,PARK RD,,ROCKVILLE,PEDESTRIAN,OTHER,CLEAR,DRY,DAYLIGHT,NO CONTROLS,NONE DETECTED,NONE DETECTED,FC4B81C3-4D9E-4973-AD92-5DA0DECC8106,PEDESTRIAN,Cross/Enter not at Intersection,IN ROADWAY IMPROPERLY,ON ROADWAY NOT AT CROSSWALK,Yes,SUSPECTED MINOR INJURY,NONE,39.08628667,-77.14729667,"(39.08628667, -77.14729667)"
MCP3059001D,180002551,Montgomery County Police,Injury Crash,01/16/2018 06:30:00 PM,County,RANDOLPH RD,DALEWOOD DR,,N/A,PEDESTRIAN,OTHER,CLEAR,DRY,DARK LIGHTS ON,TRAFFIC SIGNAL,NONE DETECTED,NONE DETECTED,5611F368-8854-40C2-9F9C-D8467E7C70F8,PEDESTRIAN,Cross/Enter at Intersection,NO IMPROPER ACTIONS,ON ROADWAY AT CROSSWALK,No,POSSIBLE INJURY,N/A,39.05900333,-77.069125,"(39.05900333, -77.069125)"
MCP3069000Z,190003886,Montgomery County Police,Injury Crash,01/25/2019 04:13:00 AM,County,PARKLAWN DR,RANDOLPH RD,,N/A,PEDESTRIAN,OTHER,CLEAR,DRY,DARK LIGHTS ON,NO CONTROLS,UNKNOWN,NONE DETECTED,6BE4F743-4664-4348-8165-6E52964601FC,PEDESTRIAN,Walking/Riding w/Traffic,IN ROADWAY IMPROPERLY,ON ROADWAY NOT AT CROSSWALK,Yes,SUSPECTED SERIOUS INJURY,NONE,39.0167002,-76.98613548,"(39.0167002, -76.98613548)"
MCP2637003T,200038008,Montgomery County Police,Injury Crash,09/27/2020 02:29:00 PM,County,TRAILRIDGE DR,WINTERSET TERR,,N/A,PEDESTRIAN,OTHER,CLEAR,DRY,DAYLIGHT,STOP SIGN,NONE DETECTED,NONE DETECTED,8E3AC0BF-B1B8-45BA-827A-DB1D9282D754,PEDESTRIAN,Walking/Riding w/Traffic,UNKNOWN,ON ROADWAY NOT AT CROSSWALK,No,POSSIBLE INJURY,N/A,39.05231395,-77.19480654,"(39.05231395, -77.19480654)"
MCP3037006B,240032387,MONTGOMERY,Injury Crash,07/09/2024 08:02:00 PM,County Route,ARORA HILLS DR,,,,Cyclist (non-electric),Single Vehicle,Clear,Dry,Daylight,Other,"Not Suspect of Alcohol Use, Not Suspect of Drug Use","Not Suspect of Alcohol Use, Suspect of Drug Use",259B0A58-9A4C-4299-A381-695E4C3D462A,Cyclist (non-electric),Cross/Enter at Intersection,"Dart/Dash, Failure to Obey Traffic Signs, Signals, or Officer, Failure to Yield Right-Of-Way",Driveway Access,Yes,Possible Injury,None,39.23150167,-77.24889833,"(39.23150167, -77.24889833)"
MCP291400B3,200030582,Montgomery County Police,Injury Crash,07/12/2020 03:40:00 AM,US (State),GEORGIA AVE,CROSSOVER,,N/A,PEDESTRIAN,OTHER,CLEAR,N/A,DARK LIGHTS ON,NO CONTROLS,N/A,N/A,0CB16293-85C5-4909-A8B1-6341DA452CC1,PEDESTRIAN,Standing,IN ROADWAY IMPROPERLY,N/A,Yes,POSSIBLE INJURY,NONE,38.99105471,-77.02640648,"(38.99105471, -77.02640648)"
MCP3017000G,170542868,Montgomery County Police,Injury Crash,11/14/2017 11:00:00 PM,Maryland (State),ROCKVILLE PIKE,TEMPLETON PL,,ROCKVILLE,PEDESTRIAN,OTHER,CLEAR,DRY,UNKNOWN,UNKNOWN,UNKNOWN,NONE DETECTED,7F4C7327-7DE1-4F2D-BB99-5F67800B11B7,PEDESTRIAN,Cross/Enter at Intersection,UNKNOWN,ON ROADWAY AT CROSSWALK,Unknown,SUSPECTED MINOR INJURY,NONE,39.06699568,-77.12818623,"(39.06699568, -77.12818623)"
MCP2900003G,200049682,Montgomery County Police,Injury Crash,12/17/2020 06:09:00 PM,County,MONTGOMERY VILLAGE AVE,CENTERWAY RD,,N/A,PEDESTRIAN,OTHER,N/A,WET,DARK NO LIGHTS,N/A,N/A,N/A,465CDA7D-03F0-4815-8636-AFD8BFD57BB4,PEDESTRIAN,Cross/Enter not at Intersection,IN ROADWAY IMPROPERLY,ON ROADWAY NOT AT CROSSWALK,Yes,SUSPECTED MINOR INJURY,NONE,39.17379917,-77.2037745,"(39.17379917, -77.2037745)"
MCP1393001B,170526301,Montgomery County Police,Injury Crash,08/22/2017 09:15:00 PM,County,NEWCUT RD,ARORA HILLS DR,,N/A,PEDESTRIAN,SINGLE VEHICLE,CLEAR,DRY,DARK LIGHTS ON,OTHER,UNKNOWN,NONE DETECTED,12AF5987-8895-46EB-99E5-E46F52ACD236,PEDESTRIAN,Standing,NO IMPROPER ACTIONS,ON ROADWAY NOT AT CROSSWALK,No,SUSPECTED MINOR INJURY,N/A,39.23057167,-77.24775333,"(39.23057167, -77.24775333)"
MCP3022003C,200028913,Montgomery County Police,Injury Crash,07/20/2020 05:09:00 PM,County,HUNTMASTER RD,FOXLAIR RD,,N/A,BICYCLIST,SAME DIRECTION SIDESWIPE,CLEAR,DRY,DAYLIGHT,STOP SIGN,UNKNOWN,NONE DETECTED,4A16CB72-7153-4682-9C08-8CF25AF1E9E6,BICYCLIST,Walking/Riding w/Traffic,NO IMPROPER ACTIONS,SHOULDER,No,SUSPECTED MINOR INJURY,UNKNOWN,39.21527,-77.19485167,"(39.21527, -77.19485167)"
MCP2134001J,180028448,Montgomery County Police,Fatal Crash,06/09/2018 03:23:00 AM,Maryland (State),UNIVERSITY BLVD W,FERN ST,,N/A,PEDESTRIAN,OTHER,CLEAR,DRY,DARK LIGHTS ON,N/A,ALCOHOL PRESENT,UNKNOWN,F11B67A0-1CE4-41FB-A54D-1E922BB33437,PEDESTRIAN,Walking/Cycling on Sidewalk,UNKNOWN,SIDEWALK,Unknown,FATAL INJURY,N/A,39.04133575,-77.04889007,"(39.04133575, -77.04889007)"
MCP29190008,15022769,Montgomery County Police,Injury Crash,05/13/2015 07:21:00 AM,County,WAYNE AVE,GEORGIA AVE,,N/A,PEDESTRIAN,SINGLE VEHICLE,CLEAR,DRY,DAYLIGHT,TRAFFIC SIGNAL,NONE DETECTED,NONE DETECTED,F4F465F5-B7D9-4AC8-AE1B-BE620F892D7C,PEDESTRIAN,Cross/Enter at Intersection,FAILURE TO OBEY TRAFFIC SIGNS SIGNALS OR OFFICER,AT INTERSECTION MARKED CROSSWALK,,SUSPECTED MINOR INJURY,N/A,38.9945977,-77.02675581,"(38.9945977, -77.02675581)"
MCP3300001V,220024084,Montgomery County Police,Injury Crash,06/05/2022 02:39:00 PM,County,LINDELL ST,LIVINGSTON ST,,N/A,PEDESTRIAN,OTHER,CLEAR,DRY,DAYLIGHT,NO CONTROLS,NONE DETECTED,NONE DETECTED,4B0F328F-55D2-4D5F-8004-7B1C06D61714,PEDESTRIAN,Cross/Enter not at Intersection,NOT VISIBLE,ON ROADWAY NOT AT CROSSWALK,No,POSSIBLE INJURY,NONE,39.0559565,-77.05680483,"(39.0559565, -77.05680483)"
MCP2674003P,230012338,Montgomery County Police,Property Damage Crash,03/13/2023 06:45:00 PM,County,DOXDAM TERR,SEVERNDALE TERR,,N/A,PEDESTRIAN,SINGLE VEHICLE,CLEAR,DRY,DAYLIGHT,NO CONTROLS,UNKNOWN,NONE DETECTED,84F1240B-AA30-4BA0-AE29-4ABD62CFE7D7,PEDESTRIAN,Cross/Enter at Intersection,NO IMPROPER ACTIONS,ON ROADWAY NOT AT CROSSWALK,No,NO APPARENT INJURY,NONE,39.19930469,-77.24274173,"(39.19930469, -77.24274173)"
MCP28980057,240043967,MONTGOMERY,Injury Crash,09/15/2024 05:23:00 PM,Other Public Roadway,EMERALD GREEN DR,,,,Cyclist (non-electric),Single Vehicle,Clear,Dry,Daylight,Stop Sign,"Not Suspect of Alcohol Use, Not Suspect of Drug Use","Not Suspect of Alcohol Use, Not Suspect of Drug Use",E31D9E54-5758-4432-8A5E-E7596186AF49,Cyclist (non-electric),Cross/Enter at Intersection,Failure to Yield Right-Of-Way,Intersection Unmarked Crosswalk,Yes,Possible Injury,Helmet,39.22235691,-77.24708679,"(39.22235691, -77.24708679)"
MCP1086000C,220053805,Montgomery County Police,Injury Crash,12/06/2022 07:42:00 AM,,,,NORTHWOOD HIGH SCHOOL 919 UNIVERSITY BLVD W. PARKING LOT,,PEDESTRIAN,OTHER,FOGGY,,OTHER,N/A,NONE DETECTED,NONE DETECTED,17AE2D3F-80C4-4677-B7B0-02B77012A9F5,PEDESTRIAN,Walking to/from school,NO IMPROPER ACTIONS,ON ROADWAY AT CROSSWALK,No,SUSPECTED MINOR INJURY,N/A,39.03556167,-77.02450667,"(39.03556167, -77.02450667)"
MCP9422001H,180025275,Montgomery County Police,Injury Crash,05/23/2018 10:30:00 AM,County,PLUM ORCHARD DR,CHERRY HILL RD,,N/A,PEDESTRIAN,STRAIGHT MOVEMENT ANGLE,CLEAR,DRY,DAYLIGHT,TRAFFIC SIGNAL,NONE DETECTED,NONE DETECTED,DD7C0E17-B122-4EB7-B8CE-ACB3341B9240,PEDESTRIAN,Cross/Enter at Intersection,NO IMPROPER ACTIONS,AT INTERSECTION MARKED CROSSWALK,No,POSSIBLE INJURY,N/A,39.052505,-76.953375,"(39.052505, -76.953375)"
MCP3078005P,240036587,MONTGOMERY,Injury Crash,08/03/2024 12:51:00 PM,Maryland (State) Route,NEW HAMPSHIRE AVE,,,,Pedestrian,Single Vehicle,Clear,Dry,Daylight,No Controls,"Not Suspect of Alcohol Use, Not Suspect of Drug Use","Not Suspect of Alcohol Use, Not Suspect of Drug Use",1711F76E-CDF3-4790-8BF0-D0BDA5743A8F,Pedestrian,Cross/Enter Not at Intersection,Dart/Dash,Travel Lane Other Location,Yes,Suspected Minor Injury,None,39.07454339,-77.00220428,"(39.07454339, -77.00220428)"
MCP20460085,180015862,Montgomery County Police,Injury Crash,04/02/2018 06:12:00 AM,Maryland (State),EAST WEST HWY,BLAIR MILL RD,,N/A,PEDESTRIAN,STRAIGHT MOVEMENT ANGLE,RAINING,WET,DARK LIGHTS ON,N/A,NONE DETECTED,NONE DETECTED,9F2CE912-9E6B-4A55-AFFC-8A0DBED68AAA,PEDESTRIAN,Other,NO IMPROPER ACTIONS,SIDEWALK,No,SUSPECTED MINOR INJURY,NONE,38.99097,-77.02962833,"(38.99097, -77.02962833)"
MCP3268004J,240051587,MONTGOMERY,Injury Crash,10/28/2024 05:15:00 AM,Maryland (State) Route,NEW HAMPSHIRE AVE (SB/L),JACKSON RD,,,Pedestrian,Single Vehicle,Clear,Dry,Dark - Unknown Lighting,Pedestrian Crossing Sign,"Unknown, Unknown","Not Suspect of Alcohol Use, Not Suspect of Drug Use",06D20189-ADCE-46D2-BBFF-C724BADF4BE9,Pedestrian,Walking/Cycling on Sidewalk,None (No Improper Action),Intersection Marked Crosswalk,No,Suspected Minor Injury,None,39.05521092,-76.9955291,"(39.05521092, -76.9955291)"
MCP2496001D,200020004,Montgomery County Police,Injury Crash,05/19/2020 08:48:00 AM,Maryland (State),COLESVILLE RD,EAST WEST HWY,,N/A,PEDESTRIAN,SINGLE VEHICLE,CLEAR,DRY,DAYLIGHT,TRAFFIC SIGNAL,NONE DETECTED,NONE DETECTED,273FB0D6-3561-48D1-B020-F0B3227161BE,PEDESTRIAN,Cross/Enter at Intersection,NO IMPROPER ACTIONS,ON ROADWAY AT CROSSWALK,No,SUSPECTED MINOR INJURY,NONE,38.99339739,-77.03216382,"(38.99339739, -77.03216382)"
MCP2552006P,230067682,Montgomery County Police,Injury Crash,11/21/2023 05:54:00 PM,Maryland (State),FREDERICK RD,REDLAND RD,,N/A,PEDESTRIAN,OTHER,RAINING,WET,DARK LIGHTS ON,N/A,N/A,N/A,0479C76F-25C9-4E28-89CE-ABE19CDA79A6,PEDESTRIAN,Cross/Enter not at Intersection,IN ROADWAY IMPROPERLY,ON ROADWAY NOT AT CROSSWALK,Yes,SUSPECTED MINOR INJURY,NONE,39.11462327,-77.16437638,"(39.11462327, -77.16437638)"
MCP26250012,200049001,Montgomery County Police,Injury Crash,12/12/2020 01:40:00 PM,County,OVERLEA RD,SANGAMORE RD,,N/A,PEDESTRIAN,HEAD ON LEFT TURN,CLEAR,DRY,DAYLIGHT,TRAFFIC SIGNAL,UNKNOWN,N/A,07D954E7-6C2D-4F6E-8A84-AA9E38A6BC70,PEDESTRIAN,Cross/Enter at Intersection,NO IMPROPER ACTIONS,AT INTERSECTION MARKED CROSSWALK,No,SUSPECTED MINOR INJURY,N/A,38.95211721,-77.12087021,"(38.95211721, -77.12087021)"
DD55270043,220027984,Rockville Police Departme,Property Damage Crash,06/29/2022 04:00:00 PM,,,,PARKING LOT OF 1518 ROCKVILLE PIKE,,OTHER CONVEYANCE,OTHER,CLEAR,,DAYLIGHT,NO CONTROLS,NONE DETECTED,NONE DETECTED,1AD99831-426C-468A-B984-369027C89846,OTHER CONVEYANCE,Other,N/A,OTHER,No,NO APPARENT INJURY,NONE,39.06470036,-77.12648117,"(39.06470036, -77.12648117)"