Report Number,Local Case Number,Agency Name,ACRS Report Type,Crash Date/Time,Route Type,Road Name,Cross-Street Name,Off-Road Description,Municipality,Related Non-Motorist,Collision Type,Weather,Surface Condition,Light,Traffic Control,Driver Substance Abuse,Non-Motorist Substance Abuse,Person ID,Pedestrian Type,Pedestrian Movement,Pedestrian Actions,Pedestrian Location,At Fault,Injury Severity,Safety Equipment,Latitude,Longitude,Location
MCP23530034,16056632,Montgomery County Police,Injury Crash,11/03/2016 08:01:00 AM,County,WYNDALE RD,BEACH DR,,N/A,BICYCLIST,SINGLE VEHICLE,CLEAR,DRY,DAYLIGHT,N/A,NONE DETECTED,NONE DETECTED,DCE62DCA-2A71-47FF-826D-70D7A9B1CB92,BICYCLIST,Walking/Riding w/Traffic,NO IMPROPER ACTIONS,ON ROADWAY NOT AT CROSSWALK,No,SUSPECTED MINOR INJURY,MC/BIKE HELMET,38.985795,-77.05721333,"(38.985795, -77.05721333)"
MCP15310006,16024201,Montgomery County Police,Injury Crash,05/15/2016 09:02:00 PM,Maryland (State),WILSON LA,RIVER RD,,N/A,PEDESTRIAN,SINGLE VEHICLE,CLEAR,DRY,DARK LIGHTS ON,TRAFFIC SIGNAL,,NONE DETECTED,D334EEB5-0D56-4A95-9592-47E2492F5A8E,PEDESTRIAN,Standing,OTHER,ON ROADWAY NOT AT CROSSWALK,Yes,SUSPECTED MINOR INJURY,N/A,39.37427667,-77.29101333,"(39.37427667, -77.29101333)"
DM8514000Q,230031975,Takoma Park Police Depart,Injury Crash,07/06/2023 07:50:00 AM,,,,"PERSONAL INJURY COLLISION IN PARKING LOT OF SUNOCO 6907 NEW HAMPSHIRE AVENUE, TAKOMA PARK, MARYLAND",,BICYCLIST,HEAD ON LEFT TURN,N/A,,DAYLIGHT,NO CONTROLS,N/A,NONE DETECTED,4DBD5749-05F5-4DC7-A72F-960485B77B23,BICYCLIST,Cross/Enter not at Intersection,NO IMPROPER ACTIONS,OTHER,No,SUSPECTED SERIOUS INJURY,NONE,38.97587195,-76.99325355,"(38.97587195, -76.99325355)"
MCP25860067,230016670,Montgomery County Police,Injury Crash,04/07/2023 05:35:00 PM,County,RIDGE RD,FREDERICK RD,,N/A,OTHER CONVEYANCE,SAME DIRECTION RIGHT TURN,CLEAR,DRY,DAYLIGHT,TRAFFIC SIGNAL,NONE DETECTED,NONE DETECTED,F674CA9B-8A70-4EC8-8C2B-106DE8D90799,OTHER CONVEYANCE,Cross/Enter not at Intersection,IN ROADWAY IMPROPERLY,ON ROADWAY NOT AT CROSSWALK,Yes,SUSPECTED MINOR INJURY,NONE,39.2046074,-77.24557975,"(39.2046074, -77.24557975)"
MCP28820027,180010216,Montgomery County Police,Injury Crash,02/27/2018 03:30:00 PM,,WONDERLAND WAY,CHALET DRIVE,,N/A,OTHER,SINGLE VEHICLE,CLEAR,DRY,DAYLIGHT,NO CONTROLS,NONE DETECTED,N/A,6F0BCEBC-AD0F-4FFE-8D06-5F295ED47110,OTHER,Cross/Enter at Intersection,INATTENTIVE,ON ROADWAY NOT AT CROSSWALK,Yes,SUSPECTED MINOR INJURY,NONE,39.1552345,-77.27295712,"(39.1552345, -77.27295712)"
MCP3038004N,200015789,Montgomery County Police,Property Damage Crash,04/13/2020 04:38:00 PM,County,CRESTMOOR DR,EASTMOOR DR,,N/A,OTHER,OTHER,CLEAR,DRY,DAYLIGHT,NO CONTROLS,N/A,N/A,329D54E9-A33E-4C28-8679-47420C3D7E45,OTHER,Cross/Enter at Intersection,DART DASH,ON ROADWAY NOT AT CROSSWALK,Yes,NO APPARENT INJURY,MC/BIKE HELMET,39.02700987,-77.0083001,"(39.02700987, -77.0083001)"
MCP2598004C,230028257,Montgomery County Police,Injury Crash,06/12/2023 03:09:00 PM,County,RANDOLPH RD,GEORGIA AVE,,N/A,PEDESTRIAN,STRAIGHT MOVEMENT ANGLE,RAINING,WET,DAYLIGHT,TRAFFIC SIGNAL,NONE DETECTED,NONE DETECTED,40D0174E-1208-4AA2-8C70-2AD62454584F,PEDESTRIAN,Cross/Enter at Intersection,FAILURE TO YIELD RIGHT OF WAY,AT INTERSECTION MARKED CROSSWALK,Yes,POSSIBLE INJURY,N/A,39.05843513,-77.0498156,"(39.05843513, -77.0498156)"
MCP3094004R,240036793,MONTGOMERY,Injury Crash,08/04/2024 08:25:00 PM,Private Route,,,,,Pedestrian,Single Vehicle,Clear,Dry,Dark - Lighted,No Controls,"Not Suspect of Alcohol Use, Not Suspect of Drug Use","Not Suspect of Alcohol Use, Not Suspect of Drug Use",69FB4373-90D0-4B04-92BC-8792224667DE,Pedestrian,Cross/Enter Not at Intersection,None (No Improper Action),Travel Lane Other Location,No,Suspected Minor Injury,None,39.15893146,-77.21104845,"(39.15893146, -77.21104845)"
MCP32500009,200033537,Montgomery County Police,Injury Crash,08/27/2020 03:12:00 PM,Maryland (State),GEORGIA AVE,HEWITT AVE,,N/A,BICYCLIST,STRAIGHT MOVEMENT ANGLE,CLOUDY,DRY,DAYLIGHT,TRAFFIC SIGNAL,NONE DETECTED,NONE DETECTED,7497ABFD-51CD-4A10-94C4-483799889A70,BICYCLIST,Cross/Enter at Intersection,NO IMPROPER ACTIONS,AT INTERSECTION MARKED CROSSWALK,No,POSSIBLE INJURY,NONE,39.077662,-77.070716,"(39.077662, -77.070716)"
MCP28430025,230053334,Montgomery County Police,Injury Crash,09/05/2023 06:35:00 PM,Maryland (State),WOODFIELD RD,ENT TO ROUTE 124 PLAZA,,N/A,BICYCLIST,STRAIGHT MOVEMENT ANGLE,CLEAR,DRY,DAYLIGHT,N/A,NONE DETECTED,NONE DETECTED,4C05F98F-6505-4B6C-BE12-2D252EA49341,BICYCLIST,Walking/Riding against Traffic,NO IMPROPER ACTIONS,ON ROADWAY AT CROSSWALK,No,POSSIBLE INJURY,N/A,39.16155167,-77.15925167,"(39.16155167, -77.15925167)"
MCP2110000S,16015611,Montgomery County Police,Injury Crash,03/30/2016 07:23:00 PM,County,SHADY GROVE RD,CRABBS BRANCH WAY,,N/A,PEDESTRIAN,SINGLE VEHICLE,CLEAR,DRY,DUSK,TRAFFIC SIGNAL,N/A,N/A,701C326B-F38A-44F2-ACD5-3E3E93AC74DF,PEDESTRIAN,Cross/Enter at Intersection,FAILURE TO OBEY TRAFFIC SIGNS SIGNALS OR OFFICER,ON ROADWAY AT CROSSWALK,Unknown,SUSPECTED MINOR INJURY,NONE,39.12895833,-77.167165,"(39.12895833, -77.167165)"
MCP3227003X,220041783,Montgomery County Police,Property Damage Crash,09/26/2022 06:51:00 PM,Maryland (State),NEW HAMPSHIRE AVE,ELTON RD,,N/A,PEDESTRIAN,SINGLE VEHICLE,CLEAR,DRY,DAYLIGHT,TRAFFIC SIGNAL,NONE DETECTED,NONE DETECTED,2F2CB59A-88E7-4AEF-B6B8-507329F82B12,PEDESTRIAN,Cross/Enter at Intersection,NO IMPROPER ACTIONS,ON ROADWAY AT CROSSWALK,No,NO APPARENT INJURY,N/A,39.0204434,-76.97680173,"(39.0204434, -76.97680173)"
EJ7836001N,180047643,Gaithersburg Police Depar,Injury Crash,09/24/2018 08:10:00 AM,Municipality,FIRSTFIELD RD,CLOPPER RD,,N/A,PEDESTRIAN,OTHER,RAINING,WET,DAWN,TRAFFIC SIGNAL,NONE DETECTED,N/A,80C083A3-1D93-45F9-A7F1-DF4947392B4D,PEDESTRIAN,Walking/Cycling on Sidewalk,N/A,AT INTERSECTION MARKED CROSSWALK,No,SUSPECTED MINOR INJURY,N/A,39.14378833,-77.223575,"(39.14378833, -77.223575)"
MCP10640043,16013352,Montgomery County Police,Injury Crash,03/18/2016 10:47:00 AM,,,,"DRIVEWAY- 8728 COLESVILLE RD
SILVER SPRING, MD 20910",,PEDESTRIAN,OTHER,CLEAR,,DAYLIGHT,N/A,N/A,N/A,29AF22AB-D5D8-43BA-92B2-920D707EBE79,PEDESTRIAN,Standing,NO IMPROPER ACTIONS,OTHER,No,SUSPECTED SERIOUS INJURY,N/A,38.99820167,-77.02671333,"(38.99820167, -77.02671333)"
MCP2730001P,200002998,Montgomery County Police,Injury Crash,01/18/2020 02:19:00 PM,County,WARING STATION RD,STONEY BOTTOM RD,,N/A,PEDESTRIAN,OTHER,RAINING,WET,DAYLIGHT,YIELD SIGN,N/A,N/A,F25DCA34-7B40-42A1-AB50-86E093C1AE51,PEDESTRIAN,Cross/Enter at Intersection,NO IMPROPER ACTIONS,ON ROADWAY AT CROSSWALK,No,POSSIBLE INJURY,N/A,39.17195667,-77.25201167,"(39.17195667, -77.25201167)"
MCP3259003L,230059922,Montgomery County Police,Injury Crash,10/11/2023 05:21:00 PM,County,BLACKWELL RD,SHADY GROVE RD,,N/A,BICYCLIST,OTHER,CLEAR,DRY,DAYLIGHT,TRAFFIC SIGNAL,NONE DETECTED,NONE DETECTED,0015A742-EDC7-403C-98F8-B4718C2C6819,BICYCLIST,Cross/Enter at Intersection,NO IMPROPER ACTIONS,ON ROADWAY AT CROSSWALK,No,POSSIBLE INJURY,UNKNOWN,39.1009517,-77.1915665,"(39.1009517, -77.1915665)"
MCP2914001Q,15047862,MONTGOMERY,Property Damage Crash,09/21/2015 04:19:00 PM,Maryland (State),UNIVERSITY BLVD E,RAMP 2 FR IS 495 WB TO MD 193 NB,,N/A,BICYCLIST,OTHER,RAINING,WET,DAYLIGHT,TRAFFIC SIGNAL,N/A,N/A,79EC10A5-66F7-4791-832E-AAB756442C39,BICYCLIST,Cross/Enter at Intersection,NO IMPROPER ACTIONS,AT INTERSECTION MARKED CROSSWALK,No,NO APPARENT INJURY,MC/BIKE HELMET,39.015865,-77.005225,"(39.015865, -77.005225)"
MCP3140000W,190006174,Montgomery County Police,Injury Crash,02/07/2019 10:12:00 PM,,,,"PARKING LOT IN FRONT OF 8038 INVERNESS RIDGE ROAD, POTOMAC, MD 20854",,OTHER,OTHER,FOGGY,,DARK LIGHTS ON,N/A,N/A,N/A,24BDCE09-380C-4E2C-B011-028BBEA38667,OTHER,Other,NO IMPROPER ACTIONS,OTHER,No,POSSIBLE INJURY,N/A,39.03020159,-77.16341202,"(39.03020159, -77.16341202)"
MCP2683003M,190006583,Montgomery County Police,Fatal Crash,02/10/2019 06:47:00 PM,County,MONTGOMERY VILLAGE AVE,MIDCOUNTY HWY,,N/A,PEDESTRIAN,SINGLE VEHICLE,CLEAR,DRY,DARK -- UNKNOWN LIGHTING,TRAFFIC SIGNAL,NONE DETECTED,NONE DETECTED,20CB216B-C882-4987-8311-8C16EF1FB39C,PEDESTRIAN,Unknown,UNKNOWN,ON ROADWAY AT CROSSWALK,Unknown,FATAL INJURY,NONE,39.15796833,-77.201475,"(39.15796833, -77.201475)"
EJ7879004D,240042885,GAITHERSBURG,Injury Crash,09/09/2024 09:13:00 PM,County Route,FIELDS RD,ELLINGTON BLVD RIO BLVD,,,Pedestrian,Single Vehicle,Clear,Dry,Dark - Lighted,Traffic Control Signal,"Not Suspect of Alcohol Use, Not Suspect of Drug Use","Not Suspect of Alcohol Use, Not Suspect of Drug Use",1ABF9F17-3210-44F7-8082-3E820B05CA93,Pedestrian,Cross/Enter at Intersection,None (No Improper Action),Intersection Marked Crosswalk,No,Suspected Minor Injury,None,39.11583623,-77.20382941,"(39.11583623, -77.20382941)"
MCP2254001K,180010389,Montgomery County Police,Injury Crash,03/22/2018 10:13:00 AM,,LIMPKIN AVE,DOVEKIE AVE,,N/A,PEDESTRIAN,SINGLE VEHICLE,CLEAR,WET,DAYLIGHT,NO CONTROLS,NONE DETECTED,NONE DETECTED,88EDBFBE-434D-44F8-AB8D-E13A6473B20C,PEDESTRIAN,Standing,NO IMPROPER ACTIONS,OTHER,No,SUSPECTED MINOR INJURY,N/A,39.227115,-77.28964667,"(39.227115, -77.28964667)"
MCP2270003F,240040696,MONTGOMERY,Injury Crash,08/27/2024 12:00:00 PM,Local Route,GROSVENOR PL,,,,Cyclist (non-electric),Single Vehicle,Clear,Dry,Daylight,No Controls,"Not Suspect of Alcohol Use, Not Suspect of Drug Use","Not Suspect of Alcohol Use, Not Suspect of Drug Use",81A87CC7-C4AF-4CDF-8E09-5EA22786831E,Cyclist (non-electric),Walking/Cycling Along Roadway With Traffic (In or Adjacent to Travel Lane),None (No Improper Action),Shoulder/Roadside,No,Suspected Minor Injury,Helmet,39.02763539,-77.1071842,"(39.02763539, -77.1071842)"
MCP2889001R,16050824,Montgomery County Police,Injury Crash,10/03/2016 07:34:00 PM,Maryland (State),UNIVERSITY BLVD W,DENNIS AVE,,N/A,PEDESTRIAN,SINGLE VEHICLE,CLEAR,DRY,DARK LIGHTS ON,TRAFFIC SIGNAL,NONE DETECTED,NONE DETECTED,0704770D-C149-476A-A7BB-2F64B3F71D37,PEDESTRIAN,Cross/Enter at Intersection,NO IMPROPER ACTIONS,ON ROADWAY AT CROSSWALK,No,POSSIBLE INJURY,NONE,39.026315,-77.02019833,"(39.026315, -77.02019833)"
MCP1573000V,16015612,MONTGOMERY,Injury Crash,03/30/2016 07:19:00 PM,Maryland (State),GEORGIA AVE,HATHAWAY DR,,N/A,PEDESTRIAN,SINGLE VEHICLE,CLEAR,DRY,DAYLIGHT,OTHER,NONE DETECTED,NONE DETECTED,5A95192B-31BD-4653-8E7D-83653A3DF5B6,PEDESTRIAN,Cross/Enter at Intersection,NO IMPROPER ACTIONS,AT INTERSECTION MARKED CROSSWALK,No,SUSPECTED MINOR INJURY,N/A,39.06708667,-77.06004333,"(39.06708667, -77.06004333)"
DD5644001X,210046642,Rockville Police Departme,Property Damage Crash,11/17/2021 11:15:00 AM,,,,315 NORTH WASHINGTON STREET PARKING LOT,,OTHER,OTHER,CLEAR,,DAYLIGHT,NO CONTROLS,NONE DETECTED,NONE DETECTED,BCE7513D-428F-4AAB-9A22-B0746E4E218D,OTHER,N/A,NO IMPROPER ACTIONS,INSIDE BUILDING,No,NO APPARENT INJURY,N/A,39.08926376,-77.15318746,"(39.08926376, -77.15318746)"
MCP2712000M,15046182,MONTGOMERY,Injury Crash,09/12/2015 02:22:00 PM,US (State),COLUMBIA PIKE,EXIT #16 (MD 200),,N/A,PEDESTRIAN,SAME DIR REAR END,RAINING,WET,DAYLIGHT,N/A,NONE DETECTED,NONE DETECTED,E1D726D1-B558-4DC6-BF57-454F9A8EDE17,PEDESTRIAN,Standing,DISABLED VEHICLE RELATED,OTHER,No,POSSIBLE INJURY,N/A,39.07899167,-76.95193667,"(39.07899167, -76.95193667)"
MCP30220036,190060471,Montgomery County Police,Injury Crash,12/15/2019 05:47:00 PM,Maryland (State),RIDGE RD,BRINK RD,,N/A,BICYCLIST,OTHER,CLEAR,DRY,DARK LIGHTS ON,TRAFFIC SIGNAL,N/A,N/A,848DB32A-396F-4C75-8B68-8D966935E262,BICYCLIST,Cross/Enter at Intersection,NO IMPROPER ACTIONS,ON ROADWAY AT CROSSWALK,No,SUSPECTED MINOR INJURY,MC/BIKE HELMET,39.21038167,-77.23994833,"(39.21038167, -77.23994833)"
MCP2046009K,190005442,Montgomery County Police,Injury Crash,02/04/2019 06:56:00 AM,County,MT PISGAH RD,OAKVIEW DR,,N/A,PEDESTRIAN,STRAIGHT MOVEMENT ANGLE,CLEAR,DRY,DAWN,STOP SIGN,NONE DETECTED,NONE DETECTED,9A6A174D-01A7-48B6-989E-EC9D34069ABD,PEDESTRIAN,Cross/Enter at Intersection,NO IMPROPER ACTIONS,ON ROADWAY AT CROSSWALK,No,POSSIBLE INJURY,NONE,39.01507333,-76.97736,"(39.01507333, -76.97736)"
MCP2351002X,190016886,Montgomery County Police,Fatal Crash,04/11/2019 02:24:00 PM,,,,AT PARKING LOT EXIT OF 650 HUNGERFORD DR TO ENTER SB HUNGERFORD DR,,PEDESTRIAN,OTHER,CLOUDY,,DAYLIGHT,NO CONTROLS,NONE DETECTED,NONE DETECTED,123E44F4-04CC-4238-9487-DEF336F7548B,PEDESTRIAN,Unknown,UNKNOWN,OTHER,Unknown,FATAL INJURY,NONE,39.09278833,-77.153865,"(39.09278833, -77.153865)"
MCP1301000T,170514720,Montgomery County Police,Fatal Crash,06/20/2017 10:44:00 AM,County,MIDDLEBROOK RD,GREAT SENECA HWY,,N/A,PEDESTRIAN,STRAIGHT MOVEMENT ANGLE,CLEAR,DRY,DAYLIGHT,TRAFFIC SIGNAL,"NONE DETECTED, UNKNOWN",UNKNOWN,DEE50186-51C2-489F-B613-5AA3966B8C5B,PEDESTRIAN,Other,NO IMPROPER ACTIONS,MEDIAN,No,FATAL INJURY,NONE,39.17493347,-77.26046741,"(39.17493347, -77.26046741)"
MCP2046005K,16027508,Montgomery County Police,Injury Crash,06/02/2016 08:13:00 AM,County,OLD COLUMBIA PIKE,FAIRLAND RD,,N/A,PEDESTRIAN,STRAIGHT MOVEMENT ANGLE,CLOUDY,DRY,DAYLIGHT,TRAFFIC SIGNAL,NONE DETECTED,NONE DETECTED,52AB336F-A15E-4FC2-885D-35A3E8052A5D,PEDESTRIAN,Cross/Enter at Intersection,DART DASH,ON ROADWAY NOT AT CROSSWALK,Yes,SUSPECTED MINOR INJURY,NONE,39.07626165,-76.95760176,"(39.07626165, -76.95760176)"
DD5583009P,250020118,ROCKVILLE,Property Damage Crash,05/07/2025 02:11:00 PM,Spur,,,,,Cyclist (Electric),Single Vehicle,Clear,Dry,Daylight,Pedestrian Crossing Sign,"Not Suspect of Alcohol Use, Not Suspect of Drug Use","Not Suspect of Alcohol Use, Not Suspect of Drug Use",60D3D145-1E39-4B3A-9BAD-4238DD9BBC3E,Cyclist (Electric),Cross/Enter at Intersection,Failure to Yield Right-Of-Way,Intersection Marked Crosswalk,No,No Apparent Injury,None,39.09189755,-77.15368625,"(39.09189755, -77.15368625)"
MCP3122002L,190057491,Montgomery County Police,Injury Crash,11/28/2019 11:25:00 PM,,,,PARKING LOT OF 2304 BLUERIDGE AVE,,PEDESTRIAN,SINGLE VEHICLE,CLEAR,,DARK LIGHTS ON,N/A,ALCOHOL PRESENT,N/A,0A14531C-8E7A-4313-8A34-7685CA5D4CF4,PEDESTRIAN,Other,NO IMPROPER ACTIONS,OTHER,No,SUSPECTED MINOR INJURY,N/A,39.04272545,-77.04853504,"(39.04272545, -77.04853504)"
MCP29830017,16050660,Montgomery County Police,Injury Crash,10/02/2016 08:12:00 PM,County,SECOND AVE,16TH ST,,N/A,PEDESTRIAN,SINGLE VEHICLE,CLEAR,DRY,DARK LIGHTS ON,TRAFFIC SIGNAL,NONE DETECTED,NONE DETECTED,A077AE84-43B2-45A2-ACCF-E47045E21B65,PEDESTRIAN,Cross/Enter at Intersection,NO IMPROPER ACTIONS,AT INTERSECTION MARKED CROSSWALK,No,SUSPECTED MINOR INJURY,NONE,39.00325254,-77.04018831,"(39.00325254, -77.04018831)"
MCP23300048,230021426,Montgomery County Police,Injury Crash,05/04/2023 07:35:00 PM,Maryland (State),UNIVERSITY BLVD W,VEIRS MILL RD,,N/A,BICYCLIST,OTHER,CLEAR,DRY,DUSK,TRAFFIC SIGNAL,NONE DETECTED,NONE DETECTED,971A4051-7114-4030-A173-EAB003E9B5B0,BICYCLIST,Walking/Riding against Traffic,FAILURE TO YIELD RIGHT OF WAY,ON ROADWAY NOT AT CROSSWALK,Yes,SUSPECTED MINOR INJURY,MC/BIKE HELMET,39.04027667,-77.055605,"(39.04027667, -77.055605)"
EJ7876006S,240002011,GAITHERSBURG,Injury Crash,01/12/2024 08:40:00 PM,Municipality Route,PHILMONT DR,,,,Pedestrian,Single Vehicle,Rain,Wet,Dark - Lighted,No Controls,"Not Suspect of Alcohol Use, Not Suspect of Drug Use","Not Suspect of Alcohol Use, Not Suspect of Drug Use",764D4077-B476-41F8-A862-58516BBB54DA,Pedestrian,Other,"Inattentive (Talking, Eating, etc.), Other",Driveway Access,No,Possible Injury,None,39.1237536,-77.21372062,"(39.1237536, -77.21372062)"
MCP229800LT,180059934,Montgomery County Police,Injury Crash,11/30/2018 03:48:00 PM,,,,PARKING LOT OF 26004 BRIGADIER PLACE,,OTHER,SINGLE VEHICLE,CLEAR,,N/A,NO CONTROLS,NONE DETECTED,NONE DETECTED,DD154773-661B-4877-A002-E165358086F9,OTHER,N/A,NO IMPROPER ACTIONS,N/A,No,SUSPECTED MINOR INJURY,N/A,39.28291042,-77.20547411,"(39.28291042, -77.20547411)"
MCP32910015,220046162,Montgomery County Police,Injury Crash,10/21/2022 03:00:00 AM,US (State),COLESVILLE RD,FENTON ST,,N/A,PEDESTRIAN,SINGLE VEHICLE,CLEAR,DRY,DARK LIGHTS ON,FLASHING TRAFFIC SIGNAL,NONE DETECTED,NONE DETECTED,24ACE932-1CCE-48BC-A3D4-C4E427A41049,PEDESTRIAN,Cross/Enter at Intersection,UNKNOWN,ON ROADWAY AT CROSSWALK,No,POSSIBLE INJURY,NONE,38.99715167,-77.027475,"(38.99715167, -77.027475)"
EJ7777002B,200011450,Gaithersburg Police Depar,Injury Crash,03/08/2020 03:22:00 PM,,,,PARKING LOT OF 880 RUSSELL AVE,,PEDESTRIAN,OTHER,CLEAR,,DAYLIGHT,N/A,NONE DETECTED,NONE DETECTED,A50A9363-1E07-4812-8028-257B345CE32B,PEDESTRIAN,Other Working,N/A,OTHER,No,POSSIBLE INJURY,N/A,39.15644596,-77.21360108,"(39.15644596, -77.21360108)"
MCP2813002P,16052130,Montgomery County Police,Injury Crash,10/10/2016 04:54:00 PM,,,,PARKING LOT OF 2601 UNIVERSITY BLVD W,,PEDESTRIAN,SINGLE VEHICLE,CLEAR,,DAYLIGHT,NO CONTROLS,N/A,N/A,EEF37EEF-F125-4F7F-B3E2-4C8702AEF5AF,PEDESTRIAN,Walking/Riding w/Traffic,NO IMPROPER ACTIONS,SIDEWALK,No,POSSIBLE INJURY,NONE,39.04161333,-77.05368,"(39.04161333, -77.05368)"
MCP3170003M,230067257,Montgomery County Police,Property Damage Crash,11/19/2023 03:47:00 PM,County,FATHER HURLEY BLVD,CRYSTAL ROCK DR,,N/A,BICYCLIST,OTHER,CLEAR,DRY,DAYLIGHT,TRAFFIC SIGNAL,NONE DETECTED,NONE DETECTED,E8F3C4C3-4392-4A95-B9F9-F151F22F3432,BICYCLIST,Cross/Enter at Intersection,FAILURE TO OBEY TRAFFIC SIGNS SIGNALS OR OFFICER,ON ROADWAY AT CROSSWALK,Yes,NO APPARENT INJURY,MC/BIKE HELMET,39.19332667,-77.27050823,"(39.19332667, -77.27050823)"
DD5644002X,220036641,Rockville Police Departme,Injury Crash,08/24/2022 06:19:00 PM,County,E GUDE DR,SOUTHLAWN LA,,N/A,BICYCLIST,OTHER,CLEAR,DRY,DUSK,TRAFFIC SIGNAL,NONE DETECTED,NONE DETECTED,3B0A41D7-0F9B-4669-905D-DA4A16915DD3,BICYCLIST,Cross/Enter at Intersection,NO IMPROPER ACTIONS,ON ROADWAY AT CROSSWALK,No,SUSPECTED MINOR INJURY,NONE,39.0979889,-77.1364997,"(39.0979889, -77.1364997)"
MCP1565003C,190007165,Montgomery County Police,Injury Crash,02/14/2019 06:31:00 AM,County,PARKLAND DR,ASPEN HILL RD,,N/A,PEDESTRIAN,OTHER,CLEAR,DRY,DARK LIGHTS ON,TRAFFIC SIGNAL,NONE DETECTED,NONE DETECTED,0A797E9D-D5A8-4772-AACB-3F705B39AF81,PEDESTRIAN,Cross/Enter at Intersection,NO IMPROPER ACTIONS,ON ROADWAY AT CROSSWALK,No,SUSPECTED SERIOUS INJURY,N/A,39.07909,-77.08739667,"(39.07909, -77.08739667)"
MCP3003001Z,180025530,Montgomery County Police,Injury Crash,05/24/2018 04:35:00 PM,County,BARNESVILLE RD,OLD HUNDRED RD (BACK),,N/A,BICYCLIST,HEAD ON LEFT TURN,CLEAR,DRY,DAYLIGHT,STOP SIGN,NONE DETECTED,NONE DETECTED,EC5083E0-0F55-41E9-9527-2477A79F9053,BICYCLIST,Cross/Enter at Intersection,NO IMPROPER ACTIONS,UNKNOWN,No,SUSPECTED MINOR INJURY,MC/BIKE HELMET,39.22072562,-77.37552881,"(39.22072562, -77.37552881)"
MCP209400CG,180050856,Montgomery County Police,Injury Crash,10/11/2018 09:14:00 AM,,,,PARKING LOT OF 7736 WOODMONT AVE,,OTHER,OTHER,N/A,,DAYLIGHT,N/A,NONE DETECTED,NONE DETECTED,8F459B94-5FBE-4A09-8E88-26D438AF707B,OTHER,Other,NO IMPROPER ACTIONS,OTHER,No,SUSPECTED MINOR INJURY,N/A,38.98870667,-77.09558167,"(38.98870667, -77.09558167)"
MCP2917009M,220023874,Montgomery County Police,Fatal Crash,06/03/2022 10:00:00 PM,County,GRIDLEY RD,SELFRIDGE RD,,N/A,PEDESTRIAN,OTHER,CLEAR,DRY,DARK NO LIGHTS,STOP SIGN,NONE DETECTED,NONE DETECTED,42E9B725-3301-48D4-95F0-6B68D744E3B6,PEDESTRIAN,Cross/Enter at Intersection,NO IMPROPER ACTIONS,ON ROADWAY AT CROSSWALK,No,FATAL INJURY,NONE,39.05656167,-77.08530333,"(39.05656167, -77.08530333)"
MCP3148007X,250018717,MONTGOMERY,Property Damage Crash,04/29/2025 02:28:00 PM,,,,Parking Stall        PARKING LOT OF 8500 16TH ST,,Pedestrian,Rear To Rear,Clear,,Daylight,,"Unknown, Unknown","Not Suspect of Alcohol Use, Not Suspect of Drug Use",E4BF528A-2843-4B9F-B2B1-0565B825F0B2,Pedestrian,Other,None (No Improper Action),Other,No,No Apparent Injury,None,38.9954905,-77.03744397,"(38.9954905, -77.03744397)"
MCP3122003X,210013875,Montgomery County Police,Injury Crash,04/14/2021 06:00:00 AM,County,BEL PRE RD,CHURCH,,N/A,PEDESTRIAN,SINGLE VEHICLE,CLOUDY,DRY,DARK LIGHTS ON,NO CONTROLS,UNKNOWN,NONE DETECTED,18422FF5-7021-4E03-9767-E54110160A82,PEDESTRIAN,Cross/Enter not at Intersection,IN ROADWAY IMPROPERLY,ON ROADWAY NOT AT CROSSWALK,Yes,SUSPECTED MINOR INJURY,NONE,39.094785,-77.07850333,"(39.094785, -77.07850333)"
MCP3426001Y,250026201,MONTGOMERY,Injury Crash,06/12/2025 07:00:00 AM,County Route,LINDEN AVE,POOKS HILL RD,,,Pedestrian,Single Vehicle,Clear,Dry,Daylight,Stop Sign,"Not Suspect of Alcohol Use, Not Suspect of Drug Use","Not Suspect of Alcohol Use, Not Suspect of Drug Use",4D79D149-820E-4125-A63E-3A6AA1A9472E,Pedestrian,Cross/Enter at Intersection,None (No Improper Action),Intersection Marked Crosswalk,No,Possible Injury,None,39.01425441,-77.10618723,"(39.01425441, -77.10618723)"
MCP2968001Z,180007389,Montgomery County Police,Injury Crash,02/12/2018 05:21:00 PM,County,STONEBRIDGE VIEW DR,QUIETWOOD DR,,N/A,PEDESTRIAN,SINGLE VEHICLE,CLEAR,DRY,DAYLIGHT,NO CONTROLS,N/A,N/A,ECAF65C6-93AC-4DED-94E8-5371C9483137,PEDESTRIAN,Cross/Enter at Intersection,NO IMPROPER ACTIONS,ON ROADWAY AT CROSSWALK,No,SUSPECTED MINOR INJURY,N/A,39.091215,-77.21548833,"(39.091215, -77.21548833)"
MCP2008002J,16040174,Montgomery County Police,Injury Crash,08/08/2016 03:07:00 PM,County,CORDELL AVE,WOODMONT AVE,,N/A,PEDESTRIAN,OTHER,N/A,DRY,DAYLIGHT,N/A,UNKNOWN,NONE DETECTED,653E79CC-6353-4AEC-A084-9E499EB5CBB7,PEDESTRIAN,Cross/Enter not at Intersection,IN ROADWAY IMPROPERLY,ON ROADWAY NOT AT CROSSWALK,No,SUSPECTED MINOR INJURY,N/A,38.99047667,-77.09696167,"(38.99047667, -77.09696167)"