Report Number,Local Case Number,Agency Name,ACRS Report Type,Crash Date/Time,Route Type,Road Name,Cross-Street Name,Off-Road Description,Municipality,Related Non-Motorist,Collision Type,Weather,Surface Condition,Light,Traffic Control,Driver Substance Abuse,Non-Motorist Substance Abuse,Person ID,Pedestrian Type,Pedestrian Movement,Pedestrian Actions,Pedestrian Location,At Fault,Injury Severity,Safety Equipment,Latitude,Longitude,Location
DD5631000F,180023444,Rockville Police Departme,Injury Crash,05/24/2018 09:26:00 AM,Municipality,W GUDE DR,FREDERICK RD,,N/A,PEDESTRIAN,N/A,N/A,DRY,DAYLIGHT,TRAFFIC SIGNAL,NONE DETECTED,NONE DETECTED,FF584BBA-AD6E-4F4D-A3A5-8F3B85E40325,PEDESTRIAN,Cross/Enter not at Intersection,FAILURE TO OBEY TRAFFIC SIGNS SIGNALS OR OFFICER,ON ROADWAY NOT AT CROSSWALK,Yes,POSSIBLE INJURY,NONE,39.10668667,-77.15902333,"(39.10668667, -77.15902333)"
DD5567007V,250019000,ROCKVILLE,Property Damage Crash,05/01/2025 07:54:00 AM,Bicycle Route,,SEVEN LOCKS RD,,,Cyclist (Electric),Single Vehicle,Clear,Dry,Daylight,Traffic Control Signal,"Not Suspect of Alcohol Use, Not Suspect of Drug Use","Not Suspect of Alcohol Use, Not Suspect of Drug Use",DA96E765-501F-405C-A5A9-DE6B67EFD57F,Cyclist (Electric),Cross/Enter at Intersection,"Failure to Obey Traffic Signs, Signals, or Officer",Intersection Marked Crosswalk,No,No Apparent Injury,"Helmet, Other",39.06703834,-77.16172338,"(39.06703834, -77.16172338)"
MCP3138002N,200044466,Montgomery County Police,Property Damage Crash,11/11/2020 07:50:00 PM,County,CONTINENTAL DR,GEORGE WASHINGTON DR,,N/A,BICYCLIST,OTHER,CLEAR,DRY,DARK NO LIGHTS,N/A,N/A,N/A,E8E93BE5-BF3F-4D5B-B9DA-B013F121B9A3,BICYCLIST,Walking/Riding w/Traffic,OTHER,ON ROADWAY NOT AT CROSSWALK,No,NO APPARENT INJURY,MC/BIKE HELMET,39.13061875,-77.08827079,"(39.13061875, -77.08827079)"
MCP1220002F,15036528,MONTGOMERY,Injury Crash,07/24/2015 11:46:00 AM,County,HASTINGS DR,COLESVILLE RD,,N/A,BICYCLIST,OTHER,CLEAR,DRY,DAYLIGHT,YIELD SIGN,NONE DETECTED,NONE DETECTED,88D082CF-8847-4897-9E3B-E6019FFCF58A,BICYCLIST,Walking/Cycling on Sidewalk,IN ROADWAY IMPROPERLY,ON ROADWAY AT CROSSWALK,Yes,SUSPECTED MINOR INJURY,MC/BIKE HELMET,39.01347357,-77.01646686,"(39.01347357, -77.01646686)"
MCP1174002S,170549251,Montgomery County Police,Injury Crash,12/18/2017 11:02:00 AM,County,WOODMONT AVE,ELM ST,,N/A,PEDESTRIAN,OTHER,CLOUDY,DRY,DAYLIGHT,TRAFFIC SIGNAL,NONE DETECTED,NONE DETECTED,B3CDF5CA-E82F-4957-B3AE-15A2F7D4646D,PEDESTRIAN,Cross/Enter at Intersection,NO IMPROPER ACTIONS,ON ROADWAY AT CROSSWALK,No,SUSPECTED MINOR INJURY,NONE,38.98259757,-77.09844589,"(38.98259757, -77.09844589)"
MCP3050003M,190031726,Montgomery County Police,Injury Crash,07/03/2019 02:58:00 PM,,,,"DRIVE THRU OF MCDONALDS 13701 CONNECTICUT AVE SILVER SPRING, MD 20906",,PEDESTRIAN,OTHER,CLEAR,,DAYLIGHT,NO CONTROLS,NONE DETECTED,NONE DETECTED,F62BBE7F-9537-4635-B1A8-6CCDC76235E4,PEDESTRIAN,Other,OTHER,OTHER,Yes,SUSPECTED MINOR INJURY,NONE,39.07884667,-77.07989833,"(39.07884667, -77.07989833)"
MCP2720005P,210017224,Montgomery County Police,Injury Crash,05/07/2021 09:42:00 PM,Maryland (State),VEIRS MILL RD,RANDOLPH RD,,N/A,PEDESTRIAN,SINGLE VEHICLE,CLEAR,WET,DARK LIGHTS ON,TRAFFIC SIGNAL,NONE DETECTED,ALCOHOL PRESENT,3B44BC10-B071-4C8C-BA24-4426DCC65F4E,PEDESTRIAN,Cross/Enter not at Intersection,FAILURE TO YIELD RIGHT OF WAY,ON ROADWAY NOT AT CROSSWALK,Yes,SUSPECTED MINOR INJURY,NONE,39.05667333,-77.08317333,"(39.05667333, -77.08317333)"
MCP02510014,17000280,Montgomery County Police,Injury Crash,01/02/2017 06:53:00 PM,,,,PARKING LOT OF 12001 BIRDSEYE TERR,,PEDESTRIAN,OTHER,RAINING,,DARK LIGHTS ON,NO CONTROLS,UNKNOWN,NONE DETECTED,FB6BE170-CDAF-4C61-B099-BDD8A80CD2C2,PEDESTRIAN,Walking/Riding w/Traffic,NO IMPROPER ACTIONS,ON ROADWAY NOT AT CROSSWALK,No,SUSPECTED MINOR INJURY,N/A,39.16370333,-77.24934333,"(39.16370333, -77.24934333)"
DD55950034,16052438,Rockville Police Departme,Injury Crash,10/12/2016 10:38:00 AM,,,,THE PARKING LOT OF 15215 SHADY GROVE RD,,PEDESTRIAN,SINGLE VEHICLE,CLEAR,,DAYLIGHT,N/A,NONE DETECTED,NONE DETECTED,AD8B149F-32F8-44C4-B558-304D15074DD1,PEDESTRIAN,Other,DART DASH,OTHER,Yes,SUSPECTED MINOR INJURY,N/A,39.10634954,-77.18926549,"(39.10634954, -77.18926549)"
MCP3197003F,230018793,Montgomery County Police,Injury Crash,04/19/2023 09:00:00 PM,County,BAUER DR,NORBECK RD,,N/A,PEDESTRIAN,STRAIGHT MOVEMENT ANGLE,CLEAR,DRY,DARK LIGHTS ON,TRAFFIC SIGNAL,NONE DETECTED,NONE DETECTED,DF4E2247-E6D6-49A6-A57D-2F7F8872FEAF,PEDESTRIAN,Cross/Enter at Intersection,NOT VISIBLE,AT INTERSECTION BUT NO CROSSWALK,No,POSSIBLE INJURY,LIGHTING,39.0960701,-77.1098676,"(39.0960701, -77.1098676)"
MCP2351005T,240032286,MONTGOMERY,Injury Crash,07/09/2024 11:08:00 AM,County Route,ORCHARD BROOK DR,,,,Pedestrian,Single Vehicle,Clear,Dry,Daylight,"Person (including flagger, law enforcement, crossing guard, etc.",,"Not Suspect of Alcohol Use, Not Suspect of Drug Use",29703B2C-0BAE-49EB-9F31-3A7C5E312820,Pedestrian,Other,Other,Driveway Access,Yes,Suspected Minor Injury,None,39.06119767,-77.18940983,"(39.06119767, -77.18940983)"
MCP2671000Y,15057392,MONTGOMERY,Injury Crash,11/10/2015 05:20:00 PM,County,FOREST GLEN RD,SLIGO CREEK PKWY,,N/A,PEDESTRIAN,SINGLE VEHICLE,RAINING,WET,DARK NO LIGHTS,OTHER,NONE DETECTED,NONE DETECTED,EB715312-379F-4AAB-97C7-F2D98B2C1E55,PEDESTRIAN,Cross/Enter at Intersection,NOT VISIBLE,ON ROADWAY AT CROSSWALK,No,SUSPECTED MINOR INJURY,NONE,39.0161057,-77.0331046,"(39.0161057, -77.0331046)"
MCP9311004C,240031817,MONTGOMERY,Injury Crash,07/06/2024 10:13:00 AM,County Route,MACARTHUR BLVD,,,,Cyclist (non-electric),Single Vehicle,Clear,Dry,Daylight,No Controls,"Not Suspect of Alcohol Use, Not Suspect of Drug Use","Not Suspect of Alcohol Use, Not Suspect of Drug Use",D18DF974-B16D-4C9C-A1D9-27CC9C16A7BD,Cyclist (non-electric),Walking/Cycling Along Roadway With Traffic (In or Adjacent to Travel Lane),Other,Travel Lane Other Location,Yes,Possible Injury,Helmet,38.98257417,-77.22673683,"(38.98257417, -77.22673683)"
MCP2708004Y,190027751,Montgomery County Police,Injury Crash,06/10/2019 07:30:00 PM,County,NAVAHOE DR,10TH AVE,,N/A,OTHER CONVEYANCE,STRAIGHT MOVEMENT ANGLE,CLEAR,DRY,DAYLIGHT,STOP SIGN,NONE DETECTED,NONE DETECTED,470E3037-D991-4A7D-B245-7CDE10CFC54D,OTHER CONVEYANCE,Cross/Enter at Intersection,FAILURE TO YIELD RIGHT OF WAY,ON ROADWAY NOT AT CROSSWALK,Yes,SUSPECTED MINOR INJURY,NONE,38.99378849,-76.99103481,"(38.99378849, -76.99103481)"
DD5601000V,15027969,Rockville Police Departme,Injury Crash,06/09/2015 02:39:00 PM,Maryland (State),VEIRS MILL RD,ATLANTIC AVE,,ROCKVILLE,PEDESTRIAN,N/A,CLEAR,DRY,DAYLIGHT,TRAFFIC SIGNAL,NONE DETECTED,NONE DETECTED,EAC05F33-1EBD-4FEB-BC52-57D17C2709F3,PEDESTRIAN,Cross/Enter at Intersection,NO IMPROPER ACTIONS,ON ROADWAY AT CROSSWALK,,POSSIBLE INJURY,N/A,39.07530333,-77.11579167,"(39.07530333, -77.11579167)"
MCP3075000K,170533488,Montgomery County Police,Property Damage Crash,09/27/2017 06:33:00 PM,County,BROOKEVILLE RD,ZION RD,,N/A,BICYCLIST,OTHER,CLEAR,DRY,DAYLIGHT,NO CONTROLS,NONE DETECTED,NONE DETECTED,EC89DCB0-0F08-4105-8CB6-0E80C43CD962,BICYCLIST,Walking/Riding w/Traffic,NO IMPROPER ACTIONS,OTHER,No,NO APPARENT INJURY,MC/BIKE HELMET,39.18436333,-77.10522333,"(39.18436333, -77.10522333)"
MCP2694001N,15040391,MONTGOMERY,Injury Crash,08/13/2015 03:54:00 PM,,,,parking lot of 11200 Rockville Pike,,PEDESTRIAN,OTHER,CLEAR,,DAYLIGHT,NO CONTROLS,UNKNOWN,NONE DETECTED,02873400-26BC-44BA-85F5-5585F121A25A,PEDESTRIAN,Standing,NO IMPROPER ACTIONS,OTHER,No,SUSPECTED MINOR INJURY,N/A,39.04044333,-77.11109667,"(39.04044333, -77.11109667)"
DD5540002V,230018503,Rockville Police Departme,Injury Crash,04/18/2023 03:34:00 PM,Municipality,HALPINE RD,E JEFFERSON ST,,ROCKVILLE,PEDESTRIAN,SINGLE VEHICLE,CLEAR,DRY,DAYLIGHT,TRAFFIC SIGNAL,NONE DETECTED,NONE DETECTED,6D1B7A3C-DB87-4761-A05D-9288E692E4E8,PEDESTRIAN,Cross/Enter at Intersection,NO IMPROPER ACTIONS,ON ROADWAY AT CROSSWALK,No,SUSPECTED MINOR INJURY,NONE,39.06092196,-77.12576469,"(39.06092196, -77.12576469)"
EJ7860001W,190001856,Gaithersburg Police Depar,Injury Crash,01/11/2019 09:21:00 PM,Municipality,W DEER PARK RD,SUNNYSIDE CT,,GAITHERSBURG,PEDESTRIAN,OTHER,CLEAR,DRY,DARK LIGHTS ON,NO CONTROLS,NONE DETECTED,NONE DETECTED,7C7A41AB-89DD-480F-90D5-08CA41FE8B75,PEDESTRIAN,Cross/Enter not at Intersection,FAILURE TO YIELD RIGHT OF WAY,ON ROADWAY NOT AT CROSSWALK,Yes,SUSPECTED MINOR INJURY,NONE,39.13237833,-77.20226667,"(39.13237833, -77.20226667)"
MCP3426001N,250018471,MONTGOMERY,Injury Crash,04/28/2025 12:11:00 PM,Maryland (State) Route,ROCKVILLE PIKE,,,,Pedestrian,Single Vehicle,Clear,Dry,Daylight,No Controls,"Not Suspect of Alcohol Use, Not Suspect of Drug Use","Not Suspect of Alcohol Use, Not Suspect of Drug Use",EB11B3DB-6BD9-466D-81EB-AB41533BDBDC,Pedestrian,Cross/Enter at Intersection,Unknown,Travel Lane Other Location,No,Suspected Serious Injury,Unknown,39.03848093,-77.10844427,"(39.03848093, -77.10844427)"
MCP243600CM,210021739,Montgomery County Police,Injury Crash,06/08/2021 07:30:00 AM,US (State),COLUMBIA PIKE,ENT TO BURNT MILLS SHOPPING CENTER,,N/A,PEDESTRIAN,SINGLE VEHICLE,CLEAR,DRY,DAYLIGHT,STOP SIGN,NONE DETECTED,NONE DETECTED,2284F3AD-1EEE-4DA5-A3B2-E59FF816D89A,PEDESTRIAN,Cross/Enter at Intersection,NO IMPROPER ACTIONS,AT INTERSECTION MARKED CROSSWALK,No,SUSPECTED MINOR INJURY,NONE,39.03182785,-77.00408697,"(39.03182785, -77.00408697)"
MCP3383001P,240049380,MONTGOMERY,Property Damage Crash,10/16/2024 06:50:00 AM,County Route,SHOREFIELD RD,GEORGIA AVE,,,Pedestrian,Single Vehicle,Clear,Dry,Dawn,Traffic Control Signal,"Not Suspect of Alcohol Use, Not Suspect of Drug Use","Not Suspect of Alcohol Use, Not Suspect of Drug Use",FE43C396-BC4A-4C26-A15F-5E97ED379505,Pedestrian,Cross/Enter at Intersection,None (No Improper Action),Intersection Marked Crosswalk,No,No Apparent Injury,None,39.05304251,-77.05085257,"(39.05304251, -77.05085257)"
MCP1595001L,210031950,Montgomery County Police,Injury Crash,08/16/2021 06:21:00 PM,,,,PARKING LOT OF 11215 GEORGIA AVENUE,,PEDESTRIAN,OTHER,CLEAR,,DARK LIGHTS ON,NO CONTROLS,NONE DETECTED,NONE DETECTED,450DD2ED-B1B0-4E38-965F-252A6F424E97,PEDESTRIAN,Other,NO IMPROPER ACTIONS,OTHER,No,POSSIBLE INJURY,NONE,39.03912235,-77.05016286,"(39.03912235, -77.05016286)"
MCP31390036,220023142,Montgomery County Police,Injury Crash,05/30/2022 07:19:00 PM,,,,3660 CHILDRESS TERRACE,,OTHER,OTHER,CLEAR,,DAYLIGHT,NO CONTROLS,NONE DETECTED,N/A,A39584E4-94ED-4A03-B462-FF7ACB2CF16F,OTHER,N/A,NO IMPROPER ACTIONS,INSIDE BUILDING,No,NO APPARENT INJURY,N/A,39.091989,-76.93580717,"(39.091989, -76.93580717)"
MCP1438002S,16033074,Montgomery County Police,Injury Crash,06/30/2016 10:49:00 AM,County,EPSILON DR,EPSILON PL,,N/A,PEDESTRIAN,SAME DIR REAR END,CLEAR,DRY,DAYLIGHT,NO CONTROLS,NONE DETECTED,NONE DETECTED,F4D27521-A7FE-4B9B-B197-A1ECA33DE342,PEDESTRIAN,Standing,NO IMPROPER ACTIONS,OTHER,No,NO APPARENT INJURY,N/A,39.13841333,-77.16330667,"(39.13841333, -77.16330667)"
MCP158000D4,200038226,Montgomery County Police,Injury Crash,09/29/2020 07:24:00 AM,County,MUDDY BRANCH RD,HARMONY HALL RD,,N/A,BICYCLIST,SINGLE VEHICLE,CLOUDY,DRY,DAYLIGHT,NO CONTROLS,NONE DETECTED,NONE DETECTED,D4C93812-2834-4666-B46C-9AFBD80AD857,BICYCLIST,Cross/Enter at Intersection,FAILURE TO OBEY TRAFFIC SIGNS SIGNALS OR OFFICER,ON ROADWAY AT CROSSWALK,Yes,SUSPECTED MINOR INJURY,NONE,39.136965,-77.20557167,"(39.136965, -77.20557167)"
MCP27820045,220042566,Montgomery County Police,Injury Crash,09/29/2022 07:37:00 PM,Maryland (State),GEORGIA AVE,ENT TO BUSINESS,,N/A,PEDESTRIAN,STRAIGHT MOVEMENT ANGLE,CLEAR,DRY,DUSK,NO CONTROLS,UNKNOWN,NONE DETECTED,58152B8D-2981-4CA7-8C88-423113E01517,PEDESTRIAN,Walking/Cycling on Sidewalk,NO IMPROPER ACTIONS,SIDEWALK,No,POSSIBLE INJURY,NONE,39.07896602,-77.07249499,"(39.07896602, -77.07249499)"
MCP30140046,230057767,Montgomery County Police,Injury Crash,09/30/2023 07:44:00 PM,County,BONIFANT RD,LAYHILL RD,,N/A,PEDESTRIAN,SAME DIR REAR END,CLEAR,DRY,DARK LIGHTS ON,NO CONTROLS,ILLEGAL DRUG CONTRIBUTED,NONE DETECTED,A90E4C0E-F545-482C-B7F4-AAA3BC38E5D1,PEDESTRIAN,Walking/Cycling on Sidewalk,NO IMPROPER ACTIONS,SIDEWALK,No,SUSPECTED SERIOUS INJURY,NONE,39.09064071,-77.04416447,"(39.09064071, -77.04416447)"
MCP1433005C,230052076,Montgomery County Police,Injury Crash,08/29/2023 07:15:00 PM,Maryland (State),ROCKVILLE PIKE,ENT TO FEDERAL PLAZA S.C.,,N/A,PEDESTRIAN,OTHER,CLEAR,DRY,DAYLIGHT,TRAFFIC SIGNAL,UNKNOWN,NONE DETECTED,42E321BD-50FE-4ADE-B071-01E4F22BCBEB,PEDESTRIAN,Cross/Enter at Intersection,NO IMPROPER ACTIONS,ON ROADWAY AT CROSSWALK,No,POSSIBLE INJURY,NONE,39.05738374,-77.1204141,"(39.05738374, -77.1204141)"
MCP2931004T,200050544,Montgomery County Police,Injury Crash,12/23/2020 05:59:00 PM,Municipality,CONGRESSIONAL LA,E JEFFERSON ST,,ROCKVILLE,BICYCLIST,STRAIGHT MOVEMENT ANGLE,N/A,N/A,DARK LIGHTS ON,STOP SIGN,NONE DETECTED,NONE DETECTED,4F4216BC-B3B1-4B2D-9C01-8E90FED21E41,BICYCLIST,Cross/Enter at Intersection,NO IMPROPER ACTIONS,SIDEWALK,No,POSSIBLE INJURY,NONE,39.06280667,-77.12824333,"(39.06280667, -77.12824333)"
MCP2737006G,250010121,MONTGOMERY,Injury Crash,03/08/2025 01:31:00 AM,County Route,GLENALLAN AVE,,,,Pedestrian,Single Vehicle,Clear,Dry,Dark - Unknown Lighting,No Controls,"Unknown, Unknown","Suspect of Alcohol Use, Unknown",271495EB-7568-4A82-9F36-11BF5B52515B,Pedestrian,Unknown,Unknown,Unknown,No,Suspected Serious Injury,None,39.0640318,-77.0526093,"(39.0640318, -77.0526093)"
MCP21160056,16055105,Montgomery County Police,Injury Crash,10/26/2016 01:50:00 PM,County,FISHERS LA,TWINBROOK PKWY,,N/A,PEDESTRIAN,STRAIGHT MOVEMENT ANGLE,CLEAR,DRY,DAYLIGHT,TRAFFIC SIGNAL,NONE DETECTED,NONE DETECTED,B85E713F-0E7A-4445-BC37-14472734D0C2,PEDESTRIAN,Cross/Enter at Intersection,FAILURE TO OBEY TRAFFIC SIGNS SIGNALS OR OFFICER,AT INTERSECTION MARKED CROSSWALK,Yes,POSSIBLE INJURY,NONE,39.062751,-77.116451,"(39.062751, -77.116451)"
MCP2917007R,210018952,Montgomery County Police,Injury Crash,05/19/2021 07:12:00 PM,County,GRENOBLE DR,PARKLAND DR,,N/A,PEDESTRIAN,OTHER,CLEAR,DRY,DAYLIGHT,NO CONTROLS,NONE DETECTED,NONE DETECTED,7F20F036-A0AF-4DFE-9D2C-699AE4E3156A,PEDESTRIAN,Playing,DART DASH,ON ROADWAY NOT AT CROSSWALK,Yes,SUSPECTED MINOR INJURY,N/A,39.0783657,-77.08604655,"(39.0783657, -77.08604655)"
DM83700009,16017058,Takoma Park Police Depart,Injury Crash,04/07/2016 09:47:00 AM,,,,SCHOOL PARKING LOT,,PEDESTRIAN,OTHER,RAINING,,DARK LIGHTS ON,NO CONTROLS,,NONE DETECTED,66DB8A63-A1C6-4394-B2B3-11ED61E99D6B,PEDESTRIAN,Other,DART DASH,N/A,Unknown,SUSPECTED MINOR INJURY,N/A,38.98521833,-77.01335667,"(38.98521833, -77.01335667)"
MCP209400C6,180047714,Montgomery County Police,Injury Crash,09/24/2018 01:59:00 PM,County,WOODMONT AVE,FAIRMONT AVE,,N/A,PEDESTRIAN,OTHER,RAINING,WET,N/A,NO CONTROLS,NONE DETECTED,NONE DETECTED,E0EA97A7-E58F-4E1D-ADEE-4DC5F8389517,PEDESTRIAN,Standing,IN ROADWAY IMPROPERLY,ON ROADWAY NOT AT CROSSWALK,Yes,POSSIBLE INJURY,NONE,38.98929,-77.09625,"(38.98929, -77.09625)"
DM8500001B,240001357,TAKOMA,Property Damage Crash,01/09/2024 01:53:00 PM,,,,Parking Lot Way        HAMPSHIRE LANGLEY SHOPPING CENTER,,Pedestrian,Unknown,Rain,,Daylight,,"Unknown, Unknown","Not Suspect of Alcohol Use, Not Suspect of Drug Use",9BEFB118-919C-495F-A96F-D718A7CBA7A8,Pedestrian,Cross/Enter Not at Intersection,Other,Intersection Unmarked Crosswalk,No,No Apparent Injury,None,38.98911349,-76.9894316,"(38.98911349, -76.9894316)"
MCP2723000L,15024783,Montgomery County Police,Injury Crash,05/23/2015 09:34:00 AM,County,OLD BALTIMORE RD,CARTER MILL WAY,,N/A,BICYCLIST,STRAIGHT MOVEMENT ANGLE,CLEAR,DRY,DAYLIGHT,STOP SIGN,NONE DETECTED,NONE DETECTED,79096F93-A6B0-4BAF-9BC9-48E4A4D8AF10,BICYCLIST,Cross/Enter at Intersection,UNKNOWN,SHOULDER,,POSSIBLE INJURY,MC/BIKE HELMET,39.17075167,-77.05024,"(39.17075167, -77.05024)"
MCP1563006X,210035869,Montgomery County Police,Injury Crash,09/12/2021 11:40:00 AM,,,,PARKING LOT OF 8542 CONNECTICUT AVE.,,PEDESTRIAN,SINGLE VEHICLE,CLEAR,,DAYLIGHT,N/A,NONE DETECTED,NONE DETECTED,C0932DF5-9C3B-44BD-AE1A-57FC24D748C2,PEDESTRIAN,Standing,NO IMPROPER ACTIONS,OTHER,No,SUSPECTED MINOR INJURY,N/A,38.995515,-77.07769,"(38.995515, -77.07769)"
MCP3245004S,230069381,Montgomery County Police,Injury Crash,12/01/2023 07:25:00 PM,Maryland (State),FREDERICK RD,DALAMAR ST,,GAITHERSBURG,PEDESTRIAN,OTHER,RAINING,WET,DARK LIGHTS ON,TRAFFIC SIGNAL,NONE DETECTED,NONE DETECTED,1148C805-13E0-452B-9EB7-4B70BA57C9FB,PEDESTRIAN,Cross/Enter not at Intersection,IN ROADWAY IMPROPERLY,ON ROADWAY NOT AT CROSSWALK,Yes,POSSIBLE INJURY,NONE,39.1465181,-77.20470847,"(39.1465181, -77.20470847)"
MCP32300054,240003813,MONTGOMERY,Injury Crash,01/24/2024 08:40:00 PM,County Route,RANDOLPH RD (WB/L),VEIRS MILL RD (WB/L),,,Pedestrian,Single Vehicle,Cloudy,Wet,Dark - Lighted,Traffic Control Signal,"Not Suspect of Alcohol Use, Not Suspect of Drug Use","Not Suspect of Alcohol Use, Not Suspect of Drug Use",758D70AE-B512-4B36-B3E6-CD24D5BAF629,Pedestrian,Cross/Enter at Intersection,None (No Improper Action),Intersection Marked Crosswalk,No,Suspected Minor Injury,None,39.05627232,-77.08254668,"(39.05627232, -77.08254668)"
MCP13340047,16049320,Montgomery County Police,Injury Crash,09/25/2016 12:15:00 PM,County,COMUS RD,BARLEY FIELD LA,,N/A,BICYCLIST,SINGLE VEHICLE,CLEAR,DRY,DAYLIGHT,N/A,NONE DETECTED,NONE DETECTED,8BF408F5-B4E2-46FB-A60B-B2144442D8C6,BICYCLIST,Walking/Riding w/Traffic,NO IMPROPER ACTIONS,ON ROADWAY NOT AT CROSSWALK,No,POSSIBLE INJURY,MC/BIKE HELMET,39.25044232,-77.37083763,"(39.25044232, -77.37083763)"
MCP2720001P,15060836,MONTGOMERY,Injury Crash,11/28/2015 07:18:00 PM,County,CONNECTICUT AVE,GRAND PRE RD,,N/A,PEDESTRIAN,SINGLE VEHICLE,CLEAR,DRY,DARK -- UNKNOWN LIGHTING,NO CONTROLS,NONE DETECTED,UNKNOWN,020DC8F9-B4C5-43A3-8152-19B4A1E47C93,PEDESTRIAN,Cross/Enter not at Intersection,IN ROADWAY IMPROPERLY,ON ROADWAY NOT AT CROSSWALK,Yes,POSSIBLE INJURY,NONE,39.08699167,-77.07413333,"(39.08699167, -77.07413333)"
DD5630002D,190055176,Rockville Police Departme,Property Damage Crash,11/15/2019 06:40:00 PM,Municipality,TEMPLETON PL,ROCKVILLE PIKE,,N/A,PEDESTRIAN,OTHER,CLEAR,DRY,DARK LIGHTS ON,TRAFFIC SIGNAL,NONE DETECTED,NONE DETECTED,01AEE9D0-64F7-4B93-8AA2-EFFB706991E2,PEDESTRIAN,Cross/Enter at Intersection,NO IMPROPER ACTIONS,ON ROADWAY AT CROSSWALK,No,NO APPARENT INJURY,NONE,39.06675,-77.12824,"(39.06675, -77.12824)"
MCP2895002B,220026615,Montgomery County Police,Injury Crash,06/20/2022 07:30:00 PM,County,MIDDLEBROOK RD,RIDGECREST DR,,N/A,BICYCLIST,OTHER,N/A,DRY,DAYLIGHT,STOP SIGN,NONE DETECTED,NONE DETECTED,46288F10-D0F2-4D72-9703-7C4073441B6E,BICYCLIST,Cross/Enter at Intersection,NO IMPROPER ACTIONS,ON ROADWAY NOT AT CROSSWALK,No,POSSIBLE INJURY,NONE,39.17487664,-77.25918558,"(39.17487664, -77.25918558)"
MCP271700K4,180041691,Montgomery County Police,Injury Crash,08/21/2018 09:40:00 PM,County,SOUTHAMPTON DR,BEACON RD,,N/A,PEDESTRIAN,OTHER,CLEAR,WET,DARK LIGHTS ON,NO CONTROLS,UNKNOWN,NONE DETECTED,2D1AC938-0AD1-4A2D-A06C-21E120626FB5,PEDESTRIAN,Cross/Enter not at Intersection,IN ROADWAY IMPROPERLY,ON ROADWAY NOT AT CROSSWALK,No,SUSPECTED MINOR INJURY,NONE,39.00533483,-76.98210633,"(39.00533483, -76.98210633)"
DD56620002,230007543,Rockville Police Departme,Injury Crash,02/14/2023 04:34:00 PM,Municipality,WOOTTON PKWY,GREENPLACE TERR,,ROCKVILLE,PEDESTRIAN,OTHER,CLEAR,DRY,DAYLIGHT,PERSON,NONE DETECTED,NONE DETECTED,F4AD7B8D-DA6A-4B71-BE27-37DAA622FEC5,PEDESTRIAN,Cross/Enter not at Intersection,DART DASH,ON ROADWAY NOT AT CROSSWALK,Yes,SUSPECTED MINOR INJURY,NONE,39.0837375,-77.15342333,"(39.0837375, -77.15342333)"
MCP28750093,240034186,MONTGOMERY,Injury Crash,07/19/2024 09:15:00 PM,County Route,GUNNERS BRANCH RD,FREDERICK RD (SB/L),,,Cyclist (Electric),Single Vehicle,Cloudy,Dry,Dark - Lighted,No Controls,"Not Suspect of Alcohol Use, Not Suspect of Drug Use","Suspect of Alcohol Use, Not Suspect of Drug Use",30D2639F-401A-47ED-974C-845DCA0212B5,Cyclist (Electric),Cross/Enter at Intersection,"Failure to Obey Traffic Signs, Signals, or Officer, Failure to Yield Right-Of-Way",Travel Lane Other Location,Yes,Possible Injury,None,39.17540204,-77.23822779,"(39.17540204, -77.23822779)"
MCP2039005P,190046658,Montgomery County Police,Injury Crash,09/29/2019 10:45:00 AM,Maryland (State),CONNECTICUT AVE,ASPEN HILL RD,,N/A,BICYCLIST,HEAD ON LEFT TURN,CLEAR,DRY,DAYLIGHT,TRAFFIC SIGNAL,N/A,N/A,3BC7DC7E-F6FB-4AB2-99DE-2EB1B9C35E57,BICYCLIST,Other,UNKNOWN,ON ROADWAY NOT AT CROSSWALK,Unknown,SUSPECTED MINOR INJURY,N/A,39.08048,-77.08027833,"(39.08048, -77.08027833)"
MCP2892001N,16029031,Montgomery County Police,Injury Crash,06/09/2016 04:43:00 PM,,,,"PARKING LOT OF ST. JOHN THE EVANGELIST CATHOLIC CHURCH


10201 GEORGIA AVENUE",,PEDESTRIAN,OTHER,N/A,,DAYLIGHT,NO CONTROLS,NONE DETECTED,NONE DETECTED,FC5571ED-38EE-4671-B3BE-E26CF66C860F,PEDESTRIAN,Walking/Riding against Traffic,NO IMPROPER ACTIONS,SIDEWALK,No,POSSIBLE INJURY,NONE,39.02362833,-77.0453,"(39.02362833, -77.0453)"
EJ7875003N,230049988,Gaithersburg Police Depar,Injury Crash,08/17/2023 07:20:00 PM,,,,PARKING LOT OF 394 W DEER PARK ROAD,,PEDESTRIAN,OTHER,CLEAR,,DAYLIGHT,N/A,UNKNOWN,N/A,90414F24-61BC-4774-81F3-B76720EAE0C9,PEDESTRIAN,Other,OTHER,OTHER,No,POSSIBLE INJURY,OTHER,39.12925274,-77.20170906,"(39.12925274, -77.20170906)"
MCP2107000R,16032330,Montgomery County Police,Injury Crash,06/26/2016 09:12:00 AM,County,CLOPPER RD,WHITE GROUNDS RD,,N/A,BICYCLIST,STRAIGHT MOVEMENT ANGLE,CLEAR,N/A,DAYLIGHT,N/A,NONE DETECTED,NONE DETECTED,0A53504A-BEA4-4924-ADC4-E285D1A4A901,BICYCLIST,Walking/Riding w/Traffic,IN ROADWAY IMPROPERLY,OTHER,Yes,SUSPECTED SERIOUS INJURY,MC/BIKE HELMET,39.183985,-77.31440167,"(39.183985, -77.31440167)"