Report Number,Local Case Number,Agency Name,ACRS Report Type,Crash Date/Time,Route Type,Road Name,Cross-Street Name,Off-Road Description,Municipality,Related Non-Motorist,Collision Type,Weather,Surface Condition,Light,Traffic Control,Driver Substance Abuse,Non-Motorist Substance Abuse,Person ID,Pedestrian Type,Pedestrian Movement,Pedestrian Actions,Pedestrian Location,At Fault,Injury Severity,Safety Equipment,Latitude,Longitude,Location
MCP31610071,240047101,MONTGOMERY,Injury Crash,10/02/2024 07:15:00 PM,Maryland (State) Route,CONNECTICUT AVE,,,,Pedestrian,Single Vehicle,Clear,Wet,Dark - Lighted,"Person (including flagger, law enforcement, crossing guard, etc.","Not Suspect of Alcohol Use, Not Suspect of Drug Use","Not Suspect of Alcohol Use, Not Suspect of Drug Use",11E8F4D3-45FD-4B57-A4DB-6BCF318E2BDC,Pedestrian,Standing,None (No Improper Action),Travel Lane Other Location,No,Suspected Minor Injury,"Reflective Wear (backpack, triangles, etc.)",39.02002633,-77.0770985,"(39.02002633, -77.0770985)"
MCP2612000T,15016657,Montgomery County Police,Injury Crash,04/10/2015 06:01:00 PM,,,,Parking lot of 13701 Georgia Ave,,PEDESTRIAN,OTHER,CLOUDY,,DAYLIGHT,NO CONTROLS,NONE DETECTED,NONE DETECTED,7E4FBCCA-9BA0-4E57-8896-4438B59B6C07,PEDESTRIAN,Push/Work on Vehicle,NO IMPROPER ACTIONS,OTHER,,SUSPECTED MINOR INJURY,N/A,39.080295,-77.07336,"(39.080295, -77.07336)"
MCP285900B3,210026650,Montgomery County Police,Injury Crash,07/11/2021 12:50:00 PM,Maryland (State),S FREDERICK RD,N WESTLAND DR,,N/A,BICYCLIST,STRAIGHT MOVEMENT ANGLE,CLEAR,DRY,DAYLIGHT,TRAFFIC SIGNAL,N/A,NONE DETECTED,7247BB92-0494-41A3-91B0-1FF41D9AAACB,BICYCLIST,Cross/Enter at Intersection,NO IMPROPER ACTIONS,AT INTERSECTION MARKED CROSSWALK,No,POSSIBLE INJURY,MC/BIKE HELMET,39.12567667,-77.18317833,"(39.12567667, -77.18317833)"
MCP271700B3,17012468,Montgomery County Police,Injury Crash,03/09/2017 04:45:00 PM,Maryland (State),NEW HAMPSHIRE AVE,OAKVIEW DR,,N/A,PEDESTRIAN,OTHER,CLEAR,DRY,DAYLIGHT,TRAFFIC SIGNAL,NONE DETECTED,NONE DETECTED,67F9F0CC-84BB-41EE-9107-BE7E0C868D91,PEDESTRIAN,Cross/Enter at Intersection,NO IMPROPER ACTIONS,ON ROADWAY AT CROSSWALK,No,SUSPECTED MINOR INJURY,NONE,39.01515533,-76.9780485,"(39.01515533, -76.9780485)"
MCP2879000W,15048521,MONTGOMERY,Injury Crash,09/24/2015 07:01:00 PM,County,DUFIEF MILL RD,AMBERLEA FARM DR,,N/A,PEDESTRIAN,OTHER,CLEAR,UNKNOWN,DAYLIGHT,NO CONTROLS,UNKNOWN,NONE DETECTED,F6059E58-0E62-4823-A1E4-05C09873F343,PEDESTRIAN,Walking to/from school,UNKNOWN,UNKNOWN,No,POSSIBLE INJURY,NONE,39.08924309,-77.23572135,"(39.08924309, -77.23572135)"
MCP31690016,190032641,Montgomery County Police,Injury Crash,07/09/2019 07:24:00 PM,County,DILSTON RD,AVENEL RD,,N/A,BICYCLIST,OTHER,CLEAR,DRY,DAYLIGHT,NO CONTROLS,NONE DETECTED,N/A,18C88018-8D95-4C5E-9ADE-221E38B2D503,BICYCLIST,Cross/Enter not at Intersection,DART DASH,ON ROADWAY NOT AT CROSSWALK,Yes,SUSPECTED SERIOUS INJURY,NONE,39.01231692,-76.98125379,"(39.01231692, -76.98125379)"
MCP2191002D,180039753,Montgomery County Police,Injury Crash,08/10/2018 12:13:00 PM,,,,PARKING LOT OF 11919 ROCKVILLE PIKE,,OTHER,SINGLE VEHICLE,UNKNOWN,,DAYLIGHT,N/A,NONE DETECTED,NONE DETECTED,741FC81D-5CF9-4AD7-9704-263E0D91F3A4,OTHER,N/A,N/A,INSIDE BUILDING,No,POSSIBLE INJURY,N/A,39.05156233,-77.11470283,"(39.05156233, -77.11470283)"
MCP30940063,250017151,MONTGOMERY,Injury Crash,04/20/2025 04:13:00 PM,Maryland (State) Route,,,,,Pedestrian,Single Vehicle,Clear,Dry,Daylight,No Controls,"Not Suspect of Alcohol Use, Not Suspect of Drug Use","Not Suspect of Alcohol Use, Not Suspect of Drug Use",7D8BD404-2E0F-4C93-8E70-6B44DA5793F4,Pedestrian,Cross/Enter Not at Intersection,"Dart/Dash, In Roadway Improperly (Standing, Lying, Working, Playing)",Travel Lane Other Location,Yes,Suspected Minor Injury,None,39.14660424,-77.1458093,"(39.14660424, -77.1458093)"
MCP2635008Y,240035977,MONTGOMERY,Property Damage Crash,07/30/2024 10:15:00 PM,Maryland (State) Route,GEORGIA AVE (SB/L),,,,Pedestrian,Single Vehicle,Clear,Dry,Dark - Not Lighted,No Controls,"Not Suspect of Alcohol Use, Not Suspect of Drug Use","Not Suspect of Alcohol Use, Not Suspect of Drug Use",79E20F24-D304-4E48-BBF4-B19F55BB98A8,Pedestrian,Other,"In Roadway Improperly (Standing, Lying, Working, Playing), Not Visible (Dark Clothing, No Lighting, etc.)",Travel Lane Other Location,No,No Apparent Injury,None,39.10563754,-77.07652208,"(39.10563754, -77.07652208)"
MCP156300BB,250012172,MONTGOMERY,Injury Crash,03/20/2025 07:31:00 AM,County Route,WINNETT RD,POMANDER LA,,,Pedestrian,Single Vehicle,Clear,Dry,Daylight,Stop Sign,"Not Suspect of Alcohol Use, Not Suspect of Drug Use","Not Suspect of Alcohol Use, Not Suspect of Drug Use",DFFB8F0F-67F4-49A8-8AF4-A295F15F6D37,Pedestrian,Cross/Enter at Intersection,None (No Improper Action),Intersection Unmarked Crosswalk,No,Suspected Minor Injury,None,38.98053967,-77.06313583,"(38.98053967, -77.06313583)"
MCP14170079,170505844,Montgomery County Police,Injury Crash,05/04/2017 10:54:00 AM,,,,PARKING LOT OF 417 N. FREDERICK ROAD,,PEDESTRIAN,SINGLE VEHICLE,N/A,,DAYLIGHT,NO CONTROLS,NONE DETECTED,NONE DETECTED,F3528174-F13B-46F2-8497-784D338894D4,PEDESTRIAN,Walking/Cycling on Sidewalk,NO IMPROPER ACTIONS,SIDEWALK,No,SUSPECTED MINOR INJURY,NONE,39.1466118,-77.20472306,"(39.1466118, -77.20472306)"
MCP3178000V,190028761,Montgomery County Police,Property Damage Crash,06/16/2019 12:57:00 PM,Maryland (State),NEW HAMPSHIRE AVE,NOTLEY RD,,N/A,PEDESTRIAN,SINGLE VEHICLE,CLEAR,DRY,DAYLIGHT,STOP SIGN,NONE DETECTED,NONE DETECTED,94428342-AB7D-4F43-BCCF-73D7644810CA,PEDESTRIAN,Cross/Enter at Intersection,UNKNOWN,ON ROADWAY NOT AT CROSSWALK,No,NO APPARENT INJURY,N/A,39.08078667,-77.001345,"(39.08078667, -77.001345)"
MCP3014002L,200017515,Montgomery County Police,Injury Crash,04/28/2020 10:56:00 PM,Maryland (State),VEIRS MILL RD,RANDOLPH RD,,N/A,PEDESTRIAN,OTHER,CLOUDY,WET,DARK LIGHTS ON,TRAFFIC SIGNAL,NONE DETECTED,ALCOHOL CONTRIBUTED,405F4FDB-A1B6-48F2-ADA7-92D7DB12A440,PEDESTRIAN,Cross/Enter at Intersection,IN ROADWAY IMPROPERLY,ON ROADWAY NOT AT CROSSWALK,Yes,SUSPECTED SERIOUS INJURY,NONE,39.05617808,-77.08262992,"(39.05617808, -77.08262992)"
MCP1433002P,190048012,Montgomery County Police,Injury Crash,10/06/2019 07:30:00 PM,,,,ENTRANCE TO FEDERAL PLAZA SHOPPING CENTER,,PEDESTRIAN,OTHER,CLOUDY,,DARK LIGHTS ON,TRAFFIC SIGNAL,NONE DETECTED,NONE DETECTED,B3B59870-6E5C-4F19-931F-C313B7AFE458,PEDESTRIAN,Cross/Enter at Intersection,NO IMPROPER ACTIONS,ON ROADWAY AT CROSSWALK,No,POSSIBLE INJURY,NONE,39.05744564,-77.12036467,"(39.05744564, -77.12036467)"
MCP34140018,240056413,MONTGOMERY,Injury Crash,11/24/2024 03:36:00 PM,,,,Parking Stall        PARKING LOT,,Pedestrian,Single Vehicle,Clear,,Daylight,,"Not Suspect of Alcohol Use, Not Suspect of Drug Use","Not Suspect of Alcohol Use, Not Suspect of Drug Use",AE9B0163-7310-4EFF-BADB-AC7B38E1BBBD,Pedestrian,Standing,None (No Improper Action),NonTrafficway Area,No,Suspected Minor Injury,None,38.99180779,-77.02708051,"(38.99180779, -77.02708051)"
MCP291400D3,220050760,Montgomery County Police,Injury Crash,11/16/2022 08:30:00 PM,Maryland (State),GEORGIA AVE,SHOREFIELD RD,,N/A,PEDESTRIAN,OTHER,CLEAR,DRY,DARK LIGHTS ON,NO CONTROLS,N/A,N/A,BBCF0334-4982-4334-BA69-FB7DA87F5B15,PEDESTRIAN,Walking/Cycling on Sidewalk,N/A,SIDEWALK,No,SUSPECTED MINOR INJURY,REFLECTIVE CLOTHING,39.05268545,-77.0509063,"(39.05268545, -77.0509063)"
EJ7781005J,250000147,GAITHERSBURG,Injury Crash,01/02/2025 09:23:00 AM,Municipality Route,SUFFIELD DR,,,,Pedestrian,Single Vehicle,Clear,Dry,Daylight,Pedestrian Crossing,"Not Suspect of Alcohol Use, Not Suspect of Drug Use","Not Suspect of Alcohol Use, Not Suspect of Drug Use",72742723-B235-41A8-9B01-FDC558419B0A,Pedestrian,Cross/Enter at Intersection,None (No Improper Action),Intersection Marked Crosswalk,No,Suspected Minor Injury,None,39.112492,-77.216267,"(39.112492, -77.216267)"
MCP3038006S,240000932,MONTGOMERY,Injury Crash,01/06/2024 06:09:00 PM,Maryland (State) Route,16TH ST (SB/L),EAST WEST HWY (WB/L),,,Pedestrian,Single Vehicle,Rain,Wet,Dark - Lighted,Traffic Control Signal,"Unknown, Unknown","Not Suspect of Alcohol Use, Not Suspect of Drug Use",EEF0E3B8-DE39-422B-B42E-1727CE3F40ED,Pedestrian,Cross/Enter at Intersection,None (No Improper Action),Intersection Marked Crosswalk,No,Suspected Minor Injury,None,38.99460669,-77.03640286,"(38.99460669, -77.03640286)"
MCP229800VL,210005324,Montgomery County Police,Injury Crash,02/10/2021 03:16:00 PM,County,FATHER HURLEY BLVD,WISTERIA DR,,N/A,BICYCLIST,STRAIGHT MOVEMENT ANGLE,CLOUDY,DRY,DAYLIGHT,TRAFFIC SIGNAL,NONE DETECTED,NONE DETECTED,570B7068-FF0E-4EE6-985D-1EE7E50C5424,BICYCLIST,Walking/Riding against Traffic,IN ROADWAY IMPROPERLY,AT INTERSECTION MARKED CROSSWALK,Yes,POSSIBLE INJURY,NONE,39.18147606,-77.27625213,"(39.18147606, -77.27625213)"
EJ78650053,190060645,Gaithersburg Police Depar,Injury Crash,12/16/2019 06:45:00 PM,,,,PL OF 307 COPLEY PLACE,,PEDESTRIAN,SINGLE VEHICLE,RAINING,,DARK LIGHTS ON,NO CONTROLS,NONE DETECTED,NONE DETECTED,8634620B-47BB-4086-B405-628157BFE199,PEDESTRIAN,Cross/Enter at Intersection,NO IMPROPER ACTIONS,AT INTERSECTION MARKED CROSSWALK,No,SUSPECTED MINOR INJURY,N/A,39.11551,-77.208105,"(39.11551, -77.208105)"
MCP235300D3,250011815,MONTGOMERY,Injury Crash,03/18/2025 10:45:00 AM,Government Route,BEACH DR,FRANKLIN ST,,,Cyclist (non-electric),Single Vehicle,Cloudy,Dry,Daylight,No Controls,"Not Suspect of Alcohol Use, Not Suspect of Drug Use","Not Suspect of Alcohol Use, Not Suspect of Drug Use",3D934EBE-5F5E-4324-AE87-EFD3AC355273,Cyclist (non-electric),Walking/Cycling Along Roadway With Traffic (In or Adjacent to Travel Lane),None (No Improper Action),Shoulder/Roadside,No,Suspected Minor Injury,Helmet,39.01949057,-77.0976496,"(39.01949057, -77.0976496)"
MCP3129009X,240042227,MONTGOMERY,Injury Crash,09/06/2024 08:41:00 AM,County Route,DALEWOOD DR,RANDOLPH RD (WB/L),,,Cyclist (Electric),Single Vehicle,Clear,Dry,Daylight,Pedestrian Crossing Sign,"Not Suspect of Alcohol Use, Not Suspect of Drug Use","Not Suspect of Alcohol Use, Not Suspect of Drug Use",09C2678B-B110-442E-9FDB-8AC7A2928688,Cyclist (Electric),Cross/Enter at Intersection,None (No Improper Action),Intersection Marked Crosswalk,No,Suspected Minor Injury,Unknown,39.05921025,-77.06917922,"(39.05921025, -77.06917922)"
MCP3016002S,200038469,Montgomery County Police,Injury Crash,09/30/2020 02:13:00 PM,County,WISTERIA DR,CIRCLE GATE DR,,N/A,BICYCLIST,OTHER,CLEAR,DRY,DAYLIGHT,STOP SIGN,N/A,N/A,28AA1CF9-8186-424F-BC53-64F04F954BC5,BICYCLIST,Playing,INATTENTIVE,OTHER,Unknown,POSSIBLE INJURY,NONE,39.17311009,-77.26558872,"(39.17311009, -77.26558872)"
MCP26410016,190010359,Montgomery County Police,Injury Crash,03/05/2019 10:05:00 PM,County,MIDDLEBROOK RD,FREDERICK RD,,N/A,PEDESTRIAN,SINGLE VEHICLE,CLEAR,DRY,DARK LIGHTS ON,TRAFFIC SIGNAL,NONE DETECTED,ALCOHOL PRESENT,283090F4-2584-4112-B254-C207FB5CAA01,PEDESTRIAN,Cross/Enter at Intersection,INATTENTIVE,UNKNOWN,Unknown,POSSIBLE INJURY,N/A,39.18082667,-77.23877667,"(39.18082667, -77.23877667)"
MCP10640068,170526607,Montgomery County Police,Injury Crash,08/24/2017 12:37:00 PM,Maryland (State),NEW HAMPSHIRE AVE,SHERBROOK DR,,N/A,OTHER,SAME DIRECTION SIDESWIPE,CLOUDY,DRY,DAYLIGHT,N/A,N/A,N/A,90F7FE5F-AA7E-4641-BC7F-12F80898ADA0,OTHER,Other Working,OTHER,ON ROADWAY NOT AT CROSSWALK,No,POSSIBLE INJURY,REFLECTIVE CLOTHING,39.17845167,-77.13753667,"(39.17845167, -77.13753667)"
DM84780014,210043560,Takoma Park Police Depart,Property Damage Crash,10/28/2021 04:44:00 PM,Municipality,MAPLE AVE,LEE AVE,,TAKOMA PARK,BICYCLIST,OTHER,N/A,DRY,DAYLIGHT,NO CONTROLS,UNKNOWN,NONE DETECTED,E3D9461D-2423-410F-90F3-026F0D754FC5,BICYCLIST,Walking/Riding w/Traffic,NO IMPROPER ACTIONS,ON ROADWAY AT CROSSWALK,No,NO APPARENT INJURY,NONE,38.98144667,-77.010315,"(38.98144667, -77.010315)"
MCP1022009G,180036958,Montgomery County Police,Injury Crash,07/26/2018 07:32:00 AM,,,,"DRIVEWAY OF 26601 MULLINIX MILL RD MT AIRY, MD 21771",,PEDESTRIAN,SINGLE VEHICLE,CLEAR,,DAYLIGHT,NO CONTROLS,NONE DETECTED,NONE DETECTED,FF49B7C2-FF41-4ED2-8043-6EE5470011AF,PEDESTRIAN,Other,DART DASH,OTHER,Yes,SUSPECTED SERIOUS INJURY,N/A,39.293005,-77.15005667,"(39.293005, -77.15005667)"
MCP32400012,200029768,Montgomery County Police,Injury Crash,07/31/2020 09:00:00 PM,County,PINNACLE DR,CENTURY BLVD,,N/A,PEDESTRIAN,OTHER,CLEAR,WET,DARK LIGHTS ON,NO CONTROLS,UNKNOWN,N/A,28801FCD-C06E-49BE-82EA-E988639DE11C,PEDESTRIAN,Standing,ENTERING EXITING PARKED STANDING VEHICLE,ON ROADWAY NOT AT CROSSWALK,No,SUSPECTED MINOR INJURY,N/A,39.18319358,-77.26644101,"(39.18319358, -77.26644101)"
EJ7777000K,16031565,Gaithersburg Police Depar,Property Damage Crash,06/22/2016 01:56:00 PM,Municipality,RUSSELL AVE,MONTGOMERY VILLAGE AVE,,N/A,BICYCLIST,STRAIGHT MOVEMENT ANGLE,CLEAR,DRY,DAYLIGHT,TRAFFIC SIGNAL,NONE DETECTED,UNKNOWN,19215AB0-1765-4A91-ADB7-81B8954EA091,BICYCLIST,Cross/Enter at Intersection,FAILURE TO OBEY TRAFFIC SIGNS SIGNALS OR OFFICER,ON ROADWAY AT CROSSWALK,Yes,NO APPARENT INJURY,UNKNOWN,39.15436833,-77.20923833,"(39.15436833, -77.20923833)"
MCP2717008P,16061535,Montgomery County Police,Injury Crash,11/30/2016 07:00:00 PM,,,,6101 WILSON LANE (LANDON SCHOOL),,PEDESTRIAN,OTHER,RAINING,,DARK LIGHTS ON,NO CONTROLS,NONE DETECTED,NONE DETECTED,F6B0BC83-A055-4819-9677-4DB2B918D84F,PEDESTRIAN,Cross/Enter not at Intersection,DART DASH,ON ROADWAY NOT AT CROSSWALK,Yes,SUSPECTED MINOR INJURY,NONE,38.99070667,-77.12529333,"(38.99070667, -77.12529333)"
MCP3038006F,230053188,Montgomery County Police,Injury Crash,09/04/2023 09:00:00 PM,Maryland (State),COLESVILLE RD,EAST WEST HWY,,N/A,PEDESTRIAN,OTHER,CLEAR,DRY,DARK LIGHTS ON,TRAFFIC SIGNAL,UNKNOWN,NONE DETECTED,885CE063-3828-42CC-AF75-48D06342C127,PEDESTRIAN,Cross/Enter at Intersection,NO IMPROPER ACTIONS,AT INTERSECTION MARKED CROSSWALK,No,SUSPECTED MINOR INJURY,N/A,38.99358828,-77.03211329,"(38.99358828, -77.03211329)"
MCP2948000G,15037928,MONTGOMERY,Injury Crash,07/31/2015 04:21:00 PM,County,CHANNING DR,ALMA ST,,N/A,PEDESTRIAN,N/A,CLEAR,DRY,DAYLIGHT,NO CONTROLS,NONE DETECTED,NONE DETECTED,9D2FCDFE-A59C-47C3-BE6D-F12968F48287,PEDESTRIAN,Standing,NO IMPROPER ACTIONS,SHOULDER,No,SUSPECTED MINOR INJURY,NONE,39.04446333,-77.04058667,"(39.04446333, -77.04058667)"
MCP2600001F,15055481,MONTGOMERY,Injury Crash,10/31/2015 10:35:00 PM,Maryland (State),NEW HAMPSHIRE AVE,POWDER MILL RD,,N/A,PEDESTRIAN,OTHER,CLEAR,DRY,DARK LIGHTS ON,TRAFFIC SIGNAL,NONE DETECTED,UNKNOWN,BB0B789B-27B4-42A6-8D2A-F56FD7CDDAE4,PEDESTRIAN,Cross/Enter at Intersection,UNKNOWN,ON ROADWAY NOT AT CROSSWALK,Yes,POSSIBLE INJURY,N/A,39.02158667,-76.97838,"(39.02158667, -76.97838)"
MCP29920013,17004969,Montgomery County Police,Injury Crash,01/28/2017 06:47:00 PM,County,CONNECTICUT AVE,GRAND PRE RD,,N/A,PEDESTRIAN,OTHER,CLEAR,DRY,N/A,OTHER,NONE DETECTED,NONE DETECTED,383EDD3D-CC76-461B-B89A-5972C51EBB95,PEDESTRIAN,Cross/Enter at Intersection,NO IMPROPER ACTIONS,AT INTERSECTION MARKED CROSSWALK,No,SUSPECTED MINOR INJURY,N/A,39.08799017,-77.07296683,"(39.08799017, -77.07296683)"
MCP29050075,250018828,MONTGOMERY,Injury Crash,04/30/2025 08:23:00 AM,Local Route,CAPITAL CRESCENT TR,DORSET AVE (EB/L),,,Pedestrian,Single Vehicle,Cloudy,Wet,Daylight,Pedestrian Crossing,"Not Suspect of Alcohol Use, Not Suspect of Drug Use","Not Suspect of Alcohol Use, Not Suspect of Drug Use",9577C052-A733-492C-B153-9DD124217E81,Pedestrian,Cross/Enter at Intersection,None (No Improper Action),Intersection Marked Crosswalk,No,Possible Injury,None,38.96877864,-77.10251028,"(38.96877864, -77.10251028)"
EJ7873008B,230062171,Gaithersburg Police Depar,Injury Crash,10/23/2023 04:47:00 PM,Maryland (State),FREDERICK RD,ODENDHAL AVE,,GAITHERSBURG,BICYCLIST,SINGLE VEHICLE,CLEAR,DRY,DAYLIGHT,NO CONTROLS,NONE DETECTED,NONE DETECTED,4F5A51B9-3524-40BA-9A4E-AA3443EA0AED,BICYCLIST,Walking/Cycling on Sidewalk,NO IMPROPER ACTIONS,SIDEWALK,No,POSSIBLE INJURY,MC/BIKE HELMET,39.14766339,-77.20591178,"(39.14766339, -77.20591178)"
MCP2116007V,180000627,Montgomery County Police,Injury Crash,01/04/2018 06:27:00 PM,Municipality,DUNDEE RD,GUY CT,,ROCKVILLE,PEDESTRIAN,STRAIGHT MOVEMENT ANGLE,CLEAR,DRY,DARK LIGHTS ON,NO CONTROLS,NONE DETECTED,NONE DETECTED,E7014161-D4A9-4475-928E-F03BC3E391EA,PEDESTRIAN,Cross/Enter at Intersection,NO IMPROPER ACTIONS,ON ROADWAY AT CROSSWALK,No,SUSPECTED MINOR INJURY,NONE,39.08753167,-77.18211167,"(39.08753167, -77.18211167)"
MCP26250011,200032810,Montgomery County Police,Injury Crash,08/22/2020 12:23:00 PM,County,LELAND ST,BRADLEY BLVD,,N/A,PEDESTRIAN,N/A,CLEAR,DRY,DAYLIGHT,TRAFFIC SIGNAL,NONE DETECTED,NONE DETECTED,FFD757B9-9253-4007-B403-369FCFC19C36,PEDESTRIAN,Cross/Enter not at Intersection,UNKNOWN,ON ROADWAY NOT AT CROSSWALK,Yes,SUSPECTED MINOR INJURY,N/A,38.9782613,-77.09705684,"(38.9782613, -77.09705684)"
MCP3339000J,220039784,Montgomery County Police,Injury Crash,09/13/2022 01:34:00 PM,Maryland (State),GEORGIA AVE,CONNECTICUT AVE,,N/A,PEDESTRIAN,N/A,CLEAR,DRY,DAYLIGHT,TRAFFIC SIGNAL,NONE DETECTED,NONE DETECTED,5A4D2E0D-EB9C-4DE2-B4C6-2472C5358D1F,PEDESTRIAN,Cross/Enter at Intersection,FAILURE TO YIELD RIGHT OF WAY,ON ROADWAY AT CROSSWALK,Yes,SUSPECTED MINOR INJURY,NONE,39.08453167,-77.07774667,"(39.08453167, -77.07774667)"
MCP27660049,180058256,Montgomery County Police,Injury Crash,11/20/2018 05:35:00 PM,County,RIPPLING BROOK DR,BEL PRE RD,,N/A,PEDESTRIAN,SINGLE VEHICLE,CLEAR,DRY,DARK LIGHTS ON,STOP SIGN,NONE DETECTED,NONE DETECTED,912997DA-3E49-4395-AA76-714DAE36AC70,PEDESTRIAN,Cross/Enter at Intersection,NO IMPROPER ACTIONS,ON ROADWAY AT CROSSWALK,No,POSSIBLE INJURY,NONE,39.09036167,-77.053115,"(39.09036167, -77.053115)"
MCP3319002V,240046984,MONTGOMERY,Injury Crash,10/02/2024 07:50:00 AM,US (State),COLESVILLE RD,,,,Pedestrian,Single Vehicle,Rain,Wet,Daylight,No Controls,"Unknown, Unknown","Not Suspect of Alcohol Use, Not Suspect of Drug Use",1F3BB395-2E33-4947-8C80-555FAD696A9B,Pedestrian,Standing,None (No Improper Action),Shoulder/Roadside,No,Suspected Minor Injury,None,38.99837815,-77.02639373,"(38.99837815, -77.02639373)"
MCP23950029,220053931,Montgomery County Police,Property Damage Crash,12/06/2022 06:40:00 PM,County,RIVER RD,SENECA RD (AHEAD),,N/A,OTHER,SINGLE VEHICLE,RAINING,WET,DARK LIGHTS ON,NO CONTROLS,NONE DETECTED,N/A,3B71B3C9-CA6B-4F5B-804B-B3B120558F40,OTHER,N/A,N/A,N/A,No,NO APPARENT INJURY,N/A,39.078879,-77.32789483,"(39.078879, -77.32789483)"
MCP27940015,15053515,MONTGOMERY,Injury Crash,10/21/2015 10:13:00 PM,County,WOODMONT AVE,BATTERY LA,,N/A,PEDESTRIAN,OTHER,N/A,DRY,DARK NO LIGHTS,TRAFFIC SIGNAL,N/A,NONE DETECTED,B144BFE0-C830-428A-99D3-10C08ABCCC00,PEDESTRIAN,N/A,NO IMPROPER ACTIONS,AT INTERSECTION MARKED CROSSWALK,No,SUSPECTED MINOR INJURY,N/A,38.99270484,-77.09711552,"(38.99270484, -77.09711552)"
MCP27170030,15048327,MONTGOMERY,Injury Crash,09/23/2015 07:37:00 PM,Maryland (State),EAST WEST HWY,BROOKVILLE RD,,N/A,BICYCLIST,OTHER,CLEAR,DRY,DARK NO LIGHTS,NO CONTROLS,NONE DETECTED,NONE DETECTED,0759C71A-CD01-4D79-B220-EC19BC6C8D85,BICYCLIST,Cross/Enter at Intersection,NO IMPROPER ACTIONS,SIDEWALK,No,SUSPECTED MINOR INJURY,MC/BIKE HELMET,38.99202106,-77.07198858,"(38.99202106, -77.07198858)"
MCP2592002R,230017399,Montgomery County Police,Injury Crash,04/12/2023 09:40:00 AM,,,,PARKING LOT IN FRONT OF 20202 SPRING HAVEN CT,,PEDESTRIAN,OTHER,CLEAR,,DAYLIGHT,N/A,NONE DETECTED,N/A,85AB09EF-79BB-4ED5-AAB9-8EA07FE02650,PEDESTRIAN,Standing,UNKNOWN,OTHER,Unknown,POSSIBLE INJURY,N/A,39.18890517,-77.19099817,"(39.18890517, -77.19099817)"
MCP2231001J,15059475,MONTGOMERY,Injury Crash,11/21/2015 08:20:00 AM,Maryland (State),BRADLEY BLVD,HOWELL RD,,N/A,PEDESTRIAN,SAME DIR REAR END,CLEAR,DRY,DAYLIGHT,NO CONTROLS,NONE DETECTED,NONE DETECTED,D38A91E8-A45A-4D26-80AA-F32424F6713B,PEDESTRIAN,Other Working,NO IMPROPER ACTIONS,SHOULDER,No,SUSPECTED MINOR INJURY,REFLECTIVE CLOTHING,38.99733333,-77.13142833,"(38.99733333, -77.13142833)"
MCP2008007X,200027535,Montgomery County Police,Injury Crash,07/15/2020 07:04:00 PM,County,FRANKLIN ST,PARKWOOD DR,,N/A,"BICYCLIST, PEDESTRIAN",OTHER,CLEAR,DRY,DAYLIGHT,STOP SIGN,NONE DETECTED,NONE DETECTED,38334CFC-EA02-4636-B402-28278CFB89A0,PEDESTRIAN,Cross/Enter at Intersection,NO IMPROPER ACTIONS,AT INTERSECTION MARKED CROSSWALK,No,SUSPECTED MINOR INJURY,NONE,39.01972667,-77.09671,"(39.01972667, -77.09671)"
MCP30060034,180032582,Montgomery County Police,Injury Crash,07/02/2018 01:38:00 PM,Maryland (State),GEORGIA AVE,ARCOLA AVE,,N/A,PEDESTRIAN,SINGLE VEHICLE,CLEAR,DRY,DAYLIGHT,TRAFFIC SIGNAL,NONE DETECTED,NONE DETECTED,6FF07046-04B6-4555-A139-A0E43C397759,PEDESTRIAN,Cross/Enter at Intersection,FAILURE TO OBEY TRAFFIC SIGNS SIGNALS OR OFFICER,ON ROADWAY AT CROSSWALK,Yes,SUSPECTED MINOR INJURY,N/A,39.0471358,-77.05195718,"(39.0471358, -77.05195718)"
MCP2875002K,17009918,Montgomery County Police,Injury Crash,02/24/2017 12:56:00 AM,Maryland (State),GERMANTOWN RD,RICHTER FARM RD,,N/A,PEDESTRIAN,OTHER,CLEAR,DRY,DARK NO LIGHTS,NO CONTROLS,NONE DETECTED,ALCOHOL PRESENT,93D36B4E-6474-435D-8601-5772ACEAC78C,PEDESTRIAN,Cross/Enter not at Intersection,FAILURE TO YIELD RIGHT OF WAY,ON ROADWAY NOT AT CROSSWALK,Yes,SUSPECTED MINOR INJURY,NONE,39.15264395,-77.28839993,"(39.15264395, -77.28839993)"