Report Number,Local Case Number,Agency Name,ACRS Report Type,Crash Date/Time,Route Type,Road Name,Cross-Street Name,Off-Road Description,Municipality,Related Non-Motorist,Collision Type,Weather,Surface Condition,Light,Traffic Control,Driver Substance Abuse,Non-Motorist Substance Abuse,Person ID,Pedestrian Type,Pedestrian Movement,Pedestrian Actions,Pedestrian Location,At Fault,Injury Severity,Safety Equipment,Latitude,Longitude,Location
MCP2651003J,190050853,Montgomery County Police,Injury Crash,10/23/2019 06:49:00 AM,County,NORTHAMPTON DR,BEACON RD,,N/A,PEDESTRIAN,OTHER,CLEAR,DRY,DARK LIGHTS ON,STOP SIGN,N/A,N/A,54D336CB-DB44-4EB8-857D-18B8A33E8476,PEDESTRIAN,Cross/Enter at Intersection,FAILURE TO YIELD RIGHT OF WAY,ON ROADWAY NOT AT CROSSWALK,Yes,POSSIBLE INJURY,NONE,39.00762,-76.98374,"(39.00762, -76.98374)"
EJ7903003F,250013588,GAITHERSBURG,Injury Crash,03/30/2025 02:25:00 PM,,,,Parking Aisle        SERV ROAD BETWEEN STARBUCKS AND LIBERTY GAS,,Pedestrian,Single Vehicle,Clear,,Daylight,,"Unknown, Unknown","Not Suspect of Alcohol Use, Not Suspect of Drug Use",DAB51B99-3927-407F-A3A5-572DB2BB116B,Pedestrian,Walking/Cycling on Sidewalk,None (No Improper Action),Shoulder/Roadside,No,Suspected Minor Injury,Unknown,39.11781889,-77.25183302,"(39.11781889, -77.25183302)"
HA2413000C,16000302,Maryland-National Capital,Property Damage Crash,03/17/2016 07:26:00 AM,,,,PARKING LOT OF CEDAR CREEK LP AT CROSS WALK,,BICYCLIST,OTHER,CLEAR,,DAYLIGHT,NO CONTROLS,N/A,NONE DETECTED,08C62822-BA60-4126-BC4C-D7C036D7CC33,BICYCLIST,Cross/Enter at Intersection,NO IMPROPER ACTIONS,AT INTERSECTION MARKED CROSSWALK,No,NO APPARENT INJURY,N/A,39.15187644,-77.28348613,"(39.15187644, -77.28348613)"
MCP2848003C,16046174,Montgomery County Police,Injury Crash,09/09/2016 08:30:00 AM,Municipality,WILLIAMS LA,CONNECTICUT AVE,,N/A,PEDESTRIAN,SINGLE VEHICLE,N/A,DRY,DAYLIGHT,STOP SIGN,NONE DETECTED,NONE DETECTED,D9840C28-27AE-473D-B87B-6FCC220BDD46,PEDESTRIAN,Cross/Enter at Intersection,NO IMPROPER ACTIONS,ON ROADWAY AT CROSSWALK,No,POSSIBLE INJURY,NONE,38.98374013,-77.07703114,"(38.98374013, -77.07703114)"
MCP271700N6,190017812,Montgomery County Police,Injury Crash,04/16/2019 03:25:00 PM,,,,4823 RUGBY AVENUE (MCP BETHESDA DISTRICT STATION),,OTHER,OTHER,CLEAR,,DAYLIGHT,NO CONTROLS,NONE DETECTED,NONE DETECTED,14D633F9-5491-4AB8-9E2C-19A1FC8A113C,OTHER,Other,OTHER,SIDEWALK,No,SUSPECTED MINOR INJURY,NONE,38.9910735,-77.09770717,"(38.9910735, -77.09770717)"
DD55830051,190011114,Rockville Police Departme,Injury Crash,03/10/2019 03:50:00 PM,County,TWINBROOK PKWY,PIER DR,,ROCKVILLE,PEDESTRIAN,SINGLE VEHICLE,CLEAR,DRY,DAYLIGHT,NO CONTROLS,NONE DETECTED,NONE DETECTED,B5DB103A-C7B9-477B-85DA-E996F1D46608,PEDESTRIAN,Cross/Enter at Intersection,NO IMPROPER ACTIONS,ON ROADWAY AT CROSSWALK,No,SUSPECTED SERIOUS INJURY,N/A,39.0690275,-77.11411817,"(39.0690275, -77.11411817)"
MCP3270000J,200039204,Montgomery County Police,Injury Crash,10/05/2020 04:22:00 PM,,,,PARKING LOT 3661 TURBRIDGE DRIVE,,PEDESTRIAN,SINGLE VEHICLE,CLEAR,,DAYLIGHT,N/A,,N/A,78E38193-A853-43AB-A026-AB5AB25A4620,PEDESTRIAN,Getting off/on Vehicle,ENTERING EXITING PARKED STANDING VEHICLE,OTHER,Yes,SUSPECTED MINOR INJURY,NONE,39.0912075,-76.931871,"(39.0912075, -76.931871)"
MCP3068006D,250026884,MONTGOMERY,Injury Crash,06/16/2025 04:17:00 PM,County Route,NO NAME,GRUBB RD,,,Pedestrian,Single Vehicle,Rain,Wet,Daylight,Traffic Control Signal,"Not Suspect of Alcohol Use, Not Suspect of Drug Use","Not Suspect of Alcohol Use, Not Suspect of Drug Use",184E02FD-D7B9-42B1-8A87-BE1267D05337,Pedestrian,Cross/Enter at Intersection,Dart/Dash,Intersection Marked Crosswalk,Yes,Suspected Minor Injury,None,38.993744,-77.05184567,"(38.993744, -77.05184567)"
MCP28430020,230022852,Montgomery County Police,Injury Crash,05/12/2023 05:00:00 PM,County,STEDWICK RD,CAPEHART DR,,N/A,PEDESTRIAN,OTHER,CLEAR,DRY,DAYLIGHT,NO CONTROLS,N/A,N/A,ED4FDEF9-DB94-4B09-8484-219559E2BDAB,PEDESTRIAN,Cross/Enter not at Intersection,UNKNOWN,ON ROADWAY NOT AT CROSSWALK,No,POSSIBLE INJURY,N/A,39.17096343,-77.21288113,"(39.17096343, -77.21288113)"
MCP2722002F,170504449,Montgomery County Police,Injury Crash,04/27/2017 05:47:00 AM,County,ASPEN HILL RD,PARKLAND DR,,N/A,PEDESTRIAN,STRAIGHT MOVEMENT ANGLE,FOGGY,DRY,DARK LIGHTS ON,TRAFFIC SIGNAL,N/A,N/A,39BB0265-5932-4DCB-B7A8-A2628564940A,PEDESTRIAN,Cross/Enter at Intersection,NO IMPROPER ACTIONS,ON ROADWAY AT CROSSWALK,No,SUSPECTED MINOR INJURY,NONE,39.079225,-77.0874,"(39.079225, -77.0874)"
MCP32390021,220015651,Montgomery County Police,Injury Crash,04/13/2022 10:16:00 AM,County,STEWART LA,LOCKWOOD DR,,N/A,PEDESTRIAN,SINGLE VEHICLE,CLEAR,DRY,DAYLIGHT,NO CONTROLS,UNKNOWN,N/A,78D5E5C9-7F32-4AD9-993E-90D2723422C0,PEDESTRIAN,Unknown,NO IMPROPER ACTIONS,ON ROADWAY NOT AT CROSSWALK,No,SUSPECTED MINOR INJURY,NONE,39.0438284,-76.98218047,"(39.0438284, -76.98218047)"
MCP30840066,220039011,Montgomery County Police,Injury Crash,09/08/2022 01:41:00 PM,,,,IN PARKING LOT OF 10335 OLD GEORGETOWN RD. BY THE EXXON.,,BICYCLIST,OTHER,CLEAR,,DAYLIGHT,NO CONTROLS,NONE DETECTED,NONE DETECTED,A4A32270-E07B-43EA-A7D0-61D5E42A6CEB,BICYCLIST,Cross/Enter not at Intersection,FAILURE TO YIELD RIGHT OF WAY,OTHER,Yes,POSSIBLE INJURY,MC/BIKE HELMET,39.02560167,-77.12547833,"(39.02560167, -77.12547833)"
MCP14380061,180013635,Montgomery County Police,Injury Crash,03/19/2018 10:05:00 AM,Maryland (State),WOODFIELD RD,FLOWER HILL WAY,,N/A,PEDESTRIAN,OTHER,CLEAR,DRY,DAYLIGHT,TRAFFIC SIGNAL,NONE DETECTED,NONE DETECTED,43E3BF8A-96A7-411E-9972-6F65347B223E,PEDESTRIAN,Walking/Riding against Traffic,FAILURE TO OBEY TRAFFIC SIGNS SIGNALS OR OFFICER,AT INTERSECTION MARKED CROSSWALK,Yes,POSSIBLE INJURY,NONE,39.156185,-77.16531333,"(39.156185, -77.16531333)"
MCP33580034,250026786,MONTGOMERY,Injury Crash,06/16/2025 09:01:00 AM,Municipality Route,THE HILLS PLAZA,S PARK AVE,,,Pedestrian,Single Vehicle,Cloudy,Wet,Daylight,Stop Sign,"Not Suspect of Alcohol Use, Not Suspect of Drug Use","Not Suspect of Alcohol Use, Not Suspect of Drug Use",481BA9E6-DA5B-413F-9467-A1DC0E0ADA30,Pedestrian,Cross/Enter at Intersection,None (No Improper Action),Intersection Marked Crosswalk,No,Suspected Minor Injury,None,38.96332483,-77.08817482,"(38.96332483, -77.08817482)"
MCP2411009K,220051457,Montgomery County Police,Injury Crash,11/21/2022 11:31:00 AM,,,,PARKING LOT BETWEEN POPEYES AND APARTMENT COMPLEX AT 501 HUNGERFORD DR,,PEDESTRIAN,SINGLE VEHICLE,CLEAR,,DAYLIGHT,NO CONTROLS,NONE DETECTED,NONE DETECTED,8426A35D-A5BE-4F4F-A5D8-B9954D2A67FF,PEDESTRIAN,Cross/Enter at Intersection,NO IMPROPER ACTIONS,DRIVEWAY ACCESS MARKED CROSSWALK,No,SUSPECTED MINOR INJURY,N/A,39.09166149,-77.15252508,"(39.09166149, -77.15252508)"
DD5603006M,180065302,Rockville Police Departme,Injury Crash,12/31/2018 09:15:00 AM,Municipality,TWINBROOK PKWY,CHAPMAN AVE,,ROCKVILLE,PEDESTRIAN,OTHER,RAINING,WET,DAYLIGHT,TRAFFIC SIGNAL,NONE DETECTED,ALCOHOL CONTRIBUTED,C1AE560F-A108-4FA2-A4C4-32C6818A2A50,PEDESTRIAN,Cross/Enter at Intersection,FAILURE TO OBEY TRAFFIC SIGNS SIGNALS OR OFFICER,AT INTERSECTION MARKED CROSSWALK,Yes,SUSPECTED MINOR INJURY,NONE,39.058575,-77.11794167,"(39.058575, -77.11794167)"
MCP271700L5,180053407,Montgomery County Police,Injury Crash,10/25/2018 07:31:00 AM,County,CASTLE BLVD,TEAGARDEN CIR,,N/A,PEDESTRIAN,OTHER,CLEAR,DRY,DAWN,NO CONTROLS,NONE DETECTED,NONE DETECTED,284ECC41-1375-4F9B-8852-B4C5F0245C6B,PEDESTRIAN,Cross/Enter not at Intersection,DART DASH,ON ROADWAY NOT AT CROSSWALK,Yes,SUSPECTED MINOR INJURY,NONE,39.0824985,-76.943588,"(39.0824985, -76.943588)"
DD5610006V,210037804,Rockville Police Departme,Injury Crash,09/24/2021 01:36:00 PM,,,,1054 ROCKVILLE PIKE,,BICYCLIST,OTHER,CLEAR,,DAYLIGHT,NO CONTROLS,N/A,N/A,957F09E7-E4D5-4F58-B515-D44974329621,BICYCLIST,Other,UNKNOWN,CURB,Unknown,SUSPECTED MINOR INJURY,UNKNOWN,39.07257459,-77.13324277,"(39.07257459, -77.13324277)"
DD559500DZ,230053635,Rockville Police Departme,Injury Crash,09/07/2023 01:05:00 PM,Municipality,BEALL AVE #2,MARYLAND AVE,,N/A,PEDESTRIAN,OTHER,CLEAR,DRY,DAYLIGHT,OTHER,NONE DETECTED,NONE DETECTED,169F9BA4-63DB-4B6A-A8F1-E695607DF368,PEDESTRIAN,Other,NO IMPROPER ACTIONS,ON ROADWAY AT CROSSWALK,No,SUSPECTED MINOR INJURY,N/A,39.087155,-77.15125583,"(39.087155, -77.15125583)"
MCP2974001L,180002145,Montgomery County Police,Injury Crash,01/14/2018 02:05:00 AM,Maryland (State),PINEY BRANCH RD,ARLISS ST,,N/A,PEDESTRIAN,OTHER,CLEAR,N/A,DARK LIGHTS ON,FLASHING TRAFFIC SIGNAL,ILLEGAL DRUG PRESENT,ALCOHOL PRESENT,ABC4C28D-5D11-4895-9DAE-050142ACFE7D,PEDESTRIAN,Cross/Enter not at Intersection,IN ROADWAY IMPROPERLY,ON ROADWAY NOT AT CROSSWALK,Yes,SUSPECTED MINOR INJURY,N/A,38.99842602,-77.0010978,"(38.99842602, -77.0010978)"
DD5628002R,190055308,Rockville Police Departme,Injury Crash,11/16/2019 12:25:00 PM,Municipality,BEALL AVE #2,N WASHINGTON ST,,ROCKVILLE,PEDESTRIAN,OTHER,CLEAR,DRY,DAYLIGHT,TRAFFIC SIGNAL,NONE DETECTED,NONE DETECTED,EA70521F-2038-4C9E-B027-8F1CF6664520,PEDESTRIAN,Cross/Enter at Intersection,IN ROADWAY IMPROPERLY,OUTSIDE RIGHT OF WAY,Yes,SUSPECTED MINOR INJURY,N/A,39.08684397,-77.1530733,"(39.08684397, -77.1530733)"
MCP3063004G,230063405,Montgomery County Police,Property Damage Crash,10/30/2023 01:51:00 PM,County,SECOND AVE,FENWICK LA,,N/A,BICYCLIST,OTHER,CLEAR,DRY,DAYLIGHT,NO CONTROLS,NONE DETECTED,NONE DETECTED,5D7E26C2-9D16-4D55-A281-7E7FE2E72D34,BICYCLIST,Walking/Riding against Traffic,FAILURE TO YIELD RIGHT OF WAY,OTHER,Yes,NO APPARENT INJURY,NONE,38.9971265,-77.0334099,"(38.9971265, -77.0334099)"
MCP2934003D,180039605,Montgomery County Police,Injury Crash,08/09/2018 05:48:00 PM,,,,PARKING LOT OF MACY'S LOCATED AT 7101 DEMOCRACY BLVD,,PEDESTRIAN,OTHER,N/A,,DAYLIGHT,NO CONTROLS,NONE DETECTED,N/A,FDD2C115-1EAC-40B4-A966-85FFB7AB110D,PEDESTRIAN,Other,INATTENTIVE,OTHER,Yes,POSSIBLE INJURY,N/A,39.0230263,-77.14618921,"(39.0230263, -77.14618921)"
MCP30000051,240060914,MONTGOMERY,Injury Crash,12/20/2024 06:03:00 PM,,,,Parking Lot Way        PARKING LOT OF HARRIS TEETER LOCATED AT 22700 SWEET SHRUB DR.,,Pedestrian,Single Vehicle,Snow,,Dark - Lighted,,"Not Suspect of Alcohol Use, Not Suspect of Drug Use","Not Suspect of Alcohol Use, Not Suspect of Drug Use",9EA4690D-ACD0-4034-BACF-4CA68778EB62,Pedestrian,Cross/Enter at Intersection,Other,Intersection Unmarked Crosswalk,Yes,Possible Injury,None,39.22991607,-77.25051702,"(39.22991607, -77.25051702)"
MCP2687001T,17013092,Montgomery County Police,Injury Crash,03/13/2017 01:25:00 PM,County,ARLINGTON RD,ELM ST,,N/A,PEDESTRIAN,OTHER,CLEAR,DRY,DAYLIGHT,PERSON,NONE DETECTED,N/A,FD67E159-D78C-4915-9A81-CB72479A0F53,PEDESTRIAN,Cross/Enter at Intersection,NO IMPROPER ACTIONS,AT INTERSECTION MARKED CROSSWALK,No,POSSIBLE INJURY,NONE,38.98206798,-77.09851563,"(38.98206798, -77.09851563)"
MCP2789001X,15062188,MONTGOMERY,Property Damage Crash,12/05/2015 05:45:00 PM,US (State),COLESVILLE RD,DALE DR,,N/A,PEDESTRIAN,SINGLE VEHICLE,N/A,DRY,DARK LIGHTS ON,TRAFFIC SIGNAL,N/A,N/A,DFDAD423-87DB-4882-9DF9-EEB2CC8707C1,PEDESTRIAN,Cross/Enter at Intersection,NO IMPROPER ACTIONS,ON ROADWAY AT CROSSWALK,No,NO APPARENT INJURY,NONE,39.00511833,-77.02262,"(39.00511833, -77.02262)"
MCP2177002G,170535701,Montgomery County Police,Injury Crash,10/09/2017 06:33:00 AM,County,TWINBROOK PKWY,ARDENNES AVE,,N/A,PEDESTRIAN,SINGLE VEHICLE,RAINING,WET,DARK LIGHTS ON,TRAFFIC SIGNAL,UNKNOWN,N/A,2D9C2A5B-D7DA-4AF1-AECF-6AA389CE2118,PEDESTRIAN,Cross/Enter at Intersection,NO IMPROPER ACTIONS,AT INTERSECTION MARKED CROSSWALK,No,SUSPECTED MINOR INJURY,NONE,39.06370527,-77.11604856,"(39.06370527, -77.11604856)"
MCP0942001D,170530718,Montgomery County Police,Injury Crash,09/15/2017 09:31:00 AM,County,WOODMONT AVE,EDGEMOOR LA,,N/A,BICYCLIST,OTHER,CLEAR,DRY,DAYLIGHT,TRAFFIC SIGNAL,NONE DETECTED,NONE DETECTED,F3F6AA34-D9BB-4141-8300-E2D11A0CC1FD,BICYCLIST,Cross/Enter at Intersection,NO IMPROPER ACTIONS,ON ROADWAY NOT AT CROSSWALK,No,SUSPECTED MINOR INJURY,NONE,38.984935,-77.0967,"(38.984935, -77.0967)"
MCP2671001L,170541531,Montgomery County Police,Property Damage Crash,11/06/2017 06:10:00 AM,US (State),GEORGIA AVE,ELLSWORTH DR,,N/A,PEDESTRIAN,SINGLE VEHICLE,N/A,WET,DARK LIGHTS ON,TRAFFIC SIGNAL,UNKNOWN,NONE DETECTED,01B85228-75E1-449C-AA22-883BD81276C2,PEDESTRIAN,Cross/Enter at Intersection,FAILURE TO OBEY TRAFFIC SIGNS SIGNALS OR OFFICER,AT INTERSECTION MARKED CROSSWALK,Yes,NO APPARENT INJURY,NONE,38.99514804,-77.02733517,"(38.99514804, -77.02733517)"
MCP1378005N,15016641,Montgomery County Police,Injury Crash,04/10/2015 04:42:00 PM,,,,PARKING LOT OF 104 N FREDERICK RD,,OTHER,OTHER,CLOUDY,,DAYLIGHT,N/A,,NONE DETECTED,2004E3F8-6F36-4B34-8B39-F090D0089922,OTHER,Other,OTHER,OTHER,,SUSPECTED MINOR INJURY,N/A,39.142305,-77.20062167,"(39.142305, -77.20062167)"
MCP287100BS,240058712,MONTGOMERY,Injury Crash,12/07/2024 06:00:00 PM,,,,Parking Aisle        5110 NICHOLSON LA,,Pedestrian,Single Vehicle,Clear,,Dark - Lighted,,"Not Suspect of Alcohol Use, Not Suspect of Drug Use","Not Suspect of Alcohol Use, Not Suspect of Drug Use",BFC63F58-4E1C-49A3-9436-6C1BFC814713,Pedestrian,Walking/Cycling Along Roadway Against Traffic (In or Adjacent to Travel Lane),None (No Improper Action),Other,No,Possible Injury,None,39.04436613,-77.10522057,"(39.04436613, -77.10522057)"
EJ78350008,16064279,Gaithersburg Police Depar,Injury Crash,12/14/2016 09:29:00 PM,Maryland (State),FREDERICK RD,S WESTLAND DR,,GAITHERSBURG,PEDESTRIAN,OTHER,CLEAR,DRY,DARK LIGHTS ON,TRAFFIC SIGNAL,NONE DETECTED,NONE DETECTED,ABF64693-8CC0-4E20-B522-FA61D4016319,PEDESTRIAN,Cross/Enter not at Intersection,IN ROADWAY IMPROPERLY,ON ROADWAY NOT AT CROSSWALK,Yes,SUSPECTED MINOR INJURY,N/A,39.12618667,-77.18281833,"(39.12618667, -77.18281833)"
MCP3225003F,230002162,Montgomery County Police,Injury Crash,01/13/2023 07:30:00 PM,County,ASPEN HILL RD,PARKLAND DR,,N/A,PEDESTRIAN,SINGLE VEHICLE,CLEAR,DRY,DARK LIGHTS ON,TRAFFIC SIGNAL,NONE DETECTED,NONE DETECTED,77E23754-E912-4A40-ADC8-D9BC689E0D3A,PEDESTRIAN,Cross/Enter at Intersection,UNKNOWN,ON ROADWAY AT CROSSWALK,Unknown,SUSPECTED MINOR INJURY,NONE,39.07911733,-77.08718417,"(39.07911733, -77.08718417)"
MCP2475004W,200010420,Montgomery County Police,Injury Crash,03/02/2020 03:15:00 PM,County,DENNIS AVE,SLIGO CREEK PKWY,,N/A,BICYCLIST,OTHER,N/A,DRY,DAYLIGHT,N/A,NONE DETECTED,NONE DETECTED,243093DA-E172-4BBD-A166-3E850333A5A2,BICYCLIST,Cross/Enter not at Intersection,NO IMPROPER ACTIONS,ON ROADWAY AT CROSSWALK,No,SUSPECTED MINOR INJURY,MC/BIKE HELMET,39.02432,-77.03063667,"(39.02432, -77.03063667)"
HA22800007,15001176,MCPARK,Injury Crash,10/20/2015 08:46:00 AM,Government,LITTLE FALLS PKWY,ARLINGTON RD,,N/A,BICYCLIST,STRAIGHT MOVEMENT ANGLE,CLEAR,DRY,DAYLIGHT,STOP SIGN,NONE DETECTED,NONE DETECTED,A0BE7736-BAC3-484B-81C2-EF547E091878,BICYCLIST,Cross/Enter at Intersection,FAILURE TO OBEY TRAFFIC SIGNS SIGNALS OR OFFICER,AT INTERSECTION MARKED CROSSWALK,Yes,SUSPECTED MINOR INJURY,MC/BIKE HELMET,38.97343975,-77.10134268,"(38.97343975, -77.10134268)"
MCP15540018,16012852,MONTGOMERY,Injury Crash,03/15/2016 08:33:00 PM,County,REDLAND RD,FREDERICK RD,,N/A,PEDESTRIAN,OTHER,CLEAR,DRY,DARK LIGHTS ON,TRAFFIC SIGNAL,NONE DETECTED,NONE DETECTED,215C76F2-7863-4B2E-93D5-EB8B9CD814B0,PEDESTRIAN,Cross/Enter at Intersection,NO IMPROPER ACTIONS,ON ROADWAY AT CROSSWALK,No,SUSPECTED MINOR INJURY,N/A,39.11576833,-77.165735,"(39.11576833, -77.165735)"
MCP2353003K,17005729,Montgomery County Police,Injury Crash,02/02/2017 09:01:00 AM,Maryland (State),ROCKVILLE PIKE,CEDAR CROFT DR,,N/A,BICYCLIST,STRAIGHT MOVEMENT ANGLE,CLOUDY,DRY,DAYLIGHT,NO CONTROLS,NONE DETECTED,NONE DETECTED,39A5D048-7C40-4343-BA4A-68BF23FD524F,BICYCLIST,Cross/Enter at Intersection,FAILURE TO YIELD RIGHT OF WAY,AT INTERSECTION BUT NO CROSSWALK,Yes,POSSIBLE INJURY,MC/BIKE HELMET,39.00850167,-77.09802833,"(39.00850167, -77.09802833)"
MCP1022002N,15023984,Montgomery County Police,Injury Crash,05/19/2015 01:26:00 PM,,,,"PARKING LOT IN FRONT OF WALMART 20910 FREDERICK RD GERMANTOWN, MD 20874",,PEDESTRIAN,OTHER,CLEAR,,DAYLIGHT,NO CONTROLS,NONE DETECTED,NONE DETECTED,65A30961-69BD-4BBE-B484-E4533E8D6C78,PEDESTRIAN,Other,NO IMPROPER ACTIONS,ON ROADWAY AT CROSSWALK,,SUSPECTED SERIOUS INJURY,N/A,39.19894333,-77.251515,"(39.19894333, -77.251515)"
MCP21070011,17000332,Montgomery County Police,Injury Crash,01/03/2017 07:32:00 AM,Maryland (State),CLOPPER RD,CINNAMON DR,,N/A,PEDESTRIAN,SINGLE VEHICLE,RAINING,WET,DARK LIGHTS ON,STOP SIGN,NONE DETECTED,NONE DETECTED,0E54D9D5-0899-4BBB-9C15-2878FB03B8DD,PEDESTRIAN,Cross/Enter not at Intersection,DART DASH,ON ROADWAY NOT AT CROSSWALK,Yes,SUSPECTED SERIOUS INJURY,NONE,39.15610804,-77.26451889,"(39.15610804, -77.26451889)"
MCP27080080,230007388,Montgomery County Police,Injury Crash,02/12/2023 06:00:00 PM,County,CARROLL AVE,PINEY BRANCH RD,,N/A,PEDESTRIAN,HEAD ON LEFT TURN,RAINING,WET,DUSK,TRAFFIC SIGNAL,N/A,N/A,D6CE3300-5017-42DD-A7C4-F2E6CF947C6A,PEDESTRIAN,Cross/Enter at Intersection,UNKNOWN,ON ROADWAY AT CROSSWALK,Unknown,POSSIBLE INJURY,N/A,38.99994443,-76.99078522,"(38.99994443, -76.99078522)"
DD5595006M,180047423,Rockville Police Departme,Injury Crash,09/22/2018 01:40:00 PM,,,,GAS STATION LOT LOCATED AT 1911 ROCKVILLE PIKE,,PEDESTRIAN,SINGLE VEHICLE,CLOUDY,,DAYLIGHT,N/A,NONE DETECTED,NONE DETECTED,BE241182-AD03-45F8-B04E-ABC2035CA57E,PEDESTRIAN,Other,OTHER,OTHER,Unknown,POSSIBLE INJURY,N/A,39.05834067,-77.12128983,"(39.05834067, -77.12128983)"
MCP3010009T,240033057,MONTGOMERY,Injury Crash,07/13/2024 11:21:00 AM,,,,Parking Lot Way        DRIVEWAY/ SIDEWALK IFO 11130 ROCKVILLE PIKE,,Pedestrian,Single Vehicle,Clear,,Daylight,,"Not Suspect of Alcohol Use, Not Suspect of Drug Use","Not Suspect of Alcohol Use, Not Suspect of Drug Use",4D78AB16-EC86-4B9E-96C6-BDE8C1F7E677,Pedestrian,Walking/Cycling on Sidewalk,None (No Improper Action),Sidewalk,No,Suspected Minor Injury,None,39.03981656,-77.10981687,"(39.03981656, -77.10981687)"
EJ7893000W,220020145,Gaithersburg Police Depar,Injury Crash,05/12/2022 08:37:00 AM,County,SHADY GROVE RD,RAMP 6 FR SHADY GROVE RD EB TO IS 270 SB,,N/A,BICYCLIST,OTHER,CLOUDY,DRY,DAYLIGHT,TRAFFIC SIGNAL,NONE DETECTED,NONE DETECTED,AC0FD610-C7CE-4182-9CD0-9945E865D30E,BICYCLIST,Walking/Cycling on Sidewalk,NO IMPROPER ACTIONS,AT INTERSECTION MARKED CROSSWALK,No,POSSIBLE INJURY,NONE,39.10946505,-77.18828765,"(39.10946505, -77.18828765)"
DD5628002M,190052934,Rockville Police Departme,Injury Crash,11/07/2019 10:20:00 AM,Municipality,PICCARD DR,REDLAND BLVD,,ROCKVILLE,PEDESTRIAN,OTHER,CLEAR,OTHER,DAYLIGHT,OTHER,NONE DETECTED,NONE DETECTED,EECECE2E-DD11-4576-87BC-F31BC2EA8579,PEDESTRIAN,Other Working,WRONG WAY RIDING OR WALKING,ON ROADWAY NOT AT CROSSWALK,Yes,SUSPECTED MINOR INJURY,REFLECTIVE CLOTHING,39.113975,-77.17959258,"(39.113975, -77.17959258)"
MCP2192004B,220006027,Montgomery County Police,Injury Crash,02/11/2022 02:19:00 PM,,,,PARKING LOT 18140 VILLAGE CENTER DR.,,PEDESTRIAN,OTHER,CLEAR,,DAYLIGHT,N/A,NONE DETECTED,NONE DETECTED,D3EE4E19-AA05-44E0-8006-05117AD33E7D,PEDESTRIAN,N/A,NO IMPROPER ACTIONS,OTHER,No,SUSPECTED MINOR INJURY,N/A,39.15276333,-77.06383,"(39.15276333, -77.06383)"
MCP2917005K,190047266,Montgomery County Police,Injury Crash,10/02/2019 02:34:00 PM,Maryland (State),NEW HAMPSHIRE AVE,BRIGHTON DAM RD,,N/A,BICYCLIST,SAME DIR REAR END,CLEAR,DRY,DAYLIGHT,NO CONTROLS,NONE DETECTED,NONE DETECTED,23BE9A5F-3A32-4A9B-B987-31CD58DECAFC,BICYCLIST,Walking/Riding w/Traffic,IN ROADWAY IMPROPERLY,SHOULDER,Unknown,SUSPECTED MINOR INJURY,NONE,39.19523661,-77.02560639,"(39.19523661, -77.02560639)"
MCP3403000H,240001405,MONTGOMERY,Injury Crash,01/09/2024 07:23:00 PM,,,,"Parking Lot Way        PARKING LOT AT 12024 CHERRY HILL RD, SILVER SPRING, MD 20904",,Pedestrian,Single Vehicle,Rain,,Dark - Lighted,,"Not Suspect of Alcohol Use, Not Suspect of Drug Use","Not Suspect of Alcohol Use, Not Suspect of Drug Use",D6DE279C-7C65-48B6-AAA2-C2160050A7E0,Pedestrian,Walking/Cycling Along Roadway Against Traffic (In or Adjacent to Travel Lane),None (No Improper Action),Other,No,Suspected Minor Injury,None,39.0538487,-76.95644071,"(39.0538487, -76.95644071)"
MCP1512000J,15040629,MONTGOMERY,Injury Crash,08/14/2015 07:00:00 PM,,,,Parking Lot of 50 Bureau Dr. Gaithersburg,,PEDESTRIAN,SINGLE VEHICLE,CLEAR,,DAYLIGHT,NO CONTROLS,NONE DETECTED,NONE DETECTED,AF0863C0-86A8-46BB-B9D8-0716F6F284A8,PEDESTRIAN,Other,NO IMPROPER ACTIONS,OTHER,No,POSSIBLE INJURY,NONE,39.14424667,-77.21852833,"(39.14424667, -77.21852833)"
MCP2760005X,240044180,MONTGOMERY,Injury Crash,09/16/2024 06:30:00 PM,County Route,CONTOUR RD,,,,"Occupant of Motor Vehicle Not in Transport, Pedestrian",Front to Rear,Clear,Dry,Daylight,No Controls,"Not Suspect of Alcohol Use, Not Suspect of Drug Use","Not Suspect of Alcohol Use, Not Suspect of Drug Use",D3DADE9B-5838-4ADC-8089-10D2697C6975,Pedestrian,Walking/Cycling on Sidewalk,None (No Improper Action),Sidewalk,No,Possible Injury,None,39.15404,-77.19673333,"(39.15404, -77.19673333)"
MCP3100000B,180023767,Montgomery County Police,Injury Crash,05/14/2018 09:00:00 PM,,,,PARKING LOT OF 245 KENTLANDS BLVD,,PEDESTRIAN,N/A,RAINING,,DARK LIGHTS ON,STOP SIGN,NONE DETECTED,NONE DETECTED,7F9B8F89-4977-4999-91F9-4A627D7C7850,PEDESTRIAN,Cross/Enter not at Intersection,FAILURE TO YIELD RIGHT OF WAY,ON ROADWAY NOT AT CROSSWALK,Yes,SUSPECTED MINOR INJURY,NONE,39.12499127,-77.23936379,"(39.12499127, -77.23936379)"
MCP2934004M,220022524,Montgomery County Police,Injury Crash,05/26/2022 03:03:00 PM,County,TILDEN LA,ENT SCHOOL,,N/A,BICYCLIST,OTHER,CLOUDY,DRY,DAYLIGHT,NO CONTROLS,NONE DETECTED,NONE DETECTED,A6E19EC5-8F8D-4547-A883-B0C14E9966BF,BICYCLIST,Cross/Enter at Intersection,NO IMPROPER ACTIONS,ON ROADWAY AT CROSSWALK,No,POSSIBLE INJURY,MC/BIKE HELMET,39.04364167,-77.13082667,"(39.04364167, -77.13082667)"