Report Number,Local Case Number,Agency Name,ACRS Report Type,Crash Date/Time,Route Type,Road Name,Cross-Street Name,Off-Road Description,Municipality,Related Non-Motorist,Collision Type,Weather,Surface Condition,Light,Traffic Control,Driver Substance Abuse,Non-Motorist Substance Abuse,Person ID,Pedestrian Type,Pedestrian Movement,Pedestrian Actions,Pedestrian Location,At Fault,Injury Severity,Safety Equipment,Latitude,Longitude,Location
MCP29730017,16015925,Montgomery County Police,Injury Crash,04/01/2016 02:47:00 PM,Maryland (State),VEIRS MILL RD,UNIVERSITY BLVD W,,N/A,PEDESTRIAN,SINGLE VEHICLE,CLEAR,DRY,DAYLIGHT,NO CONTROLS,NONE DETECTED,NONE DETECTED,ADDBFD5E-AABA-4B00-8E4A-AD3474884ACC,PEDESTRIAN,Cross/Enter not at Intersection,FAILURE TO YIELD RIGHT OF WAY,ON ROADWAY NOT AT CROSSWALK,Yes,POSSIBLE INJURY,NONE,39.04029881,-77.05611527,"(39.04029881, -77.05611527)"
MCP2339009Q,240060530,MONTGOMERY,Injury Crash,12/18/2024 06:57:00 PM,County Route,INDIANOLA DR,,,,Pedestrian,Single Vehicle,Rain,Wet,Dark - Lighted,Traffic Control Signal,"Not Suspect of Alcohol Use, Not Suspect of Drug Use","Not Suspect of Alcohol Use, Not Suspect of Drug Use",10A7CE10-B0A1-4B0D-852E-25FCAC8BB39D,Pedestrian,Unknown,Unknown,Shoulder/Roadside,No,Suspected Minor Injury,None,39.11466397,-77.1559358,"(39.11466397, -77.1559358)"
MCP91130017,16011299,MONTGOMERY,Injury Crash,03/07/2016 01:24:00 PM,County,RANDOLPH RD,SELFRIDGE RD,,N/A,PEDESTRIAN,OTHER,CLEAR,DRY,DAYLIGHT,TRAFFIC SIGNAL,NONE DETECTED,UNKNOWN,BDFA5AC1-C20D-437A-890E-23B1D95570B6,PEDESTRIAN,Cross/Enter at Intersection,OTHER,ON ROADWAY AT CROSSWALK,Yes,SUSPECTED MINOR INJURY,N/A,39.05523167,-77.08356667,"(39.05523167, -77.08356667)"
MCP3094000N,180023448,Montgomery County Police,Injury Crash,05/12/2018 09:48:00 PM,Maryland (State),S FREDERICK RD,ROSEMONT DR,,GAITHERSBURG,PEDESTRIAN,OTHER,CLEAR,DRY,DARK LIGHTS ON,NO CONTROLS,N/A,ALCOHOL CONTRIBUTED,E26B2767-2865-4023-ABB8-B3355FCBB2A4,PEDESTRIAN,Cross/Enter not at Intersection,IN ROADWAY IMPROPERLY,MEDIAN,Yes,POSSIBLE INJURY,NONE,39.12851224,-77.1858108,"(39.12851224, -77.1858108)"
MCP2445006C,240053068,MONTGOMERY,Injury Crash,11/05/2024 10:08:00 AM,,,,Alley        REAR OF 21050 FREDERICK RD,,Pedestrian,Single Vehicle,Clear,,Daylight,,"Not Suspect of Alcohol Use, Not Suspect of Drug Use","Not Suspect of Alcohol Use, Not Suspect of Drug Use",F59DAE76-FC2B-4B3A-AE72-BEEB953FF102,Pedestrian,Cross/Enter at Intersection,None (No Improper Action),Intersection Other,No,Suspected Minor Injury,"Reflective Wear (backpack, triangles, etc.)",39.20223678,-77.25062786,"(39.20223678, -77.25062786)"
MCP2728006F,190044758,Montgomery County Police,Injury Crash,09/18/2019 05:47:00 PM,Maryland (State),EAST WEST HWY,BLAIR MILL WAY,,N/A,PEDESTRIAN,OTHER,CLEAR,DRY,DAYLIGHT,STOP SIGN,NONE DETECTED,NONE DETECTED,D47A6140-C340-4FC4-B570-20C7BDC5A07E,PEDESTRIAN,Cross/Enter at Intersection,NO IMPROPER ACTIONS,AT INTERSECTION MARKED CROSSWALK,No,POSSIBLE INJURY,NONE,38.98890167,-77.02780167,"(38.98890167, -77.02780167)"
MCP26390030,180005064,Montgomery County Police,Injury Crash,01/30/2018 06:46:00 AM,Maryland (State),ROCKVILLE PIKE,MARINELLI RD,,N/A,PEDESTRIAN,STRAIGHT MOVEMENT ANGLE,RAINING,WET,DARK LIGHTS ON,TRAFFIC SIGNAL,NONE DETECTED,NONE DETECTED,47F94309-C4C2-48F7-93E8-4114A9276AFE,PEDESTRIAN,Cross/Enter not at Intersection,DART DASH,ON ROADWAY NOT AT CROSSWALK,Yes,SUSPECTED MINOR INJURY,NONE,39.04686,-77.1127,"(39.04686, -77.1127)"
MCP3112003J,190049350,Montgomery County Police,Injury Crash,10/14/2019 07:38:00 PM,,,,"REAR ENTRANCE TO 7620 OLD GEORGETOWN ROAD, BETHESDA MD-- ENTRANCE ON WOODMONT AVE",,PEDESTRIAN,SINGLE VEHICLE,CLEAR,,DARK NO LIGHTS,N/A,NONE DETECTED,NONE DETECTED,8ACD8093-00B1-4017-937D-4F8E7B0729EF,PEDESTRIAN,Walking/Cycling on Sidewalk,NO IMPROPER ACTIONS,SIDEWALK,No,POSSIBLE INJURY,N/A,38.98563933,-77.09691383,"(38.98563933, -77.09691383)"
MCP2831000Y,15053895,MONTGOMERY,Injury Crash,10/23/2015 07:13:00 PM,County,CENTURY BLVD,CRYSTAL ROCK DR,,N/A,PEDESTRIAN,SINGLE VEHICLE,CLEAR,DRY,DARK LIGHTS ON,TRAFFIC SIGNAL,N/A,N/A,7EFC9613-C2BD-4E9C-958F-30C0ADE68F71,PEDESTRIAN,Cross/Enter at Intersection,NO IMPROPER ACTIONS,ON ROADWAY AT CROSSWALK,No,SUSPECTED MINOR INJURY,NONE,39.182685,-77.263615,"(39.182685, -77.263615)"
EJ7894005V,250022671,GAITHERSBURG,Injury Crash,05/21/2025 10:30:00 AM,Municipality Route,CHRISTOPHER AVE,,,,Pedestrian,Single Vehicle,Rain,Wet,Daylight,No Controls,"Not Suspect of Alcohol Use, Not Suspect of Drug Use","Not Suspect of Alcohol Use, Not Suspect of Drug Use",EEA17A12-F314-4C7A-8FA8-769629E31DC9,Pedestrian,Other,None (No Improper Action),Other,No,Possible Injury,None,39.15672888,-77.21458782,"(39.15672888, -77.21458782)"
MCP32800064,240058187,MONTGOMERY,Injury Crash,11/25/2024 08:45:00 AM,,,,"Driveway        DRIVEWAY OF 401 UNIVERSITY BLVD W, SILVER SPRING, MD 20901",,Pedestrian,Single Vehicle,Unknown,,Daylight,,"Not Suspect of Alcohol Use, Not Suspect of Drug Use","Not Suspect of Alcohol Use, Not Suspect of Drug Use",6929B482-6EFB-46A8-BF2B-F13E236A6FB3,Pedestrian,Cross/Enter Not at Intersection,"Dart/Dash, Inattentive (Talking, Eating, etc.)",Driveway Access,Yes,Suspected Serious Injury,None,39.02521336,-77.01897042,"(39.02521336, -77.01897042)"
MCP2546002G,180028225,Montgomery County Police,Fatal Crash,06/08/2018 03:50:00 AM,Maryland (State),GEORGIA AVE,HEWITT AVE,,N/A,PEDESTRIAN,SINGLE VEHICLE,CLEAR,DRY,DARK LIGHTS ON,UNKNOWN,UNKNOWN,UNKNOWN,5B6DC136-A844-4ECF-B2D8-2E6A86779938,PEDESTRIAN,Unknown,UNKNOWN,UNKNOWN,Unknown,FATAL INJURY,NONE,39.077337,-77.070821,"(39.077337, -77.070821)"
MCP2339003M,180038573,Montgomery County Police,Injury Crash,08/03/2018 07:32:00 PM,County,RANDOLPH RD,PARKLAWN DR,,N/A,BICYCLIST,OTHER,RAINING,WET,DAYLIGHT,TRAFFIC SIGNAL,NONE DETECTED,NONE DETECTED,2AFD2FE0-A041-4D97-8EF7-76D59E45F9A7,BICYCLIST,Cross/Enter at Intersection,NO IMPROPER ACTIONS,ON ROADWAY AT CROSSWALK,No,SUSPECTED MINOR INJURY,NONE,39.05342667,-77.10708,"(39.05342667, -77.10708)"
EJ7899000N,230015429,Gaithersburg Police Depar,Injury Crash,03/30/2023 09:04:00 PM,Maryland (State),QUINCE ORCHARD RD,ENT TO PARK & RIDE,,N/A,PEDESTRIAN,OTHER,CLEAR,DRY,DARK LIGHTS ON,TRAFFIC SIGNAL,NONE DETECTED,NONE DETECTED,52EDA201-0103-4F0E-9CC8-E50DAFA09CA9,PEDESTRIAN,Cross/Enter at Intersection,IN ROADWAY IMPROPERLY,ON ROADWAY NOT AT CROSSWALK,Yes,SUSPECTED SERIOUS INJURY,NONE,39.14799243,-77.21799047,"(39.14799243, -77.21799047)"
DM83360010,170518092,Takoma Park Police Depart,Injury Crash,07/09/2017 02:47:00 AM,County,MERRIMAC DR,UNIVERSITY BLVD E,,N/A,PEDESTRIAN,OTHER,CLEAR,DRY,DARK LIGHTS ON,N/A,,ALCOHOL PRESENT,85673EDF-27DC-49E6-97C8-DE527E735354,PEDESTRIAN,Other,OTHER,OTHER,Yes,POSSIBLE INJURY,N/A,38.99255995,-76.99145928,"(38.99255995, -76.99145928)"
MCP1563004J,180002560,Montgomery County Police,Injury Crash,01/16/2018 06:46:00 PM,Municipality,ASPEN ST,CONNECTICUT AVE,,N/A,PEDESTRIAN,OTHER,CLEAR,DRY,DARK LIGHTS ON,NO CONTROLS,NONE DETECTED,NONE DETECTED,7EC7D670-8885-478D-87B2-2B6A229534F9,PEDESTRIAN,Cross/Enter at Intersection,NO IMPROPER ACTIONS,ON ROADWAY AT CROSSWALK,No,SUSPECTED SERIOUS INJURY,NONE,38.986285,-77.07734333,"(38.986285, -77.07734333)"
MCP00360058,16052787,Montgomery County Police,Injury Crash,10/14/2016 08:10:00 AM,Maryland (State),FREDERICK RD,RIDGE RD,,N/A,PEDESTRIAN,SAME DIR REAR END,CLEAR,DRY,DAYLIGHT,NO CONTROLS,NONE DETECTED,NONE DETECTED,D7DAA2E8-DD99-4892-84A3-60A31804C803,PEDESTRIAN,Other Working,NO IMPROPER ACTIONS,SIDEWALK,No,SUSPECTED MINOR INJURY,NONE,39.20437833,-77.245845,"(39.20437833, -77.245845)"
MCP30060049,190028002,Montgomery County Police,Injury Crash,06/12/2019 09:25:00 AM,Maryland (State),VEIRS MILL RD,CLARIDGE RD,,N/A,PEDESTRIAN,SINGLE VEHICLE,CLEAR,DRY,DAYLIGHT,TRAFFIC SIGNAL,NONE DETECTED,NONE DETECTED,A0A1FAD0-EE78-42D8-AE7A-0E25B5ED24AD,PEDESTRIAN,Cross/Enter at Intersection,NO IMPROPER ACTIONS,ON ROADWAY AT CROSSWALK,No,SUSPECTED MINOR INJURY,N/A,39.04920667,-77.07006,"(39.04920667, -77.07006)"
EJ7858007W,23003339,Gaithersburg Police Depar,Injury Crash,07/13/2023 10:35:00 AM,Maryland (State),FREDERICK RD,WATKINS MILL RD,,N/A,BICYCLIST,SINGLE VEHICLE,CLEAR,DRY,DAYLIGHT,STOP SIGN,UNKNOWN,NONE DETECTED,025FAB54-6097-4D3B-925B-4B2587534FD2,BICYCLIST,Walking/Riding w/Traffic,N/A,ON ROADWAY NOT AT CROSSWALK,No,POSSIBLE INJURY,MC/BIKE HELMET,39.15697668,-77.22112836,"(39.15697668, -77.22112836)"
EJ7852002G,190033192,Gaithersburg Police Depar,Injury Crash,07/12/2019 07:19:00 PM,,,,PARKING LOT IN FRONT OF 608 QUINCE ORCHARD ROAD.,,PEDESTRIAN,OTHER,N/A,,DAYLIGHT,N/A,NONE DETECTED,NONE DETECTED,B8D7A4F0-AF23-489D-8490-C0EE1FC24C7B,PEDESTRIAN,Other,UNKNOWN,OTHER,Unknown,SUSPECTED MINOR INJURY,N/A,39.141925,-77.22315833,"(39.141925, -77.22315833)"
MCP2708000T,15053446,MONTGOMERY,Injury Crash,10/21/2015 03:41:00 PM,Maryland (State),PINEY BRANCH RD,BARRON ST,,N/A,BICYCLIST,SAME DIR REAR END,CLEAR,DRY,DAYLIGHT,NO CONTROLS,NONE DETECTED,NONE DETECTED,3C4C8618-56E0-4077-8334-D53D62DDD8D3,BICYCLIST,Walking/Riding w/Traffic,IMPROPER PASSING,ON ROADWAY NOT AT CROSSWALK,Yes,SUSPECTED MINOR INJURY,NONE,38.99899404,-76.99782282,"(38.99899404, -76.99782282)"
MCP29690067,190012173,Montgomery County Police,Injury Crash,03/16/2019 12:25:00 PM,Maryland (State),OLNEY SANDY SPRING RD,BROOKE RD,,N/A,OTHER,OTHER,CLEAR,OTHER,DAYLIGHT,PERSON,NONE DETECTED,NONE DETECTED,8B0BAB87-1000-46A3-888C-800A5C783BEB,OTHER,Other Working,OTHER,ON ROADWAY NOT AT CROSSWALK,No,POSSIBLE INJURY,REFLECTIVE CLOTHING,39.14970333,-77.02642167,"(39.14970333, -77.02642167)"
MCP30060048,190027052,Montgomery County Police,Injury Crash,06/06/2019 01:38:00 PM,Maryland (State),VEIRS MILL RD,ENT TO WHEATON PLAZA,,N/A,PEDESTRIAN,SINGLE VEHICLE,CLEAR,DRY,DAYLIGHT,STOP SIGN,UNKNOWN,NONE DETECTED,7B056FB9-5642-47E4-92EF-E0B804DFD9B5,PEDESTRIAN,Cross/Enter at Intersection,NO IMPROPER ACTIONS,AT INTERSECTION MARKED CROSSWALK,No,SUSPECTED SERIOUS INJURY,N/A,39.03671667,-77.05157167,"(39.03671667, -77.05157167)"
HA22900002,16000332,Maryland-National Capital,Injury Crash,03/24/2016 09:02:00 AM,County,KENSINGTON PKWY,BEACH DR,,N/A,BICYCLIST,STRAIGHT MOVEMENT ANGLE,CLEAR,DRY,DAYLIGHT,STOP SIGN,NONE DETECTED,NONE DETECTED,3E29C04B-E2BC-41A8-B4A0-272E98D9EF62,BICYCLIST,Cross/Enter at Intersection,FAILURE TO YIELD RIGHT OF WAY,AT INTERSECTION MARKED CROSSWALK,Yes,SUSPECTED MINOR INJURY,MC/BIKE HELMET,39.010214,-77.07392246,"(39.010214, -77.07392246)"
MCP31150054,210041309,Montgomery County Police,Property Damage Crash,10/15/2021 09:20:00 AM,County,ELDRID DR,ECKMOOR RD,,N/A,OTHER,SINGLE VEHICLE,CLEAR,DRY,DAYLIGHT,NO CONTROLS,N/A,N/A,05274A96-D7E9-4A5B-8C4B-B9EB8EC570C4,OTHER,N/A,NO IMPROPER ACTIONS,N/A,No,NO APPARENT INJURY,N/A,39.06577667,-76.999895,"(39.06577667, -76.999895)"
EJ7895002L,220034706,Gaithersburg Police Depar,Property Damage Crash,08/12/2022 01:15:00 PM,,,,FESTIVAL SHOPPING CENTER DRIVEWAY TO 221 MUDDY BRANCH ROAD,,BICYCLIST,STRAIGHT MOVEMENT ANGLE,CLEAR,,DAYLIGHT,NO CONTROLS,NONE DETECTED,NONE DETECTED,9D5C15BB-9903-48A6-B1C9-58F5F3AA1937,BICYCLIST,Cross/Enter at Intersection,INATTENTIVE,ON ROADWAY NOT AT CROSSWALK,Yes,NO APPARENT INJURY,NONE,39.11101895,-77.23904253,"(39.11101895, -77.23904253)"
MCP3125001K,190028777,Montgomery County Police,Injury Crash,06/16/2019 05:00:00 PM,County,GUM SPRING DR,MILLS FARM RD,,N/A,BICYCLIST,SINGLE VEHICLE,N/A,DRY,DAYLIGHT,NO CONTROLS,N/A,N/A,621EF9B6-4447-4917-89C5-7204C43D02C5,BICYCLIST,Playing,IN ROADWAY IMPROPERLY,ON ROADWAY NOT AT CROSSWALK,Yes,POSSIBLE INJURY,NONE,39.081695,-77.2299,"(39.081695, -77.2299)"
MCP12130043,180050967,Montgomery County Police,Injury Crash,10/11/2018 07:00:00 PM,County,RANDOLPH RD,HAWKESBURY LA,,N/A,PEDESTRIAN,STRAIGHT MOVEMENT ANGLE,RAINING,WET,DARK LIGHTS ON,NO CONTROLS,NONE DETECTED,ALCOHOL PRESENT,32D0CD83-9BF5-41D8-9438-D779B5A10086,PEDESTRIAN,Cross/Enter not at Intersection,DART DASH,ON ROADWAY NOT AT CROSSWALK,Yes,SUSPECTED SERIOUS INJURY,NONE,39.06613333,-77.02119,"(39.06613333, -77.02119)"
MCP28370046,220009339,Montgomery County Police,Property Damage Crash,03/04/2022 02:14:00 PM,County,PINEY MEETINGHOUSE RD,GLEN RD,,N/A,BICYCLIST,STRAIGHT MOVEMENT ANGLE,CLEAR,DRY,DAYLIGHT,STOP SIGN,NONE DETECTED,NONE DETECTED,F92C96B6-B623-480F-AB35-D217056200DE,BICYCLIST,Cross/Enter at Intersection,FAILURE TO YIELD RIGHT OF WAY,ON ROADWAY NOT AT CROSSWALK,Yes,NO APPARENT INJURY,REFLECTIVE CLOTHING,39.04835,-77.23317833,"(39.04835, -77.23317833)"
MCP2774001M,16009155,MONTGOMERY,Injury Crash,02/23/2016 09:55:00 PM,,,,PARKING AREA TO THE REAR OF MAIN SERVICE BUILDING AT 11920 BOURNEFIELD WAY,,PEDESTRIAN,OTHER,N/A,,DARK LIGHTS ON,N/A,N/A,N/A,AEF9A97C-DFE7-4332-A000-521161CA508F,PEDESTRIAN,Other Working,NO IMPROPER ACTIONS,OTHER,No,SUSPECTED MINOR INJURY,NONE,39.05366167,-76.96243833,"(39.05366167, -76.96243833)"
MCP3112004V,200039555,Montgomery County Police,Injury Crash,10/07/2020 07:00:00 PM,,,,"PARKING LOT IN FRONT OF 5077 BRADLEY BLVD, CHEVY CHASE, MD",,PEDESTRIAN,OTHER,CLEAR,,DARK NO LIGHTS,N/A,NONE DETECTED,NONE DETECTED,19E023A9-F7A7-4ED3-BCD4-E67A63233AAD,PEDESTRIAN,Cross/Enter not at Intersection,NO IMPROPER ACTIONS,OTHER,No,SUSPECTED MINOR INJURY,N/A,38.9785653,-77.09983529,"(38.9785653, -77.09983529)"
DM8472002Z,250005819,TAKOMA,Injury Crash,02/08/2025 05:48:00 PM,Maryland (State) Route,,ETHAN ALLEN AVE,,,Pedestrian,Single Vehicle,Freezing Rain Or Freezing Drizzle,Wet,Dark - Lighted,Traffic Control Signal,"Not Suspect of Alcohol Use, Not Suspect of Drug Use","Not Suspect of Alcohol Use, Not Suspect of Drug Use",8D1E1623-7081-42ED-981D-53A69DA7F82E,Pedestrian,Cross/Enter at Intersection,Failure to Yield Right-Of-Way,Intersection Marked Crosswalk,No,Suspected Minor Injury,None,38.97805646,-77.00619017,"(38.97805646, -77.00619017)"
MCP24460019,15041947,MONTGOMERY,Injury Crash,08/21/2015 06:54:00 PM,County,MIDDLEBROOK RD,CROSSRIDGE DR,,N/A,BICYCLIST,STRAIGHT MOVEMENT ANGLE,N/A,DRY,DAYLIGHT,STOP SIGN,NONE DETECTED,NONE DETECTED,9776FCF3-A24E-4EB2-9C91-AB37161FB41A,BICYCLIST,Cross/Enter at Intersection,IN ROADWAY IMPROPERLY,AT INTERSECTION BUT NO CROSSWALK,Yes,SUSPECTED MINOR INJURY,NONE,39.174871,-77.259142,"(39.174871, -77.259142)"
MCP3073004V,200017725,Montgomery County Police,Property Damage Crash,04/30/2020 05:30:00 PM,,,,"14000 GEORGIA AVE. ASPEN HILL, MD 20906",,PEDESTRIAN,OTHER,RAINING,,DAYLIGHT,N/A,NONE DETECTED,NONE DETECTED,F7A6234F-7320-4ED4-ADC0-11927C1688D0,PEDESTRIAN,Unknown,UNKNOWN,OTHER,Unknown,NO APPARENT INJURY,NONE,39.08379167,-77.08135167,"(39.08379167, -77.08135167)"
EJ7884001J,210001898,Gaithersburg Police Depar,Injury Crash,01/15/2021 06:26:00 PM,Municipality,E DIAMOND AVE,GIRARD ST,,GAITHERSBURG,PEDESTRIAN,OTHER,RAINING,WET,DARK NO LIGHTS,NO CONTROLS,N/A,N/A,16DEB8F7-303B-4AD5-A1F0-60ACDE8FD3D6,PEDESTRIAN,Unknown,NO IMPROPER ACTIONS,ON ROADWAY NOT AT CROSSWALK,Yes,SUSPECTED SERIOUS INJURY,N/A,39.1420083,-77.18803328,"(39.1420083, -77.18803328)"
MCP27530017,16037782,Montgomery County Police,Injury Crash,07/26/2016 10:40:00 AM,Maryland (State),GEORGIA AVE,LOTTE PLAZA,,N/A,BICYCLIST,STRAIGHT MOVEMENT ANGLE,CLEAR,DRY,DAYLIGHT,STOP SIGN,NONE DETECTED,NONE DETECTED,F2EB426A-6ECD-4A43-A625-C2A8AF898A27,BICYCLIST,Walking/Riding against Traffic,IMPROPER PASSING,ON ROADWAY NOT AT CROSSWALK,Yes,SUSPECTED MINOR INJURY,MC/BIKE HELMET,39.07914963,-77.07280397,"(39.07914963, -77.07280397)"
MCP26170087,190053280,Montgomery County Police,Injury Crash,11/05/2019 02:05:00 PM,County,ARCOLA AVE,KERSEY RD,,N/A,PEDESTRIAN,OTHER,CLEAR,DRY,DAYLIGHT,NO CONTROLS,NONE DETECTED,NONE DETECTED,50CA2A68-AEBD-4B66-9B5A-9FFAE047FCD2,PEDESTRIAN,Cross/Enter at Intersection,N/A,AT INTERSECTION MARKED CROSSWALK,No,POSSIBLE INJURY,NONE,39.043475,-77.03062167,"(39.043475, -77.03062167)"
EJ78260040,190004855,Gaithersburg Police Depar,Injury Crash,01/31/2019 09:08:00 AM,,,,722 HIGHLAND RIDGE AVE,,PEDESTRIAN,OTHER,CLEAR,,DAYLIGHT,N/A,,N/A,5F87E865-B01F-46AF-8A7A-A7FA358F2A73,PEDESTRIAN,Other,OTHER,OTHER,No,POSSIBLE INJURY,N/A,39.12387833,-77.22560667,"(39.12387833, -77.22560667)"
DD5595005D,170549956,Rockville Police Departme,Injury Crash,12/21/2017 03:00:00 PM,Municipality,N WASHINGTON ST,DAWSON AVE,,ROCKVILLE,"OTHER, PEDESTRIAN",SINGLE VEHICLE,CLEAR,DRY,DAYLIGHT,TRAFFIC SIGNAL,NONE DETECTED,N/A,20EA0515-1E47-4934-884F-AA636B10283B,OTHER,Cross/Enter at Intersection,OTHER,AT INTERSECTION MARKED CROSSWALK,No,NO APPARENT INJURY,N/A,39.08864917,-77.15325567,"(39.08864917, -77.15325567)"
MCP26660028,180022518,Montgomery County Police,Injury Crash,05/06/2018 06:45:00 PM,,,,PARKING LOT OF 13838 OUTLET DRIVE,,PEDESTRIAN,SINGLE VEHICLE,CLEAR,,DAYLIGHT,NO CONTROLS,UNKNOWN,UNKNOWN,F2A26B6B-0130-4BE6-9CF0-20EA23515B26,PEDESTRIAN,Other,NO IMPROPER ACTIONS,OTHER,No,SUSPECTED MINOR INJURY,NONE,39.08344702,-76.94571018,"(39.08344702, -76.94571018)"
MCP2875002D,16063499,Montgomery County Police,Injury Crash,12/10/2016 11:17:00 PM,County,SCENERY DR,GATESHEAD CIR,,N/A,PEDESTRIAN,OTHER,CLEAR,DRY,DARK NO LIGHTS,NO CONTROLS,NONE DETECTED,NONE DETECTED,15C306EC-9800-4A41-9057-C738B16612DC,PEDESTRIAN,Cross/Enter at Intersection,NO IMPROPER ACTIONS,AT INTERSECTION BUT NO CROSSWALK,No,POSSIBLE INJURY,NONE,39.182715,-77.23224167,"(39.182715, -77.23224167)"
MCP27230052,200035305,Montgomery County Police,Injury Crash,09/09/2020 09:45:00 AM,,,,18100 VILLAGE CENTER DRIVE,,PEDESTRIAN,SINGLE VEHICLE,CLOUDY,,DAYLIGHT,NO CONTROLS,NONE DETECTED,NONE DETECTED,D36AD02D-1B06-4F31-9E4E-4F100C7187D5,PEDESTRIAN,Standing,NO IMPROPER ACTIONS,SIDEWALK,No,SUSPECTED MINOR INJURY,N/A,39.15281833,-77.06443167,"(39.15281833, -77.06443167)"
MCP15800035,15021894,Montgomery County Police,Injury Crash,05/08/2015 08:57:00 AM,County,HADLEY FARMS DR,WOODFIELD RD,,N/A,PEDESTRIAN,OTHER,CLEAR,DRY,DAYLIGHT,TRAFFIC SIGNAL,NONE DETECTED,NONE DETECTED,63608BBA-F97A-484E-83FE-F8082D297CB9,PEDESTRIAN,Cross/Enter at Intersection,NO IMPROPER ACTIONS,AT INTERSECTION MARKED CROSSWALK,,SUSPECTED SERIOUS INJURY,N/A,39.18016833,-77.15091667,"(39.18016833, -77.15091667)"
MCP3404001B,240030530,MONTGOMERY,Injury Crash,06/28/2024 09:02:00 AM,County Route,LOCKWOOD DR,OAK LEAF DR,,,Pedestrian,Rear To Side,Clear,Dry,Daylight,Stop Sign,"Not Suspect of Alcohol Use, Not Suspect of Drug Use, Not Suspect of Alcohol Use, Not Suspect of Drug Use","Not Suspect of Alcohol Use, Not Suspect of Drug Use",4686FF24-06CD-4E83-9818-46F6BABCF4BC,Pedestrian,Standing,None (No Improper Action),Shoulder/Roadside,No,Suspected Minor Injury,None,39.0379242,-76.99440642,"(39.0379242, -76.99440642)"
MCP3263002W,220052908,Montgomery County Police,Injury Crash,11/30/2022 06:30:00 PM,Maryland (State),BRADLEY BLVD,STRATHMORE ST,,N/A,PEDESTRIAN,OTHER,CLEAR,N/A,DARK LIGHTS ON,FLASHING TRAFFIC SIGNAL,NONE DETECTED,NONE DETECTED,1CFB9532-70E6-4529-A789-9C969E0FEC75,PEDESTRIAN,Cross/Enter at Intersection,N/A,ON ROADWAY AT CROSSWALK,No,SUSPECTED MINOR INJURY,NONE,38.97821667,-77.09348,"(38.97821667, -77.09348)"
EJ7878004T,220056894,Gaithersburg Police Depar,Injury Crash,12/22/2022 09:23:00 PM,,,,PARKING LOT OF 568 N FREDERICK AVENUE,,PEDESTRIAN,OTHER,RAINING,,DARK LIGHTS ON,NO CONTROLS,N/A,N/A,AAD0AA1A-BA4B-499F-A799-588BCB3E4FEB,PEDESTRIAN,Cross/Enter at Intersection,NO IMPROPER ACTIONS,ON ROADWAY AT CROSSWALK,No,POSSIBLE INJURY,NONE,39.14859117,-77.21005983,"(39.14859117, -77.21005983)"
EJ7851003H,180031188,Gaithersburg Police Depar,Injury Crash,06/24/2018 10:15:00 PM,County,ODENDHAL AVE,GOSHEN RD,,N/A,PEDESTRIAN,SINGLE VEHICLE,CLOUDY,WET,DARK LIGHTS ON,TRAFFIC SIGNAL,NONE DETECTED,NONE DETECTED,5F0C4C12-EB14-4C25-926D-3923BC0C0D65,PEDESTRIAN,Cross/Enter at Intersection,NO IMPROPER ACTIONS,ON ROADWAY AT CROSSWALK,No,SUSPECTED MINOR INJURY,NONE,39.15247833,-77.19284667,"(39.15247833, -77.19284667)"
EJ78510095,230000775,Gaithersburg Police Depar,Injury Crash,01/05/2023 04:30:00 PM,County,SHADY GROVE RD,RAMP 9 FR IS 370 EB TO SHADY GROVE RD,,N/A,PEDESTRIAN,OTHER,CLOUDY,DRY,DAYLIGHT,TRAFFIC SIGNAL,NONE DETECTED,NONE DETECTED,87D5A5F6-4C18-4A41-858E-065AF184A18B,PEDESTRIAN,Cross/Enter at Intersection,UNKNOWN,ON ROADWAY AT CROSSWALK,No,SUSPECTED MINOR INJURY,NONE,39.12063682,-77.18038349,"(39.12063682, -77.18038349)"
MCP2968004F,220027586,Montgomery County Police,Injury Crash,06/27/2022 08:47:00 AM,County,LINCOLNSHIRE DR,FALLS CHAPEL WAY,,N/A,PEDESTRIAN,OTHER,CLEAR,DRY,DAYLIGHT,N/A,N/A,N/A,43448CF5-A2FC-49CA-90F8-0C19F24DC1A4,PEDESTRIAN,Other Working,NO IMPROPER ACTIONS,OTHER,No,SUSPECTED MINOR INJURY,REFLECTIVE CLOTHING,39.063115,-77.18202833,"(39.063115, -77.18202833)"
MCP2717001Z,15034844,MONTGOMERY,Injury Crash,07/15/2015 07:56:00 PM,Maryland (State),OLD GEORGETOWN RD,GREENTREE RD,,N/A,PEDESTRIAN,OTHER,CLEAR,DRY,DAYLIGHT,TRAFFIC SIGNAL,NONE DETECTED,NONE DETECTED,F9C53CF0-C1FA-4EB8-A876-AF588D6611AF,PEDESTRIAN,Cross/Enter at Intersection,NO IMPROPER ACTIONS,ON ROADWAY AT CROSSWALK,No,SUSPECTED MINOR INJURY,NONE,39.04668167,-77.11303333,"(39.04668167, -77.11303333)"
MCP2871008X,230033269,Montgomery County Police,Property Damage Crash,07/12/2023 06:41:00 PM,Maryland (State),OLD GEORGETOWN RD,ENT TO BUSINESS,,N/A,BICYCLIST,STRAIGHT MOVEMENT ANGLE,CLEAR,DRY,DAYLIGHT,NO CONTROLS,NONE DETECTED,NONE DETECTED,1600DC16-525D-44EA-BB7A-F4B92D74220D,BICYCLIST,Walking/Riding w/Traffic,NO IMPROPER ACTIONS,IN BIKEWAY,No,NO APPARENT INJURY,MC/BIKE HELMET,39.02557833,-77.12565,"(39.02557833, -77.12565)"