Report Number,Local Case Number,Agency Name,ACRS Report Type,Crash Date/Time,Route Type,Road Name,Cross-Street Name,Off-Road Description,Municipality,Related Non-Motorist,Collision Type,Weather,Surface Condition,Light,Traffic Control,Driver Substance Abuse,Non-Motorist Substance Abuse,Person ID,Pedestrian Type,Pedestrian Movement,Pedestrian Actions,Pedestrian Location,At Fault,Injury Severity,Safety Equipment,Latitude,Longitude,Location
MCP2192001F,15051944,MONTGOMERY,Injury Crash,10/13/2015 01:44:00 PM,US (State),GEORGIA AVE,KING ST,,N/A,PEDESTRIAN,OTHER,CLEAR,DRY,DAYLIGHT,N/A,NONE DETECTED,N/A,A3ACB0B2-0234-489D-9CE6-29182B421064,PEDESTRIAN,Cross/Enter not at Intersection,INATTENTIVE,OUTSIDE RIGHT OF WAY,Yes,POSSIBLE INJURY,N/A,38.98628167,-77.02696833,"(38.98628167, -77.02696833)"
DM8439000Y,16002555,Takoma Park Police Depart,Injury Crash,01/14/2016 12:13:00 PM,,,,7551 NEW HAMPSHIRE AVE CAR WASH PARKING LOT,,PEDESTRIAN,SAME DIR REAR END,CLEAR,,DAYLIGHT,N/A,N/A,N/A,02CA4CED-3EF0-44B8-B49F-B1E5E51D9F4D,PEDESTRIAN,Standing,OTHER,OTHER,No,SUSPECTED MINOR INJURY,N/A,38.98579833,-76.987405,"(38.98579833, -76.987405)"
MCP2085000J,170546866,Montgomery County Police,Injury Crash,12/05/2017 08:00:00 PM,County,WILLARD AVE,FRIENDSHIP BLVD,,N/A,PEDESTRIAN,OTHER,RAINING,WET,DARK LIGHTS ON,TRAFFIC SIGNAL,UNKNOWN,NONE DETECTED,271815A9-98E9-49CC-85E8-D2B3BBB2F85C,PEDESTRIAN,Other,IN ROADWAY IMPROPERLY,ON ROADWAY NOT AT CROSSWALK,Yes,SUSPECTED MINOR INJURY,N/A,38.96207526,-77.08902597,"(38.96207526, -77.08902597)"
MCP3118002Y,200021872,Montgomery County Police,Injury Crash,06/03/2020 09:29:00 AM,Maryland (State),LAYHILL RD,BEL PRE RD,,N/A,BICYCLIST,SAME DIRECTION LEFT TURN,CLEAR,DRY,DAYLIGHT,TRAFFIC SIGNAL,NONE DETECTED,NONE DETECTED,EC1D3A73-82C6-4D49-9317-93C3CC881362,BICYCLIST,Cross/Enter at Intersection,INATTENTIVE,OTHER,Yes,POSSIBLE INJURY,MC/BIKE HELMET,39.09060333,-77.04511,"(39.09060333, -77.04511)"
EJ7891000L,210040756,Gaithersburg Police Depar,Injury Crash,10/12/2021 09:06:00 AM,Municipality,HIGHLAND RIDGE AVE,WINTER WALK DR,,GAITHERSBURG,PEDESTRIAN,SINGLE VEHICLE,CLEAR,DRY,DAYLIGHT,STOP SIGN,NONE DETECTED,NONE DETECTED,E210CD10-58B9-4CF2-B71E-621BB8A74848,PEDESTRIAN,Getting off/on Vehicle,UNKNOWN,AT INTERSECTION BUT NO CROSSWALK,No,SUSPECTED MINOR INJURY,NONE,39.126226,-77.22519288,"(39.126226, -77.22519288)"
MCP25590019,16042271,Montgomery County Police,Injury Crash,07/24/2016 07:00:00 PM,Maryland (State),QUINCE ORCHARD RD,GREAT SENECA HWY,,N/A,BICYCLIST,STRAIGHT MOVEMENT ANGLE,CLEAR,DRY,DARK LIGHTS ON,TRAFFIC SIGNAL,UNKNOWN,N/A,60A3565A-F5A1-4B1F-A274-C14BCFABB6BF,BICYCLIST,Walking/Cycling on Sidewalk,NO IMPROPER ACTIONS,AT INTERSECTION MARKED CROSSWALK,No,SUSPECTED MINOR INJURY,OTHER,39.1287099,-77.23744467,"(39.1287099, -77.23744467)"
MCP25460027,16066612,Montgomery County Police,Injury Crash,12/27/2016 03:15:00 PM,County,PARKLAND DR,INDEPENDENCE ST,,N/A,PEDESTRIAN,OTHER,CLEAR,DRY,DAYLIGHT,STOP SIGN,NONE DETECTED,NONE DETECTED,3BC2AE6A-5DB0-4C59-88FA-8E0BDBA5AC62,PEDESTRIAN,Getting off/on Vehicle,NO IMPROPER ACTIONS,SHOULDER,Unknown,SUSPECTED SERIOUS INJURY,NONE,39.07271167,-77.08702,"(39.07271167, -77.08702)"
MCP07040012,170515873,Montgomery County Police,Injury Crash,06/26/2017 06:12:00 PM,Maryland (State),WISCONSIN AVE,BETHESDA AVE,,N/A,PEDESTRIAN,SINGLE VEHICLE,CLEAR,DRY,DAYLIGHT,TRAFFIC SIGNAL,NONE DETECTED,NONE DETECTED,05DD9F06-F8AA-4741-B1C4-12BF6B0A7126,PEDESTRIAN,Cross/Enter at Intersection,NO IMPROPER ACTIONS,AT INTERSECTION MARKED CROSSWALK,No,SUSPECTED MINOR INJURY,N/A,38.98352333,-77.093235,"(38.98352333, -77.093235)"
MCP2396000Q,15025472,Montgomery County Police,Injury Crash,05/27/2015 09:55:00 AM,Maryland (State),CONNECTICUT AVE,WELLER RD,,N/A,PEDESTRIAN,STRAIGHT MOVEMENT ANGLE,CLEAR,DRY,DAYLIGHT,OTHER,NONE DETECTED,NONE DETECTED,F3396858-22EE-4ECC-91FB-FD0323AD2307,PEDESTRIAN,Cross/Enter at Intersection,OTHER,AT INTERSECTION MARKED CROSSWALK,,SUSPECTED MINOR INJURY,N/A,39.06329864,-77.07331896,"(39.06329864, -77.07331896)"
MCP32060027,220052795,Montgomery County Police,Injury Crash,11/30/2022 09:00:00 AM,,,,8513 PINEYBRANCH RD- PARKING LOT,,PEDESTRIAN,SINGLE VEHICLE,RAINING,,DAYLIGHT,NO CONTROLS,NONE DETECTED,NONE DETECTED,A7EF966C-1227-43D1-B01F-0FB1CE7C9E99,PEDESTRIAN,Cross/Enter not at Intersection,NO IMPROPER ACTIONS,OTHER,No,POSSIBLE INJURY,NONE,38.99807317,-77.00231133,"(38.99807317, -77.00231133)"
MCP32850018,210035886,Montgomery County Police,Injury Crash,09/12/2021 02:21:00 PM,,,,IFO 13 LOCBURY CT,,PEDESTRIAN,SINGLE VEHICLE,CLEAR,,DAYLIGHT,NO CONTROLS,NONE DETECTED,N/A,4770C73E-A280-46F1-B4C6-2C34A73E6E55,PEDESTRIAN,Standing,NO IMPROPER ACTIONS,N/A,No,SUSPECTED SERIOUS INJURY,NONE,39.18758667,-77.26560833,"(39.18758667, -77.26560833)"
MCP3034003J,190028043,Montgomery County Police,Property Damage Crash,06/12/2019 02:12:00 PM,County,CEDAR LA,ROCKVILLE PIKE,,N/A,OTHER CONVEYANCE,OTHER,CLEAR,DRY,DAYLIGHT,TRAFFIC SIGNAL,NONE DETECTED,NONE DETECTED,FCA26E5D-C408-46A3-87F2-A2A91E047EA5,OTHER CONVEYANCE,Other,NO IMPROPER ACTIONS,AT INTERSECTION MARKED CROSSWALK,No,NO APPARENT INJURY,NONE,39.00631,-77.09784833,"(39.00631, -77.09784833)"
MCP2298006Q,15056003,MONTGOMERY,Injury Crash,11/03/2015 03:25:00 PM,Maryland (State),FREDERICK RD,BRINK RD,,N/A,PEDESTRIAN,SAME DIR REAR END,CLEAR,DRY,DAYLIGHT,NO CONTROLS,"NONE DETECTED, UNKNOWN",NONE DETECTED,53C626E7-E07D-4B71-A08A-ECC687C2D27B,PEDESTRIAN,Standing,OTHER,ON ROADWAY NOT AT CROSSWALK,No,NO APPARENT INJURY,N/A,39.21385143,-77.24928796,"(39.21385143, -77.24928796)"
DD56620009,230022284,Rockville Police Departme,Injury Crash,05/09/2023 05:12:00 PM,,,,785 ROCKVILLE PIKE (7/11 PARKING LOT),,PEDESTRIAN,OTHER,CLEAR,,DAYLIGHT,N/A,UNKNOWN,NONE DETECTED,425FFBAE-A1C7-4BF4-A08C-ADE8603E2528,PEDESTRIAN,Other,NO IMPROPER ACTIONS,OTHER,No,POSSIBLE INJURY,NONE,39.08122983,-77.14816817,"(39.08122983, -77.14816817)"
DM8479001N,220049763,Takoma Park Police Depart,Property Damage Crash,11/10/2022 09:50:00 PM,Maryland (State),NEW HAMPSHIRE AVE,UNIVERSITY BLVD,,N/A,OTHER,SAME DIR REAR END,CLEAR,DRY,DARK LIGHTS ON,TRAFFIC SIGNAL,NONE DETECTED,NONE DETECTED,F9663677-0CC7-43BD-9018-77BB3911FD6E,OTHER,Standing,UNKNOWN,ON ROADWAY NOT AT CROSSWALK,Unknown,NO APPARENT INJURY,NONE,38.98874017,-76.98835567,"(38.98874017, -76.98835567)"
MCP1433005T,240023666,MONTGOMERY,Injury Crash,05/19/2024 06:35:00 PM,Maryland (State) Route,ROCKVILLE PIKE (SB/L),,,,Cyclist (Electric),Single Vehicle,Clear,Dry,Daylight,No Controls,"Not Suspect of Alcohol Use, Not Suspect of Drug Use","Not Suspect of Alcohol Use, Not Suspect of Drug Use",55FB093E-F09F-4061-8501-9390DE40B889,Cyclist (Electric),Cross/Enter at Intersection,None (No Improper Action),Intersection Marked Crosswalk,No,Suspected Minor Injury,Helmet,39.05809084,-77.12092011,"(39.05809084, -77.12092011)"
MCP27570023,250006729,MONTGOMERY,Property Damage Crash,02/14/2025 08:04:00 PM,Local Route,CSX TRACK 2 RAIL,,,,Occupant of Motor Vehicle Not in Transport,Single Vehicle,Clear,Dry,Dark - Not Lighted,Flashing Railroad Crossing Signal (may include gates),,"Not Suspect of Alcohol Use, Not Suspect of Drug Use",299F7BA8-FB36-4326-BE36-8281AF317C41,Occupant of Motor Vehicle Not in Transport,Other,None (No Improper Action),Other,No,No Apparent Injury,Unknown,39.13436665,-77.17591666,"(39.13436665, -77.17591666)"
EJ7893000N,220013966,Gaithersburg Police Depar,Injury Crash,04/01/2022 08:28:00 PM,,,,SIDEWALK ENTRANCE TO 411 N FREDERICK AVE,,PEDESTRIAN,OTHER,CLEAR,,DARK LIGHTS ON,NO CONTROLS,NONE DETECTED,NONE DETECTED,5183627D-DAF8-4CCA-8F2A-B257EABD1078,PEDESTRIAN,Cross/Enter not at Intersection,NO IMPROPER ACTIONS,SIDEWALK,No,POSSIBLE INJURY,NONE,39.14639232,-77.20450323,"(39.14639232, -77.20450323)"
MCP2767001G,15056017,MONTGOMERY,Injury Crash,11/03/2015 04:38:00 PM,,,,"In parking lot in front of 11240 Georgia Avenue, Wheaton MD 20902",,PEDESTRIAN,SINGLE VEHICLE,CLEAR,,DAYLIGHT,NO CONTROLS,NONE DETECTED,NONE DETECTED,23AFD6CC-11A4-4EBE-BC82-126892C93966,PEDESTRIAN,Standing,NO IMPROPER ACTIONS,OTHER,No,SUSPECTED SERIOUS INJURY,N/A,39.03979833,-77.05151,"(39.03979833, -77.05151)"
MCP94300001,16055044,Montgomery County Police,Injury Crash,10/26/2016 07:45:00 AM,,,,DRIVEWAY TO GIANT 10400 OLD GEORGETOWN ROAD,,BICYCLIST,OTHER,CLEAR,,DAYLIGHT,STOP SIGN,NONE DETECTED,NONE DETECTED,0E895861-5CD2-434F-85D1-129CEB820520,BICYCLIST,Cross/Enter at Intersection,N/A,ON ROADWAY NOT AT CROSSWALK,No,SUSPECTED MINOR INJURY,MC/BIKE HELMET,39.02618833,-77.12957167,"(39.02618833, -77.12957167)"
MCP2001001X,220050349,Montgomery County Police,Injury Crash,11/14/2022 05:38:00 PM,Municipality,E GUDE DR,TAFT ST,,ROCKVILLE,PEDESTRIAN,SINGLE VEHICLE,CLEAR,DRY,DARK LIGHTS ON,N/A,NONE DETECTED,ALCOHOL PRESENT,3C908496-7760-483E-9940-BF5919D3824D,PEDESTRIAN,Cross/Enter not at Intersection,IN ROADWAY IMPROPERLY,ON ROADWAY NOT AT CROSSWALK,Yes,SUSPECTED SERIOUS INJURY,N/A,39.0936572,-77.13222204,"(39.0936572, -77.13222204)"
MCP2809004F,20034574,Montgomery County Police,Injury Crash,09/03/2020 08:20:00 PM,Maryland (State),UNIVERSITY BLVD E,PINEY BRANCH RD,,N/A,PEDESTRIAN,OTHER,RAINING,WET,DARK LIGHTS ON,TRAFFIC SIGNAL,N/A,N/A,F1397E41-2A21-49C1-B815-AA372749E713,PEDESTRIAN,Cross/Enter at Intersection,NO IMPROPER ACTIONS,AT INTERSECTION MARKED CROSSWALK,No,SUSPECTED SERIOUS INJURY,N/A,38.99963667,-76.99598333,"(38.99963667, -76.99598333)"
MCP31820008,190013158,Montgomery County Police,Injury Crash,03/22/2019 05:50:00 AM,County,NORTHAMPTON DR,NEW HAMPSHIRE AVE,,N/A,PEDESTRIAN,OTHER,CLOUDY,WET,DAWN,TRAFFIC SIGNAL,NONE DETECTED,NONE DETECTED,FB8B9E7D-029C-43E2-A7F7-49F4033F4E49,PEDESTRIAN,Cross/Enter at Intersection,NO IMPROPER ACTIONS,AT INTERSECTION BUT NO CROSSWALK,No,SUSPECTED SERIOUS INJURY,NONE,39.00692169,-76.98075655,"(39.00692169, -76.98075655)"
MCP27260058,200048813,Montgomery County Police,Injury Crash,12/11/2020 12:26:00 PM,,,,1600 BLOCK OF ROCKVILLE PIKE (CONGRESSIONAL PLAZA),,BICYCLIST,OTHER,CLEAR,,DAYLIGHT,NO CONTROLS,NONE DETECTED,NONE DETECTED,CCCD6E15-7717-436D-93EF-6B4BF8538464,BICYCLIST,Walking/Cycling on Sidewalk,N/A,SIDEWALK,No,SUSPECTED MINOR INJURY,NONE,39.06297528,-77.12499665,"(39.06297528, -77.12499665)"
MCP9419005B,240052473,MONTGOMERY,Injury Crash,11/01/2024 01:20:00 PM,Municipality Route,COLLEGE PKWY (SB/L),HUNGERFORD DR (SB/L),,,Pedestrian,Single Vehicle,Clear,Dry,Daylight,Traffic Control Signal,"Not Suspect of Alcohol Use, Not Suspect of Drug Use","Not Suspect of Alcohol Use, Not Suspect of Drug Use",B095AC79-F9BA-4CB3-BE9A-8D88F468BF77,Pedestrian,Cross/Enter at Intersection,None (No Improper Action),Intersection Marked Crosswalk,No,Suspected Minor Injury,None,39.10336004,-77.1560417,"(39.10336004, -77.1560417)"
MCP2850001Z,220000526,Montgomery County Police,Injury Crash,01/05/2022 01:44:00 PM,,,,PARKING LOT OF KENTLANDS MANOR SENIOR APARTMENTS LOCATED AT 221 BOOTH ST,,PEDESTRIAN,OTHER,CLEAR,,DAYLIGHT,NO CONTROLS,N/A,N/A,3269BC59-AE63-48E4-9898-51F7999A0979,PEDESTRIAN,Cross/Enter not at Intersection,NO IMPROPER ACTIONS,OTHER,No,SUSPECTED MINOR INJURY,N/A,39.12250167,-77.239915,"(39.12250167, -77.239915)"
MCP2941001M,16066054,Montgomery County Police,Injury Crash,12/23/2016 08:36:00 PM,,,,PARKING LOT ENTRANCE,,PEDESTRIAN,OTHER,N/A,,DARK LIGHTS ON,NO CONTROLS,NONE DETECTED,NONE DETECTED,5D81A99A-3419-4C8A-BAFB-7006A428443E,PEDESTRIAN,Getting off/on Vehicle,ENTERING EXITING PARKED STANDING VEHICLE,SIDEWALK,No,SUSPECTED MINOR INJURY,NONE,38.99832283,-77.02860385,"(38.99832283, -77.02860385)"
MCP3427000Q,250007792,MONTGOMERY,Injury Crash,02/21/2025 11:20:00 PM,County Route,WIGHTMAN RD,GOSHEN RD SNOUFFERS SCHOOL RD,,,Pedestrian,Single Vehicle,Clear,Dry,Dark - Lighted,Traffic Control Signal,"Not Suspect of Alcohol Use, Not Suspect of Drug Use","Not Suspect of Alcohol Use, Not Suspect of Drug Use",43B72AF2-6590-4CB9-A78E-F95988704DA3,Pedestrian,Unknown,Unknown,Intersection Marked Crosswalk,No,Suspected Minor Injury,None,39.1877521,-77.1868527,"(39.1877521, -77.1868527)"
MCP271700D9,170533084,Montgomery County Police,Property Damage Crash,09/25/2017 05:50:00 PM,County,TUCKERMAN LA,MARCLIFF RD,,N/A,BICYCLIST,OTHER,CLEAR,DRY,DAYLIGHT,NO CONTROLS,NONE DETECTED,NONE DETECTED,A8FE41B5-5B95-433E-B3A9-C71C1449B2E0,BICYCLIST,Other,FAILURE TO YIELD RIGHT OF WAY,SHOULDER,No,NO APPARENT INJURY,MC/BIKE HELMET,39.03626933,-77.13243633,"(39.03626933, -77.13243633)"
EJ78640021,190028524,Gaithersburg Police Depar,Injury Crash,06/14/2019 09:45:00 PM,County,FIELDS RD,RIO BLVD,,GAITHERSBURG,OTHER PEDALCYCLIST,SINGLE VEHICLE,N/A,DRY,DARK LIGHTS ON,TRAFFIC SIGNAL,N/A,N/A,920BA073-8963-4A20-840A-99A100E39489,OTHER PEDALCYCLIST,Cross/Enter at Intersection,FAILURE TO OBEY TRAFFIC SIGNS SIGNALS OR OFFICER,AT INTERSECTION MARKED CROSSWALK,Yes,SUSPECTED MINOR INJURY,NONE,39.11594833,-77.20430167,"(39.11594833, -77.20430167)"
MCP2877001G,15029495,Montgomery County Police,Injury Crash,06/16/2015 03:10:00 PM,County,CRESTMOOR DR,COLESVILLE RD,,N/A,BICYCLIST,STRAIGHT MOVEMENT ANGLE,UNKNOWN,UNKNOWN,DAYLIGHT,NO CONTROLS,UNKNOWN,UNKNOWN,25DB2EA1-EF73-4C64-9D33-C0A84FF94D18,BICYCLIST,Cross/Enter at Intersection,UNKNOWN,SIDEWALK,,SUSPECTED MINOR INJURY,MC/BIKE HELMET,39.02795221,-77.00903177,"(39.02795221, -77.00903177)"
MCP3134005B,240051502,MONTGOMERY,Injury Crash,10/27/2024 04:05:00 PM,County Route,BRIGGS CHANEY RD,,,,Pedestrian,Single Vehicle,Clear,Dry,Daylight,No Controls,"Not Suspect of Alcohol Use, Not Suspect of Drug Use","Not Suspect of Alcohol Use, Not Suspect of Drug Use",3857AD35-A08D-4A7C-94CF-B856E044C35B,Pedestrian,Cross/Enter Not at Intersection,"In Roadway Improperly (Standing, Lying, Working, Playing)",Travel Lane Other Location,Yes,Suspected Minor Injury,None,39.06955067,-76.93741483,"(39.06955067, -76.93741483)"
DD56350043,210034745,Rockville Police Departme,Property Damage Crash,09/04/2021 07:03:00 PM,Maryland (State),ROCKVILLE PIKE,ENT TO BUSINESS,,N/A,BICYCLIST,OTHER,CLEAR,DRY,DAYLIGHT,NO CONTROLS,UNKNOWN,NONE DETECTED,A4B3A2EA-5919-48A1-9859-3DDD17FEC613,BICYCLIST,Cross/Enter at Intersection,OTHER,SIDEWALK,Unknown,NO APPARENT INJURY,NONE,39.06923267,-77.13055083,"(39.06923267, -77.13055083)"
MCP2563000V,180062526,Montgomery County Police,Fatal Crash,12/14/2018 05:19:00 PM,Maryland (State),DARNESTOWN RD,ANCIENT OAK DR,,N/A,PEDESTRIAN,SINGLE VEHICLE,RAINING,WET,DARK LIGHTS ON,NO CONTROLS,NONE DETECTED,UNKNOWN,400F46B5-4A53-4CCD-92B2-573C9E113736,PEDESTRIAN,Cross/Enter not at Intersection,UNKNOWN,ON ROADWAY NOT AT CROSSWALK,Unknown,FATAL INJURY,NONE,39.113173,-77.269542,"(39.113173, -77.269542)"
MCP3021000F,17011682,Montgomery County Police,Injury Crash,03/05/2017 05:13:00 PM,County,SILVER SPRING AVE,GEORGIA AVE,,N/A,PEDESTRIAN,SINGLE VEHICLE,CLEAR,DRY,DAYLIGHT,NO CONTROLS,NONE DETECTED,NONE DETECTED,4D224526-10CF-46A3-886B-969487044F9E,PEDESTRIAN,Cross/Enter not at Intersection,IN ROADWAY IMPROPERLY,ON ROADWAY NOT AT CROSSWALK,No,SUSPECTED MINOR INJURY,NONE,38.99167708,-77.02522025,"(38.99167708, -77.02522025)"
MCP285900BR,220006572,Montgomery County Police,Injury Crash,02/15/2022 12:30:00 PM,County,SAM EIG HWY,DIAMONDBACK DR,,N/A,PEDESTRIAN,OTHER,CLEAR,DRY,DAYLIGHT,NO CONTROLS,NONE DETECTED,NONE DETECTED,0579B0A0-A852-45C7-9FD1-9E7130FB9954,PEDESTRIAN,Cross/Enter at Intersection,NO IMPROPER ACTIONS,AT INTERSECTION MARKED CROSSWALK,No,POSSIBLE INJURY,NONE,39.11360525,-77.20839938,"(39.11360525, -77.20839938)"
MCP21910028,180034993,Montgomery County Police,Injury Crash,07/15/2018 03:05:00 PM,Maryland (State),OLD GEORGETOWN RD,ENT TO BUSINESS,,N/A,MACHINE OPERATOR/RIDER,HEAD ON,RAINING,WET,DAYLIGHT,N/A,NONE DETECTED,NONE DETECTED,AEAF9431-488F-4DB1-9923-6480484F8DB1,MACHINE OPERATOR/RIDER,Walking/Riding against Traffic,IN ROADWAY IMPROPERLY,ON ROADWAY NOT AT CROSSWALK,Yes,SUSPECTED MINOR INJURY,NONE,39.02290117,-77.124048,"(39.02290117, -77.124048)"
MCP30370045,220040999,Montgomery County Police,Injury Crash,09/20/2022 06:35:00 PM,County,ANNAPOLIS ROCK RD,DAMASCUS RD,,N/A,BICYCLIST,SAME DIR REAR END,CLEAR,DRY,DAYLIGHT,NO CONTROLS,NONE DETECTED,NONE DETECTED,6FF02A40-9253-49EC-88EC-7B55B8748D2E,BICYCLIST,Walking/Riding w/Traffic,NO IMPROPER ACTIONS,ON ROADWAY NOT AT CROSSWALK,No,SUSPECTED SERIOUS INJURY,MC/BIKE HELMET,39.27764333,-77.14103,"(39.27764333, -77.14103)"
MCP28120017,15031560,Montgomery County Police,Injury Crash,06/28/2015 12:13:00 PM,US (State),COLESVILLE RD,SPRING ST,,N/A,PEDESTRIAN,SINGLE VEHICLE,CLEAR,DRY,DAYLIGHT,N/A,N/A,N/A,EC6F394A-3EB5-486D-AD93-1971C2BA2FD1,PEDESTRIAN,Cross/Enter not at Intersection,NO IMPROPER ACTIONS,ON ROADWAY AT CROSSWALK,,SUSPECTED MINOR INJURY,N/A,38.99976333,-77.02590333,"(38.99976333, -77.02590333)"
MCP2396003L,200034356,Montgomery County Police,Property Damage Crash,09/02/2020 03:51:00 PM,County,CEDAR ST,ELLSWORTH DR,,N/A,PEDESTRIAN,OTHER,CLEAR,DRY,DAYLIGHT,N/A,N/A,N/A,2987A2FF-7244-4A1C-80D0-68B3794CB1E7,PEDESTRIAN,Cross/Enter at Intersection,NO IMPROPER ACTIONS,ON ROADWAY AT CROSSWALK,No,NO APPARENT INJURY,NONE,38.99901713,-77.02443783,"(38.99901713, -77.02443783)"
MCP2710001C,16059651,Montgomery County Police,Injury Crash,11/19/2016 05:40:00 PM,County,GOSHEN RD,MIDCOUNTY HWY,,N/A,PEDESTRIAN,OTHER,RAINING,WET,DARK NO LIGHTS,N/A,NONE DETECTED,NONE DETECTED,758B50BC-C9F1-40E7-877D-0A8B506732E8,PEDESTRIAN,Cross/Enter not at Intersection,DART DASH,ON ROADWAY NOT AT CROSSWALK,Yes,POSSIBLE INJURY,NONE,39.15700667,-77.19197167,"(39.15700667, -77.19197167)"
MCP2181004L,220019281,Montgomery County Police,Fatal Crash,05/06/2022 11:21:00 AM,County,ROCKLEDGE DR,DEMOCRACY BLVD,,N/A,PEDESTRIAN,OTHER,RAINING,WET,DAYLIGHT,N/A,N/A,NONE DETECTED,79303E71-FB09-4962-A39A-ED2AEDB552F8,PEDESTRIAN,Cross/Enter not at Intersection,DART DASH,ON ROADWAY NOT AT CROSSWALK,Yes,FATAL INJURY,NONE,39.02436333,-77.13263667,"(39.02436333, -77.13263667)"
MCP2893002Y,170504362,Montgomery County Police,Injury Crash,04/26/2017 04:56:00 PM,County,SCENERY DR,ENT TO PLUM GAR COMMUNITY CENTER,,N/A,BICYCLIST,SINGLE VEHICLE,CLEAR,DRY,DAYLIGHT,NO CONTROLS,NONE DETECTED,NONE DETECTED,2E978FC3-F34B-4129-951A-8BBBA590BBED,BICYCLIST,Playing,FAILURE TO YIELD RIGHT OF WAY,ON ROADWAY NOT AT CROSSWALK,Yes,SUSPECTED MINOR INJURY,NONE,39.17705667,-77.23413,"(39.17705667, -77.23413)"
MCP23980011,16067106,Montgomery County Police,Injury Crash,12/30/2016 11:03:00 AM,Municipality,N SUMMIT AVE,E DIAMOND AVE,,GAITHERSBURG,PEDESTRIAN,HEAD ON LEFT TURN,SNOW,WET,DAYLIGHT,OTHER,NONE DETECTED,NONE DETECTED,EC229619-1A87-4879-910C-17FAF8715C2B,PEDESTRIAN,Cross/Enter at Intersection,INATTENTIVE,ON ROADWAY AT CROSSWALK,Yes,SUSPECTED MINOR INJURY,NONE,39.14224667,-77.19336167,"(39.14224667, -77.19336167)"
MCP2278003K,210040834,Montgomery County Police,Injury Crash,10/12/2021 03:22:00 PM,County,MONTROSE RD,BARGATE CT,,N/A,BICYCLIST,STRAIGHT MOVEMENT ANGLE,CLEAR,DRY,DAYLIGHT,NO CONTROLS,NONE DETECTED,NONE DETECTED,FAD89D87-AA34-4D22-950B-105C1D16A98D,BICYCLIST,Cross/Enter not at Intersection,NO IMPROPER ACTIONS,ON ROADWAY AT CROSSWALK,No,SUSPECTED MINOR INJURY,NONE,39.05356333,-77.13203833,"(39.05356333, -77.13203833)"
EJ7846001W,16064241,Gaithersburg Police Depar,Injury Crash,12/14/2016 07:18:00 PM,Municipality,RIO BLVD,ROUNDABOUT,,N/A,PEDESTRIAN,STRAIGHT MOVEMENT ANGLE,CLEAR,DRY,DARK LIGHTS ON,STOP SIGN,NONE DETECTED,NONE DETECTED,7252876C-3BF9-431E-8492-861E616AB270,PEDESTRIAN,Cross/Enter at Intersection,NO IMPROPER ACTIONS,AT INTERSECTION MARKED CROSSWALK,No,POSSIBLE INJURY,NONE,39.18248667,-77.24255167,"(39.18248667, -77.24255167)"
MCP22310076,230017988,Montgomery County Police,Injury Crash,04/15/2023 01:58:00 PM,Maryland (State),DARNESTOWN RD,QUINCE ORCHARD RD,,N/A,BICYCLIST,OTHER,CLOUDY,DRY,DAYLIGHT,NO CONTROLS,NONE DETECTED,NONE DETECTED,A370C0D9-D53B-40D4-9D27-A02D86DBB0A5,BICYCLIST,Cross/Enter not at Intersection,IN ROADWAY IMPROPERLY,ON ROADWAY NOT AT CROSSWALK,Yes,SUSPECTED MINOR INJURY,NONE,39.11770833,-77.25185833,"(39.11770833, -77.25185833)"
MCP235300CN,230070177,Montgomery County Police,Injury Crash,12/06/2023 10:56:00 AM,County,ARLINGTON RD,BETHESDA AVE,,N/A,PEDESTRIAN,STRAIGHT MOVEMENT ANGLE,CLOUDY,DRY,DAYLIGHT,TRAFFIC SIGNAL,NONE DETECTED,NONE DETECTED,153BE158-9638-4246-8B14-EF19E79492CC,PEDESTRIAN,Standing,NO IMPROPER ACTIONS,SIDEWALK,No,SUSPECTED SERIOUS INJURY,N/A,38.98077833,-77.09855,"(38.98077833, -77.09855)"
MCP3372001M,230061088,Montgomery County Police,Injury Crash,10/17/2023 03:21:00 PM,County,VEIRS MILL RD,GAYNOR RD,,N/A,PEDESTRIAN,N/A,CLEAR,DRY,DAYLIGHT,WARNING SIGN,NONE DETECTED,NONE DETECTED,E98913D3-AF4B-4341-BB26-3E83AA17C5D7,PEDESTRIAN,Cross/Enter at Intersection,N/A,ON ROADWAY AT CROSSWALK,No,SUSPECTED SERIOUS INJURY,N/A,39.06165063,-77.09202394,"(39.06165063, -77.09202394)"
MCP2445001W,200039777,Montgomery County Police,Injury Crash,10/09/2020 12:36:00 PM,County,GERMANTOWN RD,SCENERY DR,,N/A,PEDESTRIAN,SINGLE VEHICLE,CLEAR,DRY,DAYLIGHT,TRAFFIC SIGNAL,NONE DETECTED,NONE DETECTED,A1B0B838-C5E0-4CA9-B3E3-635F8F6BD7F4,PEDESTRIAN,Cross/Enter at Intersection,NO IMPROPER ACTIONS,ON ROADWAY AT CROSSWALK,No,SUSPECTED MINOR INJURY,NONE,39.19226433,-77.23377617,"(39.19226433, -77.23377617)"
MCP2546002K,180050432,Montgomery County Police,Injury Crash,10/09/2018 06:56:00 AM,Maryland (State),GEORGIA AVE,WENDY LA,,N/A,PEDESTRIAN,ANGLE MEETS RIGHT TURN,CLEAR,DRY,DAWN,NO CONTROLS,NONE DETECTED,NONE DETECTED,289867B4-07A3-4948-9FCE-51F48A573E2D,PEDESTRIAN,Standing,NO IMPROPER ACTIONS,SIDEWALK,No,SUSPECTED SERIOUS INJURY,N/A,39.078979,-77.07256,"(39.078979, -77.07256)"