Report Number,Local Case Number,Agency Name,ACRS Report Type,Crash Date/Time,Route Type,Road Name,Cross-Street Name,Off-Road Description,Municipality,Related Non-Motorist,Collision Type,Weather,Surface Condition,Light,Traffic Control,Driver Substance Abuse,Non-Motorist Substance Abuse,Person ID,Pedestrian Type,Pedestrian Movement,Pedestrian Actions,Pedestrian Location,At Fault,Injury Severity,Safety Equipment,Latitude,Longitude,Location
MCP2906001T,180034306,Montgomery County Police,Injury Crash,07/11/2018 05:19:00 PM,Maryland (State),KEY WEST AVE,ENT TO BUSINESS,,N/A,BICYCLIST,STRAIGHT MOVEMENT ANGLE,CLEAR,DRY,DAYLIGHT,STOP SIGN,NONE DETECTED,N/A,5F187B8B-CC71-4064-BC9A-19853D1999CB,BICYCLIST,Cross/Enter at Intersection,N/A,ON ROADWAY AT CROSSWALK,No,SUSPECTED MINOR INJURY,MC/BIKE HELMET,39.104765,-77.19506,"(39.104765, -77.19506)"
MCP30950018,180059724,Montgomery County Police,Injury Crash,11/29/2018 05:37:00 PM,County,FAIRLAND RD,COLUMBIA PIKE,,N/A,PEDESTRIAN,OTHER,CLEAR,N/A,DARK -- UNKNOWN LIGHTING,N/A,N/A,N/A,E26296C9-75FA-46FA-885E-5C18C5DF650E,PEDESTRIAN,Cross/Enter at Intersection,UNKNOWN,ON ROADWAY NOT AT CROSSWALK,Yes,SUSPECTED MINOR INJURY,N/A,39.07361833,-76.95545833,"(39.07361833, -76.95545833)"
MCP1213008G,230059367,Montgomery County Police,Injury Crash,10/08/2023 08:55:00 PM,,,,PARKING LOT OF 12345 GEORGIA AVE,,PEDESTRIAN,SINGLE VEHICLE,CLEAR,,DARK LIGHTS ON,NO CONTROLS,UNKNOWN,NONE DETECTED,761BFB5E-2BE3-4297-A717-6D523455598D,PEDESTRIAN,Standing,OTHER,OTHER,Yes,SUSPECTED MINOR INJURY,NONE,39.06087652,-77.05072432,"(39.06087652, -77.05072432)"
MCP3090006F,220045233,Montgomery County Police,Injury Crash,10/15/2022 02:40:00 PM,,,,"PARKING LOT OF 438 N FREDERICK AVE. GAITHERSBURG, MD",,PEDESTRIAN,OTHER,CLEAR,,DAYLIGHT,N/A,N/A,N/A,879FEED3-1E44-4ED4-AE72-CD0C6DB0277F,PEDESTRIAN,N/A,OTHER,OTHER,No,POSSIBLE INJURY,N/A,39.14754333,-77.206474,"(39.14754333, -77.206474)"
MCP2394003P,200031677,Montgomery County Police,Property Damage Crash,08/14/2020 10:08:00 AM,County,BEL PRE RD,ENT TO APARTMENTS,,N/A,MACHINE OPERATOR/RIDER,OTHER,CLEAR,DRY,DAYLIGHT,STOP SIGN,UNKNOWN,NONE DETECTED,0AA192B6-FE61-4321-A1D9-14EC5E4F344D,MACHINE OPERATOR/RIDER,Cross/Enter at Intersection,NO IMPROPER ACTIONS,ON ROADWAY AT CROSSWALK,No,NO APPARENT INJURY,NONE,39.09124955,-77.0665708,"(39.09124955, -77.0665708)"
MCP1233006L,250019300,MONTGOMERY,Injury Crash,05/02/2025 06:31:00 PM,Maryland (State) Route,CONNECTICUT AVE (SB/L),DECATUR AVE,,,Cyclist (Electric),Single Vehicle,Clear,Dry,Daylight,Pedestrian Crossing,"Suspect of Alcohol Use, Unknown","Not Suspect of Alcohol Use, Not Suspect of Drug Use",CFE7C2D3-0B83-4ECF-A18C-B4178535CA9F,Cyclist (Electric),Cross/Enter at Intersection,None (No Improper Action),Intersection Marked Crosswalk,No,Suspected Minor Injury,Helmet,39.03381721,-77.07540322,"(39.03381721, -77.07540322)"
MCP29670009,15022674,Montgomery County Police,Injury Crash,05/12/2015 03:24:00 PM,Maryland (State),WISCONSIN AVE,DORSET AVE,,SOMERSET,PEDESTRIAN,OTHER,CLEAR,DRY,DAYLIGHT,OTHER,NONE DETECTED,NONE DETECTED,302EE51D-0D4F-474C-9089-3B98CA3B76BD,PEDESTRIAN,Walking/Riding against Traffic,NO IMPROPER ACTIONS,ON ROADWAY AT CROSSWALK,,POSSIBLE INJURY,N/A,38.96738392,-77.08868265,"(38.96738392, -77.08868265)"
MCP1015002C,180054761,Montgomery County Police,Injury Crash,11/01/2018 09:57:00 AM,Maryland (State),FREDERICK RD,MIDDLEBROOK RD,,N/A,PEDESTRIAN,SINGLE VEHICLE,CLEAR,DRY,DAYLIGHT,NO CONTROLS,NONE DETECTED,NONE DETECTED,E4F35BF7-0EBF-4438-9FBA-F4804FA78BA9,PEDESTRIAN,Other,NO IMPROPER ACTIONS,OTHER,No,SUSPECTED MINOR INJURY,N/A,39.18054333,-77.23858333,"(39.18054333, -77.23858333)"
MCP9130003S,170523644,Montgomery County Police,Injury Crash,08/08/2017 01:27:00 PM,Maryland (State),PINEY BRANCH RD,UNIVERSITY BLVD E,,N/A,PEDESTRIAN,SINGLE VEHICLE,CLEAR,DRY,DAYLIGHT,TRAFFIC SIGNAL,NONE DETECTED,ALCOHOL CONTRIBUTED,232053AC-D1AB-4494-9FCE-785A29B1458F,PEDESTRIAN,Cross/Enter at Intersection,DART DASH,ON ROADWAY AT CROSSWALK,Yes,SUSPECTED MINOR INJURY,NONE,38.99965066,-76.99515939,"(38.99965066, -76.99515939)"
MCP13660064,170502538,Montgomery County Police,Injury Crash,04/17/2017 07:25:00 AM,County,CRABBS BRANCH WAY,REDLAND RD,,N/A,PEDESTRIAN,SINGLE VEHICLE,CLOUDY,DRY,DAYLIGHT,TRAFFIC SIGNAL,NONE DETECTED,NONE DETECTED,4D153426-C241-422C-93D9-121652736A22,PEDESTRIAN,Cross/Enter at Intersection,NO IMPROPER ACTIONS,ON ROADWAY AT CROSSWALK,No,SUSPECTED MINOR INJURY,N/A,39.12081,-77.158815,"(39.12081, -77.158815)"
MCP2868001W,16013604,MONTGOMERY,Injury Crash,03/19/2016 09:00:00 PM,County,CORDELL AVE,NORFOLK AVE,,N/A,PEDESTRIAN,SINGLE VEHICLE,RAINING,WET,DARK LIGHTS ON,NO CONTROLS,NONE DETECTED,NONE DETECTED,0D84E999-AE3F-41AA-97C4-30CE37139AFC,PEDESTRIAN,Cross/Enter not at Intersection,NO IMPROPER ACTIONS,SIDEWALK,No,POSSIBLE INJURY,NONE,38.98868545,-77.09864974,"(38.98868545, -77.09864974)"
MCP31960039,220023712,Montgomery County Police,Injury Crash,06/02/2022 11:31:00 PM,Maryland (State),FREDERICK RD,SCENERY DR,,N/A,PEDESTRIAN,UNKNOWN,UNKNOWN,UNKNOWN,UNKNOWN,OTHER,,UNKNOWN,98BAC96B-0D9D-4549-B466-1E758B51AB7B,PEDESTRIAN,Unknown,UNKNOWN,UNKNOWN,Unknown,SUSPECTED SERIOUS INJURY,UNKNOWN,39.17539832,-77.23791537,"(39.17539832, -77.23791537)"
MCP9386009G,230028197,Montgomery County Police,Injury Crash,06/12/2023 10:00:00 AM,County,BRUNETT AVE,UNIVERSITY BLVD W,,N/A,PEDESTRIAN,OTHER,CLOUDY,DRY,DAYLIGHT,STOP SIGN,NONE DETECTED,NONE DETECTED,570CC2E8-C8C7-45DA-A675-3510FF2FFF67,PEDESTRIAN,Cross/Enter at Intersection,NO IMPROPER ACTIONS,ON ROADWAY AT CROSSWALK,No,POSSIBLE INJURY,N/A,39.02286,-77.01693667,"(39.02286, -77.01693667)"
MCP25940053,190008179,Montgomery County Police,Injury Crash,02/20/2019 08:57:00 AM,,,,ALLEY BEHIND NEW HAMPSHIRE AVE,,PEDESTRIAN,OTHER,SNOW,,DAYLIGHT,NO CONTROLS,NONE DETECTED,NONE DETECTED,1EBE7F3A-A5C2-432C-B140-7586A4E1D8A5,PEDESTRIAN,Other,OTHER,OTHER,No,SUSPECTED MINOR INJURY,NONE,39.12263533,-77.0006365,"(39.12263533, -77.0006365)"
DD5527000S,16053298,Rockville Police Departme,Injury Crash,10/17/2016 08:37:00 AM,Maryland (State),FIRST ST,VEIRS MILL RD,,N/A,BICYCLIST,OTHER,CLEAR,DRY,DAYLIGHT,TRAFFIC SIGNAL,NONE DETECTED,NONE DETECTED,784B4144-7D1E-43E9-B412-0148E5B0062F,BICYCLIST,Cross/Enter at Intersection,NO IMPROPER ACTIONS,ON ROADWAY AT CROSSWALK,No,SUSPECTED MINOR INJURY,NONE,39.07942833,-77.13807833,"(39.07942833, -77.13807833)"
MCP23480018,16000640,Montgomery County Police,Injury Crash,01/04/2016 07:04:00 PM,Maryland (State),GEORGIA AVE,BLUERIDGE AVE,,N/A,PEDESTRIAN,SINGLE VEHICLE,CLEAR,DRY,DARK LIGHTS ON,N/A,NONE DETECTED,UNKNOWN,67815600-7E63-42BE-B082-052AFBC7DC35,PEDESTRIAN,Cross/Enter not at Intersection,IN ROADWAY IMPROPERLY,ON ROADWAY NOT AT CROSSWALK,Yes,SUSPECTED SERIOUS INJURY,NONE,39.04270333,-77.051935,"(39.04270333, -77.051935)"
MCP271700WR,220003800,Montgomery County Police,Property Damage Crash,01/28/2022 04:04:00 PM,County,RANDOLPH RD,NEBEL ST,,N/A,BICYCLIST,UNKNOWN,N/A,N/A,DAYLIGHT,TRAFFIC SIGNAL,NONE DETECTED,NONE DETECTED,43D577F1-C911-43B0-BF8E-1A8E73495F78,BICYCLIST,Cross/Enter at Intersection,UNKNOWN,OTHER,Unknown,NO APPARENT INJURY,MC/BIKE HELMET,39.1168015,-77.20569483,"(39.1168015, -77.20569483)"
MCP3073005K,210046883,Montgomery County Police,Injury Crash,11/18/2021 05:47:00 PM,Maryland (State),GEORGIA AVE,KAYSON ST,,N/A,PEDESTRIAN,OTHER,RAINING,WET,DARK LIGHTS ON,NO CONTROLS,NONE DETECTED,UNKNOWN,7C5E0E45-A348-43F8-BB90-5197F72E01ED,PEDESTRIAN,Cross/Enter not at Intersection,IN ROADWAY IMPROPERLY,ON ROADWAY NOT AT CROSSWALK,Yes,SUSPECTED MINOR INJURY,N/A,39.07086667,-77.06342667,"(39.07086667, -77.06342667)"
MCP2820001P,15052878,MONTGOMERY,Injury Crash,10/18/2015 02:01:00 PM,County,CHADWICK LA,MERTON RD,,N/A,PEDESTRIAN,OTHER,N/A,DRY,DAYLIGHT,N/A,NONE DETECTED,NONE DETECTED,99164813-04C3-493A-B5F2-BA5F8EB5BDAA,PEDESTRIAN,Standing,NO IMPROPER ACTIONS,SHOULDER,No,SUSPECTED SERIOUS INJURY,NONE,39.09133333,-77.08547167,"(39.09133333, -77.08547167)"
MCP26350090,250017893,MONTGOMERY,Fatal Crash,04/24/2025 09:01:00 PM,County Route,SHADY GROVE RD,BLACKWELL RD,,,Pedestrian,Single Vehicle,Clear,Dry,Dark - Lighted,Traffic Control Signal,"Not Suspect of Alcohol Use, Not Suspect of Drug Use","Unknown, Unknown",C1DD3855-3FBC-47E0-92D5-B2A895DFA572,Pedestrian,Cross/Enter at Intersection,Unknown,Unknown,No,Fatal Injury,Unknown,39.10085154,-77.19177496,"(39.10085154, -77.19177496)"
DD5610006L,210023496,Rockville Police Departme,Injury Crash,06/19/2021 01:56:00 PM,Municipality,E JEFFERSON ST,CONGRESSIONAL LA,,ROCKVILLE,PEDESTRIAN,SINGLE VEHICLE,CLEAR,DRY,DAYLIGHT,NO CONTROLS,N/A,N/A,0A0A8174-EA8F-4D00-9960-67BDEE601D05,PEDESTRIAN,Cross/Enter not at Intersection,IN ROADWAY IMPROPERLY,ON ROADWAY NOT AT CROSSWALK,Unknown,POSSIBLE INJURY,N/A,39.06197993,-77.12909521,"(39.06197993, -77.12909521)"
MCP2260001P,170506649,Montgomery County Police,Injury Crash,05/08/2017 04:53:00 PM,County,HUNTERS LA,RANDOLPH RD,,N/A,BICYCLIST,OTHER,N/A,DRY,DUSK,N/A,NONE DETECTED,N/A,1BEF9CB9-4725-4200-A202-90D27387981B,BICYCLIST,Other,UNKNOWN,ON ROADWAY AT CROSSWALK,No,POSSIBLE INJURY,NONE,39.05365167,-77.099125,"(39.05365167, -77.099125)"
MCP2965004N,200018691,Montgomery County Police,Injury Crash,05/08/2020 10:10:00 AM,County,HERITAGE HILLS DR,HERITAGE HILLS CT,,N/A,OTHER CONVEYANCE,OTHER,CLOUDY,DRY,DAYLIGHT,NO CONTROLS,NONE DETECTED,NONE DETECTED,090619CD-AB50-4CAA-8706-1B28EB0A24E4,OTHER CONVEYANCE,Cross/Enter not at Intersection,NOT VISIBLE,ON ROADWAY NOT AT CROSSWALK,Yes,POSSIBLE INJURY,REFLECTIVE CLOTHING,39.169105,-77.06162333,"(39.169105, -77.06162333)"
MCP1595000G,16040812,Montgomery County Police,Injury Crash,08/11/2016 04:22:00 PM,,,,PARKING LOT OF 4816 BOILING BROOK PARKWAY,,PEDESTRIAN,SINGLE VEHICLE,CLEAR,,DAYLIGHT,NO CONTROLS,UNKNOWN,UNKNOWN,40DA36B9-CA65-404B-9EBA-337275035094,PEDESTRIAN,Standing,NO IMPROPER ACTIONS,OTHER,No,POSSIBLE INJURY,N/A,39.03954833,-77.05194833,"(39.03954833, -77.05194833)"
MCP3411002F,250026292,MONTGOMERY,Injury Crash,06/12/2025 08:30:00 PM,County Route,HILLMEAD RD,,,,Pedestrian,Single Vehicle,Clear,Dry,Daylight,No Controls,,"Not Suspect of Alcohol Use, Not Suspect of Drug Use",EBE0C050-77D9-42CD-AE62-3FA231C25B28,Pedestrian,Standing,None (No Improper Action),Shoulder/Roadside,Yes,Possible Injury,None,39.00165483,-77.130653,"(39.00165483, -77.130653)"
MCP3053000J,170537015,Montgomery County Police,Injury Crash,10/16/2017 04:50:00 PM,County,BAUER DR,BURNSIDE DR,,N/A,PEDESTRIAN,OTHER,CLEAR,DRY,DAYLIGHT,TRAFFIC SIGNAL,N/A,N/A,F68E93F1-9450-4FD8-8082-53F8023954ED,PEDESTRIAN,Cross/Enter at Intersection,NO IMPROPER ACTIONS,ON ROADWAY AT CROSSWALK,No,POSSIBLE INJURY,NONE,39.09451983,-77.1092733,"(39.09451983, -77.1092733)"
MCP3217000F,200010643,Montgomery County Police,Injury Crash,03/03/2020 06:30:00 PM,,,,"ONE WAY PRIVATE ALLEY BEHIND 12940 MIDDLEBROOK ROAD, GERMANTOWN, MD 20874",,PEDESTRIAN,HEAD ON LEFT TURN,CLEAR,,DUSK,NO CONTROLS,UNKNOWN,NONE DETECTED,C1B6767E-70AA-4D5F-8430-6DA6EE453EAD,PEDESTRIAN,Other,IN ROADWAY IMPROPERLY,ON ROADWAY NOT AT CROSSWALK,No,SUSPECTED MINOR INJURY,NONE,39.17955,-77.27135333,"(39.17955, -77.27135333)"
MCP2055000S,15053997,MONTGOMERY,Injury Crash,10/24/2015 11:37:00 AM,,,,"206 N. Frederick Ave
Gaithersburg MD  20878",,PEDESTRIAN,OTHER,CLOUDY,,DAYLIGHT,NO CONTROLS,NONE DETECTED,NONE DETECTED,AA34A1AA-194B-4F02-9563-13A0D1F97B28,PEDESTRIAN,Other,OTHER,SIDEWALK,No,POSSIBLE INJURY,N/A,39.144435,-77.20246833,"(39.144435, -77.20246833)"
MCP2929001H,16029790,Montgomery County Police,Injury Crash,06/13/2016 02:36:00 PM,,,,DRIVEWAY OF 17605 CASHELL RD,,PEDESTRIAN,SINGLE VEHICLE,CLEAR,,DAYLIGHT,N/A,,NONE DETECTED,F7B0EB46-8584-475E-9135-E6BE82671C16,PEDESTRIAN,Other,INATTENTIVE,OTHER,Yes,SUSPECTED MINOR INJURY,N/A,39.14527217,-77.09332019,"(39.14527217, -77.09332019)"
MCP3304001Q,240054063,MONTGOMERY,Fatal Crash,11/10/2024 10:49:00 PM,Maryland (State) Route,ROCKVILLE PIKE (SB/L),MARINELLI RD,,,Pedestrian,Single Vehicle,Rain,Wet,Dark - Lighted,Traffic Control Signal,"Not Suspect of Alcohol Use, Not Suspect of Drug Use","Unknown, Unknown",A3A6EA8B-CD6A-4E16-AD01-B70AC8192728,Pedestrian,Cross/Enter at Intersection,"Failure to Obey Traffic Signs, Signals, or Officer",Intersection Marked Crosswalk,No,Fatal Injury,None,39.04705833,-77.113045,"(39.04705833, -77.113045)"
MCP3205001R,200029969,Montgomery County Police,Injury Crash,08/02/2020 12:58:00 PM,County,FERRARA DR,SELFRIDGE RD,,N/A,PEDESTRIAN,OTHER,N/A,DRY,DAYLIGHT,NO CONTROLS,UNKNOWN,NONE DETECTED,4D433D04-EE57-4AA8-98EE-1F294CC74312,PEDESTRIAN,Standing,N/A,SHOULDER,No,SUSPECTED MINOR INJURY,N/A,39.05245217,-77.08170517,"(39.05245217, -77.08170517)"
MCP3099000K,180019584,Montgomery County Police,Injury Crash,04/21/2018 07:00:00 PM,,,,"PARKING LOT IN FRONT OF 13002 COUNTRY RIDGE DRIVE, GERMANTOWN",,PEDESTRIAN,OTHER,CLEAR,,DAYLIGHT,NO CONTROLS,NONE DETECTED,NONE DETECTED,B4E785D5-BF6E-4BB7-A766-5CC6B67FBC85,PEDESTRIAN,Playing,IN ROADWAY IMPROPERLY,ON ROADWAY NOT AT CROSSWALK,Yes,POSSIBLE INJURY,NONE,39.18398618,-77.26866961,"(39.18398618, -77.26866961)"
MCP2008008H,210022161,Montgomery County Police,Injury Crash,06/10/2021 04:00:00 PM,County,BOILING BROOK PKWY,HUNTERS LA,,N/A,BICYCLIST,OTHER,CLOUDY,DRY,DAYLIGHT,STOP SIGN,NONE DETECTED,NONE DETECTED,453131AE-8AE1-4BE1-8EEB-9F5B02F56033,BICYCLIST,Cross/Enter at Intersection,DART DASH,AT INTERSECTION MARKED CROSSWALK,Yes,SUSPECTED MINOR INJURY,NONE,39.04826833,-77.10048333,"(39.04826833, -77.10048333)"
MCP2914005G,170535704,Montgomery County Police,Injury Crash,10/09/2017 07:57:00 PM,County,NORTHAMPTON DR,BEACON RD,,N/A,PEDESTRIAN,OTHER,CLEAR,WET,DARK LIGHTS ON,NO CONTROLS,N/A,N/A,1C686C62-DDB1-43AB-8175-491D30EC9CB4,PEDESTRIAN,Cross/Enter not at Intersection,IN ROADWAY IMPROPERLY,ON ROADWAY NOT AT CROSSWALK,Yes,POSSIBLE INJURY,NONE,39.00711582,-76.9825919,"(39.00711582, -76.9825919)"
MCP3180004B,240050446,MONTGOMERY,Injury Crash,10/21/2024 07:24:00 PM,County Route,NORTH HIGH ST,GEORGIA AVE (SB/L),,,Pedestrian,Single Vehicle,Clear,Dry,Dark - Lighted,No Controls,"Not Suspect of Alcohol Use, Not Suspect of Drug Use","Not Suspect of Alcohol Use, Not Suspect of Drug Use",B7ABCCE2-2394-410C-893C-696E635E69DD,Pedestrian,Cross/Enter Not at Intersection,"Dart/Dash, Failure to Obey Traffic Signs, Signals, or Officer, Inattentive (Talking, Eating, etc.)",Travel Lane Other Location,No,Suspected Serious Injury,None,39.15118065,-77.06682513,"(39.15118065, -77.06682513)"
EJ79040016,240035871,GAITHERSBURG,Injury Crash,07/30/2024 11:11:00 AM,Municipality Route,ODENDHAL AVE (EB/L),RUSSELL AVE (SB/L),,,Pedestrian,Single Vehicle,Clear,Dry,Daylight,Traffic Control Signal,"Not Suspect of Alcohol Use, Not Suspect of Drug Use","Not Suspect of Alcohol Use, Not Suspect of Drug Use",AA5ED32E-07BC-4E07-AACA-C3856E30D7AC,Pedestrian,Cross/Enter at Intersection,None (No Improper Action),Intersection Marked Crosswalk,No,Suspected Minor Injury,None,39.15051068,-77.20399225,"(39.15051068, -77.20399225)"
MCP3292002N,250032316,MONTGOMERY,Injury Crash,07/19/2025 09:15:00 PM,County Route,WASHINGTON GROVE LA,TOWNE CREST DR,,,Pedestrian,Single Vehicle,Clear,Dry,Dark - Lighted,No Controls,"Unknown, Unknown","Not Suspect of Alcohol Use, Not Suspect of Drug Use",DA2BD773-5AA4-4D25-A83B-91830D776434,Pedestrian,Cross/Enter at Intersection,None (No Improper Action),Intersection Marked Crosswalk,No,Possible Injury,None,39.14392255,-77.17326456,"(39.14392255, -77.17326456)"
DD5538004Q,240050034,ROCKVILLE,Injury Crash,10/19/2024 02:49:00 PM,,,,"Service Road        IN FRONT OF 1450 ROCKVILLE PIKE, BMW OF ROCKVILLE SERVICE RD",,Pedestrian,Single Vehicle,Clear,,Daylight,,"Not Suspect of Alcohol Use, Not Suspect of Drug Use","Not Suspect of Alcohol Use, Not Suspect of Drug Use",4694498A-BA83-4D06-86B5-EF47FADD92A4,Pedestrian,Cross/Enter Not at Intersection,Other,NonTrafficway Area,Yes,Suspected Serious Injury,None,39.06644355,-77.12744955,"(39.06644355, -77.12744955)"
MCP29710036,170538587,Montgomery County Police,Injury Crash,10/24/2017 05:52:00 PM,County,FORSYTHIA TERR,FORSYTHIA LA,,N/A,PEDESTRIAN,SINGLE VEHICLE,CLEAR,DRY,DAYLIGHT,NO CONTROLS,,NONE DETECTED,E770820F-CA3C-4B73-87E2-768234C39E90,PEDESTRIAN,Standing,NO IMPROPER ACTIONS,OTHER,No,SUSPECTED MINOR INJURY,NONE,39.09914777,-76.94162786,"(39.09914777, -76.94162786)"
MCP2864004R,220057881,Montgomery County Police,Injury Crash,12/30/2022 03:23:00 PM,,,,"PARKING LOT 11411 ROCKVILLE PIKE, ROCKVILLE, MD",,PEDESTRIAN,STRAIGHT MOVEMENT ANGLE,CLEAR,,DAYLIGHT,NO CONTROLS,NONE DETECTED,NONE DETECTED,648443F1-B7E4-4B8F-A2D1-25C82B6F6029,PEDESTRIAN,Other,NO IMPROPER ACTIONS,OTHER,No,SUSPECTED MINOR INJURY,NONE,39.04372333,-77.11082333,"(39.04372333, -77.11082333)"
MCP2001000J,16039546,Montgomery County Police,Fatal Crash,08/04/2016 09:20:00 PM,Maryland (State),LAYHILL RD,ENT TO LAYHILL SHOPPING CENTER,,N/A,PEDESTRIAN,SINGLE VEHICLE,CLEAR,DRY,DARK NO LIGHTS,NO CONTROLS,UNKNOWN,UNKNOWN,07F64B53-C239-459E-B8B4-0FBC327C182A,PEDESTRIAN,Unknown,UNKNOWN,ON ROADWAY NOT AT CROSSWALK,Unknown,FATAL INJURY,UNKNOWN,39.09240845,-77.04520404,"(39.09240845, -77.04520404)"
MCP2728001Y,16003687,Montgomery County Police,Injury Crash,01/20/2016 06:21:00 PM,Maryland (State),NEW HAMPSHIRE AVE,OAKVIEW DR,,N/A,PEDESTRIAN,OTHER,CLEAR,DRY,DARK LIGHTS ON,TRAFFIC SIGNAL,NONE DETECTED,NONE DETECTED,60FDA365-807F-4FD4-B160-0FDAA730D4F7,PEDESTRIAN,Cross/Enter at Intersection,NO IMPROPER ACTIONS,ON ROADWAY AT CROSSWALK,No,POSSIBLE INJURY,NONE,39.015665,-76.977605,"(39.015665, -76.977605)"
MCP24250057,15034512,MONTGOMERY,Injury Crash,07/14/2015 08:34:00 AM,,,,Parking Lot Access on 2nd Ave for 8405 Colesville Rd,,OTHER PEDALCYCLIST,OTHER,CLEAR,,DAYLIGHT,NO CONTROLS,UNKNOWN,NONE DETECTED,C587C869-DDE9-44E5-B0B4-E586C79F5FFC,OTHER PEDALCYCLIST,Walking/Cycling on Sidewalk,NO IMPROPER ACTIONS,SIDEWALK,No,SUSPECTED MINOR INJURY,MC/BIKE HELMET,38.99551333,-77.03160333,"(38.99551333, -77.03160333)"
MCP2973000B,15035225,MONTGOMERY,Injury Crash,07/17/2015 05:00:00 PM,County,AMHERST AVE,BLUERIDGE AVE,,N/A,PEDESTRIAN,STRAIGHT MOVEMENT ANGLE,CLEAR,DRY,DAYLIGHT,N/A,NONE DETECTED,NONE DETECTED,4FBE3B2E-B5FD-40DC-8DE6-41364DA4B54E,PEDESTRIAN,Cross/Enter not at Intersection,IN ROADWAY IMPROPERLY,ON ROADWAY NOT AT CROSSWALK,No,POSSIBLE INJURY,NONE,39.04290286,-77.04791844,"(39.04290286, -77.04791844)"
MCP0685002G,16040164,Montgomery County Police,Injury Crash,08/08/2016 01:41:00 PM,Maryland (State),FREDERICK RD,ENT TO MONT CO WASTE TRANSFER STATION,,N/A,BICYCLIST,SINGLE VEHICLE,N/A,DRY,DAYLIGHT,TRAFFIC SIGNAL,NONE DETECTED,NONE DETECTED,56BA49E0-E6F8-43E6-9EFC-7B9B5B0FDA47,BICYCLIST,Cross/Enter at Intersection,NO IMPROPER ACTIONS,ON ROADWAY AT CROSSWALK,No,SUSPECTED MINOR INJURY,NONE,39.11931,-77.17144167,"(39.11931, -77.17144167)"
MCP3199001Z,200025700,Montgomery County Police,Injury Crash,07/02/2020 11:33:00 AM,County,RANDOLPH RD,GLENMONT CIR #1,,N/A,OTHER,OTHER,CLEAR,DRY,DAYLIGHT,TRAFFIC SIGNAL,NONE DETECTED,NONE DETECTED,BB17E55B-536C-4794-A2B6-FD8CE90AB7BF,OTHER,Cross/Enter at Intersection,NO IMPROPER ACTIONS,ON ROADWAY AT CROSSWALK,No,SUSPECTED SERIOUS INJURY,NONE,39.05919667,-77.04758833,"(39.05919667, -77.04758833)"
MCP3193004Y,230065833,Montgomery County Police,Injury Crash,11/11/2023 07:38:00 PM,,,,PARKING LOT OF 11160 VEIRS MILL RD,,PEDESTRIAN,OTHER,CLEAR,,DARK LIGHTS ON,NO CONTROLS,UNKNOWN,NONE DETECTED,CFB34E8A-1756-412B-A9F7-1469D691F174,PEDESTRIAN,Cross/Enter at Intersection,NO IMPROPER ACTIONS,ON ROADWAY AT CROSSWALK,No,POSSIBLE INJURY,NONE,39.03507833,-77.05312667,"(39.03507833, -77.05312667)"
MCP2564002V,220045747,Montgomery County Police,Injury Crash,10/18/2022 05:08:00 PM,County,APPLE RIDGE RD,SHADOW OAK DR,,N/A,OTHER CONVEYANCE,SAME DIRECTION LEFT TURN,CLEAR,DRY,DAYLIGHT,NO CONTROLS,NONE DETECTED,NONE DETECTED,E47719F6-F7E5-4C9F-A316-F02C76A6FC3E,OTHER CONVEYANCE,Cross/Enter at Intersection,INATTENTIVE,ON ROADWAY AT CROSSWALK,Yes,SUSPECTED SERIOUS INJURY,NONE,39.185955,-77.20237167,"(39.185955, -77.20237167)"
MCP320000CH,240030019,MONTGOMERY,Injury Crash,06/25/2024 09:46:00 AM,Maryland (State) Route,,,,,Pedestrian,Single Vehicle,Clear,Dry,Daylight,No Controls,"Not Suspect of Alcohol Use, Not Suspect of Drug Use","Not Suspect of Alcohol Use, Not Suspect of Drug Use",82E2CBA9-DDF9-4897-AD4E-31F24D8CAE4A,Pedestrian,Cross/Enter Not at Intersection,Dart/Dash,Travel Lane Other Location,Yes,Suspected Minor Injury,None,38.96121317,-77.09816067,"(38.96121317, -77.09816067)"
MCP28810053,220051496,Montgomery County Police,Injury Crash,11/21/2022 02:20:00 PM,,,,11530 MIDDLEBROOK RD,,PEDESTRIAN,SINGLE VEHICLE,CLEAR,,DAYLIGHT,NO CONTROLS,UNKNOWN,N/A,CF60AA02-4D1A-448C-B1A6-17A6306FD8E8,PEDESTRIAN,Standing,NO IMPROPER ACTIONS,INSIDE BUILDING,No,POSSIBLE INJURY,N/A,39.17965167,-77.239425,"(39.17965167, -77.239425)"
DD5590002G,180052133,Rockville Police Departme,Injury Crash,10/18/2018 06:25:00 AM,Municipality,TWINBROOK PKWY,CHAPMAN AVE,,ROCKVILLE,PEDESTRIAN,STRAIGHT MOVEMENT ANGLE,CLEAR,DRY,DARK LIGHTS ON,TRAFFIC SIGNAL,NONE DETECTED,NONE DETECTED,0DA0050C-49A2-40C6-ABD2-8B5A042D7E4F,PEDESTRIAN,Cross/Enter at Intersection,NO IMPROPER ACTIONS,ON ROADWAY AT CROSSWALK,No,POSSIBLE INJURY,NONE,39.08359167,-77.153705,"(39.08359167, -77.153705)"