Report Number,Local Case Number,Agency Name,ACRS Report Type,Crash Date/Time,Route Type,Road Name,Cross-Street Name,Off-Road Description,Municipality,Related Non-Motorist,Collision Type,Weather,Surface Condition,Light,Traffic Control,Driver Substance Abuse,Non-Motorist Substance Abuse,Person ID,Pedestrian Type,Pedestrian Movement,Pedestrian Actions,Pedestrian Location,At Fault,Injury Severity,Safety Equipment,Latitude,Longitude,Location
MCP91100010,170528191,Montgomery County Police,Injury Crash,09/01/2017 04:46:00 PM,Maryland (State),CLOPPER RD,VILLAGE FOUNTAIN DR,,N/A,PEDESTRIAN,STRAIGHT MOVEMENT ANGLE,CLEAR,DRY,DAYLIGHT,TRAFFIC SIGNAL,NONE DETECTED,NONE DETECTED,256442B3-68A6-412F-9DD0-BA131151FF5D,PEDESTRIAN,Cross/Enter not at Intersection,IN ROADWAY IMPROPERLY,ON ROADWAY NOT AT CROSSWALK,Yes,SUSPECTED SERIOUS INJURY,N/A,39.1608614,-77.27916107,"(39.1608614, -77.27916107)"
EJ7846001W,16064241,Gaithersburg Police Depar,Injury Crash,12/14/2016 07:18:00 PM,Municipality,RIO BLVD,ROUNDABOUT,,N/A,PEDESTRIAN,STRAIGHT MOVEMENT ANGLE,CLEAR,DRY,DARK LIGHTS ON,STOP SIGN,NONE DETECTED,NONE DETECTED,BC9E73D2-550A-4800-9A21-C264ACEDF32D,PEDESTRIAN,Cross/Enter at Intersection,NO IMPROPER ACTIONS,AT INTERSECTION MARKED CROSSWALK,No,POSSIBLE INJURY,NONE,39.18248667,-77.24255167,"(39.18248667, -77.24255167)"
EJ7894005J,250003034,GAITHERSBURG,Injury Crash,01/22/2025 10:50:00 AM,County Route,SHADY GROVE RD (SB/L),CHOKE CHERRY RD CHOKE CHERRY RD (WB/L),,,Pedestrian,Single Vehicle,Clear,Dry,Daylight,No Controls,"Not Suspect of Alcohol Use, Not Suspect of Drug Use","Not Suspect of Alcohol Use, Not Suspect of Drug Use",8138B86E-BA2A-4C16-A6F9-C8D5D8725ED5,Pedestrian,Other,Unknown,Unknown,No,Possible Injury,None,39.11474287,-77.18596296,"(39.11474287, -77.18596296)"
DD5582000S,15061597,ROCKVILLE,Injury Crash,12/02/2015 06:43:00 PM,Other Public Roadway,MARYLAND AVE,BEALL AVE #2,,ROCKVILLE,PEDESTRIAN,OTHER,RAINING,WET,DARK LIGHTS ON,N/A,NONE DETECTED,NONE DETECTED,D7787508-2E8F-4144-9F96-CA8F3C3F6B63,PEDESTRIAN,Cross/Enter at Intersection,NO IMPROPER ACTIONS,AT INTERSECTION MARKED CROSSWALK,No,SUSPECTED MINOR INJURY,N/A,39.08703333,-77.15138333,"(39.08703333, -77.15138333)"
EJ7884000Y,200043997,Gaithersburg Police Depar,Injury Crash,11/07/2020 07:48:00 PM,,ELLINGTON BLVD,CROWN PARK AVE,,N/A,PEDESTRIAN,N/A,N/A,DRY,DARK LIGHTS ON,STOP SIGN,NONE DETECTED,N/A,664A8141-3C42-471B-BF8F-1193112A1BF6,PEDESTRIAN,Cross/Enter at Intersection,NO IMPROPER ACTIONS,ON ROADWAY AT CROSSWALK,No,SUSPECTED MINOR INJURY,N/A,39.11498079,-77.20475579,"(39.11498079, -77.20475579)"
MCP12210021,16008834,Montgomery County Police,Injury Crash,02/22/2016 09:57:00 AM,,,,PARKING LOT OF 17051 OAKMONT ST,,PEDESTRIAN,SINGLE VEHICLE,N/A,,DAYLIGHT,NO CONTROLS,NONE DETECTED,NONE DETECTED,460563A4-8B48-4287-8A4C-118B97FDCFD9,PEDESTRIAN,Getting off/on Vehicle,NOT VISIBLE,OTHER,No,SUSPECTED MINOR INJURY,N/A,39.13657667,-77.17938833,"(39.13657667, -77.17938833)"
MCP0685004P,190043686,Montgomery County Police,Injury Crash,09/12/2019 12:07:00 PM,,,,PARKING LOT 16101 FREDERICK RD,,PEDESTRIAN,OTHER,CLEAR,,DAYLIGHT,NO CONTROLS,NONE DETECTED,NONE DETECTED,98112BBA-6A17-44FA-AE30-870562F6A865,PEDESTRIAN,Push/Work on Vehicle,OTHER,OTHER,No,SUSPECTED MINOR INJURY,N/A,39.122935,-77.17353,"(39.122935, -77.17353)"
MCP29860013,16047292,Montgomery County Police,Injury Crash,09/15/2016 07:05:00 AM,County,SPRING ST,COLESVILLE RD,,N/A,PEDESTRIAN,STRAIGHT MOVEMENT ANGLE,N/A,DRY,DAYLIGHT,TRAFFIC SIGNAL,NONE DETECTED,NONE DETECTED,4BB88918-2414-4644-B56C-8B6EC6C70219,PEDESTRIAN,Other,NO IMPROPER ACTIONS,AT INTERSECTION MARKED CROSSWALK,No,POSSIBLE INJURY,NONE,38.9989,-77.025975,"(38.9989, -77.025975)"
MCP20390025,16063584,Montgomery County Police,Injury Crash,12/11/2016 12:47:00 PM,,,,14000 GEORGIA AVENUE PARKING LOT (HOME DEPOT),,PEDESTRIAN,STRAIGHT MOVEMENT ANGLE,CLOUDY,,DAYLIGHT,NO CONTROLS,N/A,N/A,DEABE90D-EE71-4167-96F2-78B0BB4F17C7,PEDESTRIAN,Walking/Riding w/Traffic,NO IMPROPER ACTIONS,OTHER,No,POSSIBLE INJURY,N/A,39.058435,-77.04802667,"(39.058435, -77.04802667)"
MCP137801CQ,250018919,MONTGOMERY,Injury Crash,04/30/2025 04:25:00 PM,Municipality Route,N SUMMIT AVE,E DIAMOND AVE S SUMMIT AVE,,,Pedestrian,Single Vehicle,Cloudy,Dry,Daylight,Traffic Control Signal,"Not Suspect of Alcohol Use, Not Suspect of Drug Use","Not Suspect of Alcohol Use, Not Suspect of Drug Use",CF1B8B0F-4119-4E06-A9A9-24DD8420EFBD,Pedestrian,Cross/Enter at Intersection,None (No Improper Action),Intersection Marked Crosswalk,No,Possible Injury,None,39.14215337,-77.19338117,"(39.14215337, -77.19338117)"
MCP2546002M,180063485,Montgomery County Police,Fatal Crash,12/19/2018 08:17:00 PM,County,MIDDLEBROOK RD,RIDGECREST DR,,N/A,PEDESTRIAN,OTHER,CLEAR,DRY,DARK LIGHTS ON,NO CONTROLS,NONE DETECTED,UNKNOWN,7D7FE669-3494-423D-A2EF-6F7501078ECF,PEDESTRIAN,Unknown,UNKNOWN,ON ROADWAY NOT AT CROSSWALK,Unknown,FATAL INJURY,NONE,39.175225,-77.257108,"(39.175225, -77.257108)"
MCP2708000G,15003037,Montgomery County Police,Injury Crash,01/19/2015 04:07:00 PM,County,DILSTON RD,ARMISTEAD RD,,N/A,PEDESTRIAN,STRAIGHT MOVEMENT ANGLE,N/A,DRY,DAYLIGHT,NO CONTROLS,NONE DETECTED,NONE DETECTED,6E18F8AB-BB4F-489C-B3BA-8B047F206CC6,PEDESTRIAN,Cross/Enter not at Intersection,NO IMPROPER ACTIONS,ON ROADWAY NOT AT CROSSWALK,,POSSIBLE INJURY,N/A,39.0134819,-76.98371172,"(39.0134819, -76.98371172)"
MCP3258002C,220033289,Montgomery County Police,Injury Crash,08/03/2022 11:20:00 AM,Maryland (State),UNIVERSITY BLVD W,SLIGO CREEK PKWY,,N/A,BICYCLIST,SAME DIR REAR END,CLEAR,DRY,DAYLIGHT,N/A,NONE DETECTED,NONE DETECTED,B9211566-2794-4748-882E-4F23DB107508,BICYCLIST,Walking/Riding w/Traffic,N/A,ON ROADWAY NOT AT CROSSWALK,No,POSSIBLE INJURY,MC/BIKE HELMET,39.036365,-77.028885,"(39.036365, -77.028885)"
MCP2298004F,15007167,Montgomery County Police,Injury Crash,02/12/2015 03:33:00 PM,County,FATHER HURLEY BLVD,WYNNFIELD DR,,N/A,PEDESTRIAN,OTHER,CLEAR,DRY,DAYLIGHT,TRAFFIC SIGNAL,NONE DETECTED,NONE DETECTED,A1C9E4E8-6B7B-43D8-989B-6EB114A6833B,PEDESTRIAN,Cross/Enter at Intersection,FAILURE TO OBEY TRAFFIC SIGNS SIGNALS OR OFFICER,AT INTERSECTION MARKED CROSSWALK,,SUSPECTED MINOR INJURY,N/A,39.186365,-77.27426167,"(39.186365, -77.27426167)"
DM84890005,200021132,Takoma Park Police Depart,Property Damage Crash,05/28/2020 10:51:00 AM,Maryland (State),CARROLL AVE,GARLAND AVE,,TAKOMA PARK,OTHER,SAME DIR REND LEFT TURN,RAINING,WET,N/A,N/A,NONE DETECTED,NONE DETECTED,4132C698-C800-4D4C-80AE-8530B1AAA83C,OTHER,N/A,N/A,OTHER,No,NO APPARENT INJURY,N/A,38.98622942,-76.99628257,"(38.98622942, -76.99628257)"
MCP3201002T,220031043,Montgomery County Police,Injury Crash,07/19/2022 12:59:00 PM,Maryland (State),GREAT SENECA HWY,MATENY RD,,N/A,PEDESTRIAN,OTHER,CLEAR,DRY,DAYLIGHT,TRAFFIC SIGNAL,NONE DETECTED,NONE DETECTED,63C886EB-FE8A-47B6-86BA-E8BEA8404C41,PEDESTRIAN,Cross/Enter at Intersection,FAILURE TO OBEY TRAFFIC SIGNS SIGNALS OR OFFICER,AT INTERSECTION MARKED CROSSWALK,Yes,POSSIBLE INJURY,NONE,39.14614317,-77.274504,"(39.14614317, -77.274504)"
MCP2874001B,16019861,Montgomery County Police,Injury Crash,04/22/2016 04:47:00 PM,Maryland (State),GEORGIA AVE,RANDOLPH RD,,N/A,PEDESTRIAN,OTHER,N/A,DRY,DAYLIGHT,TRAFFIC SIGNAL,NONE DETECTED,NONE DETECTED,36396FBE-A778-4904-8D7A-D5728E5CC236,PEDESTRIAN,Cross/Enter at Intersection,DART DASH,ON ROADWAY NOT AT CROSSWALK,Yes,SUSPECTED MINOR INJURY,N/A,39.05656333,-77.05006667,"(39.05656333, -77.05006667)"
MCP11190029,16014195,Montgomery County Police,Injury Crash,03/23/2016 08:56:00 AM,,,,DRIVEWAY OF 12512 BARBARA RD,,PEDESTRIAN,OTHER,CLEAR,,DAYLIGHT,NO CONTROLS,NONE DETECTED,NONE DETECTED,F17984F7-2221-42EA-8402-C908E10A1F17,PEDESTRIAN,Walking/Cycling on Sidewalk,NO IMPROPER ACTIONS,SIDEWALK,No,SUSPECTED MINOR INJURY,NONE,39.06175167,-77.08125167,"(39.06175167, -77.08125167)"
MCP3129004V,220032884,Montgomery County Police,Injury Crash,07/31/2022 04:33:00 PM,Maryland (State),OLNEY SANDY SPRING RD,ENT TO SCHOOL,,N/A,OTHER,SINGLE VEHICLE,RAINING,WET,DAYLIGHT,NO CONTROLS,NONE DETECTED,N/A,77060B15-9755-4425-9FEB-44807F45FD4E,OTHER,N/A,N/A,N/A,No,NO APPARENT INJURY,N/A,39.14908333,-77.05565167,"(39.14908333, -77.05565167)"
MCP3127004J,250018940,MONTGOMERY,Injury Crash,04/30/2025 06:35:00 PM,County Route,BRADMOOR DR,,,,Cyclist (non-electric),Single Vehicle,Clear,Dry,Daylight,Stop Sign,"Not Suspect of Alcohol Use, Not Suspect of Drug Use","Not Suspect of Alcohol Use, Not Suspect of Drug Use",2961E802-6E05-4D57-ABA8-481038DD2C3B,Cyclist (non-electric),Walking/Cycling Along Roadway With Traffic (In or Adjacent to Travel Lane),None (No Improper Action),Intersection Unmarked Crosswalk,No,Suspected Minor Injury,Helmet,38.99319903,-77.11894625,"(38.99319903, -77.11894625)"
MCP229800LQ,180058089,Montgomery County Police,Injury Crash,11/19/2018 06:44:00 PM,County,SHAKESPEARE BLVD,FREDERICK RD,,N/A,BICYCLIST,HEAD ON LEFT TURN,CLEAR,DRY,DARK LIGHTS ON,TRAFFIC SIGNAL,NONE DETECTED,NONE DETECTED,A06F47B0-DCAF-4EDF-91B3-7DB285D1982F,BICYCLIST,Walking/Riding w/Traffic,FAILURE TO YIELD RIGHT OF WAY,OTHER,Yes,POSSIBLE INJURY,MC/BIKE HELMET,39.19835709,-77.24493044,"(39.19835709, -77.24493044)"
MCP2588002R,170516788,Montgomery County Police,Injury Crash,07/01/2017 10:50:00 AM,,,,PARKING LOT OF 14000 GEORGIA AVE (HOME DEPOT),,PEDESTRIAN,OTHER,CLEAR,,DAYLIGHT,NO CONTROLS,NONE DETECTED,NONE DETECTED,92C62169-C7D5-4E0C-9142-CB2E230E3875,PEDESTRIAN,Other,INATTENTIVE,OTHER,Yes,POSSIBLE INJURY,N/A,39.084425,-77.07824333,"(39.084425, -77.07824333)"
MCP2047001V,170530957,Montgomery County Police,Injury Crash,09/16/2017 01:10:00 PM,Maryland (State),S FREDERICK RD,W DEER PARK RD,,GAITHERSBURG,PEDESTRIAN,SINGLE VEHICLE,CLOUDY,DRY,DAYLIGHT,TRAFFIC SIGNAL,N/A,NONE DETECTED,973071FE-690E-47B5-B004-380920FF771C,PEDESTRIAN,Other,NO IMPROPER ACTIONS,AT INTERSECTION BUT NO CROSSWALK,No,SUSPECTED MINOR INJURY,N/A,39.13209923,-77.18896508,"(39.13209923, -77.18896508)"
MCP2871003D,16044018,Montgomery County Police,Injury Crash,08/29/2016 03:35:00 PM,County,SEVEN LOCKS RD,DWIGHT DR,,N/A,PEDESTRIAN,OTHER,CLEAR,DRY,DAYLIGHT,NO CONTROLS,NONE DETECTED,NONE DETECTED,A6F4579A-A66B-48AD-A8E4-ACDAED53645E,PEDESTRIAN,Walking to/from school,DART DASH,AT INTERSECTION BUT NO CROSSWALK,Yes,POSSIBLE INJURY,NONE,39.00399,-77.15926167,"(39.00399, -77.15926167)"
MCP1174005Q,230003196,Montgomery County Police,Injury Crash,01/20/2023 08:44:00 AM,County,CORDELL AVE,WOODMONT AVE,,N/A,PEDESTRIAN,SINGLE VEHICLE,CLEAR,DRY,DAYLIGHT,TRAFFIC SIGNAL,NONE DETECTED,NONE DETECTED,18D58210-CBE0-4B80-BA74-4A7EDFF37953,PEDESTRIAN,Walking/Riding w/Traffic,NO IMPROPER ACTIONS,AT INTERSECTION MARKED CROSSWALK,No,SUSPECTED MINOR INJURY,NONE,38.99080487,-77.09643951,"(38.99080487, -77.09643951)"
DD5604002Q,190010318,Rockville Police Departme,Injury Crash,03/05/2019 07:53:00 AM,Municipality,N WASHINGTON ST,DAWSON AVE,,ROCKVILLE,PEDESTRIAN,OTHER,CLEAR,DRY,DARK LIGHTS ON,NO CONTROLS,NONE DETECTED,NONE DETECTED,8E4617F9-04EC-4210-B74C-21EC025F5D32,PEDESTRIAN,Cross/Enter not at Intersection,IN ROADWAY IMPROPERLY,ON ROADWAY NOT AT CROSSWALK,Yes,POSSIBLE INJURY,NONE,39.08894833,-77.153605,"(39.08894833, -77.153605)"
MCP27800074,230025492,Montgomery County Police,Injury Crash,05/27/2023 03:35:00 PM,Maryland (State),FREDERICK RD,MAGNOLIA DR,,N/A,BICYCLIST,STRAIGHT MOVEMENT ANGLE,CLEAR,DRY,DAYLIGHT,STOP SIGN,NONE DETECTED,NONE DETECTED,D1BF1BBA-8429-4F2B-B128-BF19D0D46107,BICYCLIST,Cross/Enter at Intersection,FAILURE TO YIELD RIGHT OF WAY,AT INTERSECTION BUT NO CROSSWALK,Yes,POSSIBLE INJURY,NONE,39.17704683,-77.2383595,"(39.17704683, -77.2383595)"
MCP05390027,16039408,Montgomery County Police,Injury Crash,08/04/2016 08:26:00 AM,County,OREBAUGH AVE,ARCOLA AVE,,N/A,BICYCLIST,HEAD ON LEFT TURN,CLEAR,DRY,DAYLIGHT,NO CONTROLS,NONE DETECTED,NONE DETECTED,B41EA458-8ED1-4E6C-A6C7-623B30EB172E,BICYCLIST,Cross/Enter at Intersection,OTHER,ON ROADWAY AT CROSSWALK,No,SUSPECTED SERIOUS INJURY,MC/BIKE HELMET,39.12033667,-77.09731833,"(39.12033667, -77.09731833)"
MCP3073000R,170547006,Montgomery County Police,Injury Crash,12/06/2017 05:56:00 PM,County,GLENALLAN AVE,GEORGIA AVE,,N/A,PEDESTRIAN,OTHER,CLEAR,DRY,DARK LIGHTS ON,TRAFFIC SIGNAL,UNKNOWN,UNKNOWN,7D395E48-27AF-40B8-B84B-58340D8764CC,PEDESTRIAN,Cross/Enter at Intersection,UNKNOWN,AT INTERSECTION MARKED CROSSWALK,No,SUSPECTED MINOR INJURY,NONE,39.06279167,-77.05495333,"(39.06279167, -77.05495333)"
MCP2492001Q,210047847,Montgomery County Police,Injury Crash,11/24/2021 05:46:00 PM,,,,PARKING LOT OF 20944 FREDERICK ROAD,,PEDESTRIAN,OTHER,CLEAR,,DARK LIGHTS ON,NO CONTROLS,NONE DETECTED,NONE DETECTED,DE02BBED-E3F4-4BBF-A7D0-E351DF6570E8,PEDESTRIAN,Standing,NO IMPROPER ACTIONS,OTHER,No,SUSPECTED SERIOUS INJURY,NONE,39.2030324,-77.24767385,"(39.2030324, -77.24767385)"
MCP3074004B,200025473,Montgomery County Police,Injury Crash,06/30/2020 04:17:00 PM,Maryland (State),GEORGIA AVE,SEMINARY RD,,N/A,PEDESTRIAN,SINGLE VEHICLE,CLEAR,DRY,DAYLIGHT,TRAFFIC SIGNAL,UNKNOWN,N/A,1563F05B-77F8-4EB4-8DEA-91580A7C5333,PEDESTRIAN,Cross/Enter not at Intersection,NOT VISIBLE,ON ROADWAY NOT AT CROSSWALK,Unknown,SUSPECTED MINOR INJURY,NONE,39.00956292,-77.04054001,"(39.00956292, -77.04054001)"
MCP2693001B,16004084,Montgomery County Police,Injury Crash,01/24/2016 04:04:00 PM,County,BAUER DR,BURNSIDE DR,,N/A,PEDESTRIAN,SINGLE VEHICLE,CLEAR,SNOW,DAYLIGHT,NO CONTROLS,NONE DETECTED,NONE DETECTED,83697246-4D6A-45E5-879A-83A6A13CFBE4,PEDESTRIAN,Walking/Riding w/Traffic,NO IMPROPER ACTIONS,SHOULDER,No,POSSIBLE INJURY,N/A,39.094385,-77.10942667,"(39.094385, -77.10942667)"
EJ78700015,190006315,Gaithersburg Police Depar,Injury Crash,02/08/2019 06:14:00 PM,Municipality,CHRISTOPHER AVE,RUSSELL AVE,,GAITHERSBURG,PEDESTRIAN,SINGLE VEHICLE,CLEAR,DRY,DARK LIGHTS ON,TRAFFIC SIGNAL,NONE DETECTED,NONE DETECTED,FD182218-5AA2-4B2D-AD77-7948BB4A28A7,PEDESTRIAN,Cross/Enter at Intersection,NO IMPROPER ACTIONS,ON ROADWAY AT CROSSWALK,No,SUSPECTED MINOR INJURY,NONE,39.15776384,-77.21331016,"(39.15776384, -77.21331016)"
MCP2492001N,210032806,Montgomery County Police,Fatal Crash,08/23/2021 01:57:00 AM,Maryland (State),UNIVERSITY BLVD E,SPUR FR MD 195,,N/A,PEDESTRIAN,OTHER,CLEAR,WET,DARK LIGHTS ON,NO CONTROLS,NONE DETECTED,UNKNOWN,BA01A694-F080-4AFB-8B39-8C672D7D317E,PEDESTRIAN,Other,OTHER,ON ROADWAY NOT AT CROSSWALK,Unknown,FATAL INJURY,NONE,38.99298,-76.99199333,"(38.99298, -76.99199333)"
MCP3228003G,220016026,Montgomery County Police,Property Damage Crash,04/15/2022 05:16:00 PM,US (State),COLESVILLE RD,SLIGO CREEK PKWY,,N/A,BICYCLIST,STRAIGHT MOVEMENT ANGLE,CLEAR,DRY,DAYLIGHT,TRAFFIC SIGNAL,NONE DETECTED,NONE DETECTED,9EDAE691-2B65-4C5F-B18D-7ABA325E4C83,BICYCLIST,Walking/Cycling on Sidewalk,NO IMPROPER ACTIONS,ON ROADWAY AT CROSSWALK,No,NO APPARENT INJURY,MC/BIKE HELMET,39.0076268,-77.02030146,"(39.0076268, -77.02030146)"
MCP24370013,15053081,MONTGOMERY,Property Damage Crash,10/19/2015 05:48:00 PM,County,BEL PRE RD,RIPPLING BROOK DR,,N/A,PEDESTRIAN,SINGLE VEHICLE,CLEAR,DRY,DAYLIGHT,STOP SIGN,NONE DETECTED,NONE DETECTED,626955FB-588D-4A38-AC32-B17A8B621C2F,PEDESTRIAN,Cross/Enter at Intersection,NO IMPROPER ACTIONS,ON ROADWAY AT CROSSWALK,No,NO APPARENT INJURY,NONE,39.0901,-77.05367833,"(39.0901, -77.05367833)"
MCP30120068,200008062,Montgomery County Police,Injury Crash,02/18/2020 08:52:00 AM,,BATCHELLORS FOREST RD,SEABISCUT DR,,N/A,BICYCLIST,OTHER,CLEAR,DRY,DAYLIGHT,NO CONTROLS,NONE DETECTED,NONE DETECTED,A82EFB5D-A393-4639-9CB5-9D84B9F51437,BICYCLIST,Walking/Riding w/Traffic,NO IMPROPER ACTIONS,ON ROADWAY NOT AT CROSSWALK,No,POSSIBLE INJURY,MC/BIKE HELMET,39.12615833,-77.05691833,"(39.12615833, -77.05691833)"
MCP3199003Y,220028752,Montgomery County Police,Injury Crash,07/05/2022 07:23:00 AM,Maryland (State),GEORGIA AVE,HEWITT AVE,,N/A,PEDESTRIAN,STRAIGHT MOVEMENT ANGLE,N/A,DRY,DAYLIGHT,TRAFFIC SIGNAL,NONE DETECTED,NONE DETECTED,EE98A67C-A490-4549-88D0-8B7FE7C4D2EE,PEDESTRIAN,Cross/Enter at Intersection,NO IMPROPER ACTIONS,ON ROADWAY AT CROSSWALK,No,SUSPECTED MINOR INJURY,NONE,39.07748667,-77.07118333,"(39.07748667, -77.07118333)"
MCP2782001C,16007915,Montgomery County Police,Injury Crash,02/17/2016 07:33:00 AM,County,ASPEN HILL RD,VEIRS MILL RD,,N/A,PEDESTRIAN,STRAIGHT MOVEMENT ANGLE,CLEAR,DRY,DAYLIGHT,TRAFFIC SIGNAL,NONE DETECTED,NONE DETECTED,FE5565BC-F2F2-4E46-BCEB-2A49AF406097,PEDESTRIAN,Cross/Enter at Intersection,NO IMPROPER ACTIONS,AT INTERSECTION MARKED CROSSWALK,No,SUSPECTED MINOR INJURY,N/A,39.069365,-77.10491833,"(39.069365, -77.10491833)"
MCP3224000G,200016841,Montgomery County Police,Injury Crash,04/22/2020 08:28:00 PM,County,OLD COLUMBIA PIKE,AMBERSTONE CT,,N/A,PEDESTRIAN,HEAD ON LEFT TURN,CLEAR,DRY,DARK LIGHTS ON,NO CONTROLS,NONE DETECTED,NONE DETECTED,647504E2-FE2D-4604-960C-631CDA04BE38,PEDESTRIAN,Cross/Enter at Intersection,NO IMPROPER ACTIONS,AT INTERSECTION BUT NO CROSSWALK,No,POSSIBLE INJURY,N/A,39.05413699,-76.97366375,"(39.05413699, -76.97366375)"
MCP1389002W,230023157,Montgomery County Police,Injury Crash,05/14/2023 07:30:00 PM,Maryland (State),GEORGIA AVE,MASON ST,,N/A,PEDESTRIAN,OTHER,CLEAR,DRY,DAYLIGHT,OTHER,N/A,ALCOHOL PRESENT,4D854616-6877-4F57-AF5E-AFEA63C9FCDA,PEDESTRIAN,Cross/Enter at Intersection,NO IMPROPER ACTIONS,ON ROADWAY AT CROSSWALK,No,SUSPECTED MINOR INJURY,N/A,39.05595164,-77.04984942,"(39.05595164, -77.04984942)"
MCP2809002S,16000772,Montgomery County Police,Injury Crash,01/05/2016 01:22:00 PM,Maryland (State),UNIVERSITY BLVD W,GRANDVIEW AVE,,N/A,BICYCLIST,OTHER,CLEAR,N/A,DAYLIGHT,NO CONTROLS,N/A,N/A,0C7A94D6-3334-4A7D-BE12-BEC690375555,BICYCLIST,Cross/Enter not at Intersection,DART DASH,ON ROADWAY NOT AT CROSSWALK,Yes,POSSIBLE INJURY,NONE,39.042895,-77.0529,"(39.042895, -77.0529)"
MCP30790048,220009254,Montgomery County Police,Injury Crash,03/03/2022 05:55:00 PM,,,,19815 GERMANTOWN RD EXXON GAS STATION,,PEDESTRIAN,N/A,CLEAR,,DAYLIGHT,NO CONTROLS,NONE DETECTED,UNKNOWN,23189FE8-258F-4B34-8DCB-8AD6E98E90BA,PEDESTRIAN,Cross/Enter at Intersection,NO IMPROPER ACTIONS,AT INTERSECTION BUT NO CROSSWALK,No,POSSIBLE INJURY,N/A,39.18134323,-77.26148406,"(39.18134323, -77.26148406)"
EJ78950041,230023431,Gaithersburg Police Depar,Injury Crash,05/16/2023 10:50:00 AM,,,,MONTGOMERY COUNTY FAIR GROUNDS,,PEDESTRIAN,OTHER,CLEAR,,DAYLIGHT,NO CONTROLS,NONE DETECTED,NONE DETECTED,D9C9E703-9272-46CA-9D29-41651D29B6F2,PEDESTRIAN,Playing,NOT VISIBLE,OTHER,Unknown,POSSIBLE INJURY,NONE,39.14307365,-77.2043583,"(39.14307365, -77.2043583)"
MCP28050020,16044966,Montgomery County Police,Injury Crash,09/02/2016 08:19:00 PM,County,LOST KNIFE RD,CONTOUR RD,,N/A,PEDESTRIAN,SINGLE VEHICLE,CLEAR,DRY,DARK LIGHTS ON,NO CONTROLS,NONE DETECTED,NONE DETECTED,7AEE0F89-3DAA-4EAE-A76E-1DF59E40B893,PEDESTRIAN,Cross/Enter at Intersection,N/A,ON ROADWAY AT CROSSWALK,No,SUSPECTED MINOR INJURY,N/A,39.15483167,-77.20111,"(39.15483167, -77.20111)"
MCP29170078,200046848,Montgomery County Police,Injury Crash,11/27/2020 04:45:00 PM,County,EDGEBROOK RD,VEIRS MILL RD,,N/A,BICYCLIST,HEAD ON,CLEAR,DRY,DARK NO LIGHTS,STOP SIGN,NONE DETECTED,NONE DETECTED,9F7E92CE-A7AC-419E-A774-7BE283D69AA6,BICYCLIST,Walking/Riding w/Traffic,NO IMPROPER ACTIONS,ON ROADWAY NOT AT CROSSWALK,No,SUSPECTED MINOR INJURY,MC/BIKE HELMET,39.05970607,-77.08921389,"(39.05970607, -77.08921389)"
MCP3255003R,220028180,Montgomery County Police,Injury Crash,06/30/2022 05:30:00 PM,County,MONTGOMERY VILLAGE AVE,ARROWHEAD RD,,N/A,PEDESTRIAN,SINGLE VEHICLE,CLEAR,DRY,DAYLIGHT,NO CONTROLS,N/A,N/A,E84977D2-A2D3-4056-AE7D-B5EAEE514FE4,PEDESTRIAN,Cross/Enter not at Intersection,IN ROADWAY IMPROPERLY,MEDIAN,Yes,POSSIBLE INJURY,NONE,39.18790333,-77.19760167,"(39.18790333, -77.19760167)"
MCP3170003G,230055780,Montgomery County Police,Injury Crash,09/19/2023 03:40:00 PM,Maryland (State),GREAT SENECA HWY,WISTERIA DR,,N/A,OTHER PEDALCYCLIST,OTHER,CLEAR,DRY,DAYLIGHT,TRAFFIC SIGNAL,NONE DETECTED,NONE DETECTED,BF6B9118-4184-4255-8EFA-6F94E3207DF2,OTHER PEDALCYCLIST,Cross/Enter at Intersection,DART DASH,ON ROADWAY AT CROSSWALK,No,POSSIBLE INJURY,NONE,39.17121917,-77.262642,"(39.17121917, -77.262642)"
DD56030028,15065817,ROCKVILLE,Injury Crash,12/23/2015 06:19:00 PM,Municipality,KING FARM BLVD,ELMCROFT BLVD,,ROCKVILLE,PEDESTRIAN,STRAIGHT MOVEMENT ANGLE,RAINING,WET,DARK LIGHTS ON,STOP SIGN,UNKNOWN,NONE DETECTED,D5344C47-EA84-4D91-994A-98D4307BF15D,PEDESTRIAN,Cross/Enter at Intersection,NO IMPROPER ACTIONS,AT INTERSECTION MARKED CROSSWALK,No,SUSPECTED MINOR INJURY,NONE,39.11636836,-77.1700716,"(39.11636836, -77.1700716)"
MCP26430008,15019405,Montgomery County Police,Injury Crash,04/24/2015 08:52:00 PM,Maryland (State),NEW HAMPSHIRE AVE,CHALMERS RD,,N/A,PEDESTRIAN,SAME DIR REAR END,CLEAR,DRY,DARK LIGHTS ON,N/A,"ALCOHOL CONTRIBUTED, N/A",N/A,0A778EDE-B2FC-4061-BDCB-36E9A4F300A6,PEDESTRIAN,Standing,NO IMPROPER ACTIONS,OTHER,,SUSPECTED MINOR INJURY,N/A,39.02885833,-76.98325333,"(39.02885833, -76.98325333)"
MCP2598003K,210035566,Montgomery County Police,Property Damage Crash,09/10/2021 09:21:00 AM,County,SUNDOWN RD,ZION RD,,N/A,MACHINE OPERATOR/RIDER,SAME DIRECTION SIDESWIPE,CLEAR,DRY,DAYLIGHT,NO CONTROLS,NONE DETECTED,NONE DETECTED,E866DE8A-3B12-4B6A-85CA-1B3B94747116,MACHINE OPERATOR/RIDER,Other Working,NO IMPROPER ACTIONS,ON ROADWAY NOT AT CROSSWALK,No,NO APPARENT INJURY,LIGHTING,39.21569167,-77.115595,"(39.21569167, -77.115595)"