Report Number,Local Case Number,Agency Name,ACRS Report Type,Crash Date/Time,Route Type,Road Name,Cross-Street Name,Off-Road Description,Municipality,Related Non-Motorist,Collision Type,Weather,Surface Condition,Light,Traffic Control,Driver Substance Abuse,Non-Motorist Substance Abuse,Person ID,Pedestrian Type,Pedestrian Movement,Pedestrian Actions,Pedestrian Location,At Fault,Injury Severity,Safety Equipment,Latitude,Longitude,Location
MCP31210056,230006903,Montgomery County Police,Injury Crash,02/10/2023 07:49:00 PM,County,MONTGOMERY VILLAGE AVE,CLUB HOUSE RD,,N/A,PEDESTRIAN,SINGLE VEHICLE,N/A,DRY,DARK LIGHTS ON,TRAFFIC SIGNAL,NONE DETECTED,NONE DETECTED,E174A768-BA7A-4A47-BBA2-5BBCAC2F32A9,PEDESTRIAN,Cross/Enter at Intersection,UNKNOWN,AT INTERSECTION MARKED CROSSWALK,Yes,SUSPECTED MINOR INJURY,UNKNOWN,39.17451617,-77.20302183,"(39.17451617, -77.20302183)"
MCP292300CN,240035120,MONTGOMERY,Injury Crash,07/25/2024 01:05:00 PM,,,,Parking Lot Way        REAR PARKING LOT OF STARBUCKS AT 2800 UNIVERSITY BLVD WEST,,Pedestrian,Single Vehicle,Cloudy,,Daylight,,"Not Suspect of Alcohol Use, Not Suspect of Drug Use","Not Suspect of Alcohol Use, Not Suspect of Drug Use",2A8ABDD4-6D16-40B4-90AF-B2FE7EC6D842,Pedestrian,Other,None (No Improper Action),Other,No,Suspected Minor Injury,None,39.03841117,-77.05670907,"(39.03841117, -77.05670907)"
MCP2008006B,190034384,Montgomery County Police,Injury Crash,07/19/2019 06:47:00 PM,County,RYLAND DR,SINGLETON DR,,N/A,BICYCLIST,OTHER,CLEAR,DRY,DAYLIGHT,STOP SIGN,NONE DETECTED,NONE DETECTED,E2347E49-E8C9-4BAB-B710-201E1A741AA2,BICYCLIST,Cross/Enter at Intersection,UNKNOWN,ON ROADWAY AT CROSSWALK,Yes,SUSPECTED MINOR INJURY,MC/BIKE HELMET,39.01299,-77.118245,"(39.01299, -77.118245)"
MCP3205000B,190045884,Montgomery County Police,Injury Crash,09/24/2019 10:27:00 PM,Other Public Roadway,GEORGIAN WAY,GEORGIAN WOODS PL,,N/A,PEDESTRIAN,OTHER,N/A,DRY,DARK LIGHTS ON,N/A,ALCOHOL PRESENT,NONE DETECTED,26D24FA1-26C6-41D3-AC0F-ABF7CEBDB268,PEDESTRIAN,Other Working,OTHER,OTHER,No,SUSPECTED MINOR INJURY,N/A,39.05460802,-77.04683717,"(39.05460802, -77.04683717)"
MCP13780047,15004900,Montgomery County Police,Injury Crash,01/30/2015 06:09:00 PM,,,,DRIVEWAY ENTRANCE TO 390 N. SUMMIT AVE,,PEDESTRIAN,SINGLE VEHICLE,CLEAR,,DARK LIGHTS ON,NO CONTROLS,NONE DETECTED,NONE DETECTED,68089F6D-31EC-41B3-B6A2-D43C2DEB2EF1,PEDESTRIAN,Cross/Enter at Intersection,NO IMPROPER ACTIONS,DRIVEWAY ACCESS MARKED CROSSWALK,,NO APPARENT INJURY,N/A,39.14908,-77.19287667,"(39.14908, -77.19287667)"
MCP30950059,240044510,MONTGOMERY,Injury Crash,09/18/2024 02:46:00 PM,Maryland (State) Route,NEW HAMPSHIRE AVE (SB/L),,,,Cyclist (non-electric),Single Vehicle,Clear,Dry,Daylight,Traffic Control Signal,"Not Suspect of Alcohol Use, Not Suspect of Drug Use","Not Suspect of Alcohol Use, Not Suspect of Drug Use",7BC5F509-8F9B-4E9C-A0FD-54F7E21AFF4C,Cyclist (non-electric),Walking/Cycling Along Roadway With Traffic (In or Adjacent to Travel Lane),Improper Turn/Merge),OnStreet Bike Lanes,Yes,Suspected Minor Injury,Helmet,39.06405568,-76.99955396,"(39.06405568, -76.99955396)"
DD56100029,17000269,Rockville Police Departme,Injury Crash,01/02/2017 06:02:00 PM,Municipality,BROADWOOD DR,VEIRS MILL RD,,N/A,PEDESTRIAN,SINGLE VEHICLE,RAINING,WET,DARK LIGHTS ON,TRAFFIC SIGNAL,N/A,N/A,23274701-58FA-4A5C-89E4-7C69F891C217,PEDESTRIAN,Cross/Enter at Intersection,NO IMPROPER ACTIONS,ON ROADWAY AT CROSSWALK,No,POSSIBLE INJURY,NONE,39.077227,-77.1239875,"(39.077227, -77.1239875)"
MCP9318003L,250000746,MONTGOMERY,Injury Crash,01/06/2025 04:56:00 PM,Maryland (State) Route,NEW HAMPSHIRE AVE,,,,Pedestrian,Single Vehicle,Blowing Snow,Ice/Frost,Dusk,Traffic Control Signal,"Suspect of Alcohol Use, Unknown","Not Suspect of Alcohol Use, Not Suspect of Drug Use",FA90791E-4AEC-4045-82D5-DD349E500310,Pedestrian,Walking/Cycling on Sidewalk,None (No Improper Action),Sidewalk,No,Suspected Serious Injury,None,39.01547538,-76.97754218,"(39.01547538, -76.97754218)"
MCP3004002X,190013969,Montgomery County Police,Injury Crash,03/26/2019 03:37:00 PM,Maryland (State),EAST WEST HWY (W/B COUPLET),PEARL ST,,N/A,PEDESTRIAN,N/A,N/A,DRY,DAYLIGHT,TRAFFIC SIGNAL,N/A,N/A,F8FEBA48-9B36-451D-9E4C-25F6D1FFD008,PEDESTRIAN,Cross/Enter at Intersection,NO IMPROPER ACTIONS,AT INTERSECTION MARKED CROSSWALK,No,SUSPECTED MINOR INJURY,N/A,38.99364667,-77.05222167,"(38.99364667, -77.05222167)"
DD5595008H,200003432,Rockville Police Departme,Injury Crash,01/21/2020 04:51:00 PM,Municipality,W GUDE DR,PICCARD DR,,ROCKVILLE,PEDESTRIAN,OTHER,CLEAR,DRY,DAYLIGHT,TRAFFIC SIGNAL,NONE DETECTED,NONE DETECTED,C00268EC-C0EE-4A09-B695-AF4BB1F42B73,PEDESTRIAN,Cross/Enter not at Intersection,NO IMPROPER ACTIONS,DRIVEWAY ACCESS MARKED CROSSWALK,No,SUSPECTED MINOR INJURY,N/A,39.10181667,-77.17734167,"(39.10181667, -77.17734167)"
MCP2466003F,200010139,Montgomery County Police,Injury Crash,02/29/2020 05:00:00 PM,Maryland (State),NEW HAMPSHIRE AVE,E RANDOLPH RD,,N/A,BICYCLIST,STRAIGHT MOVEMENT ANGLE,CLEAR,DRY,DAYLIGHT,NO CONTROLS,NONE DETECTED,NONE DETECTED,37E21522-7F0F-47C2-80A5-7A149CCC1DB4,BICYCLIST,Walking/Riding against Traffic,UNKNOWN,SIDEWALK,Unknown,POSSIBLE INJURY,NONE,39.07640488,-77.00166139,"(39.07640488, -77.00166139)"
MCP27940015,15053515,MONTGOMERY,Injury Crash,10/21/2015 10:13:00 PM,County,WOODMONT AVE,BATTERY LA,,N/A,PEDESTRIAN,OTHER,N/A,DRY,DARK NO LIGHTS,TRAFFIC SIGNAL,N/A,NONE DETECTED,943C5411-C1B5-48C7-AB56-F6FAFE3EC709,PEDESTRIAN,Cross/Enter at Intersection,NO IMPROPER ACTIONS,AT INTERSECTION MARKED CROSSWALK,No,SUSPECTED MINOR INJURY,N/A,38.99270484,-77.09711552,"(38.99270484, -77.09711552)"
MCP2291004G,200007548,Montgomery County Police,Injury Crash,02/14/2020 02:30:00 PM,County,WILLARD AVE,FRIENDSHIP BLVD,,FRIENDSHIP HEIGHTS,PEDESTRIAN,SINGLE VEHICLE,CLEAR,DRY,DAYLIGHT,NO CONTROLS,UNKNOWN,NONE DETECTED,195A20B6-760F-4667-9B53-0BA8DCF3C8D1,PEDESTRIAN,Cross/Enter not at Intersection,IN ROADWAY IMPROPERLY,ON ROADWAY NOT AT CROSSWALK,Yes,SUSPECTED SERIOUS INJURY,N/A,38.9620898,-77.0888077,"(38.9620898, -77.0888077)"
MCP3099001G,190022361,Montgomery County Police,Injury Crash,05/12/2019 11:16:00 AM,County,MIDDLEBROOK RD,FATHER HURLEY BLVD,,N/A,PEDESTRIAN,SINGLE VEHICLE,RAINING,WET,DAYLIGHT,TRAFFIC SIGNAL,NONE DETECTED,NONE DETECTED,5DFC8F70-891D-4F73-B98C-5012375D76DA,PEDESTRIAN,Cross/Enter at Intersection,IN ROADWAY IMPROPERLY,AT INTERSECTION MARKED CROSSWALK,Yes,POSSIBLE INJURY,N/A,39.1841141,-77.27354314,"(39.1841141, -77.27354314)"
MCP33020008,210031516,Montgomery County Police,Injury Crash,08/13/2021 05:51:00 PM,County,RANDOLPH RD,SHERWOOD FOREST DR,,N/A,PEDESTRIAN,SINGLE VEHICLE,RAINING,WET,DAYLIGHT,N/A,NONE DETECTED,NONE DETECTED,6B5D8E0F-5244-443A-ACCB-0F40790E0819,PEDESTRIAN,Cross/Enter at Intersection,DART DASH,AT INTERSECTION BUT NO CROSSWALK,Yes,SUSPECTED SERIOUS INJURY,NONE,39.07321171,-77.00832942,"(39.07321171, -77.00832942)"
MCP29420021,16058920,Montgomery County Police,Injury Crash,11/15/2016 05:00:00 PM,,,,PARKING LOT OF 5601 RIVER RD,,PEDESTRIAN,SINGLE VEHICLE,CLEAR,,DARK LIGHTS ON,N/A,NONE DETECTED,NONE DETECTED,4244226D-5659-434E-94DF-9434FED3330C,PEDESTRIAN,Other Working,NO IMPROPER ACTIONS,OTHER,No,POSSIBLE INJURY,N/A,38.97077833,-77.11158,"(38.97077833, -77.11158)"
MCP28460090,230059699,Montgomery County Police,Injury Crash,10/10/2023 04:45:00 PM,Maryland (State),UNIVERSITY BLVD W,FERN ST,,N/A,PEDESTRIAN,SINGLE VEHICLE,CLEAR,DRY,DAYLIGHT,NO CONTROLS,NONE DETECTED,NONE DETECTED,FA8E27D5-045A-483C-BE25-E160D6F6B56C,PEDESTRIAN,Other,DART DASH,ON ROADWAY NOT AT CROSSWALK,Yes,SUSPECTED MINOR INJURY,NONE,39.04165286,-77.04984895,"(39.04165286, -77.04984895)"
MCP2738004G,230000835,Montgomery County Police,Injury Crash,01/05/2023 11:54:00 PM,County,RENICK LA,KERWOOD RD,,N/A,PEDESTRIAN,OTHER,N/A,N/A,DARK LIGHTS ON,NO CONTROLS,N/A,N/A,D49BE916-C3AF-47B6-BE28-2F92B2124693,PEDESTRIAN,Walking/Riding w/Traffic,NO IMPROPER ACTIONS,CURB,Unknown,SUSPECTED MINOR INJURY,N/A,39.05364017,-76.99193467,"(39.05364017, -76.99193467)"
MCP23580091,210044083,Montgomery County Police,Injury Crash,11/01/2021 12:58:00 PM,County,CARDIGAN RD,HOWELL RD,,N/A,PEDESTRIAN,OTHER,CLEAR,DRY,DAYLIGHT,NO CONTROLS,UNKNOWN,NONE DETECTED,01343941-E94C-4BB2-8FD6-71781D7729C2,PEDESTRIAN,Walking/Riding against Traffic,NO IMPROPER ACTIONS,CURB,No,POSSIBLE INJURY,NONE,38.9965955,-77.1335605,"(38.9965955, -77.1335605)"
MCP2353001T,15053599,MONTGOMERY,Injury Crash,10/22/2015 12:11:00 PM,County,WILLARD AVE,THE HILLS PLAZA,,FRIENDSHIP HEIGHTS,PEDESTRIAN,SINGLE VEHICLE,CLEAR,DRY,DAYLIGHT,OTHER,NONE DETECTED,NONE DETECTED,87BD1C1A-B4AB-4613-B4FE-DD11C91B312F,PEDESTRIAN,Cross/Enter at Intersection,NO IMPROPER ACTIONS,ON ROADWAY AT CROSSWALK,No,SUSPECTED SERIOUS INJURY,NONE,38.98345167,-77.09292,"(38.98345167, -77.09292)"
MCP1378009X,16027832,Montgomery County Police,Injury Crash,06/03/2016 05:15:00 PM,Maryland (State),QUINCE ORCHARD RD,QUINCE ORCHARD BLVD,,GAITHERSBURG,BICYCLIST,SINGLE VEHICLE,CLOUDY,WET,DAYLIGHT,TRAFFIC SIGNAL,NONE DETECTED,NONE DETECTED,35BA241B-CE94-4081-8208-8D1865D6A656,BICYCLIST,Cross/Enter at Intersection,FAILURE TO YIELD RIGHT OF WAY,ON ROADWAY AT CROSSWALK,Yes,POSSIBLE INJURY,NONE,39.13464333,-77.223795,"(39.13464333, -77.223795)"
EJ7869000M,170537256,Gaithersburg Police Depar,Injury Crash,10/17/2017 08:50:00 PM,Maryland (State),MONTGOMERY VILLAGE AVE,RUSSELL AVE,,GAITHERSBURG,PEDESTRIAN,OTHER,N/A,DRY,DARK LIGHTS ON,NO CONTROLS,UNKNOWN,ILLEGAL DRUG PRESENT,185022BE-6CCE-4D1B-B0E1-911B24B69540,PEDESTRIAN,Walking/Riding w/Traffic,IN ROADWAY IMPROPERLY,ON ROADWAY NOT AT CROSSWALK,Yes,SUSPECTED SERIOUS INJURY,NONE,39.15514766,-77.20848151,"(39.15514766, -77.20848151)"
MCP2863001C,16057560,Montgomery County Police,Injury Crash,11/08/2016 08:23:00 AM,,,,"PARKING LOT OF 20300 PLEASANT RIDGE DR ,MCG (NORTHGATE CHURCH)",,PEDESTRIAN,SINGLE VEHICLE,CLEAR,,DAYLIGHT,NO CONTROLS,NONE DETECTED,NONE DETECTED,FA71C52E-4F65-41A9-91F7-95AD7F056A52,PEDESTRIAN,Walking to/from school,NO IMPROPER ACTIONS,OTHER,No,POSSIBLE INJURY,N/A,39.19190167,-77.19156333,"(39.19190167, -77.19156333)"
MCP2669000B,17000770,Montgomery County Police,Injury Crash,01/05/2017 11:50:00 AM,,,,"PARKING LOT OF 2408 UNIVERSITY BLVD, EL CATRACHITO",,PEDESTRIAN,OTHER,CLOUDY,,DAYLIGHT,N/A,NONE DETECTED,NONE DETECTED,0EF56FC4-3A9C-4CD9-BDFA-C1FE8C346CF4,PEDESTRIAN,Standing,NO IMPROPER ACTIONS,OTHER,No,SUSPECTED MINOR INJURY,NONE,39.04172,-77.050915,"(39.04172, -77.050915)"
MCP115100CK,210021599,Montgomery County Police,Injury Crash,06/07/2021 11:25:00 AM,,,,PARKING LOT AREA OF 12301 MIDDLEBROOK ROAD,,PEDESTRIAN,OTHER,CLEAR,,DAYLIGHT,NO CONTROLS,NONE DETECTED,NONE DETECTED,F2C47FBA-2DBC-482C-8A5D-B82A42238FD9,PEDESTRIAN,Other,UNKNOWN,OTHER,Unknown,POSSIBLE INJURY,N/A,39.17573333,-77.25416333,"(39.17573333, -77.25416333)"
MCP3000000M,16012804,MONTGOMERY,Injury Crash,03/15/2016 04:26:00 PM,County,MIDDLEBROOK RD,GREAT SENECA HWY,,N/A,PEDESTRIAN,STRAIGHT MOVEMENT ANGLE,CLEAR,DRY,DAYLIGHT,TRAFFIC SIGNAL,UNKNOWN,NONE DETECTED,961DADA1-7442-40AF-A4AF-FE527FFD0D1D,PEDESTRIAN,Cross/Enter at Intersection,NO IMPROPER ACTIONS,AT INTERSECTION MARKED CROSSWALK,No,SUSPECTED MINOR INJURY,N/A,39.174895,-77.26154833,"(39.174895, -77.26154833)"
MCP2928001W,170525926,Montgomery County Police,Injury Crash,08/20/2017 10:09:00 PM,Maryland (State),16TH ST,EAST WEST HWY,,N/A,PEDESTRIAN,SINGLE VEHICLE,CLEAR,DRY,DARK LIGHTS ON,TRAFFIC SIGNAL,NONE DETECTED,NONE DETECTED,D8A73013-5910-43AB-AE5D-2FFC67B38AB1,PEDESTRIAN,Cross/Enter at Intersection,NO IMPROPER ACTIONS,ON ROADWAY AT CROSSWALK,No,POSSIBLE INJURY,NONE,38.99440487,-77.03637555,"(38.99440487, -77.03637555)"
MCP2967001F,16034961,Montgomery County Police,Injury Crash,07/10/2016 05:20:00 PM,County,RANDOLPH RD,NEBEL ST,,N/A,PEDESTRIAN,OTHER,CLEAR,DRY,DAYLIGHT,TRAFFIC SIGNAL,N/A,N/A,E6970159-E408-407C-AE5D-F83FBA8ADA72,PEDESTRIAN,Cross/Enter at Intersection,INATTENTIVE,SIDEWALK,Unknown,SUSPECTED MINOR INJURY,NONE,39.05333667,-77.11066333,"(39.05333667, -77.11066333)"
MCP209400FX,200002807,Montgomery County Police,Property Damage Crash,01/17/2020 09:38:00 AM,County,NEBEL ST,NICHOLSON LA,,N/A,BICYCLIST,HEAD ON LEFT TURN,CLEAR,DRY,DAYLIGHT,NO CONTROLS,NONE DETECTED,NONE DETECTED,483C4D16-5A31-4A92-9082-C3FC7FC08D2B,BICYCLIST,Other,NO IMPROPER ACTIONS,OTHER,No,NO APPARENT INJURY,MC/BIKE HELMET,39.04659833,-77.10513333,"(39.04659833, -77.10513333)"
MCP3090008N,250028837,MONTGOMERY,Injury Crash,06/28/2025 02:41:00 PM,County Route,CAPEHART DR,,,,Cyclist (non-electric),Single Vehicle,Clear,Dry,Daylight,No Controls,"Not Suspect of Alcohol Use, Not Suspect of Drug Use","Not Suspect of Alcohol Use, Not Suspect of Drug Use",8494996B-A767-4D83-8D33-E12278D8A1B8,Cyclist (non-electric),Walking/Cycling Along Roadway Against Traffic (In or Adjacent to Travel Lane),Other,Travel Lane Other Location,Yes,Possible Injury,Unknown,39.16776863,-77.21789662,"(39.16776863, -77.21789662)"
MCP3085005T,250004054,MONTGOMERY,Injury Crash,01/28/2025 04:25:00 PM,Maryland (State) Route,UNIVERSITY BLVD W (WB/L),,,,Pedestrian,Single Vehicle,Clear,Dry,Daylight,Traffic Control Signal,"Not Suspect of Alcohol Use, Not Suspect of Drug Use","Not Suspect of Alcohol Use, Not Suspect of Drug Use",4F68E1F2-B4BF-4A3E-9AA1-A4B3E3B7CF43,Pedestrian,Cross/Enter at Intersection,None (No Improper Action),Intersection Marked Crosswalk,No,Suspected Minor Injury,None,39.03403362,-77.07236626,"(39.03403362, -77.07236626)"
MCP31540027,210022474,Montgomery County Police,Injury Crash,06/12/2021 02:48:00 PM,Maryland (State),GERMANTOWN RD,CROWNSGATE WAY,,N/A,BICYCLIST,SINGLE VEHICLE,CLEAR,DRY,DAYLIGHT,NO CONTROLS,NONE DETECTED,NONE DETECTED,AB06485C-8627-4B88-A8E9-61259B3D5C53,BICYCLIST,Walking/Riding w/Traffic,NO IMPROPER ACTIONS,SHOULDER,No,SUSPECTED SERIOUS INJURY,MC/BIKE HELMET,39.15750667,-77.28540833,"(39.15750667, -77.28540833)"
DD5648000S,220024140,Rockville Police Departme,Injury Crash,06/06/2022 01:06:00 AM,,,,2232 VEIRS MILL RD,,PEDESTRIAN,OTHER,CLEAR,,DARK LIGHTS ON,NO CONTROLS,UNKNOWN,ALCOHOL PRESENT,B233B25F-B1D7-4B47-AF42-28E4BB85E71E,PEDESTRIAN,Getting off/on Vehicle,UNKNOWN,OTHER,No,POSSIBLE INJURY,UNKNOWN,39.0764055,-77.11770133,"(39.0764055, -77.11770133)"
DD5652001N,220048412,Rockville Police Departme,Injury Crash,11/03/2022 01:09:00 PM,,,,625 HUNGERFORD DR,,PEDESTRIAN,SAME DIR REAR END,CLEAR,,DAYLIGHT,NO CONTROLS,NONE DETECTED,NONE DETECTED,8AED5528-70E0-424A-8F19-B76AFDF93EE0,PEDESTRIAN,Other,NO IMPROPER ACTIONS,OTHER,No,SUSPECTED MINOR INJURY,NONE,39.09214059,-77.15244737,"(39.09214059, -77.15244737)"
EJ7864001G,180018143,Gaithersburg Police Depar,Injury Crash,04/13/2018 09:06:00 PM,County,MONTGOMERY VILLAGE AVE,MIDCOUNTY HWY,,N/A,PEDESTRIAN,SINGLE VEHICLE,N/A,N/A,DARK LIGHTS ON,N/A,NONE DETECTED,N/A,F85B5A6E-2C3E-4E43-90A4-F67B0E49B6B1,PEDESTRIAN,Cross/Enter at Intersection,DART DASH,ON ROADWAY NOT AT CROSSWALK,Yes,SUSPECTED SERIOUS INJURY,NONE,39.15709333,-77.20544667,"(39.15709333, -77.20544667)"
MCP2874000W,15058210,MONTGOMERY,Injury Crash,11/14/2015 08:07:00 PM,Maryland (State),GEORGIA AVE,SHOREFIELD RD,,N/A,PEDESTRIAN,SINGLE VEHICLE,CLEAR,DRY,DARK LIGHTS ON,TRAFFIC SIGNAL,NONE DETECTED,UNKNOWN,0265D3BF-51A5-4DC2-9C1F-30170CF57E07,PEDESTRIAN,Cross/Enter at Intersection,NO IMPROPER ACTIONS,ON ROADWAY AT CROSSWALK,No,SUSPECTED MINOR INJURY,N/A,39.053245,-77.05103333,"(39.053245, -77.05103333)"
MCP3086000M,170537350,Montgomery County Police,Injury Crash,10/18/2017 08:00:00 AM,Other Public Roadway,BAY BERRY DR,CLOPPER RD,,N/A,PEDESTRIAN,SINGLE VEHICLE,CLEAR,DRY,DAYLIGHT,STOP SIGN,UNKNOWN,NONE DETECTED,C7DA580A-F8FC-45A9-8969-AC588F3BB78B,PEDESTRIAN,Cross/Enter at Intersection,NO IMPROPER ACTIONS,AT INTERSECTION BUT NO CROSSWALK,No,SUSPECTED MINOR INJURY,UNKNOWN,39.1581598,-77.27337956,"(39.1581598, -77.27337956)"
MCP3131000N,180054048,Montgomery County Police,Injury Crash,10/28/2018 07:16:00 PM,County,WESTLAKE DR,LAKEVIEW DR,,N/A,PEDESTRIAN,SINGLE VEHICLE,RAINING,WET,DARK LIGHTS ON,OTHER,NONE DETECTED,NONE DETECTED,9F310458-E964-4D68-A567-7182CC26AF92,PEDESTRIAN,Cross/Enter at Intersection,NO IMPROPER ACTIONS,ON ROADWAY AT CROSSWALK,No,SUSPECTED SERIOUS INJURY,NONE,39.026475,-77.14827333,"(39.026475, -77.14827333)"
MCP30930030,200039653,Montgomery County Police,Injury Crash,10/08/2020 03:02:00 PM,Maryland (State),EAST WEST HWY,MEADOWBROOK LA,,N/A,BICYCLIST,N/A,N/A,DRY,DAYLIGHT,TRAFFIC SIGNAL,N/A,N/A,CFBEDCF8-BB9C-4086-A037-159328614F11,BICYCLIST,Cross/Enter at Intersection,INATTENTIVE,ON ROADWAY AT CROSSWALK,Yes,SUSPECTED MINOR INJURY,MC/BIKE HELMET,38.99254051,-77.06065823,"(38.99254051, -77.06065823)"
MCP2942000P,15031239,Montgomery County Police,Injury Crash,06/26/2015 01:21:00 PM,Maryland (State),BRADLEY BLVD,OAK FOREST LA,,N/A,BICYCLIST,SAME DIR REAR END,CLOUDY,DRY,DAYLIGHT,N/A,NONE DETECTED,NONE DETECTED,A57194B0-EF9C-4EA5-95B7-AB2CF4886EC2,BICYCLIST,Walking/Riding w/Traffic,INATTENTIVE,SHOULDER,,SUSPECTED MINOR INJURY,MC/BIKE HELMET,39.00080667,-77.07756833,"(39.00080667, -77.07756833)"
MCP3076002T,190060736,Montgomery County Police,Property Damage Crash,12/17/2019 12:41:00 PM,County,WAYNE AVE,FENTON ST,,N/A,PEDESTRIAN,SINGLE VEHICLE,CLOUDY,WET,DAYLIGHT,NO CONTROLS,NONE DETECTED,NONE DETECTED,7E04B6BB-DE30-43C8-8DA0-F27AFA9EF9CC,PEDESTRIAN,Cross/Enter not at Intersection,IN ROADWAY IMPROPERLY,OUTSIDE RIGHT OF WAY,Yes,NO APPARENT INJURY,NONE,38.99581021,-77.02368768,"(38.99581021, -77.02368768)"
MCP3085003B,20029820,Montgomery County Police,Injury Crash,07/11/2022 06:27:00 PM,County,NICHOLSON LA,NICHOLSON CT,,N/A,PEDESTRIAN,OTHER,CLEAR,DRY,DAYLIGHT,TRAFFIC SIGNAL,NONE DETECTED,NONE DETECTED,C9F13FD4-93FB-4124-96A8-8CDDD2159B8B,PEDESTRIAN,Cross/Enter at Intersection,NO IMPROPER ACTIONS,ON ROADWAY AT CROSSWALK,No,SUSPECTED MINOR INJURY,NONE,39.04544833,-77.10511833,"(39.04544833, -77.10511833)"
MCP3188000V,190031658,Montgomery County Police,Injury Crash,07/03/2019 08:33:00 AM,County,TUCKERMAN LA,KINGS RIDING WAY,,N/A,PEDESTRIAN,OTHER,CLEAR,DRY,DAYLIGHT,OTHER,N/A,N/A,C702FDB8-1A95-49E9-ADC3-66753F78A46B,PEDESTRIAN,Cross/Enter at Intersection,NO IMPROPER ACTIONS,ON ROADWAY AT CROSSWALK,No,SUSPECTED MINOR INJURY,NONE,39.02994333,-77.11263,"(39.02994333, -77.11263)"
MCP9106000R,16001755,Montgomery County Police,Injury Crash,01/10/2016 12:06:00 PM,,,,PARKING LOT OF 20902 FREDERICK RD,,PEDESTRIAN,SINGLE VEHICLE,RAINING,,DAYLIGHT,N/A,NONE DETECTED,NONE DETECTED,B09F8ED8-673D-4872-BBE9-71FE7DB87B71,PEDESTRIAN,Other,NO IMPROPER ACTIONS,OTHER,No,NO APPARENT INJURY,N/A,39.199015,-77.24625833,"(39.199015, -77.24625833)"
DM8463000D,170544608,Takoma Park Police Depart,Injury Crash,11/24/2017 09:13:00 AM,Maryland (State),PHILADELPHIA AVE,HOLLY AVE,,TAKOMA PARK,PEDESTRIAN,N/A,CLEAR,DRY,DAYLIGHT,STOP SIGN,N/A,N/A,539BA0A8-51C4-49E7-AB15-93F6069F727A,PEDESTRIAN,Cross/Enter at Intersection,UNKNOWN,ON ROADWAY AT CROSSWALK,No,SUSPECTED MINOR INJURY,N/A,38.98226167,-77.01355833,"(38.98226167, -77.01355833)"
MCP1453006R,180062394,Montgomery County Police,Injury Crash,12/14/2018 07:19:00 AM,Maryland (State),FREDERICK RD,PLUMMER DR,,N/A,PEDESTRIAN,SINGLE VEHICLE,FOGGY,DRY,DAWN,TRAFFIC SIGNAL,NONE DETECTED,NONE DETECTED,D4D616B4-CB3C-48AB-9715-BD00A592214D,PEDESTRIAN,Cross/Enter at Intersection,NO IMPROPER ACTIONS,OTHER,No,SUSPECTED MINOR INJURY,N/A,39.18781821,-77.09425684,"(39.18781821, -77.09425684)"
MCP2534002X,190022193,Montgomery County Police,Injury Crash,05/11/2019 02:40:00 AM,County,ELKIN ST,PRICE AVE,,N/A,PEDESTRIAN,SINGLE VEHICLE,CLEAR,DRY,DARK LIGHTS ON,NO CONTROLS,UNKNOWN,ALCOHOL PRESENT,4DF51990-2092-4575-BF2C-0E95410D50CE,PEDESTRIAN,Standing,IN ROADWAY IMPROPERLY,ON ROADWAY NOT AT CROSSWALK,No,SUSPECTED SERIOUS INJURY,N/A,39.04074,-77.05039,"(39.04074, -77.05039)"
DD559500G5,24005590,ROCKVILLE,Injury Crash,09/17/2024 02:00:00 PM,Municipality Route,PARK RD (WB/L),,,,Wheelchair (electric),Single Vehicle,Unknown,,Daylight,Traffic Control Signal,"Unknown, Unknown","Unknown, Unknown",161FC585-0159-45B8-8DC4-7EBA1DA6B789,Wheelchair (electric),Cross/Enter at Intersection,None (No Improper Action),Intersection Marked Crosswalk,No,Suspected Minor Injury,None,39.08559428,-77.14638217,"(39.08559428, -77.14638217)"
MCP1213003P,180015705,Montgomery County Police,Injury Crash,03/31/2018 09:00:00 PM,Maryland (State),NEW HAMPSHIRE AVE,TREE LAWN DR,,N/A,PEDESTRIAN,SAME DIR REAR END,CLEAR,DRY,DARK LIGHTS ON,NO CONTROLS,NONE DETECTED,NONE DETECTED,B7661987-D701-4BDD-9A04-35EFE2AF35E4,PEDESTRIAN,Standing,NO IMPROPER ACTIONS,ON ROADWAY NOT AT CROSSWALK,No,SUSPECTED SERIOUS INJURY,REFLECTIVE CLOTHING,39.14524833,-77.00562,"(39.14524833, -77.00562)"
MCP28820023,170525535,Montgomery County Police,Injury Crash,08/18/2017 02:55:00 PM,,,,PARKING LOT IN FRONT OF 19552 CRYSTAL ROCK DRIVE,,BICYCLIST,SINGLE VEHICLE,CLEAR,,DAYLIGHT,N/A,NONE DETECTED,NONE DETECTED,30CB36A0-91F0-4487-950C-4A059417B60C,BICYCLIST,Playing,INATTENTIVE,OTHER,Yes,SUSPECTED MINOR INJURY,NONE,39.17810167,-77.26309833,"(39.17810167, -77.26309833)"
MCP3161001S,190048151,Montgomery County Police,Injury Crash,10/07/2019 03:39:00 PM,Maryland (State),UNIVERSITY BLVD W,PERRY AVE,,KENSINGTON,PEDESTRIAN,SAME DIR REAR END,CLEAR,DRY,DAYLIGHT,N/A,NONE DETECTED,NONE DETECTED,EBEEDCC1-4C2C-4A6A-B12E-126804D64FFC,PEDESTRIAN,Cross/Enter at Intersection,UNKNOWN,ON ROADWAY AT CROSSWALK,No,POSSIBLE INJURY,NONE,39.03274833,-77.07378833,"(39.03274833, -77.07378833)"
MCP2751000M,15028831,MONTGOMERY,Injury Crash,06/13/2015 05:26:00 PM,County,BEL PRE RD,CONNECTICUT AVE,,N/A,PEDESTRIAN,OTHER,CLEAR,DRY,DAYLIGHT,STOP SIGN,NONE DETECTED,NONE DETECTED,7B823234-906A-48C6-A1FD-BDBB8BA06A69,PEDESTRIAN,Cross/Enter at Intersection,NO IMPROPER ACTIONS,ON ROADWAY AT CROSSWALK,No,POSSIBLE INJURY,NONE,39.091445,-77.06944167,"(39.091445, -77.06944167)"