Report Number,Local Case Number,Agency Name,ACRS Report Type,Crash Date/Time,Route Type,Road Name,Cross-Street Name,Off-Road Description,Municipality,Related Non-Motorist,Collision Type,Weather,Surface Condition,Light,Traffic Control,Driver Substance Abuse,Non-Motorist Substance Abuse,Person ID,Pedestrian Type,Pedestrian Movement,Pedestrian Actions,Pedestrian Location,At Fault,Injury Severity,Safety Equipment,Latitude,Longitude,Location
MCP3019001T,180026189,Montgomery County Police,Injury Crash,05/28/2018 03:30:00 PM,,,,PARKING LOT OF 10134 RIVER ROAD,,PEDESTRIAN,OTHER,CLEAR,,DAYLIGHT,NO CONTROLS,NONE DETECTED,NONE DETECTED,FDB5395A-B252-489F-A2A4-A475D8AB6CA5,PEDESTRIAN,Cross/Enter not at Intersection,N/A,ON ROADWAY NOT AT CROSSWALK,No,POSSIBLE INJURY,N/A,39.01708,-77.20920167,"(39.01708, -77.20920167)"
DD55020019,15029309,Rockville Police Departme,Injury Crash,06/16/2015 12:30:00 PM,Municipality,FREDERICK AVE,LENMOR AVE,,ROCKVILLE,PEDESTRIAN,OTHER,CLEAR,DRY,DAYLIGHT,NO CONTROLS,NONE DETECTED,NONE DETECTED,1F5125CD-7822-4438-B7F5-4598C674B18E,PEDESTRIAN,Cross/Enter not at Intersection,DART DASH,ON ROADWAY NOT AT CROSSWALK,,SUSPECTED MINOR INJURY,NONE,39.09484833,-77.14877,"(39.09484833, -77.14877)"
MCP3331000K,220040897,Montgomery County Police,Injury Crash,09/19/2022 04:00:00 PM,County,IDLEWOOD RD,DAHILL RD,,N/A,PEDESTRIAN,SINGLE VEHICLE,CLEAR,DRY,DAYLIGHT,NO CONTROLS,UNKNOWN,NONE DETECTED,2174173D-C317-4660-8E29-BE0A8FB6221F,PEDESTRIAN,Cross/Enter not at Intersection,NO IMPROPER ACTIONS,ON ROADWAY NOT AT CROSSWALK,No,SUSPECTED MINOR INJURY,NONE,39.049723,-77.07103,"(39.049723, -77.07103)"
DD5635001S,190051184,Rockville Police Departme,Injury Crash,10/24/2019 06:22:00 PM,Municipality,HURLEY AVE,W MONTGOMERY AVE,,N/A,PEDESTRIAN,OTHER,N/A,DRY,DARK LIGHTS ON,TRAFFIC SIGNAL,NONE DETECTED,NONE DETECTED,5A66F3D6-6BD6-4688-A4AD-5A26CA66C96C,PEDESTRIAN,Cross/Enter at Intersection,DART DASH,ON ROADWAY AT CROSSWALK,Yes,POSSIBLE INJURY,NONE,39.089181,-77.17805533,"(39.089181, -77.17805533)"
MCP32640040,230053217,Montgomery County Police,Injury Crash,09/05/2023 09:00:00 AM,County,BLAIR MILL RD,CO/L WASH DC LINE,,N/A,PEDESTRIAN,OTHER,CLEAR,DRY,DAYLIGHT,STOP SIGN,NONE DETECTED,NONE DETECTED,3F94C3A5-4565-47AB-8A50-5475341225D6,PEDESTRIAN,Cross/Enter at Intersection,NO IMPROPER ACTIONS,AT INTERSECTION MARKED CROSSWALK,No,POSSIBLE INJURY,NONE,38.98997584,-77.03333046,"(38.98997584, -77.03333046)"
MCP3407000K,240053728,MONTGOMERY,Injury Crash,11/08/2024 05:41:00 PM,Private Route,,FOREST BROOK RD,,,Pedestrian,Single Vehicle,Clear,Dry,Dark - Not Lighted,No Controls,"Not Suspect of Alcohol Use, Not Suspect of Drug Use","Not Suspect of Alcohol Use, Not Suspect of Drug Use",72185CF7-8B2B-413D-BF95-E2248555C32F,Pedestrian,Cross/Enter at Intersection,None (No Improper Action),Intersection Unmarked Crosswalk,No,Suspected Minor Injury,None,39.16772933,-77.25144205,"(39.16772933, -77.25144205)"
MCP25120028,16049778,Montgomery County Police,Injury Crash,09/27/2016 07:51:00 PM,Maryland (State),CLOPPER RD,FIRSTFIELD RD,,GAITHERSBURG,PEDESTRIAN,STRAIGHT MOVEMENT ANGLE,CLEAR,DRY,DARK LIGHTS ON,NO CONTROLS,NONE DETECTED,NONE DETECTED,9B127A44-90F9-472C-BCA6-6728479AACEA,PEDESTRIAN,Cross/Enter not at Intersection,FAILURE TO YIELD RIGHT OF WAY,ON ROADWAY NOT AT CROSSWALK,Yes,POSSIBLE INJURY,NONE,39.144595,-77.22561167,"(39.144595, -77.22561167)"
DM84470016,16056965,Takoma Park Police Depart,Injury Crash,11/04/2016 07:40:00 PM,Maryland (State),NEW HAMPSHIRE AVE,HOLTON LA,,TAKOMA PARK,PEDESTRIAN,SINGLE VEHICLE,CLEAR,DRY,DARK LIGHTS ON,TRAFFIC SIGNAL,NONE DETECTED,NONE DETECTED,4222D904-8AF2-4B72-A3CA-7FA7B8873C29,PEDESTRIAN,Cross/Enter at Intersection,FAILURE TO OBEY TRAFFIC SIGNS SIGNALS OR OFFICER,ON ROADWAY NOT AT CROSSWALK,Yes,POSSIBLE INJURY,NONE,38.985899,-76.988181,"(38.985899, -76.988181)"
MCP3268005K,250015958,MONTGOMERY,Injury Crash,04/10/2025 11:30:00 PM,County Route,,,,,Pedestrian,Single Vehicle,Clear,,Dark - Not Lighted,Pedestrian Crossing Sign,"Unknown, Unknown","Not Suspect of Alcohol Use, Not Suspect of Drug Use",7CB6DD72-DF33-4E21-B827-7C1AD4AAADA7,Pedestrian,Cross/Enter at Intersection,None (No Improper Action),Intersection Marked Crosswalk,No,Suspected Minor Injury,None,39.03897286,-76.99200988,"(39.03897286, -76.99200988)"
MCP3068002B,190019941,Montgomery County Police,Injury Crash,04/28/2019 06:05:00 PM,County,BALTIMORE AVE,RIVER RD,,N/A,PEDESTRIAN,OTHER,CLEAR,DRY,DAYLIGHT,N/A,N/A,N/A,54EFCAC6-F821-4D85-B8EA-53263099EE22,PEDESTRIAN,Cross/Enter not at Intersection,DART DASH,ON ROADWAY NOT AT CROSSWALK,Yes,POSSIBLE INJURY,NONE,38.9588651,-77.0978486,"(38.9588651, -77.0978486)"
MCP2358004N,180018877,Montgomery County Police,Property Damage Crash,04/18/2018 08:36:00 AM,County,WINSTON DR,RIVER RD,,N/A,BICYCLIST,OTHER,CLEAR,DRY,DAYLIGHT,TRAFFIC SIGNAL,NONE DETECTED,NONE DETECTED,8162FCCF-CAE7-41AF-B95E-FB5B240A9746,BICYCLIST,Walking/Riding w/Traffic,NO IMPROPER ACTIONS,OTHER,Unknown,NO APPARENT INJURY,MC/BIKE HELMET,38.975546,-77.126119,"(38.975546, -77.126119)"
MCP30930013,180049326,Montgomery County Police,Injury Crash,10/02/2018 07:03:00 PM,Municipality,DORSET AVE,SURREY ST,,SOMERSET,PEDESTRIAN,N/A,N/A,DRY,DUSK,STOP SIGN,N/A,N/A,F3FF5CC8-4504-4B4C-B2F0-055B80E356B3,PEDESTRIAN,Cross/Enter at Intersection,NO IMPROPER ACTIONS,ON ROADWAY NOT AT CROSSWALK,No,POSSIBLE INJURY,NONE,38.97400645,-77.08780796,"(38.97400645, -77.08780796)"
MCP3039004M,200004175,Montgomery County Police,Injury Crash,01/25/2020 03:30:00 PM,Maryland (State),PINEY BRANCH RD,RITCHIE AVE,,N/A,PEDESTRIAN,OTHER,CLEAR,DRY,DAYLIGHT,NO CONTROLS,NONE DETECTED,NONE DETECTED,2A3BDBED-3A59-49CD-9B8C-EC62BB3EA770,PEDESTRIAN,Cross/Enter at Intersection,NO IMPROPER ACTIONS,ON ROADWAY AT CROSSWALK,No,SUSPECTED MINOR INJURY,NONE,38.98837167,-77.01235,"(38.98837167, -77.01235)"
EJ78520018,15064548,GAITHERSBURG,Injury Crash,12/17/2015 06:36:00 PM,Municipality,BOOTH ST,KENTLANDS BLVD,,GAITHERSBURG,PEDESTRIAN,HEAD ON LEFT TURN,FOGGY,WET,DARK LIGHTS ON,STOP SIGN,NONE DETECTED,NONE DETECTED,1F5EACAB-907B-4C5D-8204-5C438E54178E,PEDESTRIAN,Cross/Enter at Intersection,UNKNOWN,UNKNOWN,Unknown,POSSIBLE INJURY,NONE,39.12469833,-77.24017833,"(39.12469833, -77.24017833)"
MCP30480054,190022243,Montgomery County Police,Injury Crash,05/11/2019 12:52:00 PM,County,COUNSELMAN RD,RIVER RD,,N/A,BICYCLIST,HEAD ON LEFT TURN,CLEAR,DRY,DAYLIGHT,TRAFFIC SIGNAL,N/A,N/A,AD6F2AC1-D6F2-4547-BADB-9C051A283DE1,BICYCLIST,Cross/Enter at Intersection,FAILURE TO YIELD RIGHT OF WAY,AT INTERSECTION BUT NO CROSSWALK,Yes,SUSPECTED MINOR INJURY,MC/BIKE HELMET,39.01733695,-77.20770396,"(39.01733695, -77.20770396)"
DD5658001V,240004325,ROCKVILLE,Injury Crash,01/27/2024 02:07:00 PM,,,,Parking Lot Way        2009 CHAPMAN AVE/PARKING LOT,,Pedestrian,Single Vehicle,Cloudy,,Daylight,,"Unknown, Unknown","Not Suspect of Alcohol Use, Not Suspect of Drug Use",D5724F3F-21FB-42FF-89B2-BB8F5DC4DF1C,Pedestrian,None,Other,Sidewalk,No,Suspected Minor Injury,None,39.0585491,-77.1189759,"(39.0585491, -77.1189759)"
MCP203900CM,250025014,MONTGOMERY,Injury Crash,06/05/2025 08:31:00 AM,Local Route,INDEPENDENCE ST,CONNECTICUT AVE,,,Cyclist (non-electric),Single Vehicle,Cloudy,Dry,Daylight,Traffic Control Signal,"Not Suspect of Alcohol Use, Not Suspect of Drug Use","Not Suspect of Alcohol Use, Not Suspect of Drug Use",2F48D71F-9BD8-434B-B8F9-34FD202E53CA,Cyclist (non-electric),Cross/Enter at Intersection,None (No Improper Action),Intersection Marked Crosswalk,No,Suspected Minor Injury,None,39.07631632,-77.08050136,"(39.07631632, -77.08050136)"
HA2432000K,23000541,Maryland-National Capital,Injury Crash,03/25/2023 09:00:00 AM,County,KENSINGTON PKWY,BEACH DR,,N/A,PEDESTRIAN,SINGLE VEHICLE,RAINING,WET,DAYLIGHT,STOP SIGN,N/A,UNKNOWN,1F7272B0-160C-4753-B156-A8DA3A7E20FE,PEDESTRIAN,Cross/Enter at Intersection,NO IMPROPER ACTIONS,AT INTERSECTION MARKED CROSSWALK,No,SUSPECTED MINOR INJURY,UNKNOWN,39.01012092,-77.07385623,"(39.01012092, -77.07385623)"
MCP2892001M,16027202,Montgomery County Police,Injury Crash,05/31/2016 06:04:00 PM,Maryland (State),GEORGIA AVE,AUGUST DR,,N/A,PEDESTRIAN,OTHER,CLEAR,DRY,DAYLIGHT,NO CONTROLS,NONE DETECTED,NONE DETECTED,338F7DC1-0D5E-4472-BAD1-64AD6CDDF10F,PEDESTRIAN,Cross/Enter not at Intersection,DART DASH,ON ROADWAY NOT AT CROSSWALK,Yes,POSSIBLE INJURY,NONE,39.02116754,-77.0445013,"(39.02116754, -77.0445013)"
MCP2676002B,16065067,Montgomery County Police,Property Damage Crash,12/19/2016 01:30:00 PM,Municipality,GAME PRESERVE RD,TRAVIS AVE,,GAITHERSBURG,PEDESTRIAN,OTHER,CLEAR,N/A,DAYLIGHT,NO CONTROLS,N/A,N/A,88192B0E-D524-4F0D-AF02-D1E4B59136FB,PEDESTRIAN,Walking/Riding w/Traffic,UNKNOWN,SHOULDER,Unknown,NO APPARENT INJURY,N/A,39.1625106,-77.22187042,"(39.1625106, -77.22187042)"
MCP3190002B,210015371,Montgomery County Police,Injury Crash,04/25/2021 04:19:00 AM,Maryland (State),CONNECTICUT AVE,GREENLY ST,,N/A,PEDESTRIAN,OTHER,RAINING,WET,DARK LIGHTS ON,NO CONTROLS,NONE DETECTED,ALCOHOL PRESENT,F4E5BDE1-C503-4225-A0DF-3A1F467664CD,PEDESTRIAN,Cross/Enter at Intersection,IN ROADWAY IMPROPERLY,ON ROADWAY NOT AT CROSSWALK,Yes,SUSPECTED MINOR INJURY,NONE,39.06115167,-77.07308,"(39.06115167, -77.07308)"
MCP2773001B,15035200,MONTGOMERY,Property Damage Crash,07/17/2015 02:50:00 PM,,,,parking lot of 7821 eastern avenue,,OTHER,SINGLE VEHICLE,CLEAR,,DAYLIGHT,NO CONTROLS,NONE DETECTED,NONE DETECTED,3F3021E1-8370-46B1-95EA-9C0E74FCC644,OTHER,Other,NO IMPROPER ACTIONS,INSIDE BUILDING,No,NO APPARENT INJURY,N/A,38.98522,-77.027395,"(38.98522, -77.027395)"
MCP9130002R,16054530,Montgomery County Police,Injury Crash,10/23/2016 08:53:00 AM,,,,"PARKING LOT OF TRADER JOES 
10741 COLUMBIA PIKE
SILVER SPRING, MD 20901",,PEDESTRIAN,SINGLE VEHICLE,CLEAR,,DAYLIGHT,N/A,NONE DETECTED,NONE DETECTED,329DFE77-0DB1-4E97-8EF6-79B8B95B1227,PEDESTRIAN,Cross/Enter not at Intersection,NO IMPROPER ACTIONS,OTHER,No,POSSIBLE INJURY,NONE,39.031685,-77.00385,"(39.031685, -77.00385)"
MCP12010001,240050201,MONTGOMERY,Injury Crash,10/20/2024 04:10:00 PM,,,,Parking Lot Way        PARKING LOT OF COSTCO,,Pedestrian,Single Vehicle,Clear,,Daylight,,"Not Suspect of Alcohol Use, Not Suspect of Drug Use","Not Suspect of Alcohol Use, Not Suspect of Drug Use",6D7A2626-D9F6-4675-8808-38E01F011B4B,Pedestrian,Cross/Enter at Intersection,None (No Improper Action),NonTrafficway Area,No,Suspected Minor Injury,None,39.15644239,-77.21348223,"(39.15644239, -77.21348223)"
MCP2750001F,15026471,Montgomery County Police,Injury Crash,06/01/2015 05:00:00 PM,Maryland (State),VEIRS MILL RD,ENT TO SHOPPING CENTER,,N/A,PEDESTRIAN,STRAIGHT MOVEMENT ANGLE,CLOUDY,WET,DAYLIGHT,TRAFFIC SIGNAL,NONE DETECTED,NONE DETECTED,7F905E73-AB88-46C9-8BCD-822C699788B8,PEDESTRIAN,Cross/Enter at Intersection,FAILURE TO OBEY TRAFFIC SIGNS SIGNALS OR OFFICER,AT INTERSECTION MARKED CROSSWALK,,SUSPECTED MINOR INJURY,N/A,39.03717167,-77.05171,"(39.03717167, -77.05171)"
MCP285900BP,220003244,Montgomery County Police,Injury Crash,01/25/2022 01:50:00 PM,,,,"PARKING LOT 46 BUREAU DR, GAITHERSBURG, MD 20878",,PEDESTRIAN,OTHER,CLEAR,,DAYLIGHT,NO CONTROLS,NONE DETECTED,NONE DETECTED,207DC9B8-DB3E-4B7A-92E1-8D0D9833AAB1,PEDESTRIAN,Other,NO IMPROPER ACTIONS,OTHER,No,POSSIBLE INJURY,NONE,39.14391649,-77.21831038,"(39.14391649, -77.21831038)"
MCP2436009N,200008109,Montgomery County Police,Injury Crash,02/18/2020 01:40:00 PM,Maryland (State),PINEY BRANCH RD,KODIAK DR,,N/A,PEDESTRIAN,SINGLE VEHICLE,CLEAR,DRY,DAYLIGHT,NO CONTROLS,NONE DETECTED,NONE DETECTED,99E36A32-6FE7-4B53-B12F-6BD21CB66301,PEDESTRIAN,Cross/Enter at Intersection,DART DASH,ON ROADWAY NOT AT CROSSWALK,Yes,SUSPECTED MINOR INJURY,N/A,38.99978841,-76.99156582,"(38.99978841, -76.99156582)"
MCP3086006V,220026096,Montgomery County Police,Injury Crash,06/17/2022 12:40:00 PM,County,BRENISH DR,WOODFIELD RD,,N/A,OTHER CONVEYANCE,SINGLE VEHICLE,CLEAR,DRY,DAYLIGHT,STOP SIGN,UNKNOWN,NONE DETECTED,86F7A410-C65C-46DD-88A2-DE2EC294FEA6,OTHER CONVEYANCE,Cross/Enter at Intersection,NO IMPROPER ACTIONS,ON ROADWAY AT CROSSWALK,No,POSSIBLE INJURY,NONE,39.17550333,-77.15181667,"(39.17550333, -77.15181667)"
DM8338000T,17011376,Takoma Park Police Depart,Injury Crash,03/03/2017 07:58:00 PM,Maryland (State),PINEY BRANCH RD,TAKOMA AVE,,TAKOMA PARK,PEDESTRIAN,OTHER,N/A,DRY,DARK LIGHTS ON,NO CONTROLS,N/A,UNKNOWN,690A19BD-6171-4AD8-9200-C4272D6C45A2,PEDESTRIAN,Other,OTHER,ON ROADWAY NOT AT CROSSWALK,Yes,SUSPECTED SERIOUS INJURY,N/A,38.98000694,-77.01715887,"(38.98000694, -77.01715887)"
MCP913000CK,220023618,Montgomery County Police,Injury Crash,06/02/2022 02:01:00 PM,County,E WAYNE AVE,MANCHESTER PL,,N/A,OTHER,SINGLE VEHICLE,CLOUDY,DRY,DAYLIGHT,NO CONTROLS,NONE DETECTED,NONE DETECTED,9C7EEDCD-9B77-48FC-8ECE-E1A584F0C643,OTHER,Other Working,IMPROPER TURN MERGE,OUTSIDE RIGHT OF WAY,Yes,POSSIBLE INJURY,NONE,39.00066833,-77.008745,"(39.00066833, -77.008745)"
MCP3016002P,200028248,Montgomery County Police,Injury Crash,07/21/2020 09:26:00 AM,,,,"CROSSWALK IN FRONT OF SHOPPING CENTER LOCATED AT 12825 WISTERIA DR., GERMANTOWN, MD.",,BICYCLIST,OTHER,CLEAR,,DAYLIGHT,STOP SIGN,N/A,N/A,70DBE2E1-B62D-498D-8884-C0A62BEE72E2,BICYCLIST,Walking/Cycling on Sidewalk,NO IMPROPER ACTIONS,MIDBLOCK MARKED CROSSWALK,No,POSSIBLE INJURY,NONE,39.17667966,-77.26957737,"(39.17667966, -77.26957737)"
EJ7852003Q,200018593,Gaithersburg Police Depar,Injury Crash,05/07/2020 04:00:00 PM,,,,"622 CENTERPOINT WAY, GAITHERSBURG MONTGOMERY COUNTY, MARYLAND",,PEDESTRIAN,OTHER,N/A,,DAYLIGHT,NO CONTROLS,NONE DETECTED,NONE DETECTED,368DAB05-A25E-44F4-B713-4451A17BCB72,PEDESTRIAN,N/A,UNKNOWN,N/A,Unknown,SUSPECTED MINOR INJURY,NONE,39.12196736,-77.23327566,"(39.12196736, -77.23327566)"
MCP2952009P,200006872,Montgomery County Police,Injury Crash,02/11/2020 05:54:00 AM,Maryland (State),GEORGIA AVE,COLESVILLE RD,,N/A,PEDESTRIAN,SINGLE VEHICLE,RAINING,WET,DARK LIGHTS ON,TRAFFIC SIGNAL,NONE DETECTED,NONE DETECTED,9861A590-5980-47A7-ADB2-C4CF06A23C32,PEDESTRIAN,Cross/Enter at Intersection,NO IMPROPER ACTIONS,ON ROADWAY AT CROSSWALK,No,POSSIBLE INJURY,NONE,38.99589428,-77.02813661,"(38.99589428, -77.02813661)"
MCP2902003R,190051976,Montgomery County Police,Injury Crash,10/29/2019 07:02:00 AM,Maryland (State),FREDERICK RD,PLUMMER DR,,N/A,BICYCLIST,OTHER,CLEAR,DRY,DAWN,NO CONTROLS,N/A,NONE DETECTED,C8AA58F3-F9E0-4C2E-997E-6DA21E619932,BICYCLIST,Walking/Cycling on Sidewalk,OTHER,SIDEWALK,No,SUSPECTED MINOR INJURY,UNKNOWN,39.17104333,-77.235525,"(39.17104333, -77.235525)"
MCP1213007Y,230032407,Montgomery County Police,Injury Crash,07/07/2023 04:45:00 PM,County,CRYSTAL LA,MIDDLEVALE LA,,N/A,PEDESTRIAN,STRAIGHT MOVEMENT ANGLE,CLEAR,DRY,DAYLIGHT,STOP SIGN,NONE DETECTED,NONE DETECTED,84C41B1E-58E6-4990-BCBF-A338E175D679,PEDESTRIAN,Cross/Enter at Intersection,NO IMPROPER ACTIONS,AT INTERSECTION BUT NO CROSSWALK,No,SUSPECTED MINOR INJURY,NONE,39.07833333,-77.040145,"(39.07833333, -77.040145)"
MCP34140014,240052537,MONTGOMERY,Injury Crash,11/01/2024 07:12:00 PM,County Route,FOREST GLEN RD,,,,Pedestrian,Single Vehicle,Clear,Dry,Dark - Lighted,Traffic Control Signal,"Not Suspect of Alcohol Use, Not Suspect of Drug Use","Not Suspect of Alcohol Use, Not Suspect of Drug Use",E87F7FD2-3932-42A3-8F85-037F7E43C171,Pedestrian,Other,None (No Improper Action),Other,No,Possible Injury,None,39.01597342,-77.03667408,"(39.01597342, -77.03667408)"
MCP2674001C,190038509,Montgomery County Police,Injury Crash,08/12/2019 07:45:00 PM,,,,PARKING LOT OF 12155 AMBER RIDGE CIR,,PEDESTRIAN,OTHER,CLEAR,,DAYLIGHT,NO CONTROLS,NONE DETECTED,NONE DETECTED,ED6450DB-1C70-4E51-A4C5-98E07DDB9833,PEDESTRIAN,Standing,N/A,OTHER,No,POSSIBLE INJURY,NONE,39.19706648,-77.25143575,"(39.19706648, -77.25143575)"
MCP2717003D,15053034,MONTGOMERY,Injury Crash,10/19/2015 02:10:00 PM,,,,Chipotle Parking Lot (10526 Connecticut Avenue),,PEDESTRIAN,OTHER,CLEAR,,DAYLIGHT,NO CONTROLS,NONE DETECTED,NONE DETECTED,22361CF8-13BD-45DB-8B04-E7B351F6F90F,PEDESTRIAN,Other,FAILURE TO YIELD RIGHT OF WAY,OTHER,Yes,SUSPECTED MINOR INJURY,NONE,39.02779385,-77.07665563,"(39.02779385, -77.07665563)"
MCP30900083,250011096,MONTGOMERY,Injury Crash,03/13/2025 04:51:00 PM,Maryland (State) Route,,,,,Cyclist (Electric),Single Vehicle,Clear,Dry,Daylight,No Controls,"Not Suspect of Alcohol Use, Not Suspect of Drug Use","Not Suspect of Alcohol Use, Not Suspect of Drug Use",A226A5C9-12CC-4AC9-BA35-99E07BE845D5,Cyclist (Electric),Walking/Cycling Along Roadway With Traffic (In or Adjacent to Travel Lane),Improper Passing,Shoulder/Roadside,Yes,Suspected Serious Injury,Helmet,39.14289533,-77.13973867,"(39.14289533, -77.13973867)"
MCP3259003K,230059706,Montgomery County Police,Injury Crash,10/10/2023 05:07:00 PM,County,POSTOAK RD,VICTORY LA,,N/A,PEDESTRIAN,OTHER,CLEAR,DRY,DAYLIGHT,NO CONTROLS,NONE DETECTED,NONE DETECTED,D2EC7618-4815-4766-8B62-AC6D16E2C11A,PEDESTRIAN,Cross/Enter at Intersection,NO IMPROPER ACTIONS,AT INTERSECTION MARKED CROSSWALK,No,SUSPECTED MINOR INJURY,NONE,39.0500744,-77.178077,"(39.0500744, -77.178077)"
MCP271700TY,210008918,Montgomery County Police,Injury Crash,03/23/2021 04:35:00 PM,County,ROOSEVELT ST,OLD GEORGETOWN RD,,N/A,BICYCLIST,OTHER,CLEAR,DRY,DAYLIGHT,NO CONTROLS,NONE DETECTED,NONE DETECTED,7452A366-A7EA-49DF-98F3-748CF51913BD,BICYCLIST,Cross/Enter at Intersection,NO IMPROPER ACTIONS,AT INTERSECTION BUT NO CROSSWALK,No,SUSPECTED MINOR INJURY,MC/BIKE HELMET,38.99147883,-77.09794533,"(38.99147883, -77.09794533)"
DD56350005,180058434,Rockville Police Departme,Injury Crash,11/21/2018 03:42:00 PM,Maryland (State),E JEFFERSON ST,MONROE ST,,ROCKVILLE,BICYCLIST,STRAIGHT MOVEMENT ANGLE,CLEAR,DRY,DAYLIGHT,TRAFFIC SIGNAL,NONE DETECTED,NONE DETECTED,DB5B991B-1B75-4542-B550-5A0C6933C4CC,BICYCLIST,Cross/Enter at Intersection,FAILURE TO YIELD RIGHT OF WAY,ON ROADWAY NOT AT CROSSWALK,Yes,POSSIBLE INJURY,NONE,39.082399,-77.14948783,"(39.082399, -77.14948783)"
MCP2689003J,170523840,Montgomery County Police,Injury Crash,08/09/2017 10:24:00 AM,Maryland (State),VEIRS MILL RD,ATLANTIC AVE,,ROCKVILLE,PEDESTRIAN,SINGLE VEHICLE,CLEAR,DRY,DAYLIGHT,TRAFFIC SIGNAL,NONE DETECTED,NONE DETECTED,9DB3D9AC-17BE-4B46-990F-589D5C5333B9,PEDESTRIAN,Cross/Enter at Intersection,NO IMPROPER ACTIONS,ON ROADWAY AT CROSSWALK,No,SUSPECTED MINOR INJURY,NONE,39.07487539,-77.11544976,"(39.07487539, -77.11544976)"
MCP2796002Y,15066796,Montgomery County Police,Injury Crash,12/29/2015 06:47:00 PM,Maryland (State),LAYHILL RD,ENT TO SHOPPING CENTER,,N/A,PEDESTRIAN,OTHER,CLOUDY,DRY,DARK LIGHTS ON,NO CONTROLS,NONE DETECTED,NONE DETECTED,B9AFB98F-47E5-4A33-ACF4-BB3E79EA3D68,PEDESTRIAN,Cross/Enter not at Intersection,IN ROADWAY IMPROPERLY,ON ROADWAY NOT AT CROSSWALK,Yes,SUSPECTED MINOR INJURY,N/A,39.06159333,-77.05088667,"(39.06159333, -77.05088667)"
MCP2617002Z,17000437,Montgomery County Police,Injury Crash,01/03/2017 06:10:00 PM,County,LINDEN AVE,POOKS HILL RD,,N/A,PEDESTRIAN,OTHER,CLEAR,WET,DARK NO LIGHTS,STOP SIGN,NONE DETECTED,NONE DETECTED,908AAFD6-C38F-4B4A-A8B2-A9F6B619B21F,PEDESTRIAN,Cross/Enter at Intersection,NO IMPROPER ACTIONS,ON ROADWAY AT CROSSWALK,No,POSSIBLE INJURY,NONE,39.01438167,-77.106065,"(39.01438167, -77.106065)"
MCP2357003V,190040668,Montgomery County Police,Injury Crash,08/25/2019 01:51:00 PM,,,,PARKING LOT OF 8101 FENTON STREET,,PEDESTRIAN,OTHER,CLEAR,,DAYLIGHT,N/A,NONE DETECTED,NONE DETECTED,FF6136C3-8528-4BD3-AC0C-DC3EADF9437B,PEDESTRIAN,Other,NO IMPROPER ACTIONS,OTHER,No,POSSIBLE INJURY,N/A,38.99043667,-77.023645,"(38.99043667, -77.023645)"
MCP3271005C,240058691,MONTGOMERY,Injury Crash,12/08/2024 02:00:00 PM,,,,Parking Lot Way        MONTGOMERY MALL 7101 DEMOCRACY BLVD,,Pedestrian,Single Vehicle,Clear,,Daylight,,"Not Suspect of Alcohol Use, Not Suspect of Drug Use","Not Suspect of Alcohol Use, Not Suspect of Drug Use",34DB74EA-514B-4230-AC16-79921908A4F0,Pedestrian,Cross/Enter Not at Intersection,None (No Improper Action),NonTrafficway Area,No,Suspected Minor Injury,None,39.02533519,-77.14555619,"(39.02533519, -77.14555619)"
MCP2559004B,200050857,Montgomery County Police,Injury Crash,12/26/2020 05:33:00 PM,County,E GUDE DR,FREDERICK RD,,N/A,BICYCLIST,OTHER,CLOUDY,DRY,DARK LIGHTS ON,TRAFFIC SIGNAL,N/A,N/A,B9352E24-D07A-4EEF-9AD9-A9860F3CC728,BICYCLIST,Cross/Enter at Intersection,NO IMPROPER ACTIONS,ON ROADWAY AT CROSSWALK,No,SUSPECTED MINOR INJURY,MC/BIKE HELMET,39.10643383,-77.15816517,"(39.10643383, -77.15816517)"
MCP137800GW,170507434,Montgomery County Police,Injury Crash,05/12/2017 04:56:00 PM,County,SNOUFFERS SCHOOL RD,WELBECK WAY,,N/A,PEDESTRIAN,SINGLE VEHICLE,RAINING,WET,DAYLIGHT,NO CONTROLS,NONE DETECTED,NONE DETECTED,4EB65E5A-E3FF-49FC-BD9E-F6104FB70A19,PEDESTRIAN,Cross/Enter not at Intersection,DART DASH,ON ROADWAY NOT AT CROSSWALK,Yes,SUSPECTED MINOR INJURY,NONE,39.18528667,-77.183645,"(39.18528667, -77.183645)"
MCP3034003W,190060536,Montgomery County Police,Injury Crash,12/16/2019 08:26:00 AM,Maryland (State),WISCONSIN AVE,WISCONSIN CIR,,N/A,PEDESTRIAN,N/A,RAINING,WET,DAYLIGHT,TRAFFIC SIGNAL,NONE DETECTED,NONE DETECTED,109F257D-98E7-404F-84E4-381A92D3BD73,PEDESTRIAN,Cross/Enter at Intersection,NO IMPROPER ACTIONS,ON ROADWAY AT CROSSWALK,No,POSSIBLE INJURY,NONE,38.96203833,-77.086235,"(38.96203833, -77.086235)"