Report Number,Local Case Number,Agency Name,ACRS Report Type,Crash Date/Time,Route Type,Road Name,Cross-Street Name,Off-Road Description,Municipality,Related Non-Motorist,Collision Type,Weather,Surface Condition,Light,Traffic Control,Driver Substance Abuse,Non-Motorist Substance Abuse,Person ID,Pedestrian Type,Pedestrian Movement,Pedestrian Actions,Pedestrian Location,At Fault,Injury Severity,Safety Equipment,Latitude,Longitude,Location
MCP2612005D,230047688,Montgomery County Police,Injury Crash,08/03/2023 11:30:00 AM,County,RANDOLPH RD,VEIRS MILL RD,,N/A,PEDESTRIAN,UNKNOWN,CLOUDY,DRY,DAYLIGHT,UNKNOWN,UNKNOWN,UNKNOWN,BC92E6A5-C745-441C-8550-22E9119074B5,PEDESTRIAN,Unknown,UNKNOWN,UNKNOWN,Unknown,SUSPECTED MINOR INJURY,UNKNOWN,39.05617734,-77.08262173,"(39.05617734, -77.08262173)"
MCP3411001Y,250009927,MONTGOMERY,Injury Crash,03/06/2025 07:48:00 PM,Spur,,,,,Pedestrian,Single Vehicle,Clear,Dry,Dark - Lighted,Traffic Control Signal,"Not Suspect of Alcohol Use, Not Suspect of Drug Use","Not Suspect of Alcohol Use, Not Suspect of Drug Use",58A1FEED-EF93-45D6-B3D5-427B302DB9E7,Pedestrian,Cross/Enter Not at Intersection,"Not Visible (Dark Clothing, No Lighting, etc.)",Travel Lane Other Location,No,Possible Injury,None,39.02248539,-77.1026802,"(39.02248539, -77.1026802)"
MCP2971001T,16051636,Montgomery County Police,Injury Crash,10/06/2016 06:30:00 PM,County,LOCKWOOD DR,ENT TO SHOPPING CENTER,,N/A,PEDESTRIAN,OTHER,N/A,DRY,DUSK,NO CONTROLS,UNKNOWN,UNKNOWN,E33F32A2-2D06-40BB-B607-97E4E29F6FDA,PEDESTRIAN,Cross/Enter not at Intersection,IN ROADWAY IMPROPERLY,ON ROADWAY NOT AT CROSSWALK,Yes,POSSIBLE INJURY,NONE,39.04089254,-76.98581055,"(39.04089254, -76.98581055)"
MCP3282000W,210039076,Montgomery County Police,Injury Crash,10/01/2021 11:42:00 PM,Maryland (State),GREAT SENECA HWY,WISTERIA DR,,N/A,PEDESTRIAN,OTHER,N/A,DRY,DARK LIGHTS ON,N/A,NONE DETECTED,UNKNOWN,8A672DE9-5D4B-4876-8BAA-FD02ECD1D3DD,PEDESTRIAN,Standing,IN ROADWAY IMPROPERLY,ON ROADWAY NOT AT CROSSWALK,Yes,POSSIBLE INJURY,NONE,39.17073726,-77.26243425,"(39.17073726, -77.26243425)"
EJ7885002Z,230014800,Gaithersburg Police Depar,Injury Crash,03/27/2023 03:55:00 PM,,,,PARKING LOT OF 331 WEST SIDE DR,,OTHER,OTHER,N/A,,DAYLIGHT,NO CONTROLS,NONE DETECTED,NONE DETECTED,382CA7BC-2B6F-41DA-BF46-ED3E168EA364,OTHER,Other,NO IMPROPER ACTIONS,INSIDE BUILDING,No,POSSIBLE INJURY,N/A,39.12581733,-77.2050295,"(39.12581733, -77.2050295)"
MCP14650028,16044643,Montgomery County Police,Injury Crash,09/01/2016 12:24:00 PM,Municipality,E GUDE DR,TAFT ST,,ROCKVILLE,PEDESTRIAN,SINGLE VEHICLE,RAINING,WET,DAYLIGHT,TRAFFIC SIGNAL,NONE DETECTED,NONE DETECTED,9324A6D0-C538-44C4-B860-B038257C06EF,PEDESTRIAN,Cross/Enter at Intersection,NO IMPROPER ACTIONS,ON ROADWAY AT CROSSWALK,No,SUSPECTED MINOR INJURY,N/A,39.09409333,-77.13243167,"(39.09409333, -77.13243167)"
DD56530031,230070516,Rockville Police Departme,Injury Crash,12/07/2023 11:17:00 PM,Municipality,MONROE ST,ARGYLE ST,,ROCKVILLE,PEDESTRIAN,SINGLE VEHICLE,CLOUDY,DRY,DARK LIGHTS ON,STOP SIGN,UNKNOWN,ALCOHOL PRESENT,24A73D6D-7269-440C-A52E-666D3EE4CF07,PEDESTRIAN,Unknown,UNKNOWN,SHOULDER,No,SUSPECTED MINOR INJURY,NONE,39.07795461,-77.15156858,"(39.07795461, -77.15156858)"
MCP2756002S,190016394,Montgomery County Police,Injury Crash,04/08/2019 09:05:00 PM,,,,PARKING LOT OF 11301 GEORGIA AVE.,,PEDESTRIAN,OTHER,CLOUDY,,DARK LIGHTS ON,NO CONTROLS,NONE DETECTED,ALCOHOL PRESENT,41B7608E-E79B-4C90-87FD-F5245806088D,PEDESTRIAN,Other,NOT VISIBLE,OTHER,Yes,SUSPECTED MINOR INJURY,N/A,39.04024333,-77.05111333,"(39.04024333, -77.05111333)"
MCP2952003C,170502566,Montgomery County Police,Injury Crash,04/17/2017 10:41:00 AM,,,,"ON SECOND FLOOR OF COUNTY PARKING GARAGE LOCATED AT 7726 FENTON STREET, SILVER SPRING MARYLAND 20910",,PEDESTRIAN,OTHER,N/A,,DAYLIGHT,N/A,NONE DETECTED,NONE DETECTED,A03DC75A-6485-4879-9E08-15D1F3258473,PEDESTRIAN,Other,UNKNOWN,OTHER,No,SUSPECTED MINOR INJURY,N/A,38.98648333,-77.02318333,"(38.98648333, -77.02318333)"
DD55830020,16058717,Rockville Police Departme,Injury Crash,11/14/2016 06:56:00 PM,,,,PARKING LOT BETWEEN 7408 AND 7406 WESTMORE RD ROCKVILLE,,PEDESTRIAN,OTHER,CLEAR,,DARK NO LIGHTS,N/A,NONE DETECTED,NONE DETECTED,152E1B65-0314-4E72-ABA3-2AB6700CC1B3,PEDESTRIAN,Other,NOT VISIBLE,OTHER,Yes,SUSPECTED MINOR INJURY,NONE,39.09847022,-77.15177223,"(39.09847022, -77.15177223)"
MCP3384000Z,240051147,MONTGOMERY,Injury Crash,10/25/2024 03:00:00 PM,Local Route,RETAIL PL,,,,Cyclist (Electric),Single Vehicle,Clear,Dry,Daylight,No Controls,"Not Suspect of Alcohol Use, Not Suspect of Drug Use","Not Suspect of Alcohol Use, Not Suspect of Drug Use",E52C73AB-2391-4F45-85AF-86D409951D7E,Cyclist (Electric),Cross/Enter Not at Intersection,Failure to Yield Right-Of-Way,Other,Yes,Possible Injury,None,39.170015,-77.20548333,"(39.170015, -77.20548333)"
DD5630001W,190037710,Rockville Police Departme,Injury Crash,08/07/2019 07:17:00 PM,Maryland (State),ROCKVILLE PIKE,HALPINE RD,,ROCKVILLE,PEDESTRIAN,OTHER,CLEAR,DRY,DAWN,TRAFFIC SIGNAL,NONE DETECTED,NONE DETECTED,A6A75880-4CB9-4C17-92A4-136989148010,PEDESTRIAN,Cross/Enter at Intersection,NO IMPROPER ACTIONS,AT INTERSECTION MARKED CROSSWALK,No,SUSPECTED MINOR INJURY,NONE,39.06227,-77.12410667,"(39.06227, -77.12410667)"
MCP31360061,230014903,Montgomery County Police,Injury Crash,03/28/2023 07:05:00 AM,Maryland (State),UNIVERSITY BLVD E,E FRANKLIN AVE,,N/A,PEDESTRIAN,OTHER,CLEAR,DRY,DAWN,TRAFFIC SIGNAL,NONE DETECTED,NONE DETECTED,14A3A1D3-F73E-48A3-93C6-618A10828481,PEDESTRIAN,Cross/Enter at Intersection,NO IMPROPER ACTIONS,ON ROADWAY AT CROSSWALK,No,SUSPECTED MINOR INJURY,N/A,39.01215753,-77.00266355,"(39.01215753, -77.00266355)"
MCP2353006T,190013243,Montgomery County Police,Injury Crash,03/22/2019 03:16:00 PM,,,,PARKING LOT OF WILDWOOD SHOPPING CENTER,,PEDESTRIAN,SINGLE VEHICLE,CLOUDY,,DAYLIGHT,NO CONTROLS,NONE DETECTED,NONE DETECTED,3470886E-39CD-4AF0-AE3F-542590420CAE,PEDESTRIAN,Other,NO IMPROPER ACTIONS,OTHER,No,SUSPECTED MINOR INJURY,NONE,39.02425167,-77.12442,"(39.02425167, -77.12442)"
DM8505000S,230066541,Takoma Park Police Depart,Injury Crash,11/15/2023 05:27:00 PM,Maryland (State),NEW HAMPSHIRE AVE,SLIGO CREEK PKWY,,N/A,OTHER PEDALCYCLIST,SINGLE VEHICLE,CLEAR,DRY,DARK LIGHTS ON,TRAFFIC SIGNAL,N/A,N/A,AB855BEC-E538-4E4F-B87F-87FB32F6EC05,OTHER PEDALCYCLIST,Cross/Enter at Intersection,UNKNOWN,ON ROADWAY AT CROSSWALK,No,SUSPECTED MINOR INJURY,NONE,38.98051756,-76.9895641,"(38.98051756, -76.9895641)"
DD56070043,220055194,Rockville Police Departme,Injury Crash,12/13/2022 06:05:00 PM,Municipality,BEALL AVE #2,FOREST AVE,,ROCKVILLE,PEDESTRIAN,OTHER,CLEAR,DRY,DARK LIGHTS ON,STOP SIGN,NONE DETECTED,NONE DETECTED,F27546BE-F0A4-4DBD-9EA7-7A201D4503DE,PEDESTRIAN,Cross/Enter at Intersection,NO IMPROPER ACTIONS,AT INTERSECTION MARKED CROSSWALK,No,SUSPECTED MINOR INJURY,NONE,39.0868935,-77.158811,"(39.0868935, -77.158811)"
MCP3200003P,210038399,Montgomery County Police,Injury Crash,09/28/2021 11:54:00 AM,County,CEDAR LA,SAUL RD,,N/A,PEDESTRIAN,OTHER,CLOUDY,WET,DAYLIGHT,TRAFFIC SIGNAL,NONE DETECTED,NONE DETECTED,11FCB432-F73E-479B-B13A-14326DDCF106,PEDESTRIAN,Cross/Enter at Intersection,NO IMPROPER ACTIONS,ON ROADWAY AT CROSSWALK,No,SUSPECTED MINOR INJURY,NONE,39.016616,-77.08804533,"(39.016616, -77.08804533)"
MCP30760009,170524497,Montgomery County Police,Injury Crash,08/12/2017 01:50:00 PM,,,,"SAFEWAY PARKING LOT
116 UNIVERSITY BLVD W",,PEDESTRIAN,SINGLE VEHICLE,CLEAR,,DAYLIGHT,N/A,NONE DETECTED,N/A,86AB30DF-F4FD-4D09-BEE9-0F0C42C196E5,PEDESTRIAN,N/A,NO IMPROPER ACTIONS,OTHER,No,POSSIBLE INJURY,N/A,39.02088309,-77.01513514,"(39.02088309, -77.01513514)"
EJ7884004Q,220032034,Gaithersburg Police Depar,Injury Crash,07/25/2022 03:28:00 PM,County,DIAMONDBACK DR,SAM EIG HWY,,N/A,PEDESTRIAN,STRAIGHT MOVEMENT ANGLE,RAINING,WET,DAYLIGHT,OTHER,N/A,N/A,BA46340F-4D64-4934-8EE1-C4D3D9AB3C29,PEDESTRIAN,Cross/Enter at Intersection,NO IMPROPER ACTIONS,ON ROADWAY AT CROSSWALK,No,SUSPECTED MINOR INJURY,NONE,39.14105145,-77.20802565,"(39.14105145, -77.20802565)"
MCP2298007N,16006994,Montgomery County Police,Injury Crash,02/10/2016 07:21:00 PM,Maryland (State),GREAT SENECA HWY,GROTTO LA,,N/A,PEDESTRIAN,OTHER,CLEAR,DRY,DARK NO LIGHTS,STOP SIGN,NONE DETECTED,NONE DETECTED,FD5BE2CB-9138-4540-AAB7-517F00F4034E,PEDESTRIAN,Cross/Enter at Intersection,NOT VISIBLE,MEDIAN,No,SUSPECTED MINOR INJURY,N/A,39.16792833,-77.26765,"(39.16792833, -77.26765)"
MCP2335000Y,17510298,Montgomery County Police,Injury Crash,05/27/2017 09:45:00 PM,Maryland (State),GREAT SENECA HWY,DAIRYMAID DR,,N/A,PEDESTRIAN,SINGLE VEHICLE,CLEAR,DRY,DARK LIGHTS ON,NO CONTROLS,NONE DETECTED,NONE DETECTED,DE7151F9-7CAD-4519-9DE0-FE8885C93A65,PEDESTRIAN,Cross/Enter at Intersection,FAILURE TO YIELD RIGHT OF WAY,ON ROADWAY AT CROSSWALK,No,SUSPECTED MINOR INJURY,N/A,39.157865,-77.27576167,"(39.157865, -77.27576167)"
MCP3039006P,230072243,Montgomery County Police,Injury Crash,12/17/2023 05:43:00 PM,Maryland (State),GEORGIA AVE,COLESVILLE RD,,N/A,PEDESTRIAN,STRAIGHT MOVEMENT ANGLE,RAINING,WET,DARK LIGHTS ON,TRAFFIC SIGNAL,NONE DETECTED,NONE DETECTED,6900AAFD-0EBB-4A36-B8D4-9B25E066A795,PEDESTRIAN,Cross/Enter at Intersection,NO IMPROPER ACTIONS,ON ROADWAY AT CROSSWALK,No,POSSIBLE INJURY,N/A,38.99589921,-77.02818753,"(38.99589921, -77.02818753)"
MCP22860015,16031224,Montgomery County Police,Injury Crash,06/20/2016 07:06:00 PM,,,,"16501 SHADY GROVE RD, ROCKVILLE, MD 20850, US POST OFFICE",,PEDESTRIAN,OTHER,N/A,,DAYLIGHT,OTHER,NONE DETECTED,NONE DETECTED,1A5F2681-DEF2-4023-B3E7-715590856EF0,PEDESTRIAN,Cross/Enter not at Intersection,NO IMPROPER ACTIONS,OTHER,No,POSSIBLE INJURY,N/A,39.12679833,-77.17284833,"(39.12679833, -77.17284833)"
EJ7809000W,17007620,Gaithersburg Police Depar,Injury Crash,02/12/2017 03:34:00 AM,,,,"117 E. DIAMOND AVE. GAITHERSBURG, MD. 20877 (CANCUN RESTAURANT / REAR PARKING LOT)",,PEDESTRIAN,SINGLE VEHICLE,CLEAR,,DARK LIGHTS ON,NO CONTROLS,ALCOHOL CONTRIBUTED,ALCOHOL PRESENT,353155E3-6333-4DF5-B57F-8F3113FA76F2,PEDESTRIAN,Unknown,UNKNOWN,OTHER,No,SUSPECTED MINOR INJURY,N/A,39.14187307,-77.19475061,"(39.14187307, -77.19475061)"
MCP1438003V,16062994,Montgomery County Police,Injury Crash,12/08/2016 10:50:00 AM,County,WIGHTMAN RD,MONTGOMERY VILLAGE AVE,,N/A,PEDESTRIAN,SAME DIRECTION LEFT TURN,CLOUDY,DRY,DAYLIGHT,TRAFFIC SIGNAL,NONE DETECTED,NONE DETECTED,A5E792A7-5C2A-4146-8D8D-8C8B63223E69,PEDESTRIAN,Standing,NO IMPROPER ACTIONS,SIDEWALK,No,POSSIBLE INJURY,N/A,39.19005167,-77.19190167,"(39.19005167, -77.19190167)"
MCP2678003L,220038212,Montgomery County Police,Property Damage Crash,09/03/2022 12:51:00 PM,,,,GRASSY AREA OF 3944 BEL PRE RD,,OTHER CONVEYANCE,OTHER,CLEAR,,DAYLIGHT,NO CONTROLS,"N/A, NONE DETECTED",NONE DETECTED,09AC777D-42C6-4627-8713-FDB1F0283E55,OTHER CONVEYANCE,Standing,NO IMPROPER ACTIONS,INSIDE BUILDING,No,NO APPARENT INJURY,N/A,39.08637,-77.051904,"(39.08637, -77.051904)"
MCP1334004H,16063168,Montgomery County Police,Injury Crash,12/09/2016 09:17:00 AM,,,,PARKING LOT OF 12130 DARNESTOWN RD.,,PEDESTRIAN,SINGLE VEHICLE,CLEAR,,DAYLIGHT,N/A,NONE DETECTED,NONE DETECTED,2186935C-E37C-4802-9D07-5602F0A5D1B0,PEDESTRIAN,Other,N/A,OTHER,No,SUSPECTED MINOR INJURY,N/A,39.11721326,-77.25162148,"(39.11721326, -77.25162148)"
MCP15640036,180050860,Montgomery County Police,Injury Crash,10/11/2018 09:41:00 AM,Maryland (State),GEORGIA AVE,NORTH HIGH ST,,N/A,BICYCLIST,OTHER,CLOUDY,DRY,DAYLIGHT,NO CONTROLS,NONE DETECTED,NONE DETECTED,9D2A732E-688C-49D3-A406-AA7732BFEBA5,BICYCLIST,Walking/Cycling on Sidewalk,NO IMPROPER ACTIONS,SIDEWALK,No,SUSPECTED MINOR INJURY,NONE,39.151095,-77.067115,"(39.151095, -77.067115)"
MCP2291005C,210030554,Montgomery County Police,Injury Crash,08/06/2021 01:31:00 PM,Maryland (State),CONNECTICUT AVE,THORNAPPLE ST,,CHEVY CHASE #4,BICYCLIST,SINGLE VEHICLE,CLEAR,DRY,DAYLIGHT,NO CONTROLS,NONE DETECTED,NONE DETECTED,91DE06BE-8E2E-4955-AC33-D09C10AE0621,BICYCLIST,Cross/Enter at Intersection,NO IMPROPER ACTIONS,ON ROADWAY NOT AT CROSSWALK,No,SUSPECTED MINOR INJURY,MC/BIKE HELMET,38.9822356,-77.07671668,"(38.9822356, -77.07671668)"
MCP2399002H,190014239,Montgomery County Police,Injury Crash,03/27/2019 07:50:00 PM,County,WATKINS MILL RD,COVE LEDGE CT,,N/A,PEDESTRIAN,SAME DIR REAR END,CLEAR,DRY,DARK LIGHTS ON,N/A,NONE DETECTED,N/A,9AC42F2F-D153-45CD-BBF5-6476FB0A4DBB,PEDESTRIAN,Cross/Enter at Intersection,NO IMPROPER ACTIONS,ON ROADWAY AT CROSSWALK,No,NO APPARENT INJURY,NONE,39.17830667,-77.209905,"(39.17830667, -77.209905)"
DD5660000L,230063862,Rockville Police Departme,Injury Crash,11/01/2023 08:50:00 PM,Municipality,BEALL AVE #2,GIBBS STREET,,ROCKVILLE,PEDESTRIAN,OTHER,N/A,DRY,DARK LIGHTS ON,N/A,UNKNOWN,NONE DETECTED,7383EC04-8320-4795-B5E1-EF88FD2E6A78,PEDESTRIAN,Cross/Enter at Intersection,N/A,ON ROADWAY AT CROSSWALK,No,POSSIBLE INJURY,N/A,39.08675614,-77.15413806,"(39.08675614, -77.15413806)"
MCP2869003W,190047272,Montgomery County Police,Injury Crash,10/02/2019 02:40:00 PM,County,KERWIN RD,UNIVERSITY BLVD W,,N/A,BICYCLIST,OTHER,N/A,DRY,DAYLIGHT,STOP SIGN,UNKNOWN,NONE DETECTED,FFEC9862-6481-4B52-A6AD-31537C818010,BICYCLIST,Cross/Enter at Intersection,NO IMPROPER ACTIONS,AT INTERSECTION BUT NO CROSSWALK,No,SUSPECTED MINOR INJURY,MC/BIKE HELMET,39.02979358,-77.02100592,"(39.02979358, -77.02100592)"
MCP3029002H,190009183,Montgomery County Police,Injury Crash,02/26/2019 05:07:00 PM,Maryland (State),NEW HAMPSHIRE AVE,LOCKWOOD DR,,N/A,PEDESTRIAN,OTHER,CLEAR,DRY,DAYLIGHT,TRAFFIC SIGNAL,NONE DETECTED,UNKNOWN,EBAA3061-AA47-4FDE-AD4F-FF4F6BCE6D96,PEDESTRIAN,Cross/Enter at Intersection,DART DASH,AT INTERSECTION MARKED CROSSWALK,Yes,SUSPECTED SERIOUS INJURY,NONE,39.03998,-76.990695,"(39.03998, -76.990695)"
DD5660000D,230030125,Rockville Police Departme,Injury Crash,06/23/2023 06:05:00 PM,Maryland (State),FREDERICK RD,KING FARM BLVD,,ROCKVILLE,PEDESTRIAN,N/A,RAINING,WET,DAYLIGHT,TRAFFIC SIGNAL,N/A,N/A,8ECB0882-7B97-49DF-A7F4-7847C43D34A0,PEDESTRIAN,Cross/Enter at Intersection,NO IMPROPER ACTIONS,ON ROADWAY AT CROSSWALK,No,POSSIBLE INJURY,N/A,39.11705325,-77.16883654,"(39.11705325, -77.16883654)"
EJ78370089,250001564,GAITHERSBURG,Injury Crash,01/12/2025 03:40:00 PM,Municipality Route,CHRISTOPHER AVE (SB/L),,,,Pedestrian,Single Vehicle,Clear,Dry,Daylight,No Controls,"Unknown, Unknown","Not Suspect of Alcohol Use, Not Suspect of Drug Use",4AF06637-96E0-4250-A7AC-657F3C7E1D3F,Pedestrian,Cross/Enter at Intersection,Dart/Dash,Travel Lane Other Location,Yes,Suspected Minor Injury,None,39.15636366,-77.21479688,"(39.15636366, -77.21479688)"
MCP3023003J,190058985,Montgomery County Police,Injury Crash,12/07/2019 06:45:00 AM,Maryland (State),GEORGIA AVE,SPUR FR BEL PRE RD,,N/A,PEDESTRIAN,SINGLE VEHICLE,CLEAR,DRY,DAWN,PERSON,NONE DETECTED,NONE DETECTED,78FE6F7E-7278-4D89-9FE5-6229B3379D43,PEDESTRIAN,Cross/Enter at Intersection,NO IMPROPER ACTIONS,AT INTERSECTION MARKED CROSSWALK,Yes,POSSIBLE INJURY,NONE,39.092865,-77.080142,"(39.092865, -77.080142)"
MCP29190028,16065408,Montgomery County Police,Property Damage Crash,12/21/2016 09:52:00 AM,County,MANCHESTER RD,MANCHESTER PL,,N/A,OTHER,SINGLE VEHICLE,CLEAR,DRY,DAYLIGHT,NO CONTROLS,NONE DETECTED,N/A,D62EAF25-2D29-442B-A8AD-D7515D67CE2C,OTHER,N/A,NO IMPROPER ACTIONS,N/A,No,NO APPARENT INJURY,N/A,39.001695,-77.01072,"(39.001695, -77.01072)"
MCP1580006G,16057394,Montgomery County Police,Injury Crash,11/07/2016 11:16:00 AM,County,SNOUFFERS SCHOOL RD,WOODFIELD RD,,N/A,PEDESTRIAN,SINGLE VEHICLE,CLEAR,DRY,DAYLIGHT,NO CONTROLS,NONE DETECTED,ALCOHOL PRESENT,386103CF-67FE-4ABA-BF12-9970B2AA9C60,PEDESTRIAN,Cross/Enter not at Intersection,DART DASH,ON ROADWAY NOT AT CROSSWALK,Yes,SUSPECTED SERIOUS INJURY,N/A,39.16039667,-77.16304,"(39.16039667, -77.16304)"
MCP12330051,230002915,Montgomery County Police,Injury Crash,01/18/2023 05:00:00 PM,County,CEDAR LA,ELMHIRST PKWY,,N/A,PEDESTRIAN,SAME DIRECTION RIGHT TURN,CLOUDY,DRY,DAYLIGHT,TRAFFIC SIGNAL,NONE DETECTED,NONE DETECTED,09EE950C-39B9-4102-83F5-3CC5BE2B8F21,PEDESTRIAN,Walking/Cycling on Sidewalk,NO IMPROPER ACTIONS,AT INTERSECTION MARKED CROSSWALK,No,POSSIBLE INJURY,NONE,39.00801735,-77.09457666,"(39.00801735, -77.09457666)"
EJ7895001T,220022848,Gaithersburg Police Depar,Injury Crash,05/28/2022 01:35:00 PM,,,,PARKING LOT IN FRONT OF 576 N FREDERICK AVENUE: YU ZHOU CAFE,,PEDESTRIAN,OTHER,CLEAR,,DAYLIGHT,N/A,,NONE DETECTED,B9997750-FC4F-44AB-B460-2AAFC0885B55,PEDESTRIAN,Standing,ENTERING EXITING PARKED STANDING VEHICLE,OTHER,Yes,SUSPECTED MINOR INJURY,N/A,39.14814797,-77.21084375,"(39.14814797, -77.21084375)"
MCP2635008R,240018409,MONTGOMERY,Fatal Crash,04/20/2024 01:09:00 AM,County Route,SECOND AVE (NB/L),,,,Pedestrian,Single Vehicle,Clear,Dry,Dark - Lighted,Other,"Not Suspect of Alcohol Use, Not Suspect of Drug Use","Suspect of Alcohol Use, Unknown",A91AE5B5-70E5-4D78-8EB4-E3AD7EDE32A0,Pedestrian,Getting Off/On Vehicle,"Entering/Exiting Parked/Standing Vehicle, In Roadway Improperly (Standing, Lying, Working, Playing), Not Visible (Dark Clothing, No Lighting, etc.), Other",Other,No,Fatal Injury,None,38.99498073,-77.03051657,"(38.99498073, -77.03051657)"
MCP28850023,170525609,Montgomery County Police,Injury Crash,08/18/2017 09:53:00 PM,Maryland (State),GEORGIA AVE,NORBECK RD,,N/A,PEDESTRIAN,OTHER,CLEAR,DRY,DARK LIGHTS ON,NO CONTROLS,NONE DETECTED,UNKNOWN,4088F118-AD6F-48C3-9FC7-19CDF49A70F1,PEDESTRIAN,Other,IN ROADWAY IMPROPERLY,ON ROADWAY NOT AT CROSSWALK,Yes,SUSPECTED SERIOUS INJURY,NONE,39.11042259,-77.07601458,"(39.11042259, -77.07601458)"
MCP1227000L,16062682,Montgomery County Police,Fatal Crash,12/06/2016 05:41:00 PM,Municipality,CHAPMAN AVE,BOUIC AVE,,ROCKVILLE,PEDESTRIAN,SINGLE VEHICLE,RAINING,WET,DARK LIGHTS ON,N/A,NONE DETECTED,NONE DETECTED,ADBD8F30-FD12-4F37-9B78-3C61D1E2B690,PEDESTRIAN,Cross/Enter at Intersection,UNKNOWN,ON ROADWAY AT CROSSWALK,Unknown,FATAL INJURY,NONE,39.06111552,-77.12100327,"(39.06111552, -77.12100327)"
DD5527001Z,180063320,Rockville Police Departme,Injury Crash,12/19/2018 08:33:00 AM,Municipality,SUNRISE DR,CRESTVIEW DR,,ROCKVILLE,PEDESTRIAN,OTHER,CLEAR,DRY,DAYLIGHT,NO CONTROLS,NONE DETECTED,NONE DETECTED,12D266AE-AB8D-4CC4-84F5-5ECCFAEEA46D,PEDESTRIAN,Cross/Enter at Intersection,NO IMPROPER ACTIONS,AT INTERSECTION BUT NO CROSSWALK,No,SUSPECTED MINOR INJURY,NONE,39.09916,-77.15928333,"(39.09916, -77.15928333)"
MCP33680011,230027921,Montgomery County Police,Injury Crash,06/10/2023 01:02:00 PM,County,LONGDRAFT RD,GREAT SENECA HWY,,N/A,OTHER,SINGLE VEHICLE,CLEAR,DRY,DAYLIGHT,TRAFFIC SIGNAL,NONE DETECTED,NONE DETECTED,5BF5870A-8D88-4912-B2AC-565CC1BE3B30,OTHER,Cross/Enter at Intersection,FAILURE TO OBEY TRAFFIC SIGNS SIGNALS OR OFFICER,AT INTERSECTION MARKED CROSSWALK,Unknown,SUSPECTED MINOR INJURY,N/A,39.13335667,-77.245572,"(39.13335667, -77.245572)"
MCP2450005R,250014026,MONTGOMERY,Injury Crash,03/31/2025 04:48:00 PM,,,,Parking Lot Way        BOOTH ST AND MAIN ST. ENTRANCE TO SHOPPING CENTER,,Pedestrian,Single Vehicle,Clear,,Daylight,,"Not Suspect of Alcohol Use, Not Suspect of Drug Use","Not Suspect of Alcohol Use, Not Suspect of Drug Use",6763A0E2-B7B0-4004-B1E5-D53B5D05735F,Pedestrian,Unknown,Unknown,Intersection Marked Crosswalk,No,Suspected Serious Injury,None,39.12482094,-77.23980126,"(39.12482094, -77.23980126)"
MCP3335002Y,240032765,MONTGOMERY,Injury Crash,07/11/2024 04:24:00 PM,County Route,LINTON ST,PATTON DR,,,Cyclist (non-electric),Single Vehicle,Clear,Dry,Daylight,Stop Sign,"Not Suspect of Alcohol Use, Not Suspect of Drug Use","Not Suspect of Alcohol Use, Not Suspect of Drug Use",8D0D74A0-8E84-4229-8906-862BF568E96E,Cyclist (non-electric),Cross/Enter at Intersection,"Failure to Obey Traffic Signs, Signals, or Officer, Inattentive (Talking, Eating, etc.)",Intersection Other,Yes,Suspected Serious Injury,None,39.00378717,-76.99330517,"(39.00378717, -76.99330517)"
MCP2608005C,230062012,Montgomery County Police,Injury Crash,10/22/2023 08:00:00 PM,Maryland (State),FLOWER AVE,HUDSON AVE,,TAKOMA PARK,PEDESTRIAN,STRAIGHT MOVEMENT ANGLE,CLEAR,DRY,DARK LIGHTS ON,STOP SIGN,"NONE DETECTED, UNKNOWN",N/A,1AC13F52-9161-49B2-A7A2-7D68A290C504,PEDESTRIAN,Cross/Enter at Intersection,NO IMPROPER ACTIONS,AT INTERSECTION MARKED CROSSWALK,No,SUSPECTED MINOR INJURY,N/A,38.99261785,-77.00217458,"(38.99261785, -77.00217458)"
MCP11210028,170508938,Montgomery County Police,Injury Crash,05/20/2017 09:09:00 PM,County,SNOUFFERS SCHOOL RD,CHERRY LAUREL LA,,N/A,PEDESTRIAN,SINGLE VEHICLE,CLOUDY,DRY,DARK NO LIGHTS,NO CONTROLS,NONE DETECTED,ALCOHOL PRESENT,F98A0CD8-05B5-43E8-A88D-9C3CC0E5953D,PEDESTRIAN,Cross/Enter not at Intersection,DART DASH,DRIVEWAY ACCESS MARKED CROSSWALK,Yes,SUSPECTED MINOR INJURY,NONE,39.16332,-77.16625,"(39.16332, -77.16625)"
MCP2531000D,15065828,MONTGOMERY,Injury Crash,12/23/2015 07:01:00 PM,County,CROWN FARM DR,STORY DR,,GAITHERSBURG,PEDESTRIAN,SINGLE VEHICLE,RAINING,WET,DARK -- UNKNOWN LIGHTING,STOP SIGN,N/A,N/A,CA7E9CE1-F6F6-4DCA-AC02-18BE195F5D15,PEDESTRIAN,Cross/Enter not at Intersection,NO IMPROPER ACTIONS,ON ROADWAY AT CROSSWALK,No,SUSPECTED MINOR INJURY,NONE,39.11576833,-77.21183,"(39.11576833, -77.21183)"
MCP2831002D,170546018,Montgomery County Police,Injury Crash,12/01/2017 02:31:00 PM,County,CRYSTAL ROCK DR,FATHER HURLEY BLVD,,N/A,BICYCLIST,SINGLE VEHICLE,CLEAR,DRY,DAYLIGHT,TRAFFIC SIGNAL,N/A,N/A,449C0A49-AC16-4A8C-B2B3-3418C446FA0C,BICYCLIST,Cross/Enter at Intersection,FAILURE TO OBEY TRAFFIC SIGNS SIGNALS OR OFFICER,ON ROADWAY AT CROSSWALK,Yes,SUSPECTED MINOR INJURY,MC/BIKE HELMET,39.19357,-77.26988333,"(39.19357, -77.26988333)"