Report Number,Local Case Number,Agency Name,ACRS Report Type,Crash Date/Time,Route Type,Road Name,Cross-Street Name,Off-Road Description,Municipality,Related Non-Motorist,Collision Type,Weather,Surface Condition,Light,Traffic Control,Driver Substance Abuse,Non-Motorist Substance Abuse,Person ID,Pedestrian Type,Pedestrian Movement,Pedestrian Actions,Pedestrian Location,At Fault,Injury Severity,Safety Equipment,Latitude,Longitude,Location
MCP2191000V,16011909,MONTGOMERY,Injury Crash,03/10/2016 02:22:00 PM,,,,ON THE SIDEWALK OF 11620 ROCKVILLE PIKE,,BICYCLIST,STRAIGHT MOVEMENT ANGLE,CLEAR,,DAYLIGHT,NO CONTROLS,NONE DETECTED,NONE DETECTED,DFDAF24C-DDD9-4A24-AA1D-E290A10EA3DF,BICYCLIST,Walking/Cycling on Sidewalk,NO IMPROPER ACTIONS,SIDEWALK,No,SUSPECTED SERIOUS INJURY,NONE,39.04840167,-77.11371333,"(39.04840167, -77.11371333)"
MCP2846000Y,15022119,Montgomery County Police,Injury Crash,05/09/2015 01:01:00 PM,Maryland (State),UNIVERSITY BLVD W,DAYTON ST,,N/A,PEDESTRIAN,SINGLE VEHICLE,CLEAR,DRY,DAYLIGHT,STOP SIGN,NONE DETECTED,NONE DETECTED,7B733A95-BA87-438A-8ED4-3EA1B0E78A16,PEDESTRIAN,Cross/Enter at Intersection,NO IMPROPER ACTIONS,ON ROADWAY AT CROSSWALK,,POSSIBLE INJURY,LIGHTING,39.03875,-77.04170667,"(39.03875, -77.04170667)"
MCP32470017,210020613,Montgomery County Police,Injury Crash,05/31/2021 03:11:00 PM,US (State),COLESVILLE RD,FENTON ST,,N/A,PEDESTRIAN,SINGLE VEHICLE,CLEAR,DRY,DAYLIGHT,TRAFFIC SIGNAL,NONE DETECTED,NONE DETECTED,3F5DE650-6434-4A74-ADA5-29C380C0D8B5,PEDESTRIAN,Cross/Enter not at Intersection,FAILURE TO OBEY TRAFFIC SIGNS SIGNALS OR OFFICER,ON ROADWAY NOT AT CROSSWALK,Yes,SUSPECTED MINOR INJURY,NONE,38.99741059,-77.02707101,"(38.99741059, -77.02707101)"
MCP3076000B,170524628,Montgomery County Police,Injury Crash,08/13/2017 02:57:00 PM,,,,"SAFEWAY PARKING LOT 
116 UNIVERSITY BOULEVARD
SILVER SPRING",,PEDESTRIAN,SINGLE VEHICLE,CLEAR,,DAYLIGHT,N/A,NONE DETECTED,NONE DETECTED,40058BC5-5AFA-40E3-9B1E-47D8869864FC,PEDESTRIAN,Other,NO IMPROPER ACTIONS,OTHER,No,POSSIBLE INJURY,NONE,39.02088934,-77.01516062,"(39.02088934, -77.01516062)"
MCP3258003L,230070703,Montgomery County Police,Injury Crash,12/08/2023 10:16:00 PM,County,MONTERREY DR,VEIRS MILL RD,,N/A,BICYCLIST,OTHER,CLEAR,DRY,DARK LIGHTS ON,NO CONTROLS,N/A,N/A,10969DFF-CB92-4B7F-9CAB-F25B5DBEB16B,BICYCLIST,Cross/Enter at Intersection,NO IMPROPER ACTIONS,ON ROADWAY AT CROSSWALK,No,POSSIBLE INJURY,NONE,39.04280469,-77.06018926,"(39.04280469, -77.06018926)"
MCP2512002R,170513077,Montgomery County Police,Injury Crash,06/11/2017 03:30:00 PM,Maryland (State),KEY WEST AVE,DARNESTOWN RD,,N/A,BICYCLIST,STRAIGHT MOVEMENT ANGLE,CLEAR,DRY,DAYLIGHT,STOP SIGN,NONE DETECTED,NONE DETECTED,31087CFA-0D13-4C56-9F1C-3A05700C9DF2,BICYCLIST,Walking/Riding w/Traffic,NO IMPROPER ACTIONS,IN BIKEWAY,No,SUSPECTED MINOR INJURY,MC/BIKE HELMET,39.10100032,-77.21216083,"(39.10100032, -77.21216083)"
MCP22910077,230064765,Montgomery County Police,Injury Crash,11/06/2023 05:32:00 PM,Maryland (State),RIVER RD,NEWBRIDGE DR,,N/A,PEDESTRIAN,OTHER,CLEAR,DRY,DARK NO LIGHTS,NO CONTROLS,NONE DETECTED,UNKNOWN,3E9F63A7-2685-4333-A2B3-2132E14DDB6A,PEDESTRIAN,Cross/Enter at Intersection,FAILURE TO YIELD RIGHT OF WAY,ON ROADWAY AT CROSSWALK,Yes,SUSPECTED SERIOUS INJURY,NONE,39.01013433,-77.19678367,"(39.01013433, -77.19678367)"
MCP3050006Q,250029827,MONTGOMERY,Injury Crash,07/04/2025 07:59:00 PM,Maryland (State) Route,GEORGIA AVE,,,,Pedestrian,Single Vehicle,Clear,Dry,Daylight,Traffic Control Signal,"Unknown, Unknown","Not Suspect of Alcohol Use, Not Suspect of Drug Use",0584C933-10C0-4EFF-A967-FF3E85BA0EDC,Pedestrian,Cross/Enter at Intersection,None (No Improper Action),Intersection Marked Crosswalk,No,Suspected Minor Injury,None,39.07767731,-77.07088914,"(39.07767731, -77.07088914)"
MCP2866006F,200025047,Montgomery County Police,Injury Crash,06/27/2020 02:15:00 PM,County,JONES BRIDGE RD,LYNBROOK DR,,N/A,BICYCLIST,ANGLE MEETS RIGHT TURN,CLEAR,DRY,DAYLIGHT,STOP SIGN,NONE DETECTED,NONE DETECTED,43F9B5F1-5732-4739-9ADD-78E3CA30016F,BICYCLIST,Walking/Riding w/Traffic,NO IMPROPER ACTIONS,ON ROADWAY NOT AT CROSSWALK,No,SUSPECTED MINOR INJURY,MC/BIKE HELMET,38.99742517,-77.09031083,"(38.99742517, -77.09031083)"
MCP229800B9,16057493,Montgomery County Police,Injury Crash,11/07/2016 08:01:00 PM,Maryland (State),CLOPPER RD,LIBERTY MILL RD,,N/A,BICYCLIST,OTHER,CLEAR,N/A,DARK LIGHTS ON,NO CONTROLS,NONE DETECTED,ILLEGAL DRUG PRESENT,BF837599-E1B6-48FB-8A75-8626103AFF81,BICYCLIST,Cross/Enter at Intersection,NOT VISIBLE,AT INTERSECTION BUT NO CROSSWALK,No,SUSPECTED MINOR INJURY,NONE,39.16217474,-77.28160657,"(39.16217474, -77.28160657)"
DM8457000R,170533675,Takoma Park Police Depart,Injury Crash,09/28/2017 04:56:00 PM,Municipality,GRANT AVE #2,CHESTNUT AVE,,TAKOMA PARK,"BICYCLIST, PEDESTRIAN",SAME DIRECTION RIGHT TURN,CLEAR,DRY,DAYLIGHT,NO CONTROLS,NONE DETECTED,N/A,AC11B833-4B04-4312-8142-D56051E75D24,PEDESTRIAN,Walking/Riding w/Traffic,NO IMPROPER ACTIONS,SIDEWALK,No,NO APPARENT INJURY,N/A,38.98447403,-77.01421246,"(38.98447403, -77.01421246)"
MCP3079004J,220042708,Montgomery County Police,Injury Crash,09/30/2022 05:22:00 PM,Maryland (State),CLOPPER RD,MATENEY RD,,N/A,PEDESTRIAN,OTHER,RAINING,WET,DAYLIGHT,TRAFFIC SIGNAL,NONE DETECTED,NONE DETECTED,9C828579-7096-426C-90B2-F08B562D5F72,PEDESTRIAN,Cross/Enter at Intersection,N/A,AT INTERSECTION MARKED CROSSWALK,No,SUSPECTED MINOR INJURY,NONE,39.1565393,-77.26660512,"(39.1565393, -77.26660512)"
MCP28130031,170501672,Montgomery County Police,Property Damage Crash,04/11/2017 08:30:00 PM,County,PRICE AVE,GEORGIA AVE,,N/A,PEDESTRIAN,SINGLE VEHICLE,CLOUDY,DRY,DARK LIGHTS ON,STOP SIGN,N/A,N/A,12561E84-13FE-4BCD-BFBE-F870C9AF2C21,PEDESTRIAN,Cross/Enter at Intersection,NO IMPROPER ACTIONS,ON ROADWAY AT CROSSWALK,No,NO APPARENT INJURY,N/A,39.04013006,-77.05117196,"(39.04013006, -77.05117196)"
MCP33470010,230033242,Montgomery County Police,Injury Crash,07/12/2023 04:12:00 PM,County,SHAFTSBURY ST,HAMPDEN ST,,N/A,PEDESTRIAN,SINGLE VEHICLE,CLEAR,DRY,DAYLIGHT,NO CONTROLS,,NONE DETECTED,66BA28F9-3848-4A8A-BB97-CDF78B4E9B18,PEDESTRIAN,Getting off/on Vehicle,ENTERING EXITING PARKED STANDING VEHICLE,SHOULDER,Yes,SUSPECTED MINOR INJURY,NONE,39.03144512,-77.07771183,"(39.03144512, -77.07771183)"
MCP2745002P,220033719,Montgomery County Police,Injury Crash,08/05/2022 10:39:00 PM,Maryland (State),WOODFIELD RD,FLOWER HILL WAY,,N/A,BICYCLIST,SAME DIR REAR END,CLEAR,DRY,DARK LIGHTS ON,NO CONTROLS,UNKNOWN,NONE DETECTED,88EBDF60-A3D0-4550-AE0D-4F440EC8E831,BICYCLIST,Unknown,UNKNOWN,ON ROADWAY NOT AT CROSSWALK,No,POSSIBLE INJURY,NONE,39.1577914,-77.1623944,"(39.1577914, -77.1623944)"
MCP33070014,210048926,Montgomery County Police,Injury Crash,12/02/2021 02:02:00 PM,,,,PARKING LOT OF GIANT FOOD 3860 ROSSMOOR BLVD,,PEDESTRIAN,OTHER,CLEAR,,DAYLIGHT,NO CONTROLS,NONE DETECTED,NONE DETECTED,3FFC30FF-4E13-48FC-B92E-CBBC878B93F5,PEDESTRIAN,Cross/Enter at Intersection,IN ROADWAY IMPROPERLY,AT INTERSECTION BUT NO CROSSWALK,Yes,SUSPECTED SERIOUS INJURY,NONE,39.10147,-77.07552833,"(39.10147, -77.07552833)"
MCP102200D3,190046149,Montgomery County Police,Injury Crash,09/26/2019 11:33:00 AM,Other Public Roadway,HILLCREST DR,FREDERICK RD,,N/A,PEDESTRIAN,SINGLE VEHICLE,CLOUDY,DRY,DAYLIGHT,NO CONTROLS,NONE DETECTED,NONE DETECTED,6336FB31-6329-4765-8F1D-10DAAEF8ADB8,PEDESTRIAN,Cross/Enter not at Intersection,NO IMPROPER ACTIONS,ON ROADWAY NOT AT CROSSWALK,No,SUSPECTED SERIOUS INJURY,NONE,39.17669667,-77.23792167,"(39.17669667, -77.23792167)"
MCP9432002S,200034713,Montgomery County Police,Injury Crash,09/04/2020 07:00:00 PM,,GODWIT STREET,MERLIN AVENUE,,N/A,BICYCLIST,STRAIGHT MOVEMENT ANGLE,CLEAR,DRY,DUSK,NO CONTROLS,UNKNOWN,NONE DETECTED,B35B0E44-5B7D-468B-88B9-F2647DC5DE27,BICYCLIST,Cross/Enter at Intersection,NO IMPROPER ACTIONS,ON ROADWAY NOT AT CROSSWALK,No,SUSPECTED MINOR INJURY,MC/BIKE HELMET,39.21974833,-77.29039,"(39.21974833, -77.29039)"
EJ7829001R,15063391,GAITHERSBURG,Injury Crash,12/11/2015 06:50:00 PM,Municipality,W DEER PARK RD,DUVALL LA,,GAITHERSBURG,PEDESTRIAN,SINGLE VEHICLE,CLEAR,DRY,DARK LIGHTS ON,STOP SIGN,NONE DETECTED,NONE DETECTED,F7888C59-A21D-404F-9A30-868A47C1F47B,PEDESTRIAN,Cross/Enter at Intersection,IN ROADWAY IMPROPERLY,AT INTERSECTION BUT NO CROSSWALK,Yes,SUSPECTED MINOR INJURY,N/A,39.12748,-77.19744,"(39.12748, -77.19744)"
MCP2372006S,240046963,MONTGOMERY,Injury Crash,10/02/2024 07:09:00 AM,Ramp,RAMP 1 FR MD 187 NB TO RAMP 8 (TO IS495),OLD GEORGETOWN RD (SB/L) RAMP 7 FR RAMP 2 (FR IS495) TO MD 187 SB,,,Cyclist (non-electric),Single Vehicle,Cloudy,Wet,Dawn,Traffic Control Signal,"Not Suspect of Alcohol Use, Not Suspect of Drug Use","Not Suspect of Alcohol Use, Not Suspect of Drug Use",54B50045-6F45-4BD6-8879-E3D21A4063CE,Cyclist (non-electric),Walking/Cycling Along Roadway With Traffic (In or Adjacent to Travel Lane),None (No Improper Action),OnStreet Bike Lanes,No,Suspected Serious Injury,"Helmet, Lighting, Reflectors",39.01651625,-77.11972724,"(39.01651625, -77.11972724)"
MCP2861002Y,170527855,Montgomery County Police,Injury Crash,08/30/2017 08:00:00 PM,County,DEMOCRACY BLVD,SPUR TO ROCKLEDGE RD,,N/A,PEDESTRIAN,SINGLE VEHICLE,CLEAR,DRY,DARK LIGHTS ON,NO CONTROLS,NONE DETECTED,NONE DETECTED,8D72DB93-73D8-43DF-AF9B-09A58BC19A2D,PEDESTRIAN,Cross/Enter not at Intersection,NO IMPROPER ACTIONS,ON ROADWAY AT CROSSWALK,No,SUSPECTED SERIOUS INJURY,NONE,39.02361833,-77.12876667,"(39.02361833, -77.12876667)"
MCP2723008H,240040763,MONTGOMERY,Injury Crash,08/28/2024 03:00:00 PM,,,,Parking Lot Way        PARKING LOT OF 4301 RANDOLPH ROAD (RODMAN'S),,Pedestrian,Single Vehicle,Clear,,Daylight,,"Unknown, Unknown","Not Suspect of Alcohol Use, Not Suspect of Drug Use",FA79A0D4-20A3-4CE1-86CE-B226AC354428,Pedestrian,Cross/Enter Not at Intersection,None (No Improper Action),NonTrafficway Area,No,Possible Injury,None,39.05612513,-77.08337787,"(39.05612513, -77.08337787)"
MCP31610053,230011087,Montgomery County Police,Injury Crash,03/06/2023 07:15:00 PM,Maryland (State),CONNECTICUT AVE,HOWARD AVE,,KENSINGTON,PEDESTRIAN,SINGLE VEHICLE,CLEAR,DRY,DARK LIGHTS ON,NO CONTROLS,NONE DETECTED,NONE DETECTED,2A3A4AD9-B96B-448B-995F-39CD87DB5DA0,PEDESTRIAN,Cross/Enter not at Intersection,IN ROADWAY IMPROPERLY,ON ROADWAY NOT AT CROSSWALK,Yes,POSSIBLE INJURY,NONE,38.99981583,-77.08142567,"(38.99981583, -77.08142567)"
MCP3123004P,220047172,Montgomery County Police,Injury Crash,10/27/2022 01:08:00 PM,County,TWINBROOK PKWY,VEIRS MILL RD,,N/A,PEDESTRIAN,OTHER,CLEAR,DRY,DAYLIGHT,N/A,N/A,N/A,18088416-FA4F-4A3F-81E9-E190D9761690,PEDESTRIAN,Cross/Enter not at Intersection,DART DASH,OUTSIDE RIGHT OF WAY,Yes,SUSPECTED MINOR INJURY,N/A,39.07306,-77.11221131,"(39.07306, -77.11221131)"
MCP2358007K,200026724,Montgomery County Police,Property Damage Crash,07/09/2020 08:30:00 PM,Maryland (State),MASSACHUSETTS AVE,CROMWELL DR,,N/A,BICYCLIST,STRAIGHT MOVEMENT ANGLE,CLEAR,DRY,DARK NO LIGHTS,TRAFFIC SIGNAL,UNKNOWN,NONE DETECTED,AE2D784A-6BB5-46B9-B39B-94DC527C13CB,BICYCLIST,Cross/Enter at Intersection,FAILURE TO OBEY TRAFFIC SIGNS SIGNALS OR OFFICER,OTHER,Unknown,NO APPARENT INJURY,UNKNOWN,38.96098,-77.1162,"(38.96098, -77.1162)"
DM8421003H,240050901,TAKOMA,Injury Crash,10/24/2024 11:15:00 AM,Maryland (State) Route,PHILADELPHIA AVE,CHICAGO AVE,,,Pedestrian,Single Vehicle,Clear,Dry,Daylight,No Controls,"Not Suspect of Alcohol Use, Not Suspect of Drug Use","Not Suspect of Alcohol Use, Not Suspect of Drug Use",CAC6297F-44E9-4E4C-8E7C-7996ACCBD07D,Pedestrian,Cross/Enter at Intersection,Unknown,Intersection Marked Crosswalk,No,Suspected Minor Injury,None,38.9864859,-77.02131754,"(38.9864859, -77.02131754)"
MCP28680011,15010611,Montgomery County Police,Injury Crash,03/07/2015 05:07:00 PM,,,,Parking Garage near Macy's side of Montgomery Mall,,PEDESTRIAN,SINGLE VEHICLE,CLEAR,,DAYLIGHT,NO CONTROLS,NONE DETECTED,NONE DETECTED,81CBD828-528B-45E8-9FFA-7920257EB3F2,PEDESTRIAN,Other,NO IMPROPER ACTIONS,OTHER,,SUSPECTED MINOR INJURY,N/A,39.02440159,-77.14738011,"(39.02440159, -77.14738011)"
MCP28770093,210026368,Montgomery County Police,Injury Crash,07/09/2021 10:20:00 AM,Maryland (State),GOLDSBORO RD,HAVILAND DR,,N/A,BICYCLIST,SAME DIRECTION RIGHT TURN,CLEAR,DRY,DAYLIGHT,NO CONTROLS,NONE DETECTED,NONE DETECTED,1B026946-E7C2-4E6E-960F-847955F939B6,BICYCLIST,Walking/Riding w/Traffic,NO IMPROPER ACTIONS,SHOULDER,No,SUSPECTED MINOR INJURY,MC/BIKE HELMET,38.9724921,-77.12281031,"(38.9724921, -77.12281031)"
MCP3039006D,230051684,Montgomery County Police,Property Damage Crash,09/03/2023 04:42:00 PM,County,SILVER SPRING AVE,MAYOR LA,,N/A,PEDESTRIAN,OTHER,CLEAR,DRY,DAYLIGHT,NO CONTROLS,UNKNOWN,NONE DETECTED,A195D47F-CCDF-4C44-B3AE-BAFC20493785,PEDESTRIAN,Walking/Riding w/Traffic,NO IMPROPER ACTIONS,ON ROADWAY NOT AT CROSSWALK,No,NO APPARENT INJURY,NONE,38.99194245,-77.02522353,"(38.99194245, -77.02522353)"
MCP2991000M,16009802,Montgomery County Police,Injury Crash,02/27/2016 02:38:00 PM,Maryland (State),GEORGIA AVE,CONNECTICUT AVE,,N/A,PEDESTRIAN,SINGLE VEHICLE,CLEAR,DRY,DAYLIGHT,NO CONTROLS,NONE DETECTED,UNKNOWN,C52B7295-F525-48BF-B928-353E6F71F655,PEDESTRIAN,Cross/Enter not at Intersection,N/A,OTHER,Unknown,SUSPECTED MINOR INJURY,NONE,39.08438183,-77.07791626,"(39.08438183, -77.07791626)"
EJ7858002K,180045275,Gaithersburg Police Depar,Injury Crash,09/11/2018 04:59:00 AM,Maryland (State),S FREDERICK RD,EDUCATION BLVD,,GAITHERSBURG,PEDESTRIAN,SINGLE VEHICLE,RAINING,WET,DARK LIGHTS ON,FLASHING TRAFFIC SIGNAL,NONE DETECTED,NONE DETECTED,281750AA-2123-4F38-87A0-13BE976C054F,PEDESTRIAN,Cross/Enter at Intersection,NOT VISIBLE,ON ROADWAY AT CROSSWALK,No,SUSPECTED MINOR INJURY,N/A,39.13599833,-77.19226833,"(39.13599833, -77.19226833)"
EJ78640018,180008060,Gaithersburg Police Depar,Injury Crash,02/15/2018 08:42:00 PM,Municipality,MARKET ST E,LEANING OAK ST,,GAITHERSBURG,BICYCLIST,SINGLE VEHICLE,N/A,N/A,DARK LIGHTS ON,STOP SIGN,N/A,N/A,3C4B6754-69D6-4321-95C8-75C780C0BE27,BICYCLIST,Cross/Enter at Intersection,FAILURE TO OBEY TRAFFIC SIGNS SIGNALS OR OFFICER,ON ROADWAY NOT AT CROSSWALK,Yes,SUSPECTED MINOR INJURY,NONE,38.99778,-77.10976667,"(38.99778, -77.10976667)"
MCP28710065,190025208,Montgomery County Police,Injury Crash,05/27/2019 04:13:00 PM,County,ROSELAND DR,OLD GEORGETOWN RD,,N/A,OTHER,OTHER,CLEAR,DRY,DAYLIGHT,NO CONTROLS,NONE DETECTED,NONE DETECTED,B1EA0966-7837-4E60-B29A-FD34850A9A55,OTHER,Playing,IN ROADWAY IMPROPERLY,N/A,Yes,SUSPECTED MINOR INJURY,MC/BIKE HELMET,39.04198667,-77.12334833,"(39.04198667, -77.12334833)"
DM8490000W,210019621,Takoma Park Police Depart,Injury Crash,05/24/2021 03:29:00 PM,,,,1127 UNIVERSITY BLVD E / SHOPPING CENTER PARKING,,PEDESTRIAN,OTHER,RAINING,,DAYLIGHT,N/A,N/A,N/A,D6A8C144-6F07-40D1-91DC-EB52416FAB38,PEDESTRIAN,Other,OTHER,ON ROADWAY NOT AT CROSSWALK,No,POSSIBLE INJURY,NONE,38.98941383,-76.989808,"(38.98941383, -76.989808)"
MCP32380021,220050613,Montgomery County Police,Injury Crash,11/16/2022 10:41:00 AM,US (State),GEORGIA AVE,SLIGO AVE,,N/A,OTHER CONVEYANCE,OTHER,CLEAR,DRY,DAYLIGHT,TRAFFIC SIGNAL,NONE DETECTED,NONE DETECTED,FA47916C-18B7-4261-8F43-4AF0202E90D1,OTHER CONVEYANCE,Cross/Enter at Intersection,FAILURE TO OBEY TRAFFIC SIGNS SIGNALS OR OFFICER,ON ROADWAY AT CROSSWALK,Yes,SUSPECTED SERIOUS INJURY,NONE,38.99115,-77.02659,"(38.99115, -77.02659)"
MCP2740001X,16024977,Montgomery County Police,Injury Crash,05/19/2016 09:40:00 PM,Maryland (State),PINEY BRANCH RD,UNIVERSITY BLVD E,,N/A,PEDESTRIAN,SINGLE VEHICLE,CLEAR,DRY,DARK LIGHTS ON,TRAFFIC SIGNAL,NONE DETECTED,NONE DETECTED,D2BBFF7A-E4D2-4DC4-ABB8-743E73D93BEF,PEDESTRIAN,Cross/Enter at Intersection,NO IMPROPER ACTIONS,ON ROADWAY AT CROSSWALK,No,SUSPECTED MINOR INJURY,N/A,38.9996788,-76.99525595,"(38.9996788, -76.99525595)"
EJ78730028,190059620,Gaithersburg Police Depar,Injury Crash,12/11/2019 07:56:00 AM,County,GOSHEN RD,GIRARD ST,,GAITHERSBURG,PEDESTRIAN,SINGLE VEHICLE,CLEAR,WET,DAYLIGHT,TRAFFIC SIGNAL,NONE DETECTED,NONE DETECTED,1DE20B5D-D43F-410D-B636-DE5C02EA5CC4,PEDESTRIAN,Cross/Enter at Intersection,NO IMPROPER ACTIONS,AT INTERSECTION MARKED CROSSWALK,No,SUSPECTED MINOR INJURY,NONE,39.15093046,-77.19259594,"(39.15093046, -77.19259594)"
EJ7818000B,16027164,Gaithersburg Police Depar,Injury Crash,05/31/2016 04:05:00 PM,County,MUDDY BRANCH RD,DIAMONDBACK DR,,N/A,PEDESTRIAN,N/A,N/A,DRY,DAYLIGHT,TRAFFIC SIGNAL,NONE DETECTED,NONE DETECTED,C24AFF9B-3EE9-4305-9449-79A413BD9ED6,PEDESTRIAN,Cross/Enter at Intersection,NO IMPROPER ACTIONS,ON ROADWAY AT CROSSWALK,No,SUSPECTED SERIOUS INJURY,N/A,39.11528667,-77.21586333,"(39.11528667, -77.21586333)"
MCP2753005F,220021523,Montgomery County Police,Injury Crash,05/20/2022 01:20:00 PM,Maryland (State),NORBECK RD,GEORGIA AVE,,N/A,BICYCLIST,OTHER,N/A,DRY,DAYLIGHT,TRAFFIC SIGNAL,NONE DETECTED,NONE DETECTED,C67CEE2E-0D03-415C-B3BD-20F4CE1CFB9B,BICYCLIST,Cross/Enter at Intersection,NO IMPROPER ACTIONS,AT INTERSECTION MARKED CROSSWALK,No,SUSPECTED MINOR INJURY,MC/BIKE HELMET,39.109445,-77.07531333,"(39.109445, -77.07531333)"
MCP2134001N,180052132,Montgomery County Police,Fatal Crash,10/18/2018 06:15:00 AM,Maryland (State),HUNGERFORD DR,FREDERICK AVE #2,,ROCKVILLE,PEDESTRIAN,OTHER,N/A,DRY,DARK LIGHTS ON,TRAFFIC SIGNAL,N/A,UNKNOWN,5B6DD398-2787-4441-A467-BF7A10FD3E8B,PEDESTRIAN,Unknown,UNKNOWN,UNKNOWN,Unknown,FATAL INJURY,NONE,39.09418231,-77.15344652,"(39.09418231, -77.15344652)"
MCP28660048,170541535,Montgomery County Police,Injury Crash,11/07/2017 06:00:00 PM,County,WOODMONT AVE,ELM ST,,N/A,PEDESTRIAN,SINGLE VEHICLE,RAINING,WET,DARK LIGHTS ON,TRAFFIC SIGNAL,NONE DETECTED,NONE DETECTED,4DEDA5E1-F294-4904-B9F8-3A2E03844428,PEDESTRIAN,Cross/Enter at Intersection,NO IMPROPER ACTIONS,AT INTERSECTION MARKED CROSSWALK,No,SUSPECTED MINOR INJURY,N/A,38.98227167,-77.09605167,"(38.98227167, -77.09605167)"
MCP913000B3,200037029,Montgomery County Police,Injury Crash,09/21/2020 01:54:00 PM,US (State),COLUMBIA PIKE,HILLWOOD DR,,N/A,PEDESTRIAN,STRAIGHT MOVEMENT ANGLE,CLEAR,DRY,DAYLIGHT,NO CONTROLS,NONE DETECTED,NONE DETECTED,F76BBA9D-3B7F-450E-84CF-EE481ECD5DAD,PEDESTRIAN,Cross/Enter not at Intersection,FAILURE TO YIELD RIGHT OF WAY,ON ROADWAY NOT AT CROSSWALK,Yes,POSSIBLE INJURY,NONE,39.03246833,-77.003675,"(39.03246833, -77.003675)"
DM83390013,180002657,Takoma Park Police Depart,Injury Crash,01/17/2018 09:33:00 AM,,,,PARKING LOT OF 7676 NEW HAMPSHIRE AVE,,PEDESTRIAN,OTHER,CLOUDY,,DAYLIGHT,NO CONTROLS,NONE DETECTED,NONE DETECTED,68376CD2-980B-4267-94CB-DEBCB914D5D2,PEDESTRIAN,Getting off/on Vehicle,ENTERING EXITING PARKED STANDING VEHICLE,N/A,Unknown,POSSIBLE INJURY,N/A,38.98684667,-76.98909333,"(38.98684667, -76.98909333)"
MCP3341001L,230022947,Montgomery County Police,Injury Crash,05/13/2023 09:15:00 AM,Maryland (State),GEORGIA AVE,CONNECTICUT AVE,,N/A,BICYCLIST,OTHER,CLOUDY,DRY,DAYLIGHT,TRAFFIC SIGNAL,N/A,N/A,3996D1EE-64EE-42C4-86B3-1862B6C0A29F,BICYCLIST,Cross/Enter at Intersection,NO IMPROPER ACTIONS,ON ROADWAY AT CROSSWALK,No,SUSPECTED MINOR INJURY,NONE,39.08445267,-77.07783433,"(39.08445267, -77.07783433)"
MCP29820012,16042990,Montgomery County Police,Injury Crash,08/24/2016 10:27:00 AM,County,MISSISSIPPI AVE,PINEY BRANCH RD,,N/A,PEDESTRIAN,OTHER,CLEAR,DRY,DAYLIGHT,NO CONTROLS,NONE DETECTED,NONE DETECTED,82E6EE9B-6511-45C5-8B6B-E20EF2AD1FB8,PEDESTRIAN,Walking/Riding against Traffic,NO IMPROPER ACTIONS,CURB,No,POSSIBLE INJURY,N/A,38.988915,-77.01157667,"(38.988915, -77.01157667)"
MCP2755000S,16052965,Montgomery County Police,Injury Crash,10/15/2016 12:04:00 AM,County,ARCOLA AVE,UNIVERSITY BLVD W,,N/A,PEDESTRIAN,OTHER,CLEAR,DRY,DARK -- UNKNOWN LIGHTING,TRAFFIC SIGNAL,UNKNOWN,N/A,B64507D9-8CAF-482D-B1A2-DDF90FB553E2,PEDESTRIAN,Cross/Enter at Intersection,FAILURE TO OBEY TRAFFIC SIGNS SIGNALS OR OFFICER,ON ROADWAY AT CROSSWALK,Yes,SUSPECTED MINOR INJURY,N/A,39.03546126,-77.02589214,"(39.03546126, -77.02589214)"
DD56210011,170508352,Rockville Police Departme,Injury Crash,05/17/2017 02:30:00 PM,Municipality,CHURCH ST,ROCKVILLE PIKE,,N/A,PEDESTRIAN,SINGLE VEHICLE,CLEAR,DRY,DAYLIGHT,TRAFFIC SIGNAL,UNKNOWN,NONE DETECTED,C9F2E02D-E815-4EA6-9F8F-478705A8F486,PEDESTRIAN,Cross/Enter at Intersection,UNKNOWN,AT INTERSECTION MARKED CROSSWALK,Unknown,SUSPECTED MINOR INJURY,NONE,39.08354633,-77.14731067,"(39.08354633, -77.14731067)"
MCP25120036,170538362,Montgomery County Police,Injury Crash,10/23/2017 04:59:00 PM,Maryland (State),DARNESTOWN RD,MUDDY BRANCH RD,,N/A,BICYCLIST,SAME DIRECTION RIGHT TURN,CLOUDY,DRY,DAYLIGHT,TRAFFIC SIGNAL,NONE DETECTED,NONE DETECTED,FFD48116-7BC5-4CFE-B321-4F59B74F07ED,BICYCLIST,Walking/Riding w/Traffic,NO IMPROPER ACTIONS,IN BIKEWAY,No,SUSPECTED MINOR INJURY,MC/BIKE HELMET,39.10260833,-77.22000333,"(39.10260833, -77.22000333)"
MCP3392001H,240050475,MONTGOMERY,Injury Crash,10/22/2024 06:19:00 AM,Maryland (State) Route,UNIVERSITY BLVD W (WB/L),INWOOD AVE,,,Pedestrian,Single Vehicle,Clear,Dry,Dark - Lighted,Traffic Control Signal,"Not Suspect of Alcohol Use, Not Suspect of Drug Use","Not Suspect of Alcohol Use, Not Suspect of Drug Use",82534DE1-955A-4C74-B873-D807BBA5F1DF,Pedestrian,Cross/Enter at Intersection,None (No Improper Action),Intersection Marked Crosswalk,No,Possible Injury,None,39.03621274,-77.03644982,"(39.03621274, -77.03644982)"
MCP3328001R,230014499,Montgomery County Police,Injury Crash,03/25/2023 06:00:00 PM,Maryland (State),GEORGIA AVE,MASON ST,,N/A,PEDESTRIAN,OTHER,CLOUDY,WET,DAYLIGHT,NO CONTROLS,NONE DETECTED,NONE DETECTED,E998BBAD-142F-43D6-89EF-C301D80AAE7B,PEDESTRIAN,Cross/Enter at Intersection,DART DASH,ON ROADWAY AT CROSSWALK,No,SUSPECTED MINOR INJURY,NONE,39.055404,-77.050068,"(39.055404, -77.050068)"