Report Number,Local Case Number,Agency Name,ACRS Report Type,Crash Date/Time,Route Type,Road Name,Cross-Street Name,Off-Road Description,Municipality,Related Non-Motorist,Collision Type,Weather,Surface Condition,Light,Traffic Control,Driver Substance Abuse,Non-Motorist Substance Abuse,Person ID,Pedestrian Type,Pedestrian Movement,Pedestrian Actions,Pedestrian Location,At Fault,Injury Severity,Safety Equipment,Latitude,Longitude,Location
MCP1389001K,180015217,Montgomery County Police,Injury Crash,03/28/2018 07:55:00 PM,,,,PARKING LOT OF 7200 MUNCASTER MILL RD (MCDONALD'S),,PEDESTRIAN,SINGLE VEHICLE,RAINING,,DARK LIGHTS ON,N/A,N/A,NONE DETECTED,67BA1FEC-CE1F-48A8-9BA8-70738C361A44,PEDESTRIAN,Other Working,NO IMPROPER ACTIONS,OTHER,No,SUSPECTED MINOR INJURY,N/A,39.14563667,-77.14467333,"(39.14563667, -77.14467333)"
DM8450000B,15048876,TAKOMA,Property Damage Crash,09/26/2015 03:05:00 PM,,,,"Parking lot/entrance of 7609 New Hampshire Avenue, Takoma Park, Montgomery County Maryland.",,PEDESTRIAN,OTHER,CLOUDY,,DAYLIGHT,NO CONTROLS,NONE DETECTED,NONE DETECTED,BB77807A-603E-4089-A6C5-3C8F171F70D7,PEDESTRIAN,Playing,DART DASH,OTHER,Yes,NO APPARENT INJURY,NONE,38.99138167,-76.99416167,"(38.99138167, -76.99416167)"
MCP2987001K,17009316,Montgomery County Police,Injury Crash,02/21/2017 10:40:00 AM,Maryland (State),PINEY BRANCH RD,ARLISS ST,,N/A,PEDESTRIAN,STRAIGHT MOVEMENT ANGLE,CLEAR,DRY,DAYLIGHT,TRAFFIC SIGNAL,NONE DETECTED,NONE DETECTED,FFBFAEFF-90EC-44BD-9556-3EDA9AA47C56,PEDESTRIAN,Cross/Enter at Intersection,NO IMPROPER ACTIONS,ON ROADWAY AT CROSSWALK,No,SUSPECTED MINOR INJURY,NONE,38.99820667,-77.00123167,"(38.99820667, -77.00123167)"
MCP3283000J,210013166,Montgomery County Police,Injury Crash,04/08/2021 05:40:00 PM,County,FALLS CHAPEL WAY,WILLOW VALLEY DR,,N/A,BICYCLIST,SINGLE VEHICLE,CLEAR,DRY,N/A,NO CONTROLS,NONE DETECTED,NONE DETECTED,02492018-8ED5-41F9-B54B-75678E86FD4D,BICYCLIST,Cross/Enter not at Intersection,FAILURE TO YIELD RIGHT OF WAY,ON ROADWAY NOT AT CROSSWALK,Yes,SUSPECTED MINOR INJURY,NONE,39.051085,-77.19096833,"(39.051085, -77.19096833)"
MCP2191000P,15056121,MONTGOMERY,Injury Crash,11/04/2015 06:59:00 AM,County,TUCKERMAN LA,SUGARBUSH LA,,N/A,BICYCLIST,STRAIGHT MOVEMENT ANGLE,CLEAR,DRY,DAYLIGHT,TRAFFIC SIGNAL,NONE DETECTED,NONE DETECTED,2CCF370D-9D7D-4E7D-A401-2CA4475CE7DA,BICYCLIST,Cross/Enter at Intersection,NO IMPROPER ACTIONS,AT INTERSECTION MARKED CROSSWALK,No,POSSIBLE INJURY,MC/BIKE HELMET,39.03212667,-77.11793667,"(39.03212667, -77.11793667)"
MCP20010024,230059194,Montgomery County Police,Fatal Crash,10/07/2023 08:58:00 PM,County,SNOUFFERS SCHOOL RD,MALLORY PL,,N/A,PEDESTRIAN,SINGLE VEHICLE,CLEAR,DRY,DARK NO LIGHTS,NO CONTROLS,NONE DETECTED,ALCOHOL PRESENT,7CC0B797-DD2F-4385-BAB7-8612136345B8,PEDESTRIAN,Cross/Enter not at Intersection,DART DASH,ON ROADWAY NOT AT CROSSWALK,Yes,FATAL INJURY,N/A,39.16552667,-77.16926167,"(39.16552667, -77.16926167)"
MCP26760038,180026601,Montgomery County Police,Injury Crash,05/30/2018 04:51:00 PM,,,,PARKING LOT OF 8190 BEECHCRAFT AVE,,PEDESTRIAN,OTHER,CLEAR,,DAYLIGHT,N/A,,N/A,91474766-AFBB-4EE2-97A0-6E17ADBD34DA,PEDESTRIAN,Other Working,NO IMPROPER ACTIONS,OTHER,No,SUSPECTED MINOR INJURY,N/A,39.16579,-77.16695333,"(39.16579, -77.16695333)"
MCP3287000Y,210018034,Montgomery County Police,Injury Crash,05/13/2021 04:43:00 PM,County,MUDDY BRANCH RD,FORREST LANDING WAY,,N/A,BICYCLIST,ANGLE MEETS RIGHT TURN,CLEAR,DRY,DAYLIGHT,STOP SIGN,N/A,N/A,246B3C02-180A-4151-A6EA-E652844B4E21,BICYCLIST,Cross/Enter at Intersection,FAILURE TO YIELD RIGHT OF WAY,ON ROADWAY AT CROSSWALK,Yes,SUSPECTED MINOR INJURY,NONE,39.10173683,-77.2212247,"(39.10173683, -77.2212247)"
DD5621001F,170529129,Rockville Police Departme,Injury Crash,09/07/2017 08:55:00 AM,Maryland (State),ROCKVILLE PIKE,DODGE ST,,N/A,PEDESTRIAN,SINGLE VEHICLE,CLEAR,DRY,DAYLIGHT,TRAFFIC SIGNAL,NONE DETECTED,NONE DETECTED,C33EB9B5-50A5-4844-9B6E-3BAEDE04C61B,PEDESTRIAN,Cross/Enter at Intersection,FAILURE TO OBEY TRAFFIC SIGNS SIGNALS OR OFFICER,ON ROADWAY AT CROSSWALK,Yes,SUSPECTED MINOR INJURY,NONE,39.08011233,-77.14363067,"(39.08011233, -77.14363067)"
DD5527003P,210048073,Rockville Police Departme,Property Damage Crash,11/26/2021 05:15:00 PM,,,,SHELL GAS STATION OF 1911 ROCKVILLE PIKE,,BICYCLIST,OTHER,CLEAR,,DARK LIGHTS ON,NO CONTROLS,UNKNOWN,NONE DETECTED,0906F3DD-C93E-408E-B955-06486F2FEEB0,BICYCLIST,Other,NO IMPROPER ACTIONS,OTHER,No,NO APPARENT INJURY,NONE,39.05842351,-77.1214181,"(39.05842351, -77.1214181)"
MCP25090012,16011683,MONTGOMERY,Injury Crash,03/09/2016 11:00:00 AM,Maryland (State),PINEY BRANCH RD,SLIGO CREEK PKWY,,N/A,BICYCLIST,HEAD ON LEFT TURN,CLEAR,DRY,DAYLIGHT,TRAFFIC SIGNAL,NONE DETECTED,NONE DETECTED,2355E384-C64D-4C33-B8A2-07FD96D10ABE,BICYCLIST,Cross/Enter at Intersection,NO IMPROPER ACTIONS,ON ROADWAY AT CROSSWALK,No,SUSPECTED SERIOUS INJURY,MC/BIKE HELMET,38.99536167,-77.00674833,"(38.99536167, -77.00674833)"
MCP3145002T,200045012,Montgomery County Police,Injury Crash,11/14/2020 06:00:00 PM,Maryland (State),NEW HAMPSHIRE AVE,RANDOLPH RD,,N/A,PEDESTRIAN,SINGLE VEHICLE,CLEAR,DRY,DARK LIGHTS ON,TRAFFIC SIGNAL,NONE DETECTED,NONE DETECTED,42309692-4A4F-4E8C-A082-429F31EEEED7,PEDESTRIAN,Cross/Enter at Intersection,IN ROADWAY IMPROPERLY,ON ROADWAY NOT AT CROSSWALK,Yes,SUSPECTED MINOR INJURY,N/A,39.07633,-77.00139,"(39.07633, -77.00139)"
MCP2723006L,220038358,Montgomery County Police,Injury Crash,09/04/2022 02:55:00 PM,,NORBECK BLVD,N LEISURE WORLD BLVD,,N/A,BICYCLIST,STRAIGHT MOVEMENT ANGLE,CLEAR,DRY,DAYLIGHT,STOP SIGN,NONE DETECTED,NONE DETECTED,E60563D6-CDD1-496E-BA02-156E3C05C4D7,BICYCLIST,Cross/Enter at Intersection,NO IMPROPER ACTIONS,AT INTERSECTION MARKED CROSSWALK,No,SUSPECTED MINOR INJURY,MC/BIKE HELMET,39.109525,-77.068825,"(39.109525, -77.068825)"
MCP33000010,210044444,Montgomery County Police,Injury Crash,11/03/2021 08:05:00 AM,Maryland (State),GEORGIA AVE,SHOREFIELD RD,,N/A,PEDESTRIAN,OTHER,CLEAR,DRY,DAYLIGHT,TRAFFIC SIGNAL,NONE DETECTED,NONE DETECTED,544531EA-BC46-44DE-BE56-938A05CD899F,PEDESTRIAN,Cross/Enter at Intersection,UNKNOWN,ON ROADWAY NOT AT CROSSWALK,No,POSSIBLE INJURY,NONE,39.05300757,-77.05085627,"(39.05300757, -77.05085627)"
MCP3200003S,210038762,Montgomery County Police,Injury Crash,09/30/2021 10:26:00 AM,County,PARKLAWN DR,COAKLEY CIR,,N/A,BICYCLIST,OTHER,CLEAR,DRY,DAYLIGHT,NO CONTROLS,NONE DETECTED,NONE DETECTED,1A5A5301-FFF1-4882-A837-36E4BE489D48,BICYCLIST,Walking/Riding w/Traffic,INATTENTIVE,ON ROADWAY NOT AT CROSSWALK,Yes,SUSPECTED MINOR INJURY,MC/BIKE HELMET,39.04964171,-77.10273624,"(39.04964171, -77.10273624)"
MCP2612003J,190052108,Montgomery County Police,Injury Crash,10/29/2019 06:45:00 PM,County,GLASGOW DR,ASPEN HILL RD,,N/A,PEDESTRIAN,OTHER,CLEAR,DRY,DUSK,NO CONTROLS,NONE DETECTED,NONE DETECTED,8C5F7E52-A5E5-4D1A-9AC4-73838CA7CD29,PEDESTRIAN,Cross/Enter at Intersection,NO IMPROPER ACTIONS,AT INTERSECTION BUT NO CROSSWALK,No,POSSIBLE INJURY,NONE,39.07294667,-77.09568333,"(39.07294667, -77.09568333)"
MCP2615003S,200044977,Montgomery County Police,Property Damage Crash,11/14/2020 12:40:00 PM,,,,"PARKING LOT
12705 NEW HAMPSHIRE AVENUE
SILVER SPRING, MD, 20904",,PEDESTRIAN,SAME DIR REAR END,CLEAR,,DAYLIGHT,NO CONTROLS,NONE DETECTED,NONE DETECTED,E53A1BE9-7BAA-422C-93AE-1ACCB629FFD9,PEDESTRIAN,Standing,N/A,OTHER,No,NO APPARENT INJURY,N/A,39.06436783,-76.99927703,"(39.06436783, -76.99927703)"
MCP271700L4,180053259,Montgomery County Police,Injury Crash,10/24/2018 01:30:00 PM,,,,801  ELLSWORTH DRIVE (FENTON STREET PARKING GARAGE),,PEDESTRIAN,OTHER,CLEAR,,DAYLIGHT,NO CONTROLS,NONE DETECTED,NONE DETECTED,C9857EE8-D632-45CB-A875-F18BA9DE62C0,PEDESTRIAN,Other,NO IMPROPER ACTIONS,OTHER,No,SUSPECTED MINOR INJURY,NONE,38.997237,-77.02585,"(38.997237, -77.02585)"
MCP2594001X,16045933,Montgomery County Police,Injury Crash,09/08/2016 06:47:00 AM,Maryland (State),NEW HAMPSHIRE AVE,NOTLEY RD,,N/A,BICYCLIST,STRAIGHT MOVEMENT ANGLE,CLEAR,N/A,DAYLIGHT,NO CONTROLS,NONE DETECTED,NONE DETECTED,67E73867-C89A-4021-9128-EDAD19D5DE8E,BICYCLIST,Walking/Riding w/Traffic,NO IMPROPER ACTIONS,IN BIKEWAY,No,SUSPECTED MINOR INJURY,MC/BIKE HELMET,39.08048218,-77.00139284,"(39.08048218, -77.00139284)"
MCP3193003D,220023320,Montgomery County Police,Property Damage Crash,05/31/2022 06:17:00 PM,County,BLUHILL RD,RANDOLPH RD,,N/A,PEDESTRIAN,OTHER,CLEAR,DRY,DAYLIGHT,OTHER,NONE DETECTED,NONE DETECTED,5650B2D8-7528-419C-A869-043C0CBC6AAE,PEDESTRIAN,Cross/Enter at Intersection,NO IMPROPER ACTIONS,ON ROADWAY AT CROSSWALK,No,NO APPARENT INJURY,NONE,39.05908017,-77.06501383,"(39.05908017, -77.06501383)"
MCP2588001V,16049667,Montgomery County Police,Injury Crash,09/27/2016 10:21:00 AM,County,RANDOLPH RD,BLUHILL RD,,N/A,PEDESTRIAN,OTHER,CLEAR,DRY,DAYLIGHT,OTHER,NONE DETECTED,NONE DETECTED,5527FCE3-D938-4231-B31A-B270E27C5A52,PEDESTRIAN,Cross/Enter at Intersection,NO IMPROPER ACTIONS,N/A,No,SUSPECTED MINOR INJURY,N/A,39.05920833,-77.06485,"(39.05920833, -77.06485)"
MCP28920092,200048871,Montgomery County Police,Injury Crash,12/11/2020 05:34:00 PM,County,FENTON ST,WAYNE AVE,,N/A,PEDESTRIAN,SINGLE VEHICLE,CLEAR,DRY,DARK LIGHTS ON,NO CONTROLS,NONE DETECTED,NONE DETECTED,42577D65-7EAC-445B-BC0E-C859BB1A7CAA,PEDESTRIAN,Cross/Enter not at Intersection,DART DASH,ON ROADWAY NOT AT CROSSWALK,Unknown,POSSIBLE INJURY,NONE,38.9971,-77.02420833,"(38.9971, -77.02420833)"
MCP2348000N,15005502,Montgomery County Police,Injury Crash,02/03/2015 04:07:00 PM,Maryland (State),VEIRS MILL RD,GEORGIA AVE,,N/A,PEDESTRIAN,SINGLE VEHICLE,CLEAR,DRY,DAYLIGHT,NO CONTROLS,NONE DETECTED,NONE DETECTED,8C474BDD-35CE-44D7-B704-8DB9EEE6C610,PEDESTRIAN,Cross/Enter not at Intersection,DART DASH,ON ROADWAY NOT AT CROSSWALK,,POSSIBLE INJURY,N/A,39.0375,-77.05092667,"(39.0375, -77.05092667)"
MCP2844006Z,230060788,Montgomery County Police,Injury Crash,10/16/2023 08:04:00 AM,Maryland (State),CONNECTICUT AVE,WELLER RD,,N/A,PEDESTRIAN,OTHER,CLEAR,DRY,DAYLIGHT,TRAFFIC SIGNAL,UNKNOWN,NONE DETECTED,6F7D7DCD-A4D0-44D5-BC43-70FFB70DDE8B,PEDESTRIAN,Walking to/from school,NO IMPROPER ACTIONS,ON ROADWAY AT CROSSWALK,No,POSSIBLE INJURY,NONE,39.06327274,-77.07347936,"(39.06327274, -77.07347936)"
MCP3134001J,190009493,Montgomery County Police,Injury Crash,02/28/2019 11:07:00 AM,Maryland (State),UNIVERSITY BLVD W,LORAIN AVE,,N/A,PEDESTRIAN,OTHER,CLEAR,DRY,DAYLIGHT,NO CONTROLS,N/A,N/A,21DC5759-448A-4630-AA90-58953EAFA986,PEDESTRIAN,Cross/Enter not at Intersection,N/A,SIDEWALK,No,SUSPECTED MINOR INJURY,NONE,39.02138333,-77.01427833,"(39.02138333, -77.01427833)"
MCP3122000X,180031104,Montgomery County Police,Injury Crash,06/24/2018 09:45:00 AM,County,DEWEY RD,BENNION RD,,N/A,BICYCLIST,STRAIGHT MOVEMENT ANGLE,CLEAR,DRY,DAYLIGHT,NO CONTROLS,NONE DETECTED,NONE DETECTED,3FD61223-B2B5-425D-8C8C-A5E3EA2D0329,BICYCLIST,Walking/Riding w/Traffic,NO IMPROPER ACTIONS,ON ROADWAY NOT AT CROSSWALK,No,SUSPECTED MINOR INJURY,MC/BIKE HELMET,39.05154167,-77.08933333,"(39.05154167, -77.08933333)"
MCP3212003W,220048827,Montgomery County Police,Injury Crash,11/05/2022 03:51:00 PM,Maryland (State),GEORGIA AVE,FOREST GLEN RD,,N/A,PEDESTRIAN,OTHER,CLEAR,DRY,DAYLIGHT,TRAFFIC SIGNAL,NONE DETECTED,NONE DETECTED,D59FB553-4A34-4F8B-A317-F7D1A51C5B78,PEDESTRIAN,Cross/Enter at Intersection,FAILURE TO YIELD RIGHT OF WAY,AT INTERSECTION MARKED CROSSWALK,Yes,SUSPECTED MINOR INJURY,NONE,39.01520562,-77.04259605,"(39.01520562, -77.04259605)"
MCP3080003V,230057882,Montgomery County Police,Injury Crash,10/01/2023 03:36:00 PM,County,FATHER HURLEY BLVD,MIDDLEBROOK RD,,N/A,PEDESTRIAN,OTHER,CLEAR,DRY,DAYLIGHT,TRAFFIC SIGNAL,NONE DETECTED,NONE DETECTED,914B9246-2D31-4CC0-9ED6-D8FA410A89A8,PEDESTRIAN,Cross/Enter at Intersection,UNKNOWN,ON ROADWAY AT CROSSWALK,Unknown,POSSIBLE INJURY,NONE,39.18394371,-77.27378864,"(39.18394371, -77.27378864)"
MCP31630022,190050048,Montgomery County Police,Injury Crash,10/18/2019 05:14:00 PM,Maryland (State),WISCONSIN AVE,SOMERSET TERRACE,,N/A,BICYCLIST,SAME DIR REAR END,CLEAR,DRY,DAYLIGHT,NO CONTROLS,NONE DETECTED,NONE DETECTED,50A7629E-A908-4C9C-9B50-AD1FBB2CDEAA,BICYCLIST,Walking/Riding w/Traffic,NO IMPROPER ACTIONS,SHOULDER,No,POSSIBLE INJURY,MC/BIKE HELMET,38.96543198,-77.08796832,"(38.96543198, -77.08796832)"
MCP93180032,230051353,Montgomery County Police,Property Damage Crash,08/25/2023 06:46:00 PM,,,,SIDEWALK/DRIVEWAY OF 10753 COLUMBIA PIKE,,OTHER,SINGLE VEHICLE,CLEAR,,DAYLIGHT,N/A,UNKNOWN,NONE DETECTED,C137B5D7-0C47-4078-A12A-C5B387A34E6C,OTHER,Other,UNKNOWN,SIDEWALK,Unknown,NO APPARENT INJURY,N/A,39.03193298,-77.00392855,"(39.03193298, -77.00392855)"
DD55020020,16005276,Rockville Police Departme,Injury Crash,02/01/2016 05:39:00 PM,Maryland (State),ROCKVILLE PIKE,MONROE PL,,ROCKVILLE,PEDESTRIAN,HEAD ON LEFT TURN,RAINING,WET,DARK LIGHTS ON,N/A,NONE DETECTED,NONE DETECTED,816206EC-DB7E-44F6-9FA6-8429380B4D90,PEDESTRIAN,Cross/Enter not at Intersection,IN ROADWAY IMPROPERLY,ON ROADWAY NOT AT CROSSWALK,Yes,SUSPECTED MINOR INJURY,NONE,39.08291333,-77.14681,"(39.08291333, -77.14681)"
MCP3289000G,210005250,Montgomery County Police,Injury Crash,02/10/2021 06:35:00 AM,Maryland (State),UNIVERSITY BLVD E,WILLIAMSBURG DR,,N/A,PEDESTRIAN,SINGLE VEHICLE,CLOUDY,DRY,DARK LIGHTS ON,TRAFFIC SIGNAL,UNKNOWN,NONE DETECTED,D6D0F8E6-E6DA-46A2-B9E7-396806BDAEBA,PEDESTRIAN,Cross/Enter at Intersection,NO IMPROPER ACTIONS,ON ROADWAY AT CROSSWALK,No,SUSPECTED SERIOUS INJURY,NONE,39.01797675,-77.00688918,"(39.01797675, -77.00688918)"
MCP2875001R,16013916,MONTGOMERY,Injury Crash,03/21/2016 08:25:00 PM,County,CRYSTAL ROCK DR,MIDDLEBROOK RD,,N/A,PEDESTRIAN,OTHER,CLEAR,DRY,DARK LIGHTS ON,TRAFFIC SIGNAL,UNKNOWN,NONE DETECTED,1F2A83CA-EAF3-47CB-B4B6-2021AC110960,PEDESTRIAN,Cross/Enter at Intersection,NO IMPROPER ACTIONS,SIDEWALK,No,NO APPARENT INJURY,N/A,39.17714,-77.26406833,"(39.17714, -77.26406833)"
MCP3099000H,180018105,Montgomery County Police,Injury Crash,04/13/2018 05:48:00 PM,County,WYNNFIELD DR,FATHER HURLEY BLVD,,N/A,BICYCLIST,SINGLE VEHICLE,CLEAR,DRY,DAYLIGHT,TRAFFIC SIGNAL,NONE DETECTED,NONE DETECTED,0B9A66E1-8DDA-407C-B06F-7023F00AB912,BICYCLIST,Cross/Enter at Intersection,NO IMPROPER ACTIONS,AT INTERSECTION MARKED CROSSWALK,No,SUSPECTED SERIOUS INJURY,NONE,39.18627,-77.27413833,"(39.18627, -77.27413833)"
MCP2339007L,220043893,Montgomery County Police,Injury Crash,10/07/2022 05:07:00 PM,County,PARKLAWN DR,TWINBROOK PKWY,,N/A,PEDESTRIAN,OTHER,CLEAR,DRY,DAYLIGHT,TRAFFIC SIGNAL,NONE DETECTED,NONE DETECTED,8F0D370D-24A6-4262-9E64-50C8AAC0B3E5,PEDESTRIAN,Cross/Enter at Intersection,FAILURE TO OBEY TRAFFIC SIGNS SIGNALS OR OFFICER,ON ROADWAY AT CROSSWALK,Yes,SUSPECTED MINOR INJURY,N/A,39.06147401,-77.1162619,"(39.06147401, -77.1162619)"
MCP3119003W,220046941,Montgomery County Police,Injury Crash,10/26/2022 06:55:00 AM,Other Public Roadway,APPLE RIDGE RD,BUHRSTONE DR,,N/A,PEDESTRIAN,OTHER,RAINING,WET,DUSK,OTHER,NONE DETECTED,NONE DETECTED,AA595B69-9E9E-4B48-B611-B9DFB4E4E688,PEDESTRIAN,Walking to/from school,NOT VISIBLE,UNKNOWN,Yes,SUSPECTED MINOR INJURY,NONE,39.14620767,-77.17068367,"(39.14620767, -77.17068367)"
MCP3060003Z,230003846,Montgomery County Police,Injury Crash,01/24/2023 08:04:00 AM,Maryland (State),WISCONSIN AVE,FAIRMONT AVE,,N/A,PEDESTRIAN,SINGLE VEHICLE,CLEAR,DRY,DAYLIGHT,NO CONTROLS,NONE DETECTED,UNKNOWN,26749C32-2CCC-4764-841F-E604FBDAED76,PEDESTRIAN,Cross/Enter not at Intersection,DART DASH,ON ROADWAY NOT AT CROSSWALK,Yes,SUSPECTED MINOR INJURY,NONE,38.98892487,-77.09526238,"(38.98892487, -77.09526238)"
MCP3005005D,200044401,Montgomery County Police,Injury Crash,11/10/2020 02:13:00 PM,,,,"THRU ROADWAY (COMMONLY REFERRED TO AS RING ROAD) AT 11160 VEIRS MILL ROAD, SILVER SPRING, MD, 20902",,PEDESTRIAN,OTHER,CLEAR,,DAYLIGHT,NO CONTROLS,NONE DETECTED,NONE DETECTED,07855E67-403E-4582-9927-4F341C5CBF23,PEDESTRIAN,Other,NO IMPROPER ACTIONS,ON ROADWAY AT CROSSWALK,No,POSSIBLE INJURY,NONE,39.03732667,-77.05743833,"(39.03732667, -77.05743833)"
MCP2965007T,230066664,Montgomery County Police,Property Damage Crash,11/16/2023 10:55:00 AM,,,,18316 VILLAGE CENTER DR.,,MACHINE OPERATOR/RIDER,SAME DIR REAR END,CLEAR,,DAYLIGHT,NO CONTROLS,NONE DETECTED,NONE DETECTED,0A01F2D0-D817-4ED3-96F0-016D70775222,MACHINE OPERATOR/RIDER,Getting off/on Vehicle,ENTERING EXITING PARKED STANDING VEHICLE,OTHER,No,NO APPARENT INJURY,NONE,39.15458667,-77.06462833,"(39.15458667, -77.06462833)"
MCP25630007,15047402,MONTGOMERY,Injury Crash,09/18/2015 02:47:00 PM,Maryland (State),UNIVERSITY BLVD E,LANGLEY DR,,N/A,PEDESTRIAN,SINGLE VEHICLE,CLEAR,DRY,DAYLIGHT,NO CONTROLS,NONE DETECTED,UNKNOWN,EF04ADEA-69A3-4B2E-934D-67AD32738F1A,PEDESTRIAN,Cross/Enter not at Intersection,UNKNOWN,ON ROADWAY NOT AT CROSSWALK,Unknown,SUSPECTED SERIOUS INJURY,NONE,39.00139743,-76.99550807,"(39.00139743, -76.99550807)"
EJ7902001S,250010737,GAITHERSBURG,Injury Crash,03/11/2025 08:40:00 PM,Maryland (State) Route,W DIAMOND AVE (WB/L),,,,Scooter (electric),Single Vehicle,Clear,Dry,Dark - Lighted,Traffic Control Signal,"Not Suspect of Alcohol Use, Not Suspect of Drug Use","Not Suspect of Alcohol Use, Not Suspect of Drug Use",7436BCB4-467C-45A8-90DA-038BAE708285,Scooter (electric),Cross/Enter at Intersection,None (No Improper Action),Intersection Marked Crosswalk,No,Suspected Minor Injury,None,39.14022667,-77.20504017,"(39.14022667, -77.20504017)"
MCP3387002P,250022656,MONTGOMERY,Injury Crash,05/22/2025 10:17:00 AM,,,,Alley        ALLEY BEHIND TECH RD SHOPPING CENTER,,Pedestrian,Single Vehicle,Rain,,Daylight,,"Not Suspect of Alcohol Use, Not Suspect of Drug Use","Not Suspect of Alcohol Use, Not Suspect of Drug Use",17284F14-4D3C-4DD0-B55E-2DE5DE9583D6,Pedestrian,Cross/Enter Not at Intersection,Failure to Yield Right-Of-Way,NonTrafficway Area,Yes,Suspected Minor Injury,None,39.05758728,-76.96672413,"(39.05758728, -76.96672413)"
DM8434001F,180026589,Takoma Park Police Depart,Injury Crash,05/30/2018 04:11:00 PM,,,,1329 UNIVERSITY BLVD PARKING LOT,,PEDESTRIAN,SINGLE VEHICLE,CLEAR,,DAYLIGHT,TRAFFIC SIGNAL,NONE DETECTED,N/A,1647B396-8991-4635-BE15-542B072E516A,PEDESTRIAN,Cross/Enter at Intersection,N/A,AT INTERSECTION BUT NO CROSSWALK,No,POSSIBLE INJURY,NONE,38.987715,-76.98637667,"(38.987715, -76.98637667)"
MCP30380015,17055073,Montgomery County Police,Injury Crash,12/24/2017 05:52:00 PM,Maryland (State),CONNECTICUT AVE,NEWLANDS ST,,CHEVY CHASE VILLAGE,PEDESTRIAN,OTHER,RAINING,WET,DARK LIGHTS ON,OTHER,N/A,N/A,D024CC40-B355-4BAE-AF63-EF1D4F34D4C3,PEDESTRIAN,Cross/Enter at Intersection,NO IMPROPER ACTIONS,AT INTERSECTION MARKED CROSSWALK,No,SUSPECTED MINOR INJURY,N/A,38.97367,-77.07696,"(38.97367, -77.07696)"
MCP271700BS,170505237,Montgomery County Police,Injury Crash,05/01/2017 01:05:00 PM,County,ALTA VISTA RD,OLD GEORGETOWN RD,,N/A,BICYCLIST,OTHER,CLEAR,DRY,DAYLIGHT,STOP SIGN,NONE DETECTED,NONE DETECTED,FF365E85-24CF-4BEE-AEC2-77F9AFE964DB,BICYCLIST,Cross/Enter at Intersection,FAILURE TO YIELD RIGHT OF WAY,ON ROADWAY AT CROSSWALK,Yes,SUSPECTED MINOR INJURY,MC/BIKE HELMET,39.00650933,-77.11167067,"(39.00650933, -77.11167067)"
DM83360021,180057890,Takoma Park Police Depart,Injury Crash,11/18/2018 06:22:00 PM,Maryland (State),CARROLL AVE,FLOWER AVE,,N/A,PEDESTRIAN,OTHER,CLOUDY,DRY,DARK LIGHTS ON,TRAFFIC SIGNAL,N/A,N/A,60F5E416-85D4-4B11-8B48-5821C492F648,PEDESTRIAN,Cross/Enter at Intersection,NO IMPROPER ACTIONS,ON ROADWAY AT CROSSWALK,No,POSSIBLE INJURY,N/A,38.98479211,-76.99848412,"(38.98479211, -76.99848412)"
MCP2622003M,220055900,Montgomery County Police,Injury Crash,12/17/2022 11:26:00 AM,Maryland (State),NEW HAMPSHIRE AVE,OAKVIEW DR,,N/A,PEDESTRIAN,OTHER,N/A,DRY,DAYLIGHT,TRAFFIC SIGNAL,NONE DETECTED,NONE DETECTED,94D1BC71-BA24-4380-9985-B42B2241DB80,PEDESTRIAN,Cross/Enter not at Intersection,INATTENTIVE,AT INTERSECTION MARKED CROSSWALK,Unknown,POSSIBLE INJURY,NONE,39.01543258,-76.97770007,"(39.01543258, -76.97770007)"
MCP3263003P,230052815,Montgomery County Police,Injury Crash,09/02/2023 03:45:00 PM,Maryland (State),WISCONSIN AVE,CHELTENHAM DR,,N/A,PEDESTRIAN,OTHER,CLEAR,DRY,DAYLIGHT,TRAFFIC SIGNAL,NONE DETECTED,NONE DETECTED,6BA8A300-A6D1-47F0-B78B-34DAE6CBE6B6,PEDESTRIAN,Cross/Enter at Intersection,NO IMPROPER ACTIONS,AT INTERSECTION MARKED CROSSWALK,No,POSSIBLE INJURY,NONE,38.98909,-77.095165,"(38.98909, -77.095165)"
MCP28460094,230064972,Montgomery County Police,Injury Crash,11/07/2023 06:10:00 PM,Maryland (State),UNIVERSITY BLVD W,REEDIE DR,,N/A,PEDESTRIAN,SINGLE VEHICLE,CLEAR,DRY,DARK NO LIGHTS,TRAFFIC SIGNAL,NONE DETECTED,NONE DETECTED,879F5EBA-AB62-4720-9920-925A1BA9B30B,PEDESTRIAN,Cross/Enter at Intersection,NO IMPROPER ACTIONS,ON ROADWAY AT CROSSWALK,No,SUSPECTED SERIOUS INJURY,NONE,39.03956833,-77.04312,"(39.03956833, -77.04312)"
MCP271700VW,210035169,Montgomery County Police,Injury Crash,09/07/2021 06:45:00 PM,County,FEATHERWOOD ST,OLD COLUMBIA PIKE,,N/A,PEDESTRIAN,OTHER,CLEAR,DRY,DAYLIGHT,NO CONTROLS,NONE DETECTED,NONE DETECTED,3A4A27C5-EE1E-47D3-985E-8A862F578BDC,PEDESTRIAN,Cross/Enter not at Intersection,DART DASH,ON ROADWAY NOT AT CROSSWALK,Yes,SUSPECTED MINOR INJURY,NONE,39.05852167,-76.972864,"(39.05852167, -76.972864)"
DM83880036,190049396,Takoma Park Police Depart,Injury Crash,10/15/2019 08:30:00 AM,Municipality,MAPLE AVE,SLIGO CREEK PKWY,,N/A,BICYCLIST,STRAIGHT MOVEMENT ANGLE,CLEAR,DRY,DAYLIGHT,STOP SIGN,NONE DETECTED,NONE DETECTED,421F4BA9-8CB0-4AAE-83D2-BB6414FA581E,BICYCLIST,Walking/Riding w/Traffic,FAILURE TO OBEY TRAFFIC SIGNS SIGNALS OR OFFICER,ON ROADWAY NOT AT CROSSWALK,Yes,POSSIBLE INJURY,MC/BIKE HELMET,38.98772,-77.00354,"(38.98772, -77.00354)"