Report Number,Local Case Number,Agency Name,ACRS Report Type,Crash Date/Time,Route Type,Road Name,Cross-Street Name,Off-Road Description,Municipality,Related Non-Motorist,Collision Type,Weather,Surface Condition,Light,Traffic Control,Driver Substance Abuse,Non-Motorist Substance Abuse,Person ID,Pedestrian Type,Pedestrian Movement,Pedestrian Actions,Pedestrian Location,At Fault,Injury Severity,Safety Equipment,Latitude,Longitude,Location
MCP28860016,16002214,Montgomery County Police,Injury Crash,01/12/2016 05:36:00 PM,Maryland (State),GEORGIA AVE,ENT TO APTS,,N/A,PEDESTRIAN,SINGLE VEHICLE,CLOUDY,N/A,DARK NO LIGHTS,NO CONTROLS,NONE DETECTED,NONE DETECTED,A9C80955-0B94-42BB-88E2-406EDC20B00F,PEDESTRIAN,Cross/Enter at Intersection,DART DASH,ON ROADWAY NOT AT CROSSWALK,Yes,POSSIBLE INJURY,NONE,39.08771167,-77.07945667,"(39.08771167, -77.07945667)"
MCP263900C8,210021006,Montgomery County Police,Injury Crash,06/03/2021 08:21:00 AM,Maryland (State),GEORGIA AVE,GEORGIAN WAY,,N/A,BICYCLIST,STRAIGHT MOVEMENT ANGLE,CLOUDY,WET,DAYLIGHT,NO CONTROLS,NONE DETECTED,NONE DETECTED,55DC5794-CEC4-4FCF-B5B0-DBC19A429BCA,BICYCLIST,Walking/Cycling on Sidewalk,NO IMPROPER ACTIONS,SIDEWALK,No,POSSIBLE INJURY,NONE,39.05428667,-77.05048833,"(39.05428667, -77.05048833)"
MCP2636000T,180033019,Montgomery County Police,Injury Crash,07/04/2018 06:09:00 PM,,,,PARKING LOT OF TARGET LOCATED AT 12000 CHERRY HILL ROAD,,PEDESTRIAN,OTHER,N/A,,DAYLIGHT,N/A,NONE DETECTED,NONE DETECTED,D8952A20-5498-4FF0-9E2D-694ECB57E401,PEDESTRIAN,Standing,NO IMPROPER ACTIONS,CURB,No,SUSPECTED SERIOUS INJURY,NONE,39.05196838,-76.95608497,"(39.05196838, -76.95608497)"
EJ7888002Z,220045189,Gaithersburg Police Depar,Injury Crash,10/15/2022 07:55:00 AM,County,MUDDY BRANCH RD,W DEER PARK RD,,GAITHERSBURG,OTHER,OTHER,CLEAR,DRY,DAYLIGHT,NO CONTROLS,NONE DETECTED,NONE DETECTED,0F2FB106-E69F-4914-81A6-0F74EB3D4FB6,OTHER,Walking/Riding w/Traffic,NO IMPROPER ACTIONS,ON ROADWAY NOT AT CROSSWALK,No,SUSPECTED MINOR INJURY,MC/BIKE HELMET,39.13549523,-77.20560648,"(39.13549523, -77.20560648)"
MCP13780084,15051294,MONTGOMERY,Injury Crash,10/09/2015 05:47:00 PM,Maryland (State),FREDERICK RD,CHRISTOPHER AVE,,GAITHERSBURG,BICYCLIST,SINGLE VEHICLE,CLOUDY,DRY,DAYLIGHT,NO CONTROLS,NONE DETECTED,NONE DETECTED,1252C8A6-4CD9-4A27-9A7B-E8927B23BDEC,BICYCLIST,Walking/Cycling on Sidewalk,WRONG WAY RIDING OR WALKING,ON ROADWAY NOT AT CROSSWALK,Yes,SUSPECTED MINOR INJURY,NONE,39.15746722,-77.21754134,"(39.15746722, -77.21754134)"
MCP32960014,220018844,Montgomery County Police,Injury Crash,05/03/2022 07:13:00 PM,,,,PARKING LOT IN FRONT OF 1707 JANUARY DR.,,PEDESTRIAN,SAME DIR REAR END,CLEAR,,DUSK,NO CONTROLS,,NONE DETECTED,C6389EAD-6444-4571-B7B4-3D23E8F22A50,PEDESTRIAN,Push/Work on Vehicle,DISABLED VEHICLE RELATED,OTHER,Unknown,SUSPECTED SERIOUS INJURY,NONE,39.04665833,-76.97653333,"(39.04665833, -76.97653333)"
DM83780011,170543250,Takoma Park Police Depart,Injury Crash,11/16/2017 05:30:00 PM,Municipality,MAPLE AVE,PHILADELPHIA AVE,,N/A,PEDESTRIAN,SINGLE VEHICLE,CLEAR,DRY,DARK LIGHTS ON,TRAFFIC SIGNAL,NONE DETECTED,NONE DETECTED,CDF53EF1-D6DC-4159-AE88-D1639C066824,PEDESTRIAN,Cross/Enter at Intersection,NOT VISIBLE,ON ROADWAY AT CROSSWALK,Unknown,POSSIBLE INJURY,UNKNOWN,38.98111,-77.01016667,"(38.98111, -77.01016667)"
MCP3294002K,240052715,MONTGOMERY,Injury Crash,11/02/2024 07:30:00 PM,County Route,LOST KNIFE RD (NB/L),,,,Pedestrian,Single Vehicle,Clear,Dry,Dark - Lighted,Pedestrian Crossing,"Unknown, Unknown","Not Suspect of Alcohol Use, Not Suspect of Drug Use",9ACAAAF1-06A1-4ED2-8565-F32B8FB7C5D0,Pedestrian,Other,None (No Improper Action),Intersection Marked Crosswalk,No,Suspected Minor Injury,None,39.15366994,-77.19947144,"(39.15366994, -77.19947144)"
MCP30170018,200022101,Montgomery County Police,Injury Crash,06/04/2020 10:16:00 PM,County,GOSHEN RD,BRAMBLE BUSH DR,,N/A,PEDESTRIAN,OTHER,RAINING,WET,DARK -- UNKNOWN LIGHTING,NO CONTROLS,UNKNOWN,NONE DETECTED,8B5FDDF2-7462-42D1-A79F-1D2602168811,PEDESTRIAN,Walking/Riding against Traffic,NOT VISIBLE,SHOULDER,No,SUSPECTED MINOR INJURY,NONE,39.18006667,-77.18925833,"(39.18006667, -77.18925833)"
MCP28820025,170529585,Montgomery County Police,Injury Crash,09/09/2017 12:30:00 PM,Municipality,SCHOOL DR,MUDDY BRANCH RD,,N/A,PEDESTRIAN,SINGLE VEHICLE,CLEAR,DRY,DAYLIGHT,STOP SIGN,UNKNOWN,NONE DETECTED,6E8CB83B-A39D-4DF6-AFA2-3EBFFF49FCC1,PEDESTRIAN,Cross/Enter at Intersection,NO IMPROPER ACTIONS,AT INTERSECTION MARKED CROSSWALK,No,SUSPECTED MINOR INJURY,REFLECTIVE CLOTHING,39.11765599,-77.21704245,"(39.11765599, -77.21704245)"
MCP1174002Q,170548958,Montgomery County Police,Injury Crash,12/16/2017 12:49:00 PM,,,,"6930  ARLINGTON ROAD  BETHESDA, MD. 20814",,PEDESTRIAN,OTHER,CLEAR,,DAYLIGHT,NO CONTROLS,NONE DETECTED,NONE DETECTED,4D0D4DF1-24E8-418E-B668-54DB3E5AD88F,PEDESTRIAN,Other,NO IMPROPER ACTIONS,OTHER,No,POSSIBLE INJURY,NONE,38.9786777,-77.09883213,"(38.9786777, -77.09883213)"
MCP3050002H,180035990,Montgomery County Police,Injury Crash,07/20/2018 04:30:00 PM,County,BEL PRE RD,CONNECTICUT AVE,,N/A,PEDESTRIAN,SINGLE VEHICLE,CLEAR,DRY,DAYLIGHT,OTHER,NONE DETECTED,NONE DETECTED,A432D11C-75EA-4357-A558-3B09FA6E4987,PEDESTRIAN,Cross/Enter at Intersection,NO IMPROPER ACTIONS,ON ROADWAY AT CROSSWALK,No,POSSIBLE INJURY,NONE,39.09174167,-77.06588167,"(39.09174167, -77.06588167)"
MCP2830006F,230028047,Montgomery County Police,Injury Crash,06/11/2023 09:52:00 AM,Maryland (State),ASHTON RD,MINK HOLLOW RD,,N/A,BICYCLIST,SAME DIR REAR END,CLEAR,DRY,DAYLIGHT,NO CONTROLS,NONE DETECTED,NONE DETECTED,2DFC9666-AC96-4A62-8296-B09BE840E025,BICYCLIST,Walking/Riding w/Traffic,UNKNOWN,SHOULDER,No,SUSPECTED SERIOUS INJURY,MC/BIKE HELMET,39.15641924,-76.99754572,"(39.15641924, -76.99754572)"
MCP2583004K,250003570,MONTGOMERY,Injury Crash,01/25/2025 02:32:00 PM,County Route,FINEGAN FARM DR,,,,Scooter (electric),Single Vehicle,Clear,Ice/Frost,Daylight,No Controls,"Not Suspect of Alcohol Use, Not Suspect of Drug Use","Not Suspect of Alcohol Use, Not Suspect of Drug Use",9A76F68F-8853-4512-BB26-2ABBF5F7BC47,Scooter (electric),Walking/Cycling Along Roadway Against Traffic (In or Adjacent to Travel Lane),Unknown,Travel Lane Other Location,No,Suspected Minor Injury,Unknown,39.10148117,-77.32793333,"(39.10148117, -77.32793333)"
MCP209400L9,230004121,Montgomery County Police,Injury Crash,01/25/2023 03:13:00 PM,County,WOODMONT AVE,ELM ST,,N/A,PEDESTRIAN,OTHER,CLOUDY,WET,DAYLIGHT,TRAFFIC SIGNAL,UNKNOWN,NONE DETECTED,C4034FAF-6571-4D2F-B73F-E936EC177560,PEDESTRIAN,Cross/Enter at Intersection,NO IMPROPER ACTIONS,ON ROADWAY AT CROSSWALK,No,SUSPECTED SERIOUS INJURY,NONE,38.98224667,-77.09599333,"(38.98224667, -77.09599333)"
DM8492001H,230067301,Takoma Park Police Depart,Injury Crash,11/19/2023 09:01:00 PM,Maryland (State),ETHAN ALLEN AVE,JACKSON AVE,,TAKOMA PARK,PEDESTRIAN,SINGLE VEHICLE,CLEAR,DRY,DARK LIGHTS ON,STOP SIGN,N/A,N/A,E03EE11B-0141-4D9D-B43B-195736441DD9,PEDESTRIAN,Cross/Enter at Intersection,N/A,ON ROADWAY AT CROSSWALK,No,POSSIBLE INJURY,NONE,38.97797936,-77.00163372,"(38.97797936, -77.00163372)"
EJ7905001W,240055656,GAITHERSBURG,Injury Crash,11/20/2024 12:05:00 PM,,,,Parking Lot Way        ENTRANCE WAY,,Pedestrian,Single Vehicle,Clear,,Daylight,,"Not Suspect of Alcohol Use, Not Suspect of Drug Use","Not Suspect of Alcohol Use, Not Suspect of Drug Use",11056447-6E1F-4A65-9B22-77AC483ABFAC,Pedestrian,Other,None (No Improper Action),Driveway Access,No,Possible Injury,None,39.11414213,-77.18632317,"(39.11414213, -77.18632317)"
MCP2472001G,15049116,MONTGOMERY,Injury Crash,09/28/2015 09:05:00 AM,,,,In parking lot of 1580 Rockville Pike,,PEDESTRIAN,SINGLE VEHICLE,CLOUDY,,DAYLIGHT,N/A,NONE DETECTED,NONE DETECTED,ABCB0453-FD4F-4429-8873-B031BD3DCE58,PEDESTRIAN,Other,NO IMPROPER ACTIONS,OTHER,No,SUSPECTED MINOR INJURY,NONE,39.00172167,-77.109705,"(39.00172167, -77.109705)"
MCP3264003K,230005086,Montgomery County Police,Injury Crash,01/31/2023 01:00:00 PM,Maryland (State),GEORGIA AVE,FENWICK LA,,N/A,PEDESTRIAN,OTHER,RAINING,WET,DAYLIGHT,NO CONTROLS,NONE DETECTED,NONE DETECTED,E038A52D-4581-4ADC-9C0D-6EB8C1B59031,PEDESTRIAN,Cross/Enter at Intersection,NO IMPROPER ACTIONS,ON ROADWAY AT CROSSWALK,No,POSSIBLE INJURY,NONE,38.9983479,-77.0305945,"(38.9983479, -77.0305945)"
EJ7876002V,200041001,Gaithersburg Police Depar,Injury Crash,10/17/2020 07:00:00 PM,County,GOSHEN RD,ODENDHAL AVE,,GAITHERSBURG,BICYCLIST,OTHER,CLEAR,DRY,DARK LIGHTS ON,TRAFFIC SIGNAL,NONE DETECTED,NONE DETECTED,1185B870-A510-4743-AABB-DDFE09A57AF0,BICYCLIST,Cross/Enter at Intersection,NO IMPROPER ACTIONS,ON ROADWAY AT CROSSWALK,No,POSSIBLE INJURY,NONE,39.1525673,-77.19280328,"(39.1525673, -77.19280328)"
MCP271700SD,200034582,Montgomery County Police,Injury Crash,09/03/2020 08:30:00 PM,Maryland (State),UNIVERSITY BLVD W,ST PAUL ST,,N/A,PEDESTRIAN,OTHER,CLOUDY,WET,DARK LIGHTS ON,NO CONTROLS,NONE DETECTED,NONE DETECTED,AB9C199A-21B0-4919-97C4-99FC5E83E4EF,PEDESTRIAN,Cross/Enter at Intersection,NO IMPROPER ACTIONS,ON ROADWAY AT CROSSWALK,No,SUSPECTED MINOR INJURY,NONE,38.99764383,-77.10979817,"(38.99764383, -77.10979817)"
MCP25310012,180008862,Montgomery County Police,Injury Crash,02/20/2018 06:08:00 PM,,,,PARKING LOT OF 15 SCHOOL DR,,PEDESTRIAN,SINGLE VEHICLE,N/A,,DARK LIGHTS ON,N/A,N/A,N/A,A5660A69-82EB-4508-A8A3-5AD3D535B886,PEDESTRIAN,Playing,IN ROADWAY IMPROPERLY,OTHER,Yes,SUSPECTED SERIOUS INJURY,NONE,39.11929167,-77.21424667,"(39.11929167, -77.21424667)"
DD5540001X,220031080,Rockville Police Departme,Injury Crash,07/19/2022 03:55:00 PM,,,,PARKING LOT 1683 ROCKVILLE PIKE,,PEDESTRIAN,SINGLE VEHICLE,CLEAR,,DAYLIGHT,NO CONTROLS,NONE DETECTED,NONE DETECTED,AB460B3F-9A81-4456-93B8-3098A41FE8CA,PEDESTRIAN,Other,NO IMPROPER ACTIONS,N/A,No,SUSPECTED MINOR INJURY,N/A,39.07429441,-77.13723376,"(39.07429441, -77.13723376)"
MCP2708007Q,220025421,Montgomery County Police,Injury Crash,06/13/2022 03:58:00 PM,County,GREENWOOD AVE,PINEY BRANCH RD,,N/A,PEDESTRIAN,HEAD ON LEFT TURN,CLEAR,DRY,DAYLIGHT,TRAFFIC SIGNAL,NONE DETECTED,NONE DETECTED,8944645C-8B3D-4718-A906-1A81DB0C2AD4,PEDESTRIAN,Cross/Enter at Intersection,NO IMPROPER ACTIONS,ON ROADWAY AT CROSSWALK,No,SUSPECTED MINOR INJURY,NONE,38.99822301,-77.00215043,"(38.99822301, -77.00215043)"
MCP3374000Y,230032202,Montgomery County Police,Injury Crash,07/06/2023 02:15:00 PM,,,,PARKING LOT EXIT BEHIND RESTARAUNTS ON THE HILLS PLAZA AND WILLARD AVE,,PEDESTRIAN,HEAD ON,CLEAR,,DAYLIGHT,NO CONTROLS,NONE DETECTED,NONE DETECTED,67A254D2-BFCB-4506-AC2B-EF8028B97473,PEDESTRIAN,Walking/Cycling on Sidewalk,NO IMPROPER ACTIONS,SIDEWALK,No,SUSPECTED MINOR INJURY,NONE,38.96197167,-77.08794167,"(38.96197167, -77.08794167)"
MCP235800CY,240038880,MONTGOMERY,Property Damage Crash,08/09/2024 10:00:00 AM,Maryland (State) Route,WISCONSIN AVE (SB/L),,,,Pedestrian,Single Vehicle,Clear,Dry,Daylight,No Controls,"Unknown, Unknown","Not Suspect of Alcohol Use, Not Suspect of Drug Use",D23D4A01-F42F-48C1-A59C-5A6F01D1E9C8,Pedestrian,Walking/Cycling on Sidewalk,None (No Improper Action),Sidewalk,No,No Apparent Injury,None,38.97563932,-77.09023673,"(38.97563932, -77.09023673)"
MCP2771001C,220045999,Montgomery County Police,Property Damage Crash,10/20/2022 07:58:00 AM,Maryland (State),GEORGIA AVE,BEL PRE RD,,N/A,PEDESTRIAN,STRAIGHT MOVEMENT ANGLE,CLEAR,DRY,DAYLIGHT,NO CONTROLS,N/A,N/A,564B8296-F40B-429B-BE30-9B4CB880F365,PEDESTRIAN,Cross/Enter not at Intersection,DART DASH,ON ROADWAY NOT AT CROSSWALK,Yes,NO APPARENT INJURY,NONE,39.05838333,-77.04797667,"(39.05838333, -77.04797667)"
MCP2080000D,170520175,Montgomery County Police,Property Damage Crash,07/20/2017 02:27:00 PM,,,,PARKING LOT 13661 CONNECTICUT AVE,,OTHER,OTHER,N/A,,DAYLIGHT,N/A,UNKNOWN,NONE DETECTED,234C6078-B3A4-4F12-864D-9F1A368CE4E9,OTHER,N/A,NO IMPROPER ACTIONS,N/A,No,NO APPARENT INJURY,N/A,39.07840838,-77.0797348,"(39.07840838, -77.0797348)"
MCP271700X4,220024969,Montgomery County Police,Injury Crash,06/10/2022 05:45:00 PM,Maryland (State),ROCKVILLE PIKE,WOOTTON PKWY,,ROCKVILLE,PEDESTRIAN,OTHER,CLEAR,DRY,DAYLIGHT,NO CONTROLS,NONE DETECTED,NONE DETECTED,80F0E87C-AAC1-4EB4-B26E-842B1FF3FB10,PEDESTRIAN,Cross/Enter at Intersection,NO IMPROPER ACTIONS,AT INTERSECTION BUT NO CROSSWALK,No,SUSPECTED MINOR INJURY,NONE,39.0756735,-77.13801,"(39.0756735, -77.13801)"
MCP32450043,230004325,Montgomery County Police,Injury Crash,01/26/2023 04:18:00 PM,County,FLOWER HILL WAY,MOUNTAIN LAUREL LA,,N/A,PEDESTRIAN,N/A,CLEAR,DRY,DAYLIGHT,NO CONTROLS,NONE DETECTED,NONE DETECTED,0DC6EFEE-EB96-4305-9615-6FDFA9F9BE40,PEDESTRIAN,Cross/Enter at Intersection,NO IMPROPER ACTIONS,ON ROADWAY AT CROSSWALK,No,SUSPECTED MINOR INJURY,NONE,39.16172543,-77.17262688,"(39.16172543, -77.17262688)"
MCP2948005L,220039398,Montgomery County Police,Property Damage Crash,09/10/2022 06:00:00 PM,Maryland (State),VEIRS MILL RD,RANDOLPH RD,,N/A,OTHER CONVEYANCE,STRAIGHT MOVEMENT ANGLE,CLEAR,DRY,DAYLIGHT,TRAFFIC SIGNAL,N/A,N/A,1311A1FB-3D3F-477D-8524-9FFB890B8EEA,OTHER CONVEYANCE,Cross/Enter at Intersection,FAILURE TO YIELD RIGHT OF WAY,AT INTERSECTION MARKED CROSSWALK,Yes,NO APPARENT INJURY,N/A,39.05605833,-77.08309333,"(39.05605833, -77.08309333)"
MCP2966002C,16038619,Montgomery County Police,Property Damage Crash,07/30/2016 08:54:00 PM,Maryland (State),GEORGIA AVE,CONNECTICUT AVE,,N/A,PEDESTRIAN,SINGLE VEHICLE,RAINING,WET,DARK LIGHTS ON,NO CONTROLS,NONE DETECTED,NONE DETECTED,46E15E94-9B72-4C35-AE75-157C1E4DB080,PEDESTRIAN,Cross/Enter not at Intersection,DART DASH,ON ROADWAY NOT AT CROSSWALK,Yes,NO APPARENT INJURY,NONE,39.08308,-77.078195,"(39.08308, -77.078195)"
MCP9442000X,170510900,Montgomery County Police,Injury Crash,05/31/2017 02:06:00 PM,County,REDLAND RD,MUNCASTER MILL RD,,N/A,PEDESTRIAN,OTHER,CLEAR,DRY,DAYLIGHT,NO CONTROLS,NONE DETECTED,NONE DETECTED,A9C17BD1-E070-418D-A149-7358DC3AEF0F,PEDESTRIAN,Other,IN ROADWAY IMPROPERLY,ON ROADWAY NOT AT CROSSWALK,Yes,POSSIBLE INJURY,N/A,39.167925,-77.20516333,"(39.167925, -77.20516333)"
EJ7863000J,16051956,Gaithersburg Police Depar,Injury Crash,10/09/2016 05:51:00 PM,Maryland (State),GREAT SENECA HWY,QUINCE ORCHARD RD,,N/A,BICYCLIST,OTHER,CLEAR,DRY,N/A,TRAFFIC SIGNAL,NONE DETECTED,NONE DETECTED,3354E04E-FEF9-4D97-A44F-718538A79466,BICYCLIST,Cross/Enter at Intersection,NO IMPROPER ACTIONS,ON ROADWAY AT CROSSWALK,Yes,SUSPECTED SERIOUS INJURY,NONE,39.12861167,-77.23781167,"(39.12861167, -77.23781167)"
MCP31480019,190022260,Montgomery County Police,Injury Crash,05/11/2019 03:23:00 PM,County,WOODMONT AVE,BETHESDA AVE,,N/A,BICYCLIST,SAME DIRECTION LEFT TURN,CLEAR,WET,DAYLIGHT,NO CONTROLS,UNKNOWN,NONE DETECTED,E935F64F-BC9B-4818-B13C-3B07DCDEC9B3,BICYCLIST,Walking/Riding w/Traffic,FAILURE TO YIELD RIGHT OF WAY,IN BIKEWAY,Yes,SUSPECTED MINOR INJURY,UNKNOWN,38.98130658,-77.09555168,"(38.98130658, -77.09555168)"
MCP3004000C,16007966,Montgomery County Police,Injury Crash,02/17/2016 12:39:00 PM,,,,"10401 GROSVENOR PLACE ROCKVILLE, MD 20852
INCIDENT OCCURED IN GROSVENOR MARKET'S  PARKING LOT",,PEDESTRIAN,OTHER,CLEAR,,DAYLIGHT,N/A,NONE DETECTED,NONE DETECTED,6E807B2D-C0E7-48E9-A07E-B5AEFDF4B9B7,PEDESTRIAN,Other,NOT VISIBLE,OTHER,No,SUSPECTED MINOR INJURY,NONE,39.02716042,-77.10655689,"(39.02716042, -77.10655689)"
MCP2966001F,16001609,Montgomery County Police,Injury Crash,01/09/2016 01:28:00 PM,,,,CVS/KOREAN KORNER PARKING LOT-VEIRS MILL RD/RANDOLPH RD,,PEDESTRIAN,OTHER,RAINING,,DAYLIGHT,NO CONTROLS,NONE DETECTED,ALCOHOL CONTRIBUTED,1965E660-0C42-43E5-BF58-D8E80FD60ACE,PEDESTRIAN,Other,INATTENTIVE,OTHER,No,SUSPECTED MINOR INJURY,NONE,39.05744,-77.08330333,"(39.05744, -77.08330333)"
MCP2094004S,15021276,Montgomery County Police,Injury Crash,05/05/2015 11:05:00 AM,Maryland (State),BRADLEY LA,WISCONSIN AVE,,N/A,PEDESTRIAN,OTHER,CLEAR,DRY,DAYLIGHT,TRAFFIC SIGNAL,NONE DETECTED,NONE DETECTED,4706679A-0EB1-406B-9313-EA15825CFB4C,PEDESTRIAN,Cross/Enter at Intersection,NO IMPROPER ACTIONS,ON ROADWAY AT CROSSWALK,,POSSIBLE INJURY,N/A,38.97723333,-77.09056,"(38.97723333, -77.09056)"
EJ7895002T,220044439,Gaithersburg Police Depar,Injury Crash,10/11/2022 01:55:00 PM,,,,KAISER PERMANENTE PARKING LOT- 655 WATKINS MILL ROAD,,PEDESTRIAN,STRAIGHT MOVEMENT ANGLE,CLEAR,,DAYLIGHT,STOP SIGN,NONE DETECTED,NONE DETECTED,001E0018-D749-4BDF-A781-3B1B34C8BA4F,PEDESTRIAN,Cross/Enter at Intersection,NO IMPROPER ACTIONS,ON ROADWAY AT CROSSWALK,No,SUSPECTED MINOR INJURY,NONE,39.15680213,-77.22116675,"(39.15680213, -77.22116675)"
MCP2601001P,240057340,MONTGOMERY,Injury Crash,11/30/2024 02:36:00 PM,US (State),,,,,Cyclist (Electric),Single Vehicle,Clear,Dry,Daylight,No Controls,"Not Suspect of Alcohol Use, Not Suspect of Drug Use","Not Suspect of Alcohol Use, Not Suspect of Drug Use",0D0B630B-604A-417B-8A61-7169EBF45B4F,Cyclist (Electric),Walking/Cycling on Sidewalk,None (No Improper Action),Driveway Access,No,Suspected Minor Injury,None,38.99625798,-77.02781278,"(38.99625798, -77.02781278)"
MCP3432000N,240044034,MONTGOMERY,Injury Crash,09/16/2024 07:39:00 AM,County Route,DALEWOOD DR,,,,Pedestrian,Single Vehicle,Clear,Dry,Daylight,No Controls,"Not Suspect of Alcohol Use, Not Suspect of Drug Use","Not Suspect of Alcohol Use, Not Suspect of Drug Use",7BEE2CBA-97EF-473A-BC56-705C999ADE11,Pedestrian,Cross/Enter Not at Intersection,"Dart/Dash, In Roadway Improperly (Standing, Lying, Working, Playing)",Travel Lane Other Location,No,Suspected Minor Injury,None,39.06223785,-77.06695588,"(39.06223785, -77.06695588)"
MCP2877009S,220022976,Montgomery County Police,Property Damage Crash,05/29/2022 11:00:00 AM,County,GLEN RD,S GLEN RD,,N/A,BICYCLIST,SAME DIR REAR END,CLEAR,DRY,DAYLIGHT,STOP SIGN,NONE DETECTED,NONE DETECTED,39420612-269C-4543-81CD-D3D4E8997F73,BICYCLIST,Walking/Riding w/Traffic,OTHER,ON ROADWAY NOT AT CROSSWALK,Yes,NO APPARENT INJURY,MC/BIKE HELMET,39.04605037,-77.21778643,"(39.04605037, -77.21778643)"
DD5612006C,240056270,ROCKVILLE,Injury Crash,11/23/2024 03:45:00 PM,Municipality Route,THOMPSON AVE,CHAPMAN AVE,,,Cyclist (non-electric),Single Vehicle,Clear,Dry,Daylight,Stop Sign,"Unknown, Unknown","Not Suspect of Alcohol Use, Not Suspect of Drug Use",94CA0388-7522-4785-A280-EE0088536533,Cyclist (non-electric),Walking/Cycling Along Roadway With Traffic (In or Adjacent to Travel Lane),Unknown,Travel Lane Other Location,No,Possible Injury,None,39.06010941,-77.12020638,"(39.06010941, -77.12020638)"
MCP2398001D,17016355,Montgomery County Police,Injury Crash,03/31/2017 01:13:00 PM,,,,PARKING LOT 9136 GAITHER RD,,PEDESTRIAN,OTHER,RAINING,,DAYLIGHT,NO CONTROLS,NONE DETECTED,NONE DETECTED,FCDDF913-5814-4DF4-B36E-BC4DE3689CE7,PEDESTRIAN,Other Working,OTHER,OTHER,Unknown,POSSIBLE INJURY,NONE,39.11607178,-77.18831862,"(39.11607178, -77.18831862)"
MCP20010009,15043165,MONTGOMERY,Fatal Crash,08/28/2015 06:15:00 AM,Maryland (State),MASSACHUSETTS AVE,OSCEOLA RD,,N/A,BICYCLIST,SAME DIR REAR END,CLEAR,DRY,DAWN,N/A,NONE DETECTED,NONE DETECTED,D966313B-B6D2-4340-9624-13D9336F0002,BICYCLIST,Walking/Riding w/Traffic,UNKNOWN,SHOULDER,No,FATAL INJURY,MC/BIKE HELMET,38.96492,-77.12308833,"(38.96492, -77.12308833)"
DD5605007R,200008087,Rockville Police Departme,Property Damage Crash,02/18/2020 12:00:00 PM,Municipality,E GUDE DR,ROTHGEB DR,,ROCKVILLE,PEDESTRIAN,OTHER,CLEAR,DRY,DAYLIGHT,TRAFFIC SIGNAL,NONE DETECTED,NONE DETECTED,4C2D7F9B-06C0-4CD0-A1C7-1F97CD8F7BA1,PEDESTRIAN,Cross/Enter at Intersection,NO IMPROPER ACTIONS,ON ROADWAY AT CROSSWALK,No,NO APPARENT INJURY,N/A,39.09601283,-77.13369633,"(39.09601283, -77.13369633)"
MCP2917001Z,170534983,Montgomery County Police,Injury Crash,10/05/2017 07:09:00 PM,,,,PARKING LOT OF 3111 HEWITT AVE,,PEDESTRIAN,OTHER,CLEAR,,DARK NO LIGHTS,NO CONTROLS,NONE DETECTED,NONE DETECTED,07A4251F-98A3-458A-BF72-02D3811BCA58,PEDESTRIAN,Other,DART DASH,ON ROADWAY NOT AT CROSSWALK,Yes,SUSPECTED MINOR INJURY,NONE,39.08025523,-77.06376761,"(39.08025523, -77.06376761)"
MCP2048001F,170528029,Montgomery County Police,Injury Crash,08/31/2017 06:00:00 PM,County,RANDOLPH RD,BREGMAN RD,,N/A,BICYCLIST,OTHER,CLEAR,DRY,DAYLIGHT,NO CONTROLS,NONE DETECTED,NONE DETECTED,7FFBD7BF-7C87-443A-A1FA-2192C573AFAD,BICYCLIST,Cross/Enter at Intersection,FAILURE TO YIELD RIGHT OF WAY,OUTSIDE RIGHT OF WAY,Yes,SUSPECTED MINOR INJURY,N/A,39.07501833,-77.00487667,"(39.07501833, -77.00487667)"
MCP29650023,170514547,Montgomery County Police,Injury Crash,06/19/2017 02:24:00 PM,County,MORNINGWOOD DR,MORNINGWOOD CT,,N/A,OTHER,SAME DIRECTION SIDESWIPE,CLEAR,DRY,DAYLIGHT,NO CONTROLS,NONE DETECTED,NONE DETECTED,A4A4D679-60F4-4CBF-8AFF-426C6C31CF4B,OTHER,Other,NO IMPROPER ACTIONS,CURB,No,POSSIBLE INJURY,NONE,39.15071167,-77.08828333,"(39.15071167, -77.08828333)"
DD5583006V,210052325,Rockville Police Departme,Injury Crash,12/23/2021 12:11:00 PM,Maryland (State),HUNGERFORD DR,BEALL AVE #2,,ROCKVILLE,PEDESTRIAN,SINGLE VEHICLE,CLEAR,DRY,DAYLIGHT,NO CONTROLS,NONE DETECTED,NONE DETECTED,0A2D88EA-6A84-4738-A6C0-2C2C3F19B947,PEDESTRIAN,Walking/Cycling on Sidewalk,NO IMPROPER ACTIONS,DRIVEWAY ACCESS MARKED CROSSWALK,No,SUSPECTED MINOR INJURY,N/A,39.08715583,-77.150315,"(39.08715583, -77.150315)"
DD561500CL,220023561,Rockville Police Departme,Injury Crash,06/02/2022 09:00:00 AM,,,,"PARKING LOT OF 250 RICHARD MONTGOMERY DR ROCKVILLE, MARYLAND",,PEDESTRIAN,SINGLE VEHICLE,CLEAR,,DAYLIGHT,NO CONTROLS,NONE DETECTED,NONE DETECTED,EE03D31E-0D42-4803-947A-C10BA609BC3E,PEDESTRIAN,Walking to/from school,DART DASH,OTHER,No,NO APPARENT INJURY,NONE,39.07936509,-77.14508319,"(39.07936509, -77.14508319)"