Report Number,Local Case Number,Agency Name,ACRS Report Type,Crash Date/Time,Route Type,Road Name,Cross-Street Name,Off-Road Description,Municipality,Related Non-Motorist,Collision Type,Weather,Surface Condition,Light,Traffic Control,Driver Substance Abuse,Non-Motorist Substance Abuse,Person ID,Pedestrian Type,Pedestrian Movement,Pedestrian Actions,Pedestrian Location,At Fault,Injury Severity,Safety Equipment,Latitude,Longitude,Location
MCP28290061,190029046,Montgomery County Police,Property Damage Crash,06/18/2019 07:18:00 AM,,,,RAMP ENTRANCE TO THE PARKING LOT OF 8555 16TH STREET,,PEDESTRIAN,OTHER,CLOUDY,,DAYLIGHT,NO CONTROLS,UNKNOWN,NONE DETECTED,7A6D0B3E-E754-4460-A372-95C7C4154921,PEDESTRIAN,Cross/Enter not at Intersection,NO IMPROPER ACTIONS,SIDEWALK,No,NO APPARENT INJURY,NONE,38.99579,-77.03594833,"(38.99579, -77.03594833)"
MCP9419004R,230052006,Montgomery County Police,Injury Crash,08/29/2023 02:00:00 PM,,,,"VEIP TESTING CENTER
15910 CHIEFTAIN AVE
DERWOOD MD 20855",,OTHER,SAME DIR REAR END,CLEAR,,DAYLIGHT,N/A,,NONE DETECTED,EEB1D2F0-0139-453B-8321-D30FC01D3FB7,OTHER,Other,OTHER,INSIDE BUILDING,No,POSSIBLE INJURY,NONE,39.118105,-77.16199333,"(39.118105, -77.16199333)"
MCP2937003Q,200011898,Montgomery County Police,Injury Crash,03/10/2020 10:07:00 PM,County,RIPLEY ST,GEORGIA AVE,,N/A,PEDESTRIAN,SINGLE VEHICLE,CLEAR,DRY,DARK LIGHTS ON,NO CONTROLS,NONE DETECTED,NONE DETECTED,BDF5FC7D-2921-41E4-BDAD-05019F4264F5,PEDESTRIAN,Cross/Enter at Intersection,NO IMPROPER ACTIONS,ON ROADWAY AT CROSSWALK,No,POSSIBLE INJURY,N/A,38.99248381,-77.0268105,"(38.99248381, -77.0268105)"
MCP2298008T,16023783,Montgomery County Police,Injury Crash,05/13/2016 01:07:00 PM,,,,PARKING LOT OF 13069 WISTERIA DR,,PEDESTRIAN,SINGLE VEHICLE,RAINING,,DAYLIGHT,NO CONTROLS,NONE DETECTED,NONE DETECTED,282D4AD0-6C7E-4607-AE8E-B916BB2D0920,PEDESTRIAN,Other,NO IMPROPER ACTIONS,ON ROADWAY NOT AT CROSSWALK,No,SUSPECTED MINOR INJURY,N/A,39.17852,-77.271585,"(39.17852, -77.271585)"
MCP2723003W,180058224,Montgomery County Police,Injury Crash,11/20/2018 02:00:00 PM,,,,"PARKING LOT, 18010 GEORGIA AVENUE (MCDONALDS)",,PEDESTRIAN,SINGLE VEHICLE,CLEAR,,DAYLIGHT,NO CONTROLS,UNKNOWN,N/A,94576445-CB65-400D-B044-E161CD5BAF37,PEDESTRIAN,Other,ENTERING EXITING PARKED STANDING VEHICLE,OTHER,No,SUSPECTED MINOR INJURY,N/A,39.15215516,-77.06707679,"(39.15215516, -77.06707679)"
MCP1174001J,16036199,Montgomery County Police,Injury Crash,07/17/2016 01:25:00 PM,,,,PARKING GARAGE DRIVEWAY/ SIDEWALK,,BICYCLIST,SINGLE VEHICLE,N/A,,DAYLIGHT,STOP SIGN,NONE DETECTED,NONE DETECTED,BFC35E7E-C6BC-48E7-9D23-CD4658C4011C,BICYCLIST,Walking/Cycling on Sidewalk,NO IMPROPER ACTIONS,SIDEWALK,No,POSSIBLE INJURY,MC/BIKE HELMET,38.98091289,-77.09471226,"(38.98091289, -77.09471226)"
MCP2680001N,15040666,MONTGOMERY,Property Damage Crash,08/14/2015 10:20:00 PM,,,,parking lot of 833 Wayne Ave. Silver Spring Md. 20910,,PEDESTRIAN,OTHER,CLEAR,,DARK LIGHTS ON,NO CONTROLS,NONE DETECTED,ALCOHOL PRESENT,FEA2B83A-B4DE-471D-A058-256FAE92C0F0,PEDESTRIAN,Other,INATTENTIVE,OUTSIDE RIGHT OF WAY,Yes,NO APPARENT INJURY,NONE,38.99673333,-77.02406667,"(38.99673333, -77.02406667)"
MCP3007000N,16014539,Montgomery County Police,Injury Crash,03/24/2016 06:17:00 PM,County,ASPEN HILL RD,VEIRS MILL RD,,N/A,PEDESTRIAN,SINGLE VEHICLE,CLEAR,N/A,DAYLIGHT,TRAFFIC SIGNAL,NONE DETECTED,NONE DETECTED,58B8AA1E-E34F-49FA-ADC5-097C8F1337E5,PEDESTRIAN,Cross/Enter at Intersection,NO IMPROPER ACTIONS,N/A,No,POSSIBLE INJURY,NONE,39.06919632,-77.1048148,"(39.06919632, -77.1048148)"
MCP2720005B,200046356,Montgomery County Police,Injury Crash,11/23/2020 10:16:00 PM,County,BEL PRE RD,RIPPLING BROOK DR,,N/A,OTHER CONVEYANCE,STRAIGHT MOVEMENT ANGLE,CLEAR,DRY,DARK LIGHTS ON,NO CONTROLS,NONE DETECTED,NONE DETECTED,20AE42FA-475C-4A0A-8C23-17D00F80BC41,OTHER CONVEYANCE,Cross/Enter at Intersection,FAILURE TO YIELD RIGHT OF WAY,ON ROADWAY AT CROSSWALK,Yes,POSSIBLE INJURY,NONE,39.09031333,-77.05370333,"(39.09031333, -77.05370333)"
MCP3050005C,210038563,Montgomery County Police,Injury Crash,09/29/2021 11:35:00 AM,Maryland (State),CONNECTICUT AVE,ENT TO ASPEN HILLS SHOPPING CTR,,N/A,BICYCLIST,SINGLE VEHICLE,CLEAR,DRY,DAYLIGHT,NO CONTROLS,NONE DETECTED,NONE DETECTED,4CC44B5B-1E8C-42FD-B204-5A5EA948848F,BICYCLIST,Cross/Enter at Intersection,OTHER,DRIVEWAY ACCESS MARKED CROSSWALK,No,POSSIBLE INJURY,NONE,39.07909167,-77.08060167,"(39.07909167, -77.08060167)"
MCP31110046,210039107,Montgomery County Police,Injury Crash,10/02/2021 09:13:00 AM,County,MACARTHUR BLVD,79TH ST,,N/A,BICYCLIST,SINGLE VEHICLE,CLEAR,DRY,DAYLIGHT,NO CONTROLS,NONE DETECTED,NONE DETECTED,4EBCF51A-CFFD-490E-90A0-5BC2148508EE,BICYCLIST,Walking/Riding w/Traffic,NO IMPROPER ACTIONS,SHOULDER,No,POSSIBLE INJURY,MC/BIKE HELMET,38.97496403,-77.16327455,"(38.97496403, -77.16327455)"
MCP3080000F,170550933,Montgomery County Police,Injury Crash,12/27/2017 07:14:00 PM,Other Public Roadway,CRYSTAL ROCK DR,BLACK SADDLE LA,,N/A,PEDESTRIAN,OTHER,CLEAR,DRY,DUSK,N/A,NONE DETECTED,NONE DETECTED,96C2CD7F-A002-4CA3-82F4-26D6E054898F,PEDESTRIAN,Cross/Enter not at Intersection,N/A,ON ROADWAY AT CROSSWALK,No,SUSPECTED MINOR INJURY,NONE,39.17730019,-77.26318918,"(39.17730019, -77.26318918)"
MCP3050005W,240024489,MONTGOMERY,Injury Crash,05/23/2024 05:45:00 PM,County Route,RIPPLING BROOK DR,HEWITT AVE,,,Cyclist (non-electric),Single Vehicle,Clear,Dry,Daylight,No Controls,"Not Suspect of Alcohol Use, Not Suspect of Drug Use","Not Suspect of Alcohol Use, Not Suspect of Drug Use",3D52F354-4B8A-4FE1-AF0C-9B753248CE4A,Cyclist (non-electric),Walking/Cycling on Sidewalk,Other,Other,No,Suspected Minor Injury,Helmet,39.08119582,-77.05585881,"(39.08119582, -77.05585881)"
MCP3249003Q,220024244,Montgomery County Police,Injury Crash,06/06/2022 04:00:00 PM,Ramp,RAMP 4 FR US 29 NB TO MD 198 EB,SANDY SPRING RD,,N/A,PEDESTRIAN,OTHER,CLEAR,DRY,DAYLIGHT,TRAFFIC SIGNAL,NONE DETECTED,NONE DETECTED,875A33BA-5D11-4526-93D9-90C54951F0D9,PEDESTRIAN,Cross/Enter at Intersection,NO IMPROPER ACTIONS,ON ROADWAY AT CROSSWALK,No,NO APPARENT INJURY,NONE,39.11157667,-76.92853833,"(39.11157667, -76.92853833)"
DD56510063,250013447,ROCKVILLE,Injury Crash,03/27/2025 06:37:00 PM,Municipality Route,HALPINE RD (EB/L),,,,Pedestrian,Single Vehicle,Clear,Dry,Daylight,Traffic Control Signal,"Unknown, Unknown","Not Suspect of Alcohol Use, Not Suspect of Drug Use",C53F612D-80F7-48AD-8EE4-07320170363E,Pedestrian,Cross/Enter at Intersection,None (No Improper Action),Intersection Marked Crosswalk,No,Suspected Minor Injury,None,39.06129209,-77.12499069,"(39.06129209, -77.12499069)"
MCP11740024,170505199,Montgomery County Police,Injury Crash,05/01/2017 05:58:00 AM,County,LAUDERDALE DR,RANDOLPH RD,,N/A,PEDESTRIAN,SINGLE VEHICLE,CLEAR,DRY,DAWN,TRAFFIC SIGNAL,UNKNOWN,NONE DETECTED,A19FE517-58A6-42C7-B3E3-493888B2B743,PEDESTRIAN,Walking/Riding against Traffic,NO IMPROPER ACTIONS,ON ROADWAY AT CROSSWALK,No,SUSPECTED MINOR INJURY,NONE,39.05363471,-77.10421801,"(39.05363471, -77.10421801)"
MCP2872001P,17014794,Montgomery County Police,Injury Crash,03/23/2017 09:24:00 AM,County,CHRISTOPHER AVE,HELLINGLY PL,,N/A,PEDESTRIAN,STRAIGHT MOVEMENT ANGLE,CLEAR,DRY,DAYLIGHT,NO CONTROLS,NONE DETECTED,NONE DETECTED,694C619E-0E9F-4E2A-8E26-4CF467961AEC,PEDESTRIAN,Other Working,NO IMPROPER ACTIONS,OTHER,No,POSSIBLE INJURY,N/A,39.15944,-77.20575833,"(39.15944, -77.20575833)"
MCP304800BN,230058467,Montgomery County Police,Injury Crash,10/04/2023 09:00:00 AM,Municipality,FLEET ST,RICHARD MONTGOMERY DR,,ROCKVILLE,PEDESTRIAN,ANGLE MEETS LEFT HEAD ON,CLEAR,DRY,DAYLIGHT,TRAFFIC SIGNAL,UNKNOWN,N/A,412AD62A-7524-4D06-9E15-55D03F978618,PEDESTRIAN,Cross/Enter at Intersection,NO IMPROPER ACTIONS,AT INTERSECTION MARKED CROSSWALK,No,SUSPECTED MINOR INJURY,N/A,39.000535,-77.08415083,"(39.000535, -77.08415083)"
MCP28810053,220051496,Montgomery County Police,Injury Crash,11/21/2022 02:20:00 PM,,,,11530 MIDDLEBROOK RD,,PEDESTRIAN,SINGLE VEHICLE,CLEAR,,DAYLIGHT,NO CONTROLS,UNKNOWN,N/A,363F7856-FB79-4FE9-87B2-54CF5C4A6227,PEDESTRIAN,Standing,NO IMPROPER ACTIONS,INSIDE BUILDING,No,POSSIBLE INJURY,N/A,39.17965167,-77.239425,"(39.17965167, -77.239425)"
MCP312900CX,250027526,MONTGOMERY,Injury Crash,06/20/2025 04:03:00 PM,Ramp,RAMP 7 FR RANDOLPH RD WB TO MD 97 SB,,,,Pedestrian,Single Vehicle,Clear,Dry,Daylight,Traffic Control Signal,"Not Suspect of Alcohol Use, Not Suspect of Drug Use","Not Suspect of Alcohol Use, Not Suspect of Drug Use",73F8E6B0-A272-4DCD-A42C-BD4DBC4A00C9,Pedestrian,Cross/Enter at Intersection,None (No Improper Action),Intersection Marked Crosswalk,No,Possible Injury,None,39.05842167,-77.04959783,"(39.05842167, -77.04959783)"
MCP15500020,16021671,Montgomery County Police,Injury Crash,05/02/2016 07:35:00 AM,Maryland (State),UNIVERSITY BLVD W,ST PAUL ST,,N/A,PEDESTRIAN,OTHER,CLOUDY,WET,DAYLIGHT,NO CONTROLS,N/A,UNKNOWN,4C1E2CC4-7AB1-4967-B161-D3084BBE5EF0,PEDESTRIAN,Cross/Enter not at Intersection,IN ROADWAY IMPROPERLY,ON ROADWAY NOT AT CROSSWALK,Yes,POSSIBLE INJURY,N/A,38.98367333,-77.09318,"(38.98367333, -77.09318)"
MCP25700013,220044322,Montgomery County Police,Injury Crash,10/10/2022 05:43:00 PM,,,,"ON THE 1ST FLOOR SOUTHERN PARKING GARAGE AT 11160 VEIRS MILL RD, WHEATON, MD 20902",,PEDESTRIAN,STRAIGHT MOVEMENT ANGLE,CLEAR,,DAYLIGHT,N/A,UNKNOWN,NONE DETECTED,0D95643F-486D-484B-BF49-20C226FE3380,PEDESTRIAN,Other,NO IMPROPER ACTIONS,OTHER,No,SUSPECTED MINOR INJURY,N/A,39.03534039,-77.05381612,"(39.03534039, -77.05381612)"
MCP2330000C,15009676,Montgomery County Police,Property Damage Crash,02/28/2015 10:07:00 PM,,,,Parking lot of 11409-A Amherst Ave,,OTHER,SINGLE VEHICLE,CLEAR,,DARK NO LIGHTS,N/A,NONE DETECTED,N/A,FFD8F128-525D-4BB1-BE13-FAD298FBCA92,OTHER,N/A,NO IMPROPER ACTIONS,N/A,,NO APPARENT INJURY,N/A,39.04182333,-77.04783667,"(39.04182333, -77.04783667)"
MCP3076001G,180014777,Montgomery County Police,Injury Crash,03/26/2018 06:35:00 AM,Maryland (State),COLESVILLE RD,EAST WEST HWY,,N/A,PEDESTRIAN,HEAD ON LEFT TURN,CLEAR,DRY,DUSK,TRAFFIC SIGNAL,NONE DETECTED,NONE DETECTED,8D345FFD-05AD-499E-9DF3-F708E04D424C,PEDESTRIAN,Cross/Enter at Intersection,IN ROADWAY IMPROPERLY,ON ROADWAY AT CROSSWALK,Yes,POSSIBLE INJURY,NONE,38.9932395,-77.03198333,"(38.9932395, -77.03198333)"
MCP1550002K,170505627,Montgomery County Police,Injury Crash,05/03/2017 07:25:00 AM,County,LANDON LA,LEESBURG DR,,N/A,BICYCLIST,SAME DIRECTION SIDESWIPE,CLEAR,DRY,DAYLIGHT,N/A,NONE DETECTED,NONE DETECTED,F60FD10E-0776-44A4-A958-F72ED998825D,BICYCLIST,Walking/Riding against Traffic,IMPROPER TURN MERGE,ON ROADWAY NOT AT CROSSWALK,Yes,SUSPECTED MINOR INJURY,UNKNOWN,38.98502,-77.12902667,"(38.98502, -77.12902667)"
MCP2563001C,220019208,Montgomery County Police,Injury Crash,05/05/2022 09:54:00 PM,US (State),COLUMBIA PIKE,PRELUDE DR,,N/A,PEDESTRIAN,SINGLE VEHICLE,CLEAR,DRY,DARK LIGHTS ON,TRAFFIC SIGNAL,NONE DETECTED,UNKNOWN,C8DD5AFB-FE6D-4DDD-BE14-9CAE62BE3680,PEDESTRIAN,Cross/Enter at Intersection,NO IMPROPER ACTIONS,ON ROADWAY AT CROSSWALK,No,SUSPECTED SERIOUS INJURY,NONE,39.03919333,-76.99782333,"(39.03919333, -76.99782333)"
MCP2504003S,190001829,Montgomery County Police,Injury Crash,01/11/2019 06:03:00 PM,County,GLEN MILL RD,DARNESTOWN RD,,N/A,BICYCLIST,SAME DIRECTION RIGHT TURN,CLEAR,DRY,DARK LIGHTS ON,TRAFFIC SIGNAL,UNKNOWN,NONE DETECTED,C6BCB9CC-1274-4649-85FE-E25CABA29793,BICYCLIST,Cross/Enter at Intersection,NO IMPROPER ACTIONS,AT INTERSECTION MARKED CROSSWALK,No,POSSIBLE INJURY,NONE,39.09224667,-77.194515,"(39.09224667, -77.194515)"
DD56420002,190047941,Rockville Police Departme,Injury Crash,10/06/2019 11:52:00 AM,,,,PARKING LOT OF 344 MARTINS LN.,,PEDESTRIAN,OTHER,CLEAR,,DAYLIGHT,NO CONTROLS,NONE DETECTED,N/A,506213E0-BF1D-4FF9-89CD-872860B4D3BE,PEDESTRIAN,N/A,NO IMPROPER ACTIONS,OTHER,No,SUSPECTED MINOR INJURY,N/A,39.09104914,-77.16127881,"(39.09104914, -77.16127881)"
MCP3113001G,190021751,Montgomery County Police,Injury Crash,05/08/2019 05:43:00 PM,,ROBEY ROAD,BRIGGS CHANEY ROAD,,N/A,PEDESTRIAN,OTHER,N/A,DRY,DAYLIGHT,STOP SIGN,N/A,N/A,F3A682F1-120B-42B7-8898-44C5A0B11850,PEDESTRIAN,Cross/Enter at Intersection,NO IMPROPER ACTIONS,AT INTERSECTION MARKED CROSSWALK,No,POSSIBLE INJURY,NONE,39.0794614,-76.94510359,"(39.0794614, -76.94510359)"
MCP27500043,190028809,Montgomery County Police,Injury Crash,06/16/2019 10:00:00 PM,,,,PARKING LOT OF 12600 VEIRS MILL RD,,PEDESTRIAN,STRAIGHT MOVEMENT ANGLE,CLEAR,,DARK LIGHTS ON,NO CONTROLS,NONE DETECTED,NONE DETECTED,657439AC-1F00-4691-AC1F-2F83D6FE487A,PEDESTRIAN,Cross/Enter not at Intersection,NO IMPROPER ACTIONS,ON ROADWAY AT CROSSWALK,No,SUSPECTED MINOR INJURY,NONE,39.06246167,-77.09525833,"(39.06246167, -77.09525833)"
DD56140008,16004277,Rockville Police Departme,Injury Crash,01/26/2016 08:05:00 PM,Maryland (State),ROCKVILLE PIKE,CROSSOVER,,N/A,PEDESTRIAN,OTHER,CLEAR,WET,DARK LIGHTS ON,NO CONTROLS,NONE DETECTED,NONE DETECTED,2FA336A0-9EC9-4289-8CC1-D4FC8A4C3454,PEDESTRIAN,Other,IN ROADWAY IMPROPERLY,ON ROADWAY NOT AT CROSSWALK,Yes,SUSPECTED MINOR INJURY,NONE,39.07353667,-77.13403167,"(39.07353667, -77.13403167)"
EJ78440008,15022193,Gaithersburg Police Depar,Property Damage Crash,05/09/2015 11:39:00 PM,Municipality,LAKE FOREST BLVD,FREDERICK RD,,N/A,BICYCLIST,OTHER,CLEAR,DRY,DARK LIGHTS ON,TRAFFIC SIGNAL,NONE DETECTED,NONE DETECTED,3ADC51E4-C312-429B-AE3A-FB6CB22A2ABD,BICYCLIST,Cross/Enter at Intersection,FAILURE TO YIELD RIGHT OF WAY,ON ROADWAY AT CROSSWALK,,NO APPARENT INJURY,NONE,39.15031,-77.20887167,"(39.15031, -77.20887167)"
EJ7781001G,180048664,Gaithersburg Police Depar,Injury Crash,09/29/2018 09:50:00 AM,,,,P/L OF 814 W DIAMOND AVE,,PEDESTRIAN,OTHER,CLEAR,,DAYLIGHT,NO CONTROLS,NONE DETECTED,NONE DETECTED,0179FEC2-8EDE-49F5-BAFC-0255E4BC6740,PEDESTRIAN,Getting off/on Vehicle,NO IMPROPER ACTIONS,OTHER,No,SUSPECTED MINOR INJURY,N/A,39.14366667,-77.21646167,"(39.14366667, -77.21646167)"
MCP2376000V,200028698,Montgomery County Police,Injury Crash,07/24/2020 05:33:00 AM,County,MONTGOMERY LA,WOODMONT AVE,,N/A,PEDESTRIAN,OTHER,RAINING,WET,DARK LIGHTS ON,FLASHING TRAFFIC SIGNAL,NONE DETECTED,NONE DETECTED,776E719C-9C07-4207-9AB4-728065B8E65B,PEDESTRIAN,Cross/Enter at Intersection,NO IMPROPER ACTIONS,ON ROADWAY AT CROSSWALK,No,SUSPECTED MINOR INJURY,N/A,38.99755667,-77.10954,"(38.99755667, -77.10954)"
MCP3022001M,180007098,Montgomery County Police,Injury Crash,02/10/2018 07:33:00 PM,Maryland (State),MAIN ST,WOODFIELD RD,,N/A,PEDESTRIAN,OTHER,FOGGY,WET,DARK LIGHTS ON,STOP SIGN,N/A,N/A,C812B247-5342-4441-A89C-3BD6F4DEE7E3,PEDESTRIAN,Unknown,NO IMPROPER ACTIONS,AT INTERSECTION MARKED CROSSWALK,No,SUSPECTED MINOR INJURY,N/A,39.28802667,-77.20246333,"(39.28802667, -77.20246333)"
MCP29900005,16028058,Montgomery County Police,Injury Crash,06/05/2016 09:30:00 PM,,,,DRIVE WAY OF 18604 RELIANT DR,,OTHER,OTHER,N/A,,DARK LIGHTS ON,N/A,NONE DETECTED,N/A,09CBDA3B-52CD-4E37-B517-DC1E411A07A3,OTHER,N/A,OTHER,OTHER,Unknown,POSSIBLE INJURY,N/A,39.149935,-77.23389667,"(39.149935, -77.23389667)"
DD56190005,16019567,Rockville Police Departme,Injury Crash,04/21/2016 07:51:00 AM,Municipality,MARTINS LA,N WASHINGTON ST,,ROCKVILLE,BICYCLIST,SINGLE VEHICLE,CLEAR,DRY,DAYLIGHT,TRAFFIC SIGNAL,NONE DETECTED,NONE DETECTED,ADAE4B91-826C-49E4-B037-81E3C6BC6F88,BICYCLIST,Cross/Enter at Intersection,NO IMPROPER ACTIONS,AT INTERSECTION MARKED CROSSWALK,No,POSSIBLE INJURY,NONE,39.09064,-77.15372833,"(39.09064, -77.15372833)"
MCP3244002M,230050907,Montgomery County Police,Injury Crash,08/23/2023 02:05:00 PM,County,WAYNE AVE,GEORGIA AVE,,N/A,BICYCLIST,STRAIGHT MOVEMENT ANGLE,CLEAR,DRY,DAYLIGHT,TRAFFIC SIGNAL,NONE DETECTED,NONE DETECTED,5E5AA456-E696-4DF2-8672-AF73D87D2991,BICYCLIST,Cross/Enter at Intersection,FAILURE TO YIELD RIGHT OF WAY,ON ROADWAY AT CROSSWALK,Yes,POSSIBLE INJURY,NONE,38.994404,-77.02668717,"(38.994404, -77.02668717)"
DD5611002T,170508075,Rockville Police Departme,Property Damage Crash,05/16/2017 11:16:00 AM,Maryland (State),FIRST ST,ROCKVILLE PIKE,,N/A,BICYCLIST,OTHER,CLEAR,DRY,DAYLIGHT,NO CONTROLS,NONE DETECTED,NONE DETECTED,86A5F832-D924-47E1-AF37-C4F0C82018C4,BICYCLIST,Cross/Enter not at Intersection,NO IMPROPER ACTIONS,DRIVEWAY ACCESS MARKED CROSSWALK,No,NO APPARENT INJURY,NONE,39.078675,-77.13873167,"(39.078675, -77.13873167)"
MCP31330044,230000696,Montgomery County Police,Injury Crash,01/05/2023 11:39:00 AM,Maryland (State),GEORGIA AVE,RALPH RD,,N/A,PEDESTRIAN,OTHER,CLEAR,DRY,DAYLIGHT,NO CONTROLS,NONE DETECTED,ALCOHOL CONTRIBUTED,E570AB12-AFBB-463F-9294-EEF588BC427F,PEDESTRIAN,Cross/Enter at Intersection,FAILURE TO YIELD RIGHT OF WAY,ON ROADWAY NOT AT CROSSWALK,Yes,SUSPECTED MINOR INJURY,NONE,39.07897383,-77.07310583,"(39.07897383, -77.07310583)"
MCP28750026,16047208,Montgomery County Police,Injury Crash,09/14/2016 07:30:00 PM,County,CLOPPERS MILL DR,GREAT SENECA HWY,,N/A,BICYCLIST,OTHER,CLEAR,DRY,DUSK,TRAFFIC SIGNAL,NONE DETECTED,NONE DETECTED,F3C7C14C-C2A9-4FD5-AEB8-B7B7976EFF99,BICYCLIST,Walking/Cycling on Sidewalk,IN ROADWAY IMPROPERLY,ON ROADWAY AT CROSSWALK,Yes,SUSPECTED SERIOUS INJURY,N/A,39.14877147,-77.27639437,"(39.14877147, -77.27639437)"
DD5646000J,200044035,Rockville Police Departme,Injury Crash,11/08/2020 08:50:00 AM,Municipality,BLACKWELL RD,FALLSGROVE DR,,ROCKVILLE,PEDESTRIAN,OTHER,CLEAR,DRY,DAYLIGHT,NO CONTROLS,NONE DETECTED,NONE DETECTED,886CD18E-A155-4A81-A6B7-A417E9F42ADC,PEDESTRIAN,Walking/Riding w/Traffic,IN ROADWAY IMPROPERLY,ON ROADWAY NOT AT CROSSWALK,Yes,SUSPECTED MINOR INJURY,NONE,39.09927333,-77.189928,"(39.09927333, -77.189928)"
MCP1182001X,170545378,Montgomery County Police,Injury Crash,11/28/2017 02:12:00 PM,County,LANDON LA,WHITTIER BLVD,,N/A,PEDESTRIAN,SINGLE VEHICLE,CLEAR,DRY,DAYLIGHT,NO CONTROLS,NONE DETECTED,NONE DETECTED,88876C99-3A30-4351-AA83-9983F7EA3456,PEDESTRIAN,Cross/Enter not at Intersection,INATTENTIVE,ON ROADWAY NOT AT CROSSWALK,Yes,SUSPECTED MINOR INJURY,N/A,38.98545333,-77.126165,"(38.98545333, -77.126165)"
MCP2436007D,190022479,Montgomery County Police,Injury Crash,05/13/2019 07:30:00 AM,,,,"SIDEWALK IN FRONT OF 112 UNIVERSITY BLVD W, SILVER SPRING,MD 20903",,BICYCLIST,STRAIGHT MOVEMENT ANGLE,RAINING,,DAYLIGHT,NO CONTROLS,UNKNOWN,NONE DETECTED,433DF330-6B06-45B3-B4F0-A2B8BC94DCB8,BICYCLIST,Walking/Cycling on Sidewalk,NO IMPROPER ACTIONS,SIDEWALK,No,POSSIBLE INJURY,MC/BIKE HELMET,39.0206101,-77.01450699,"(39.0206101, -77.01450699)"
MCP3367000S,230029210,Montgomery County Police,Injury Crash,06/17/2023 07:57:00 PM,Maryland (State),COLESVILLE RD,WAYNE AVE,,N/A,PEDESTRIAN,SINGLE VEHICLE,CLEAR,DRY,DAYLIGHT,N/A,N/A,N/A,4FD195E8-C932-4FE0-8D41-B8B7AE8AC0A7,PEDESTRIAN,Cross/Enter not at Intersection,IMPROPER PASSING,SHOULDER,Unknown,SUSPECTED SERIOUS INJURY,NONE,38.99433318,-77.03077607,"(38.99433318, -77.03077607)"
MCP3010006Q,220022836,Montgomery County Police,Injury Crash,05/28/2022 01:00:00 PM,County,GROSVENOR LA,HATHERLEIGH DR,,N/A,PEDESTRIAN,OTHER,N/A,DRY,DAYLIGHT,STOP SIGN,N/A,N/A,CBF2A074-1ED0-4FEB-8679-3DE19F8DAC45,PEDESTRIAN,Cross/Enter at Intersection,OTHER,AT INTERSECTION BUT NO CROSSWALK,No,SUSPECTED MINOR INJURY,NONE,39.02256018,-77.11860972,"(39.02256018, -77.11860972)"
MCP3084000G,170534481,Montgomery County Police,Injury Crash,10/03/2017 09:04:00 AM,,,,PARKING GARAGE AT 5430 WISCONSIN AVE.,,PEDESTRIAN,OTHER,N/A,,OTHER,N/A,NONE DETECTED,NONE DETECTED,5CFEC3B3-5237-40A9-8EB0-0DF9059409E4,PEDESTRIAN,Other,NO IMPROPER ACTIONS,INSIDE BUILDING,No,POSSIBLE INJURY,N/A,38.96248633,-77.087057,"(38.96248633, -77.087057)"
MCP31680052,220056686,Montgomery County Police,Injury Crash,12/21/2022 05:14:00 PM,County,REDLAND RD,PANORAMA DR,,N/A,BICYCLIST,STRAIGHT MOVEMENT ANGLE,CLEAR,DRY,DARK LIGHTS ON,N/A,NONE DETECTED,NONE DETECTED,A6023E21-52F1-4881-B72E-EC714E4160A2,BICYCLIST,Cross/Enter at Intersection,NO IMPROPER ACTIONS,SHOULDER,No,SUSPECTED MINOR INJURY,LIGHTING,39.12827277,-77.14962222,"(39.12827277, -77.14962222)"
MCP1309001K,180022062,Montgomery County Police,Injury Crash,05/05/2018 09:18:00 AM,County,STRINGTOWN RD,KINGSLEY RD,,N/A,PEDESTRIAN,OTHER,CLOUDY,DRY,DAYLIGHT,NO CONTROLS,UNKNOWN,NONE DETECTED,5F53FA2F-36B1-480B-9E74-51E40AEF773E,PEDESTRIAN,Walking/Riding w/Traffic,NO IMPROPER ACTIONS,SHOULDER,No,SUSPECTED SERIOUS INJURY,NONE,39.25179656,-77.25371361,"(39.25179656, -77.25371361)"
MCP2546002N,190013501,Montgomery County Police,Fatal Crash,03/23/2019 09:30:00 PM,Municipality,BEALL AVE #2,MARYLAND AVE,,N/A,PEDESTRIAN,OTHER,CLEAR,DRY,DARK LIGHTS ON,OTHER,NONE DETECTED,NONE DETECTED,5BAFBB88-CD4B-4B2F-92B6-3DACEBA0B04F,PEDESTRIAN,Cross/Enter at Intersection,UNKNOWN,ON ROADWAY AT CROSSWALK,No,SUSPECTED SERIOUS INJURY,NONE,39.087085,-77.151238,"(39.087085, -77.151238)"
DM84450027,250003780,TAKOMA,Injury Crash,01/27/2025 09:17:00 AM,Municipality Route,GRANT AVE,MAPLE AVE,,,Cyclist (non-electric),Single Vehicle,Clear,Dry,Daylight,Stop Sign,"Not Suspect of Alcohol Use, Not Suspect of Drug Use","Not Suspect of Alcohol Use, Not Suspect of Drug Use",1AF4C35D-88CB-457F-8869-20C00E33D092,Cyclist (non-electric),Cross/Enter at Intersection,Failure to Yield Right-Of-Way,Intersection Other,No,Possible Injury,Helmet,38.98154383,-77.00947151,"(38.98154383, -77.00947151)"
MCP1305003Z,200006511,Montgomery County Police,Property Damage Crash,02/08/2020 02:52:00 PM,,,,PARKING LOT AT 22 TINDALL SRPINGS CT,,OTHER,OTHER,CLEAR,,DAYLIGHT,NO CONTROLS,NONE DETECTED,N/A,1047418A-2B9B-4FBB-854C-C411F1445B52,OTHER,N/A,NO IMPROPER ACTIONS,INSIDE BUILDING,No,NO APPARENT INJURY,N/A,39.18515167,-77.17692833,"(39.18515167, -77.17692833)"