Report Number,Local Case Number,Agency Name,ACRS Report Type,Crash Date/Time,Route Type,Road Name,Cross-Street Name,Off-Road Description,Municipality,Related Non-Motorist,Collision Type,Weather,Surface Condition,Light,Traffic Control,Driver Substance Abuse,Non-Motorist Substance Abuse,Person ID,Pedestrian Type,Pedestrian Movement,Pedestrian Actions,Pedestrian Location,At Fault,Injury Severity,Safety Equipment,Latitude,Longitude,Location
DM8472000Y,190058947,Takoma Park Police Depart,Property Damage Crash,12/08/2019 10:36:00 PM,Municipality,ELM AVE,AUBURN AVE,,TAKOMA PARK,PEDESTRIAN,SINGLE VEHICLE,CLEAR,N/A,DARK LIGHTS ON,NO CONTROLS,N/A,N/A,B5BD6445-8246-4289-8BBE-E6087A47DD89,PEDESTRIAN,Other,NO IMPROPER ACTIONS,INSIDE BUILDING,No,NO APPARENT INJURY,NONE,38.97686218,-76.99578547,"(38.97686218, -76.99578547)"
MCP3268002G,220049512,Montgomery County Police,Injury Crash,11/09/2022 02:43:00 PM,County,GREENHILL DR,VALLEY BROOK DR,,N/A,PEDESTRIAN,OTHER,CLEAR,DRY,DAYLIGHT,NO CONTROLS,N/A,N/A,196DB531-7473-4378-BCEC-4DE9C6D375C9,PEDESTRIAN,Cross/Enter not at Intersection,DART DASH,SIDEWALK,Yes,SUSPECTED MINOR INJURY,N/A,39.05812183,-77.002868,"(39.05812183, -77.002868)"
MCP28100025,220054810,Montgomery County Police,Injury Crash,12/11/2022 05:15:00 PM,County,GOSHEN RD,SNOUFFERS SCHOOL RD,,N/A,PEDESTRIAN,ANGLE MEETS LEFT HEAD ON,CLEAR,DRY,DARK NO LIGHTS,TRAFFIC SIGNAL,N/A,N/A,6409A005-BB19-4C13-9463-7BEE04B8F8E5,PEDESTRIAN,Cross/Enter at Intersection,DART DASH,ON ROADWAY NOT AT CROSSWALK,Yes,POSSIBLE INJURY,N/A,39.18785883,-77.186636,"(39.18785883, -77.186636)"
MCP137800LD,180027452,Montgomery County Police,Injury Crash,06/04/2018 01:58:00 PM,,,,PARKING LOT OF 701 RUSSELL AVE NEXT TO SEARS AUTOMOTIVE,,PEDESTRIAN,SINGLE VEHICLE,CLOUDY,,DAYLIGHT,NO CONTROLS,NONE DETECTED,NONE DETECTED,3BCA003A-B908-46EA-8837-0B2226B10A28,PEDESTRIAN,Other,OTHER,OTHER,Yes,POSSIBLE INJURY,N/A,39.15233,-77.20239833,"(39.15233, -77.20239833)"
MCP219800G0,240035464,MONTGOMERY,Injury Crash,07/27/2024 03:30:00 PM,Maryland (State) Route,FREDERICK RD (SB/L),,,,Pedestrian,Single Vehicle,Clear,Dry,Daylight,Traffic Control Signal,"Not Suspect of Alcohol Use, Not Suspect of Drug Use","Not Suspect of Alcohol Use, Not Suspect of Drug Use",58822AF1-B38A-4692-AEF5-299B2A1EF198,Pedestrian,Cross/Enter Not at Intersection,Dart/Dash,Travel Lane Other Location,Yes,Suspected Minor Injury,None,39.16330606,-77.22608385,"(39.16330606, -77.22608385)"
MCP3105004D,210044653,Montgomery County Police,Injury Crash,11/04/2021 12:01:00 PM,Maryland (State),GREAT SENECA HWY,WISTERIA DR,,N/A,PEDESTRIAN,SINGLE VEHICLE,CLEAR,DRY,DAYLIGHT,TRAFFIC SIGNAL,NONE DETECTED,UNKNOWN,2ACB0F3E-52EB-4967-A981-6500599E9A7A,PEDESTRIAN,Cross/Enter at Intersection,NO IMPROPER ACTIONS,AT INTERSECTION MARKED CROSSWALK,No,SUSPECTED SERIOUS INJURY,N/A,39.17106033,-77.26291867,"(39.17106033, -77.26291867)"
MCP94300005,200003744,Montgomery County Police,Injury Crash,01/23/2020 07:35:00 AM,County,FERNWOOD RD,GREYSWOOD RD,,N/A,PEDESTRIAN,OTHER,CLOUDY,DRY,DAYLIGHT,TRAFFIC SIGNAL,UNKNOWN,NONE DETECTED,093DE886-E67B-40AA-B334-16A142EEABC4,PEDESTRIAN,Cross/Enter at Intersection,NO IMPROPER ACTIONS,AT INTERSECTION MARKED CROSSWALK,No,SUSPECTED MINOR INJURY,N/A,39.01824757,-77.13333147,"(39.01824757, -77.13333147)"
EJ7857001R,170534764,Gaithersburg Police Depar,Injury Crash,10/04/2017 05:18:00 PM,Maryland (State),W DIAMOND AVE,RAMP 7 FR MD 117 WB TO RAMP 6 (TO IS270),,N/A,BICYCLIST,SINGLE VEHICLE,CLEAR,DRY,DAYLIGHT,OTHER,NONE DETECTED,NONE DETECTED,F8341DA4-9D08-4E9C-BCEE-C7EA836AD1B2,BICYCLIST,Other,N/A,OTHER,No,SUSPECTED MINOR INJURY,NONE,39.14052333,-77.21426,"(39.14052333, -77.21426)"
EJ78530025,17010105,Gaithersburg Police Depar,Injury Crash,02/24/2017 09:24:00 PM,,GIRARD ST.,GLORIA WAY,,N/A,BICYCLIST,STRAIGHT MOVEMENT ANGLE,CLEAR,DRY,DARK LIGHTS ON,STOP SIGN,NONE DETECTED,NONE DETECTED,376C0364-B1D5-4316-93C4-3B0B66F4FD9B,BICYCLIST,Walking/Riding w/Traffic,NO IMPROPER ACTIONS,OTHER,No,SUSPECTED MINOR INJURY,NONE,39.14461483,-77.18357921,"(39.14461483, -77.18357921)"
MCP2008003R,170509660,Montgomery County Police,Injury Crash,05/24/2017 05:18:00 PM,County,LONE OAK DR,OLD GEORGETOWN RD,,N/A,BICYCLIST,STRAIGHT MOVEMENT ANGLE,CLOUDY,DRY,DAYLIGHT,TRAFFIC SIGNAL,NONE DETECTED,NONE DETECTED,A6849E6F-4821-41AD-912A-2820802F5CBC,BICYCLIST,Cross/Enter at Intersection,FAILURE TO OBEY TRAFFIC SIGNS SIGNALS OR OFFICER,AT INTERSECTION MARKED CROSSWALK,Yes,SUSPECTED MINOR INJURY,NONE,39.020575,-77.12265667,"(39.020575, -77.12265667)"
MCP26830062,220041978,Montgomery County Police,Injury Crash,09/26/2022 07:22:00 PM,County,MONTGOMERY VILLAGE AVE,CLUB HOUSE RD,,N/A,PEDESTRIAN,OTHER,CLEAR,DRY,DARK LIGHTS ON,TRAFFIC SIGNAL,NONE DETECTED,NONE DETECTED,D1A73AED-83F0-42A0-B8BE-C0E274956BA2,PEDESTRIAN,Cross/Enter at Intersection,DART DASH,ON ROADWAY AT CROSSWALK,Yes,POSSIBLE INJURY,NONE,39.17456428,-77.2036172,"(39.17456428, -77.2036172)"
MCP3063001K,190013119,Montgomery County Police,Injury Crash,03/21/2019 10:19:00 AM,County,STEWART LA,APRIL LA,,N/A,PEDESTRIAN,SINGLE VEHICLE,RAINING,WET,DARK NO LIGHTS,N/A,N/A,ALCOHOL PRESENT,FCF4638B-2AC1-40B5-8FE2-0CE5539D6E4D,PEDESTRIAN,Standing,IN ROADWAY IMPROPERLY,ON ROADWAY NOT AT CROSSWALK,Yes,SUSPECTED MINOR INJURY,N/A,39.04562665,-76.98238652,"(39.04562665, -76.98238652)"
MCP24960031,210036011,Montgomery County Police,Injury Crash,09/12/2021 07:30:00 PM,County,STEWART LA,LOCKWOOD DR,,N/A,PEDESTRIAN,SINGLE VEHICLE,CLEAR,DRY,DUSK,NO CONTROLS,NONE DETECTED,NONE DETECTED,844644FE-A0DF-4988-8DD2-5634F7959844,PEDESTRIAN,Other,DART DASH,OTHER,Unknown,SUSPECTED MINOR INJURY,NONE,39.043801,-76.9787472,"(39.043801, -76.9787472)"
MCP3389000K,240052835,MONTGOMERY,Injury Crash,11/03/2024 06:22:00 PM,County Route,FLOWER AVE,ARLISS ST,,,Pedestrian,Single Vehicle,Clear,Dry,Dark - Lighted,Pedestrian Crossing Sign,"Not Suspect of Alcohol Use, Not Suspect of Drug Use","Not Suspect of Alcohol Use, Not Suspect of Drug Use",913095DC-C8DA-4F7E-B901-DB024EA03042,Pedestrian,Cross/Enter at Intersection,None (No Improper Action),Intersection Marked Crosswalk,No,Suspected Minor Injury,None,39.00068333,-77.00432395,"(39.00068333, -77.00432395)"
MCP2948001W,170529421,Montgomery County Police,Injury Crash,09/08/2017 03:43:00 PM,Maryland (State),GEORGIA AVE,RANDOLPH RD,,N/A,PEDESTRIAN,OTHER,CLEAR,DRY,DAYLIGHT,NO CONTROLS,N/A,NONE DETECTED,5238E767-9998-4C83-A196-2F90960BA832,PEDESTRIAN,Other,IN ROADWAY IMPROPERLY,ON ROADWAY NOT AT CROSSWALK,Yes,SUSPECTED SERIOUS INJURY,N/A,39.05910103,-77.05020905,"(39.05910103, -77.05020905)"
DD5595007Z,190051199,Rockville Police Departme,Injury Crash,10/27/2019 06:53:00 PM,Municipality,CHAPMAN AVE,TWINBROOK PKWY,,ROCKVILLE,PEDESTRIAN,SINGLE VEHICLE,CLEAR,DRY,DARK LIGHTS ON,TRAFFIC SIGNAL,UNKNOWN,NONE DETECTED,64450CF5-A219-42D5-B70D-6BEEC4D1DAA6,PEDESTRIAN,Cross/Enter at Intersection,NO IMPROPER ACTIONS,ON ROADWAY AT CROSSWALK,No,SUSPECTED MINOR INJURY,N/A,39.05861169,-77.11889264,"(39.05861169, -77.11889264)"
MCP2181005D,240039366,MONTGOMERY,Fatal Crash,08/20/2024 01:13:00 PM,Maryland (State) Route,GREAT SENECA HWY,HIGH GABLES DR,,,"Other Pedestrian (person in a building, skater, personal conveyance, etc.)",Single Vehicle,Clear,Dry,Daylight,No Controls,"Not Suspect of Alcohol Use, Not Suspect of Drug Use","Unknown, Unknown",9AA754CE-3BFB-4069-A68A-EB39D180FBEC,"Other Pedestrian (person in a building, skater, personal conveyance, etc.)",Other Working,None (No Improper Action),Travel Lane Other Location,No,Fatal Injury,None,39.11585044,-77.22315079,"(39.11585044, -77.22315079)"
MCP2990000Q,190013132,Montgomery County Police,Injury Crash,03/21/2019 09:40:00 PM,County,APPLE RIDGE RD,MONTGOMERY VILLAGE AVE,,N/A,PEDESTRIAN,OTHER,RAINING,WET,DARK LIGHTS ON,TRAFFIC SIGNAL,NONE DETECTED,NONE DETECTED,67A93E99-7642-4C11-96BE-82E858200716,PEDESTRIAN,Cross/Enter at Intersection,NO IMPROPER ACTIONS,ON ROADWAY AT CROSSWALK,No,SUSPECTED MINOR INJURY,NONE,39.18683833,-77.19853833,"(39.18683833, -77.19853833)"
MCP2933000N,15058000,MONTGOMERY,Injury Crash,11/13/2015 04:10:00 PM,Maryland (State),WILSON LA,MERRICK RD,,N/A,PEDESTRIAN,SINGLE VEHICLE,CLEAR,DRY,DAYLIGHT,NO CONTROLS,NONE DETECTED,NONE DETECTED,87CBB804-905E-41FB-A27D-2BB1EFD0034C,PEDESTRIAN,Cross/Enter not at Intersection,DART DASH,ON ROADWAY NOT AT CROSSWALK,Yes,SUSPECTED MINOR INJURY,N/A,38.98963612,-77.12262869,"(38.98963612, -77.12262869)"
MCP3271001G,210042535,Montgomery County Police,Injury Crash,10/22/2021 04:30:00 PM,Maryland (State),WISCONSIN AVE,CORDELL AVE,,N/A,BICYCLIST,SINGLE VEHICLE,CLEAR,DRY,DAYLIGHT,TRAFFIC SIGNAL,NONE DETECTED,NONE DETECTED,AC0D7082-0C84-4E53-97F3-05BD35BF9AF6,BICYCLIST,Cross/Enter at Intersection,NO IMPROPER ACTIONS,AT INTERSECTION MARKED CROSSWALK,No,POSSIBLE INJURY,NONE,38.99102878,-77.09559958,"(38.99102878, -77.09559958)"
HA2449001H,22002092,Maryland-National Capital,Injury Crash,12/01/2022 07:37:00 AM,,,,CAPITAL CRESCENT TRAIL AND LITTLE FALLS PARKWAY,,PEDESTRIAN,SINGLE VEHICLE,CLEAR,,DAYLIGHT,N/A,UNKNOWN,N/A,ED0035A9-3897-4954-8C1D-2D2F544A74C8,PEDESTRIAN,Walking/Cycling on Sidewalk,NO IMPROPER ACTIONS,SHARED USE PATH OR TRAILS,No,POSSIBLE INJURY,N/A,38.97323742,-77.10135903,"(38.97323742, -77.10135903)"
MCP242500BB,170535583,Montgomery County Police,Injury Crash,10/09/2017 07:56:00 AM,County,SCHINDLER DR,LA GRANDE RD,,N/A,PEDESTRIAN,SINGLE VEHICLE,N/A,WET,DAYLIGHT,NO CONTROLS,NONE DETECTED,NONE DETECTED,F5066003-F927-4F2F-B5D2-70E7AF21653D,PEDESTRIAN,Cross/Enter not at Intersection,DART DASH,ON ROADWAY NOT AT CROSSWALK,Yes,POSSIBLE INJURY,UNKNOWN,39.02773833,-76.99080667,"(39.02773833, -76.99080667)"
MCP3201001X,210026522,Montgomery County Police,Injury Crash,07/10/2021 10:45:00 AM,County,MILESTONE CENTER DR,OBSERVATION DR,,N/A,BICYCLIST,OTHER,CLEAR,DRY,DAYLIGHT,TRAFFIC SIGNAL,N/A,N/A,66D81C4C-268B-4C85-A892-23C0D82D71ED,BICYCLIST,Cross/Enter at Intersection,NO IMPROPER ACTIONS,ON ROADWAY AT CROSSWALK,No,POSSIBLE INJURY,NONE,39.20428183,-77.26000367,"(39.20428183, -77.26000367)"
MCP30310077,250029046,MONTGOMERY,Injury Crash,06/30/2025 08:40:00 AM,Other Public Roadway,HENDERSON CORNER RD,SENECA CROSSING DR,,,Pedestrian,Single Vehicle,Clear,Dry,Daylight,Flashing Traffic Control Signal,"Not Suspect of Alcohol Use, Not Suspect of Drug Use","Not Suspect of Alcohol Use, Not Suspect of Drug Use",EFDB1E21-4C6D-405C-8CCA-7C239306C1D8,Pedestrian,Cross/Enter at Intersection,None (No Improper Action),Intersection Marked Crosswalk,No,Possible Injury,None,39.20346683,-77.24442317,"(39.20346683, -77.24442317)"
MCP14330022,180056822,Montgomery County Police,Injury Crash,11/12/2018 06:50:00 PM,Maryland (State),ROCKVILLE PIKE,HALPINE RD,,ROCKVILLE,PEDESTRIAN,OTHER,RAINING,WET,DARK LIGHTS ON,TRAFFIC SIGNAL,NONE DETECTED,NONE DETECTED,9BF51C62-6A62-4FC1-91A1-65A1268D5A2B,PEDESTRIAN,Cross/Enter at Intersection,NO IMPROPER ACTIONS,AT INTERSECTION MARKED CROSSWALK,No,SUSPECTED MINOR INJURY,N/A,39.06211,-77.12384167,"(39.06211, -77.12384167)"
DD55020029,16020780,Rockville Police Departme,Injury Crash,04/27/2016 05:44:00 PM,Municipality,PICCARD DR,CURIE CT,,ROCKVILLE,PEDESTRIAN,OTHER,CLOUDY,DRY,DAYLIGHT,NO CONTROLS,NONE DETECTED,NONE DETECTED,9D99EAA8-F5CC-4BB1-9ED6-AF7D7ED95A7D,PEDESTRIAN,Cross/Enter at Intersection,INATTENTIVE,ON ROADWAY NOT AT CROSSWALK,Yes,POSSIBLE INJURY,NONE,39.10587333,-77.17983,"(39.10587333, -77.17983)"
DM83740015,17006921,Takoma Park Police Depart,Property Damage Crash,02/08/2017 04:16:00 PM,Maryland (State),NEW HAMPSHIRE AVE,HOLTON LA,,TAKOMA PARK,PEDESTRIAN,OTHER,CLEAR,DRY,DAYLIGHT,TRAFFIC SIGNAL,UNKNOWN,N/A,04AC473C-BE38-4D96-9B38-3C1B2942A8CB,PEDESTRIAN,Cross/Enter at Intersection,N/A,ON ROADWAY AT CROSSWALK,No,NO APPARENT INJURY,N/A,38.98581167,-76.98761333,"(38.98581167, -76.98761333)"
MCP9379005D,250013332,MONTGOMERY,Injury Crash,03/27/2025 06:30:00 AM,County Route,CRABBS BRANCH WAY,SHADY GROVE RD,,,Pedestrian,Single Vehicle,Clear,Dry,Dark - Lighted,Traffic Control Signal,"Unknown, Unknown","Unknown, Not Suspect of Drug Use",7A2DCB3D-0184-4A54-A2E1-A94BF38235AC,Pedestrian,Cross/Enter at Intersection,None (No Improper Action),Intersection Marked Crosswalk,No,Suspected Minor Injury,None,39.12869752,-77.16755539,"(39.12869752, -77.16755539)"
MCP9311002T,200009112,Montgomery County Police,Injury Crash,02/24/2020 09:02:00 AM,County,BRICKYARD RD,RIVER FALLS DR,,N/A,PEDESTRIAN,STRAIGHT MOVEMENT ANGLE,CLEAR,N/A,DAYLIGHT,STOP SIGN,NONE DETECTED,NONE DETECTED,22B0FF85-3C50-4B1B-932D-B36D14ABD4E9,PEDESTRIAN,Getting off/on Vehicle,NO IMPROPER ACTIONS,OTHER,Yes,SUSPECTED MINOR INJURY,NONE,38.99385667,-77.21483333,"(38.99385667, -77.21483333)"
MCP2492000J,15066635,MONTGOMERY,Fatal Crash,12/28/2015 07:28:00 PM,Maryland (State),VEIRS MILL RD,TURKEY BRANCH PKWY,,N/A,BICYCLIST,OTHER,RAINING,WET,DARK LIGHTS ON,WARNING SIGN,NONE DETECTED,UNKNOWN,3FF25FAE-8BD6-4A28-9777-7A88AE8666C6,BICYCLIST,Cross/Enter at Intersection,UNKNOWN,ON ROADWAY AT CROSSWALK,Unknown,FATAL INJURY,MC/BIKE HELMET,39.06005167,-77.089165,"(39.06005167, -77.089165)"
MCP3264003P,230015777,Montgomery County Police,Injury Crash,04/02/2023 12:53:00 PM,,,,PARKING LOT OF 1280 EAST WEST HWY SILVER SPRING MD 20910,,PEDESTRIAN,OTHER,CLEAR,,DAYLIGHT,NO CONTROLS,NONE DETECTED,NONE DETECTED,54368B2B-ACBA-49E9-87DC-880BD04C29D0,PEDESTRIAN,Cross/Enter not at Intersection,NO IMPROPER ACTIONS,ON ROADWAY NOT AT CROSSWALK,No,POSSIBLE INJURY,NONE,38.99206833,-77.03204,"(38.99206833, -77.03204)"
MCP3018002Y,180052587,Montgomery County Police,Injury Crash,10/20/2018 04:05:00 PM,,,,DRIVEWAY OF 2827 ABBEY MANOR CR,,PEDESTRIAN,SINGLE VEHICLE,CLEAR,,DAYLIGHT,NO CONTROLS,NONE DETECTED,NONE DETECTED,EC4F9345-7DF5-4E97-9E23-903F0BABBB91,PEDESTRIAN,Other,INATTENTIVE,OTHER,No,SUSPECTED MINOR INJURY,NONE,39.16578068,-77.0593187,"(39.16578068, -77.0593187)"
MCP3130000W,180057950,Montgomery County Police,Injury Crash,11/19/2018 06:15:00 AM,,,,PARKING LOT LOCATED AT 3740 BEL PRE ROAD,,PEDESTRIAN,OTHER,CLEAR,,DARK NO LIGHTS,N/A,NONE DETECTED,NONE DETECTED,9CFFFC15-01E9-4238-A99E-67FE45135041,PEDESTRIAN,Cross/Enter at Intersection,NO IMPROPER ACTIONS,OTHER,No,SUSPECTED MINOR INJURY,NONE,39.092615,-77.07494,"(39.092615, -77.07494)"
MCP32200056,250020510,MONTGOMERY,Injury Crash,05/09/2025 05:42:00 PM,Municipality Route,WASHINGTONIAN BLVD,,,,Pedestrian,Single Vehicle,Clear,Dry,Daylight,Pedestrian Crossing Sign,"Not Suspect of Alcohol Use, Not Suspect of Drug Use","Not Suspect of Alcohol Use, Not Suspect of Drug Use",AA0BC266-632A-4259-AA17-D105AEE26A83,Pedestrian,Cross/Enter at Intersection,None (No Improper Action),Intersection Marked Crosswalk,No,Possible Injury,None,39.11645959,-77.19923171,"(39.11645959, -77.19923171)"
MCP291400DK,230020545,Montgomery County Police,Injury Crash,04/30/2023 11:46:00 PM,US (State),GEORGIA AVE,BLAIR RD,,N/A,BICYCLIST,OTHER,CLEAR,DRY,DARK LIGHTS ON,TRAFFIC SIGNAL,N/A,N/A,5342EDBA-2953-4663-B767-305C37DE2260,BICYCLIST,Cross/Enter at Intersection,NO IMPROPER ACTIONS,AT INTERSECTION MARKED CROSSWALK,No,SUSPECTED SERIOUS INJURY,MC/BIKE HELMET,38.98469765,-77.0264628,"(38.98469765, -77.0264628)"
MCP3085005L,240060109,MONTGOMERY,Injury Crash,12/16/2024 05:04:00 PM,County Route,FINDLEY RD,DRUMM AVE,,,Pedestrian,Single Vehicle,Clear,Wet,Dark - Lighted,No Controls,"Not Suspect of Alcohol Use, Not Suspect of Drug Use","Not Suspect of Alcohol Use, Not Suspect of Drug Use",01A25FD4-47E9-4812-B3ED-173BC70CC9CA,Pedestrian,None,None (No Improper Action),Intersection Other,No,Suspected Minor Injury,None,39.03608348,-77.06106521,"(39.03608348, -77.06106521)"
MCP291400DY,230048159,Montgomery County Police,Injury Crash,08/07/2023 05:07:00 AM,County,FENTON ST,KING ST,,N/A,PEDESTRIAN,OTHER,CLEAR,WET,DARK LIGHTS ON,NO CONTROLS,N/A,ILLEGAL DRUG CONTRIBUTED,7B32573B-F9C9-40B5-8BD4-581DBD5F9FDF,PEDESTRIAN,Unknown,UNKNOWN,UNKNOWN,Yes,SUSPECTED SERIOUS INJURY,NONE,38.98759297,-77.02346754,"(38.98759297, -77.02346754)"
MCP2635007P,220053567,Montgomery County Police,Property Damage Crash,12/04/2022 07:11:00 PM,Maryland (State),OLNEY LAYTONSVILLE RD,OLNEY POST OFFICE,,N/A,OTHER CONVEYANCE,OTHER,CLEAR,DRY,DARK LIGHTS ON,STOP SIGN,N/A,N/A,3503640F-956E-4361-AF65-C3F25935FC81,OTHER CONVEYANCE,Walking/Cycling on Sidewalk,NO IMPROPER ACTIONS,SIDEWALK,No,NO APPARENT INJURY,NONE,39.15531333,-77.07060833,"(39.15531333, -77.07060833)"
MCP28140040,230054784,Montgomery County Police,Injury Crash,09/14/2023 09:11:00 AM,County,TUPELO DR,SHADY GROVE RD,,N/A,BICYCLIST,OTHER,N/A,DRY,DAYLIGHT,TRAFFIC SIGNAL,NONE DETECTED,NONE DETECTED,A4E76F88-7616-402A-ABF4-825DD21419F0,BICYCLIST,Cross/Enter at Intersection,UNKNOWN,ON ROADWAY AT CROSSWALK,No,SUSPECTED MINOR INJURY,MC/BIKE HELMET,39.13807017,-77.15316867,"(39.13807017, -77.15316867)"
MCP3019004M,220013413,Montgomery County Police,Injury Crash,03/29/2022 04:00:00 PM,County,GARFIELD ST,MCKINLEY ST,,N/A,PEDESTRIAN,OTHER,CLEAR,DRY,DAYLIGHT,NO CONTROLS,N/A,N/A,C84B277E-4569-4C6E-A576-57A568CD2611,PEDESTRIAN,Standing,NO IMPROPER ACTIONS,SIDEWALK,No,SUSPECTED MINOR INJURY,NONE,38.99629833,-77.11574,"(38.99629833, -77.11574)"
MCP2863001C,16057560,Montgomery County Police,Injury Crash,11/08/2016 08:23:00 AM,,,,"PARKING LOT OF 20300 PLEASANT RIDGE DR ,MCG (NORTHGATE CHURCH)",,PEDESTRIAN,SINGLE VEHICLE,CLEAR,,DAYLIGHT,NO CONTROLS,NONE DETECTED,NONE DETECTED,55E233D9-9E9E-452D-9418-05A4919132F8,PEDESTRIAN,Walking to/from school,NO IMPROPER ACTIONS,OTHER,No,POSSIBLE INJURY,N/A,39.19190167,-77.19156333,"(39.19190167, -77.19156333)"
MCP27710038,240001460,MONTGOMERY,Injury Crash,01/10/2024 08:53:00 AM,County Route,BUSHEY DR,,,,Pedestrian,Single Vehicle,Cloudy,Wet,Daylight,No Controls,"Not Suspect of Alcohol Use, Not Suspect of Drug Use","Not Suspect of Alcohol Use, Not Suspect of Drug Use",3D26854D-8B50-406E-8B2F-C5C2A90A3319,Pedestrian,Walking/Cycling Along Roadway Against Traffic (In or Adjacent to Travel Lane),"In Roadway Improperly (Standing, Lying, Working, Playing)",Travel Lane Other Location,Yes,Possible Injury,None,39.0592475,-77.07731033,"(39.0592475, -77.07731033)"
MCP11480031,190037434,Montgomery County Police,Injury Crash,08/06/2019 08:51:00 AM,County,COMMERCE LA,WISCONSIN AVE,,N/A,PEDESTRIAN,SINGLE VEHICLE,CLEAR,DRY,DAYLIGHT,NO CONTROLS,NONE DETECTED,NONE DETECTED,353BA08B-4A14-4EF0-BD1B-ABCD976F0D0D,PEDESTRIAN,Cross/Enter at Intersection,NO IMPROPER ACTIONS,ON ROADWAY AT CROSSWALK,No,SUSPECTED MINOR INJURY,NONE,38.985995,-77.094765,"(38.985995, -77.094765)"
MCP29730060,220035517,Montgomery County Police,Property Damage Crash,08/17/2022 04:00:00 PM,County,WELLER RD,GEORGIA AVE,,N/A,BICYCLIST,OTHER,CLEAR,DRY,DAYLIGHT,NO CONTROLS,N/A,N/A,EDF2FAF1-0DA9-469F-B7B5-92D75ADA78E8,BICYCLIST,Cross/Enter at Intersection,NO IMPROPER ACTIONS,ON ROADWAY AT CROSSWALK,No,NO APPARENT INJURY,N/A,39.066515,-77.059687,"(39.066515, -77.059687)"
MCP2948007H,240057235,MONTGOMERY,Injury Crash,11/29/2024 06:17:00 PM,Maryland (State) Route,GEORGIA AVE (SB/L),,,,Pedestrian,Single Vehicle,Clear,Dry,Dark - Unknown Lighting,No Controls,"Not Suspect of Alcohol Use, Not Suspect of Drug Use","Unknown, Unknown",3C903843-D54B-40C1-AC55-9E15C9CC3A3A,Pedestrian,Cross/Enter Not at Intersection,Dart/Dash,Intersection Unmarked Crosswalk,Yes,Suspected Minor Injury,None,39.04568308,-77.0521781,"(39.04568308, -77.0521781)"
DD5637001X,200039940,Rockville Police Departme,Property Damage Crash,10/10/2020 04:00:00 PM,,,,PARKING LOT OF 1701 ROCKVILLE PIKE,,PEDESTRIAN,OTHER,CLOUDY,,DAYLIGHT,N/A,NONE DETECTED,NONE DETECTED,8A2B547F-1FE4-4144-9E86-14F5826E39A9,PEDESTRIAN,Standing,NO IMPROPER ACTIONS,OTHER,No,NO APPARENT INJURY,NONE,39.061456,-77.12415,"(39.061456, -77.12415)"
EJ7851007Z,220030691,Gaithersburg Police Depar,Injury Crash,07/17/2022 02:15:00 PM,Municipality,GIRARD ST,E DIAMOND AVE,,GAITHERSBURG,PEDESTRIAN,OTHER,CLEAR,DRY,DAYLIGHT,TRAFFIC SIGNAL,UNKNOWN,NONE DETECTED,36DE34F1-8A18-4378-A7FC-530770DBD4D1,PEDESTRIAN,Cross/Enter at Intersection,NO IMPROPER ACTIONS,ON ROADWAY AT CROSSWALK,No,SUSPECTED MINOR INJURY,NONE,39.15382756,-77.20230706,"(39.15382756, -77.20230706)"
MCP2761001N,17015808,Montgomery County Police,Property Damage Crash,03/28/2017 03:36:00 PM,County,LIBERTY MILL RD,CLOPPER RD,,N/A,PEDESTRIAN,OTHER,CLEAR,DRY,DAYLIGHT,NO CONTROLS,NONE DETECTED,NONE DETECTED,6E139837-1842-456C-9781-A8E8FF0FE2A5,PEDESTRIAN,Standing,NO IMPROPER ACTIONS,OTHER,No,NO APPARENT INJURY,NONE,39.16219969,-77.28107482,"(39.16219969, -77.28107482)"
MCP3372000X,230026533,Montgomery County Police,Injury Crash,06/02/2023 05:05:00 PM,,,,13677 CONNECTICUT AVENUE SILVER SPRING MD,,PEDESTRIAN,OTHER,CLEAR,,DAYLIGHT,NO CONTROLS,NONE DETECTED,NONE DETECTED,C43D3792-505E-41EB-9B4E-6183417A2BDB,PEDESTRIAN,Other,NO IMPROPER ACTIONS,OTHER,No,SUSPECTED MINOR INJURY,N/A,39.07865333,-77.07957317,"(39.07865333, -77.07957317)"
DD56250028,190018901,Rockville Police Departme,Injury Crash,04/22/2019 08:50:00 PM,Municipality,MARYLAND AVE,E MIDDLE LA,,ROCKVILLE,PEDESTRIAN,OTHER,CLEAR,DRY,DARK LIGHTS ON,TRAFFIC SIGNAL,NONE DETECTED,NONE DETECTED,D16D03E7-B62B-48C5-91A4-5D19229405D8,PEDESTRIAN,Cross/Enter at Intersection,FAILURE TO YIELD RIGHT OF WAY,ON ROADWAY AT CROSSWALK,Yes,POSSIBLE INJURY,NONE,39.08512197,-77.15094064,"(39.08512197, -77.15094064)"
DM8465001F,190052769,Takoma Park Police Depart,Injury Crash,11/02/2019 09:45:00 AM,Maryland (State),ETHAN ALLEN AVE,JACKSON AVE,,TAKOMA PARK,PEDESTRIAN,OTHER,CLEAR,DRY,DAYLIGHT,STOP SIGN,UNKNOWN,NONE DETECTED,7024367A-426C-4217-99FD-B73B4A7B83F7,PEDESTRIAN,Cross/Enter at Intersection,NO IMPROPER ACTIONS,ON ROADWAY AT CROSSWALK,No,SUSPECTED MINOR INJURY,REFLECTIVE CLOTHING,38.97803183,-77.00134217,"(38.97803183, -77.00134217)"