Report Number,Local Case Number,Agency Name,ACRS Report Type,Crash Date/Time,Route Type,Road Name,Cross-Street Name,Off-Road Description,Municipality,Related Non-Motorist,Collision Type,Weather,Surface Condition,Light,Traffic Control,Driver Substance Abuse,Non-Motorist Substance Abuse,Person ID,Pedestrian Type,Pedestrian Movement,Pedestrian Actions,Pedestrian Location,At Fault,Injury Severity,Safety Equipment,Latitude,Longitude,Location
MCP11210044,180029562,Montgomery County Police,Injury Crash,06/15/2018 12:44:00 PM,Maryland (State),FREDERICK RD,TRAVIS AVE,,GAITHERSBURG,PEDESTRIAN,SINGLE VEHICLE,CLEAR,DRY,DAYLIGHT,TRAFFIC SIGNAL,NONE DETECTED,NONE DETECTED,A8C07775-0AF1-41FE-AE81-8666FACE4699,PEDESTRIAN,Cross/Enter at Intersection,NO IMPROPER ACTIONS,ON ROADWAY AT CROSSWALK,No,POSSIBLE INJURY,NONE,39.16151667,-77.22267667,"(39.16151667, -77.22267667)"
MCP3162000S,180048526,Montgomery County Police,Injury Crash,09/28/2018 04:15:00 PM,County,SOUTHWOOD AVE,COLESVILLE RD,,N/A,PEDESTRIAN,OTHER,CLEAR,DRY,DAYLIGHT,TRAFFIC SIGNAL,N/A,N/A,D5A861DF-072F-4E0D-B61B-609F14A9A610,PEDESTRIAN,Cross/Enter not at Intersection,UNKNOWN,ON ROADWAY NOT AT CROSSWALK,Yes,POSSIBLE INJURY,NONE,39.02616833,-77.010995,"(39.02616833, -77.010995)"
MCP30030047,190047192,Montgomery County Police,Injury Crash,10/02/2019 08:26:00 AM,Maryland (State),WISCONSIN AVE,BRADLEY LA,,N/A,BICYCLIST,OTHER,CLEAR,DRY,DAYLIGHT,TRAFFIC SIGNAL,NONE DETECTED,NONE DETECTED,0F8B5B6F-D2BE-4011-9FFF-F41CDF7C99D2,BICYCLIST,Cross/Enter at Intersection,UNKNOWN,ON ROADWAY AT CROSSWALK,Unknown,SUSPECTED MINOR INJURY,MC/BIKE HELMET,38.97714917,-77.0908033,"(38.97714917, -77.0908033)"
EJ785600BB,220028616,Gaithersburg Police Depar,Injury Crash,07/03/2022 09:44:00 PM,Maryland (State),FREDERICK RD,ODENDHAL AVE,,GAITHERSBURG,PEDESTRIAN,OTHER,CLEAR,DRY,DARK LIGHTS ON,N/A,N/A,N/A,8A898BCC-5918-49F3-B6DE-B4AE066014C8,PEDESTRIAN,Standing,DISABLED VEHICLE RELATED,OTHER,Yes,SUSPECTED SERIOUS INJURY,N/A,39.14758608,-77.20593278,"(39.14758608, -77.20593278)"
MCP0942002P,190056218,Montgomery County Police,Injury Crash,11/21/2019 10:11:00 AM,,,,"PARKING LOT-7400 ARLINGTON RD
BETHESDA LIBRARY",,PEDESTRIAN,SINGLE VEHICLE,CLEAR,,DAYLIGHT,NO CONTROLS,NONE DETECTED,NONE DETECTED,FDC19774-407F-4EAB-8B26-6005E0C707EF,PEDESTRIAN,Other,NO IMPROPER ACTIONS,OTHER,No,SUSPECTED MINOR INJURY,NONE,38.98435298,-77.09900493,"(38.98435298, -77.09900493)"
MCP0539001Y,15061690,MONTGOMERY,Injury Crash,12/03/2015 08:28:00 AM,County,BEL PRE RD,GRAND PRE RD,,N/A,PEDESTRIAN,SINGLE VEHICLE,CLEAR,DRY,DAYLIGHT,NO CONTROLS,NONE DETECTED,NONE DETECTED,992B7C72-4677-4D02-9E91-DFF48F738A56,PEDESTRIAN,Other,NO IMPROPER ACTIONS,ON ROADWAY AT CROSSWALK,No,SUSPECTED SERIOUS INJURY,NONE,39.09335667,-77.07518167,"(39.09335667, -77.07518167)"
EJ7851006H,210023045,Gaithersburg Police Depar,Injury Crash,06/16/2021 04:40:00 PM,Maryland (State),S FREDERICK RD,SPUR TO MD 117A,,N/A,BICYCLIST,SAME DIRECTION SIDESWIPE,CLEAR,DRY,DAYLIGHT,NO CONTROLS,NONE DETECTED,NONE DETECTED,EBCB32B6-FDAD-41DE-B4E8-B719415E1E72,BICYCLIST,Cross/Enter at Intersection,INATTENTIVE,ON ROADWAY AT CROSSWALK,Yes,POSSIBLE INJURY,NONE,39.14045253,-77.19793358,"(39.14045253, -77.19793358)"
MCP13010008,15014790,Montgomery County Police,Injury Crash,03/31/2015 03:55:00 PM,Maryland (State),GERMANTOWN RD,WISTERIA DR,,N/A,PEDESTRIAN,SINGLE VEHICLE,CLEAR,DRY,DAYLIGHT,TRAFFIC SIGNAL,NONE DETECTED,UNKNOWN,09C7949C-8800-4518-B85E-2FB63DB656C0,PEDESTRIAN,Unknown,DART DASH,ON ROADWAY NOT AT CROSSWALK,,SUSPECTED SERIOUS INJURY,N/A,39.17727,-77.269535,"(39.17727, -77.269535)"
MCP2796002F,15058687,MONTGOMERY,Injury Crash,11/17/2015 01:47:00 PM,,,,"Parking lot of KMart store located at 14014 Connecticut Avenue, Silver Spring",,PEDESTRIAN,SINGLE VEHICLE,CLEAR,,DAYLIGHT,N/A,N/A,NONE DETECTED,D9E844C2-E353-41E5-827A-FD615D20BA7F,PEDESTRIAN,Other,NO IMPROPER ACTIONS,OTHER,No,SUSPECTED MINOR INJURY,N/A,39.08544,-77.07649167,"(39.08544, -77.07649167)"
MCP32790016,220019768,Montgomery County Police,Injury Crash,05/09/2022 05:30:00 PM,County,BLUHILL RD,RANDOLPH RD,,N/A,PEDESTRIAN,SINGLE VEHICLE,UNKNOWN,UNKNOWN,UNKNOWN,STOP SIGN,NONE DETECTED,N/A,3897BA3A-91A1-45C8-9117-09D8E5E97CF3,PEDESTRIAN,Cross/Enter at Intersection,NO IMPROPER ACTIONS,ON ROADWAY AT CROSSWALK,No,SUSPECTED MINOR INJURY,NONE,39.05898675,-77.06498015,"(39.05898675, -77.06498015)"
MCP297700BR,230007853,Montgomery County Police,Injury Crash,02/16/2023 12:06:00 PM,County,BURNT MILLS AVE,CHILDS ST,,N/A,PEDESTRIAN,OTHER,CLOUDY,WET,DAYLIGHT,STOP SIGN,N/A,NONE DETECTED,B12C7734-BB13-4100-B0D6-FF37340F2769,PEDESTRIAN,Walking/Riding against Traffic,NO IMPROPER ACTIONS,AT INTERSECTION BUT NO CROSSWALK,No,POSSIBLE INJURY,NONE,39.03697667,-77.00340167,"(39.03697667, -77.00340167)"
DD5671000Y,250011825,ROCKVILLE,Injury Crash,03/18/2025 11:30:00 AM,Municipality Route,,LEWIS AVE,,,Pedestrian,Single Vehicle,Clear,Dry,Daylight,Stop Sign,"Not Suspect of Alcohol Use, Not Suspect of Drug Use","Not Suspect of Alcohol Use, Not Suspect of Drug Use",D383F06A-6561-4EC2-B3E7-8522AA243C04,Pedestrian,Cross/Enter at Intersection,Unknown,Intersection Marked Crosswalk,No,Suspected Serious Injury,None,39.07497378,-77.134219,"(39.07497378, -77.134219)"
MCP2475004J,200001536,Montgomery County Police,Injury Crash,01/09/2020 06:09:00 PM,County,ADELPHI RD,NEW HAMPSHIRE AVE,,N/A,PEDESTRIAN,STRAIGHT MOVEMENT ANGLE,N/A,DRY,DARK LIGHTS ON,TRAFFIC SIGNAL,NONE DETECTED,NONE DETECTED,4DBFF833-828F-47C7-BF30-8DF0FC3F9D94,PEDESTRIAN,Cross/Enter at Intersection,NO IMPROPER ACTIONS,ON ROADWAY AT CROSSWALK,No,SUSPECTED MINOR INJURY,NONE,39.01136,-76.97917333,"(39.01136, -76.97917333)"
MCP9390001N,200000483,Montgomery County Police,Injury Crash,01/03/2020 06:15:00 PM,,CROWN PARK AVE,ALCOTT PL,,N/A,PEDESTRIAN,SINGLE VEHICLE,RAINING,WET,DARK LIGHTS ON,NO CONTROLS,NONE DETECTED,NONE DETECTED,E3A1D632-E665-4B96-B9BC-399894EA7B5E,PEDESTRIAN,Walking/Cycling on Sidewalk,NO IMPROPER ACTIONS,ON ROADWAY AT CROSSWALK,No,SUSPECTED MINOR INJURY,N/A,39.11293833,-77.20372677,"(39.11293833, -77.20372677)"
MCP30850068,250033379,MONTGOMERY,Injury Crash,07/26/2025 08:56:00 PM,Maryland (State) Route,,,,,Scooter (electric),Single Vehicle,Clear,Dry,Dark - Not Lighted,No Controls,"Not Suspect of Alcohol Use, Not Suspect of Drug Use","Unknown, Unknown",584E2004-8769-434F-83D1-A61D1939910A,Scooter (electric),Unknown,Unknown,Intersection Marked Crosswalk,No,Suspected Serious Injury,None,38.99546615,-77.04233931,"(38.99546615, -77.04233931)"
DM8430000Q,17015804,Takoma Park Police Depart,Injury Crash,03/28/2017 01:17:00 PM,Municipality,SHERIDAN ST,NEW HAMPSHIRE AVE,,N/A,PEDESTRIAN,OTHER,CLEAR,N/A,DAYLIGHT,NO CONTROLS,UNKNOWN,NONE DETECTED,F20CE920-27D7-43F3-B497-A9B5DDE31ABF,PEDESTRIAN,Other,OTHER,N/A,No,POSSIBLE INJURY,N/A,38.96673667,-77.00201833,"(38.96673667, -77.00201833)"
MCP1524000R,210037242,Montgomery County Police,Injury Crash,09/17/2021 11:00:00 AM,Maryland (State),CLOPPER RD,FIRSTFIELD RD,,GAITHERSBURG,PEDESTRIAN,SINGLE VEHICLE,CLEAR,DRY,DAYLIGHT,PERSON,NONE DETECTED,NONE DETECTED,7AF3EF79-AD5F-41D5-A7DE-8FD6E4318C12,PEDESTRIAN,Cross/Enter at Intersection,UNKNOWN,ON ROADWAY AT CROSSWALK,Unknown,SUSPECTED MINOR INJURY,NONE,39.1437061,-77.22386883,"(39.1437061, -77.22386883)"
MCP2824001G,15046937,MONTGOMERY,Injury Crash,09/16/2015 04:50:00 PM,Municipality,VEIRS DR,OAKWOOD DR,,N/A,BICYCLIST,OTHER,CLEAR,DRY,DAYLIGHT,NO CONTROLS,N/A,N/A,3BEFD4AF-E5B3-46E3-8DC4-7636F685915D,BICYCLIST,Walking/Riding w/Traffic,NO IMPROPER ACTIONS,SHOULDER,No,POSSIBLE INJURY,MC/BIKE HELMET,39.077609,-77.196532,"(39.077609, -77.196532)"
MCP1575008Z,190031650,Montgomery County Police,Injury Crash,07/03/2019 06:26:00 AM,County,TWINBROOK PKWY,VEIRS MILL RD,,N/A,PEDESTRIAN,OTHER,CLEAR,DRY,DAWN,NO CONTROLS,UNKNOWN,UNKNOWN,A5EDB7B6-6E78-4D87-B29E-0E2FA808A05F,PEDESTRIAN,Cross/Enter not at Intersection,UNKNOWN,ON ROADWAY NOT AT CROSSWALK,Yes,SUSPECTED SERIOUS INJURY,NONE,39.07045167,-77.11396667,"(39.07045167, -77.11396667)"
MCP2927001F,16053824,Montgomery County Police,Injury Crash,10/19/2016 03:54:00 PM,Government,SLIGO CREEK PKWY,COLESVILLE RD,,N/A,BICYCLIST,SAME DIRECTION RIGHT TURN,CLEAR,DRY,DAYLIGHT,TRAFFIC SIGNAL,UNKNOWN,NONE DETECTED,4A895696-D1BD-4886-96CA-86133F1C66CD,BICYCLIST,Cross/Enter at Intersection,NO IMPROPER ACTIONS,ON ROADWAY AT CROSSWALK,No,POSSIBLE INJURY,MC/BIKE HELMET,39.00774318,-77.02019647,"(39.00774318, -77.02019647)"
MCP2048000L,15041762,MONTGOMERY,Injury Crash,08/21/2015 08:15:00 PM,County,OLD COLUMBIA PIKE,TREETOP LA,,N/A,PEDESTRIAN,OTHER,RAINING,WET,DARK LIGHTS ON,STOP SIGN,UNKNOWN,NONE DETECTED,869613E8-15D6-49FF-9972-32BDCB4A6DD8,PEDESTRIAN,Cross/Enter at Intersection,UNKNOWN,UNKNOWN,Unknown,SUSPECTED MINOR INJURY,N/A,39.0591,-76.96922833,"(39.0591, -76.96922833)"
MCP2680002P,180044204,Montgomery County Police,Property Damage Crash,09/04/2018 09:15:00 PM,,,,PARKING GARAGE AT 8700 CAMERON ST,,PEDESTRIAN,OTHER,CLEAR,,DARK LIGHTS ON,NO CONTROLS,UNKNOWN,NONE DETECTED,D8AD3596-43E2-42E2-974E-D63452B5B199,PEDESTRIAN,Cross/Enter not at Intersection,NO IMPROPER ACTIONS,OTHER,No,NO APPARENT INJURY,REFLECTIVE CLOTHING,38.998305,-77.02881167,"(38.998305, -77.02881167)"
MCP2470000X,16000073,Montgomery County Police,Injury Crash,01/01/2016 05:28:00 AM,Maryland (State),MUNCASTER MILL RD,SNOW CREEK DR,,N/A,PEDESTRIAN,OTHER,CLEAR,DRY,DARK NO LIGHTS,NO CONTROLS,NONE DETECTED,ALCOHOL PRESENT,F87BCCCC-CDB9-4665-9641-CF544F3D492A,PEDESTRIAN,Standing,IN ROADWAY IMPROPERLY,ON ROADWAY NOT AT CROSSWALK,Yes,SUSPECTED SERIOUS INJURY,NONE,39.152605,-77.15181167,"(39.152605, -77.15181167)"
DD5631000L,180033680,Rockville Police Departme,Injury Crash,07/08/2018 09:46:00 AM,Municipality,KERSEY LA,FALLS RD,,N/A,OTHER PEDALCYCLIST,N/A,N/A,DRY,DAYLIGHT,TRAFFIC SIGNAL,NONE DETECTED,N/A,4B0A05AE-423B-44E5-865D-344E3C12D7C6,OTHER PEDALCYCLIST,Cross/Enter at Intersection,NO IMPROPER ACTIONS,ON ROADWAY AT CROSSWALK,No,POSSIBLE INJURY,MC/BIKE HELMET,39.06682,-77.17404833,"(39.06682, -77.17404833)"
MCP3113001N,190038188,Montgomery County Police,Injury Crash,08/10/2019 05:41:00 PM,,,,PARKING LOT OF BRIGGS CHANEY SHOPPING CENTER 13800 BLK OUTLET DRIVE,,PEDESTRIAN,OTHER,N/A,,DAYLIGHT,NO CONTROLS,N/A,N/A,AFF09474-000A-490A-BCC6-3574FB10015E,PEDESTRIAN,Walking/Riding w/Traffic,NO IMPROPER ACTIONS,OTHER,No,POSSIBLE INJURY,NONE,39.082427,-76.946807,"(39.082427, -76.946807)"
MCP28750014,15038530,MONTGOMERY,Injury Crash,08/03/2015 07:58:00 PM,,,,"Parking lot of 13097 Wisteria Dr., Germantown, MD 20874",,PEDESTRIAN,OTHER,CLEAR,,DAYLIGHT,NO CONTROLS,NONE DETECTED,NONE DETECTED,72806004-AFEA-436C-B6BE-9FA95D48BC66,PEDESTRIAN,Cross/Enter at Intersection,NO IMPROPER ACTIONS,SIDEWALK,No,POSSIBLE INJURY,NONE,39.17821,-77.27214,"(39.17821, -77.27214)"
MCP271700WW,220008165,Montgomery County Police,Injury Crash,02/24/2022 06:30:00 PM,Maryland (State),NEW HAMPSHIRE AVE,POWDER MILL RD,,N/A,PEDESTRIAN,OTHER,RAINING,WET,DARK LIGHTS ON,TRAFFIC SIGNAL,UNKNOWN,NONE DETECTED,20A7CE26-47AB-4C82-9E55-1E0AF67E4962,PEDESTRIAN,Cross/Enter at Intersection,FAILURE TO OBEY TRAFFIC SIGNS SIGNALS OR OFFICER,ON ROADWAY AT CROSSWALK,Yes,SUSPECTED MINOR INJURY,NONE,39.020268,-76.975427,"(39.020268, -76.975427)"
MCP3044006C,220057586,Montgomery County Police,Injury Crash,12/28/2022 05:44:00 PM,Maryland (State),PINEY BRANCH RD,UNIVERSITY BLVD E,,N/A,PEDESTRIAN,OTHER,CLEAR,DRY,DARK NO LIGHTS,TRAFFIC SIGNAL,NONE DETECTED,NONE DETECTED,17DE0E9F-2C80-4A2D-ABF0-1BBAD33B3939,PEDESTRIAN,Cross/Enter not at Intersection,FAILURE TO OBEY TRAFFIC SIGNS SIGNALS OR OFFICER,ON ROADWAY NOT AT CROSSWALK,Yes,SUSPECTED MINOR INJURY,NONE,38.99941732,-76.99638024,"(38.99941732, -76.99638024)"
MCP2291005S,220006216,Montgomery County Police,Injury Crash,02/12/2022 04:11:00 PM,Maryland (State),OLD GEORGETOWN RD,BEECH AVE,,N/A,BICYCLIST,HEAD ON LEFT TURN,CLEAR,DRY,DAYLIGHT,TRAFFIC SIGNAL,NONE DETECTED,NONE DETECTED,57FA5AF7-8B73-4632-B844-123A07A02E5D,BICYCLIST,Standing,NO IMPROPER ACTIONS,SIDEWALK,No,SUSPECTED SERIOUS INJURY,MC/BIKE HELMET,39.01002068,-77.11475414,"(39.01002068, -77.11475414)"
DM83360023,180065347,Takoma Park Police Depart,Injury Crash,12/31/2018 02:21:00 PM,Municipality,RITCHIE AVE,MAPLE AVE,,TAKOMA PARK,OTHER,OTHER,CLOUDY,DRY,DAYLIGHT,N/A,NONE DETECTED,N/A,AA26C537-4D37-4802-8946-46E5D21642AB,OTHER,Other,UNKNOWN,N/A,Unknown,NO APPARENT INJURY,N/A,38.98549667,-77.00757,"(38.98549667, -77.00757)"
MCP3106002L,200002191,Montgomery County Police,Injury Crash,01/13/2020 06:06:00 PM,,,,PARKING LOT DRIVEWAY OF 3610 UNIVERSITY BLVD W,,BICYCLIST,STRAIGHT MOVEMENT ANGLE,CLEAR,,DARK LIGHTS ON,NO CONTROLS,N/A,N/A,27963189-94A5-43CC-8BA9-9E5D881C09EB,BICYCLIST,Walking/Cycling on Sidewalk,N/A,SIDEWALK,No,SUSPECTED MINOR INJURY,MC/BIKE HELMET,39.03386667,-77.07214833,"(39.03386667, -77.07214833)"
MCP30040013,16062484,Montgomery County Police,Injury Crash,12/05/2016 05:27:00 PM,Maryland (State),MASSACHUSETTS AVE,WESTBARD AVE,,N/A,PEDESTRIAN,OTHER,CLEAR,DRY,DARK LIGHTS ON,TRAFFIC SIGNAL,NONE DETECTED,N/A,3EDD368A-107D-4B8D-856A-16F4D3617EDD,PEDESTRIAN,Cross/Enter at Intersection,NO IMPROPER ACTIONS,AT INTERSECTION MARKED CROSSWALK,No,SUSPECTED MINOR INJURY,N/A,38.95827523,-77.1097447,"(38.95827523, -77.1097447)"
MCP30700015,190055317,Montgomery County Police,Injury Crash,11/16/2019 01:10:00 PM,County,BATTERY LA,OLD GEORGETOWN RD,,N/A,PEDESTRIAN,SINGLE VEHICLE,CLEAR,DRY,DAYLIGHT,TRAFFIC SIGNAL,N/A,N/A,6BFDD7FE-00F3-4D3D-BE61-3EF6ADAA4395,PEDESTRIAN,Cross/Enter at Intersection,NO IMPROPER ACTIONS,AT INTERSECTION MARKED CROSSWALK,No,SUSPECTED MINOR INJURY,N/A,38.99080167,-77.10278167,"(38.99080167, -77.10278167)"
MCP2859002B,16033271,Montgomery County Police,Injury Crash,07/01/2016 09:35:00 AM,,,,"PARKING SPACE OUTSIDE 23 FIRSTFIELD RD, GAITHERSBURG, MD, 20878",,PEDESTRIAN,OTHER,CLEAR,,DAYLIGHT,NO CONTROLS,UNKNOWN,NONE DETECTED,DF8850BB-139F-4262-A1C3-45B91219B950,PEDESTRIAN,Standing,OTHER,OTHER,No,SUSPECTED MINOR INJURY,NONE,39.13616871,-77.22656965,"(39.13616871, -77.22656965)"
MCP30050042,180037729,Montgomery County Police,Injury Crash,07/30/2018 12:20:00 PM,Maryland (State),LAYHILL RD,ENT TO SHOPPING CENTER,,N/A,BICYCLIST,OTHER,CLOUDY,DRY,DAYLIGHT,STOP SIGN,NONE DETECTED,NONE DETECTED,1286498B-A42D-4064-B323-B9164866ED9D,BICYCLIST,Cross/Enter at Intersection,UNKNOWN,SIDEWALK,Unknown,POSSIBLE INJURY,NONE,39.06089788,-77.05083735,"(39.06089788, -77.05083735)"
MCP2552001F,16064584,Montgomery County Police,Injury Crash,12/16/2016 06:17:00 PM,County,ARDENNES AVE,TWINBROOK PKWY,,N/A,PEDESTRIAN,OTHER,N/A,DRY,DARK LIGHTS ON,TRAFFIC SIGNAL,UNKNOWN,N/A,927B9850-1E15-472E-A060-E47B9D21DB65,PEDESTRIAN,Cross/Enter at Intersection,NO IMPROPER ACTIONS,ON ROADWAY AT CROSSWALK,No,SUSPECTED MINOR INJURY,NONE,39.06375577,-77.1162504,"(39.06375577, -77.1162504)"
MCP2546002N,190013501,Montgomery County Police,Fatal Crash,03/23/2019 09:30:00 PM,Municipality,BEALL AVE #2,MARYLAND AVE,,N/A,PEDESTRIAN,OTHER,CLEAR,DRY,DARK LIGHTS ON,OTHER,NONE DETECTED,NONE DETECTED,5B1EC8C1-6550-4256-89C7-2186946BBA54,PEDESTRIAN,Cross/Enter at Intersection,UNKNOWN,ON ROADWAY AT CROSSWALK,No,FATAL INJURY,NONE,39.087085,-77.151238,"(39.087085, -77.151238)"
DD561500F6,220013427,Rockville Police Departme,Injury Crash,03/20/2023 10:14:00 AM,,,,"TESLA, LOCATED AT 1300 ROCKVILLE PIKE, ROCKVILLE, MARYLAND 20850",,PEDESTRIAN,SINGLE VEHICLE,CLEAR,,DAYLIGHT,NO CONTROLS,NONE DETECTED,NONE DETECTED,7BF8C9A6-1138-41E5-8987-C011F24BE665,PEDESTRIAN,Standing,INATTENTIVE,OTHER,No,POSSIBLE INJURY,NONE,39.06915948,-77.12973152,"(39.06915948, -77.12973152)"
MCP137800N0,180050552,Montgomery County Police,Injury Crash,10/09/2018 07:02:00 PM,,,,PARKING LOT OF 422 GIRARD ST,,BICYCLIST,STRAIGHT MOVEMENT ANGLE,CLOUDY,,DUSK,STOP SIGN,NONE DETECTED,NONE DETECTED,A2D70306-CC28-4FEA-B632-30843D4EC9F5,BICYCLIST,Walking/Riding w/Traffic,FAILURE TO OBEY TRAFFIC SIGNS SIGNALS OR OFFICER,ON ROADWAY NOT AT CROSSWALK,Yes,SUSPECTED MINOR INJURY,NONE,39.14838833,-77.186675,"(39.14838833, -77.186675)"
MCP2687001X,170501117,Montgomery County Police,Injury Crash,04/08/2017 05:44:00 PM,,,,"7400 ARLINGTON RD 
BETHESDA MD 20814
BETHESDA LIBRARY PARKING LOT",,PEDESTRIAN,OTHER,CLEAR,,DAYLIGHT,NO CONTROLS,NONE DETECTED,NONE DETECTED,457EFAFE-B14B-49AE-8272-868999A42290,PEDESTRIAN,Other,NO IMPROPER ACTIONS,OTHER,No,POSSIBLE INJURY,NONE,38.98384125,-77.09859878,"(38.98384125, -77.09859878)"
MCP2902001W,170501904,Montgomery County Police,Injury Crash,04/13/2017 11:57:00 AM,Maryland (State),HUNGERFORD DR,N WASHINGTON ST,,ROCKVILLE,OTHER,OTHER,CLEAR,DRY,DAYLIGHT,TRAFFIC SIGNAL,UNKNOWN,NONE DETECTED,05B2333E-4B97-45DF-9769-65E21168E348,OTHER,Standing,NO IMPROPER ACTIONS,ON ROADWAY NOT AT CROSSWALK,No,SUSPECTED MINOR INJURY,UNKNOWN,39.09092519,-77.15305567,"(39.09092519, -77.15305567)"
MCP15540041,190007886,Montgomery County Police,Injury Crash,02/18/2019 05:27:00 PM,County,CRABBS BRANCH WAY,ENT TO MONT CO DEPT OF TRANS,,N/A,PEDESTRIAN,SINGLE VEHICLE,CLEAR,DRY,DAYLIGHT,TRAFFIC SIGNAL,NONE DETECTED,NONE DETECTED,ED6B92C3-7AFC-49FA-8729-3CAF2708C697,PEDESTRIAN,Other,NO IMPROPER ACTIONS,INSIDE BUILDING,No,POSSIBLE INJURY,N/A,39.12444333,-77.16421167,"(39.12444333, -77.16421167)"
MCP32010015,200007676,Montgomery County Police,Injury Crash,02/15/2020 07:55:00 AM,,,,ON A SERVICE ROAD IN BETWEEN POST OFFICE AND PARKING LOT OF POST OFFICE LOCATED AT 10079 STEDWICK RD,,PEDESTRIAN,SINGLE VEHICLE,CLEAR,,DAYLIGHT,N/A,N/A,N/A,D30CF38F-FD3D-4B4A-AF2E-E0A340C092D0,PEDESTRIAN,Cross/Enter not at Intersection,NO IMPROPER ACTIONS,OTHER,No,SUSPECTED MINOR INJURY,NONE,39.1710561,-77.20813914,"(39.1710561, -77.20813914)"
MCP1233005H,240001994,MONTGOMERY,Injury Crash,01/12/2024 06:00:00 PM,Maryland (State) Route,CONNECTICUT AVE,,,,Pedestrian,Single Vehicle,Cloudy,Dry,Dark - Not Lighted,Traffic Control Signal,"Not Suspect of Alcohol Use, Not Suspect of Drug Use","Not Suspect of Alcohol Use, Not Suspect of Drug Use",8CB856A9-846F-4C97-9629-12F114D22CAB,Pedestrian,Cross/Enter Not at Intersection,None (No Improper Action),Midblock Marked Crosswalk,Yes,Possible Injury,None,39.02959455,-77.07579703,"(39.02959455, -77.07579703)"
DD55380027,17004124,Rockville Police Departme,Injury Crash,01/24/2017 12:32:00 PM,,,,"891-G ROCKVILLE PIKE ""PAISANO'S""  PARKING LOT",,PEDESTRIAN,SINGLE VEHICLE,CLEAR,,DAYLIGHT,NO CONTROLS,NONE DETECTED,NONE DETECTED,57DC6529-CFCE-45C2-9975-EEB0D2072432,PEDESTRIAN,Other,N/A,INSIDE BUILDING,No,POSSIBLE INJURY,N/A,39.07437,-77.13731167,"(39.07437, -77.13731167)"
MCP31530041,220012851,Montgomery County Police,Injury Crash,03/16/2022 04:00:00 PM,,,,"PRIVATE PARKING LOT OF 2901 S LEISURE WORLD BLVD., SILVER SPRING, MD 20906",,PEDESTRIAN,SINGLE VEHICLE,UNKNOWN,,DAYLIGHT,NO CONTROLS,UNKNOWN,UNKNOWN,CD42D0E9-CA1A-497E-B3F3-F077C8444AD3,PEDESTRIAN,Standing,NO IMPROPER ACTIONS,OTHER,No,SUSPECTED MINOR INJURY,N/A,39.10434088,-77.05771562,"(39.10434088, -77.05771562)"
MCP2967003B,180046530,Montgomery County Police,Injury Crash,09/17/2018 07:47:00 PM,Maryland (State),WISCONSIN AVE,WILLARD AVE,,N/A,BICYCLIST,OTHER,RAINING,WET,DARK LIGHTS ON,TRAFFIC SIGNAL,NONE DETECTED,NONE DETECTED,FDA1DC04-53A2-4CBF-B8B2-11E103582E75,BICYCLIST,Cross/Enter at Intersection,NO IMPROPER ACTIONS,AT INTERSECTION MARKED CROSSWALK,No,POSSIBLE INJURY,MC/BIKE HELMET,38.96162667,-77.08648667,"(38.96162667, -77.08648667)"
MCP0487002L,180035710,Montgomery County Police,Injury Crash,07/19/2018 09:37:00 AM,,,,PARKING LOT OF 18905 BONONZA WAY,,PEDESTRIAN,SINGLE VEHICLE,CLEAR,,DAYLIGHT,NO CONTROLS,NONE DETECTED,NONE DETECTED,51E6DE73-1F2B-4937-BD52-E8F12557251C,PEDESTRIAN,Standing,NO IMPROPER ACTIONS,OTHER,No,SUSPECTED SERIOUS INJURY,NONE,39.16664,-77.17042,"(39.16664, -77.17042)"
MCP2001000N,17005653,Montgomery County Police,Fatal Crash,02/01/2017 05:06:00 PM,,,,PARKING LOT OF CRESTHAVEN ELEMENTARY SCHOOL (1234 CRESTHAVEN DRIVE),,PEDESTRIAN,SINGLE VEHICLE,CLEAR,,DAYLIGHT,STOP SIGN,NONE DETECTED,NONE DETECTED,C80A180A-AE48-4E95-854B-A8979CCCA982,PEDESTRIAN,Unknown,UNKNOWN,DRIVEWAY ACCESS MARKED CROSSWALK,Unknown,FATAL INJURY,N/A,39.02718717,-76.98797643,"(39.02718717, -76.98797643)"
MCP30700014,190054389,Montgomery County Police,Injury Crash,11/11/2019 05:10:00 PM,,,,"CVS - 7809 WISCONSIN AVE BETHESDA, MD 20814",,PEDESTRIAN,SINGLE VEHICLE,CLEAR,,DARK LIGHTS ON,NO CONTROLS,N/A,N/A,3B4F5A81-5D3B-479A-BA9F-7051D1A06A93,PEDESTRIAN,Walking/Cycling on Sidewalk,NO IMPROPER ACTIONS,SIDEWALK,No,SUSPECTED MINOR INJURY,NONE,38.98884167,-77.09509333,"(38.98884167, -77.09509333)"
MCP33120028,220045809,Montgomery County Police,Injury Crash,10/19/2022 07:55:00 AM,County,VALLEY BROOK DR,GREENHILL DR,,N/A,PEDESTRIAN,SINGLE VEHICLE,CLEAR,DRY,DAYLIGHT,NO CONTROLS,NONE DETECTED,NONE DETECTED,8A829653-A958-4792-9E41-4C7E9112C936,PEDESTRIAN,Cross/Enter at Intersection,FAILURE TO YIELD RIGHT OF WAY,ON ROADWAY NOT AT CROSSWALK,Yes,POSSIBLE INJURY,NONE,39.05814167,-77.00284,"(39.05814167, -77.00284)"
MCP2622003W,230062419,Montgomery County Police,Injury Crash,10/25/2023 06:09:00 AM,County,CASTLE BLVD,TEAGARDEN CIR,,N/A,PEDESTRIAN,OTHER,CLEAR,DRY,DARK LIGHTS ON,NO CONTROLS,N/A,N/A,077A792E-35C9-400A-9ACC-A37AF3AA0A5C,PEDESTRIAN,Cross/Enter not at Intersection,FAILURE TO YIELD RIGHT OF WAY,AT INTERSECTION BUT NO CROSSWALK,Yes,POSSIBLE INJURY,NONE,39.08555076,-76.94044895,"(39.08555076, -76.94044895)"