Report Number,Local Case Number,Agency Name,ACRS Report Type,Crash Date/Time,Route Type,Road Name,Cross-Street Name,Off-Road Description,Municipality,Related Non-Motorist,Collision Type,Weather,Surface Condition,Light,Traffic Control,Driver Substance Abuse,Non-Motorist Substance Abuse,Person ID,Pedestrian Type,Pedestrian Movement,Pedestrian Actions,Pedestrian Location,At Fault,Injury Severity,Safety Equipment,Latitude,Longitude,Location
DD5598001Q,170524134,Rockville Police Departme,Injury Crash,08/10/2017 04:54:00 PM,Municipality,E MIDDLE LA,ENT TO BUSINESS,,N/A,PEDESTRIAN,STRAIGHT MOVEMENT ANGLE,CLEAR,DRY,DAYLIGHT,OTHER,N/A,N/A,F5023A47-4723-4AF6-A706-C3429F21C598,PEDESTRIAN,Cross/Enter at Intersection,DART DASH,ON ROADWAY AT CROSSWALK,No,SUSPECTED SERIOUS INJURY,N/A,39.08517633,-77.15055417,"(39.08517633, -77.15055417)"
MCP3249001F,210000286,Montgomery County Police,Injury Crash,01/03/2021 05:29:00 PM,Maryland (State),NEW HAMPSHIRE AVE,DILSTON RD,,N/A,PEDESTRIAN,OTHER,RAINING,WET,DARK LIGHTS ON,TRAFFIC SIGNAL,NONE DETECTED,ALCOHOL CONTRIBUTED,26C7482F-80F6-4F92-9393-F692D23F828A,PEDESTRIAN,Cross/Enter at Intersection,DART DASH,AT INTERSECTION MARKED CROSSWALK,Yes,SUSPECTED SERIOUS INJURY,NONE,39.011195,-76.97908167,"(39.011195, -76.97908167)"
DD56510057,240040060,ROCKVILLE,Injury Crash,08/24/2024 01:43:00 PM,Municipality Route,E MONTGOMERY AVE,,,,Pedestrian,Single Vehicle,Clear,Dry,Daylight,No Controls,"Not Suspect of Alcohol Use, Not Suspect of Drug Use","Not Suspect of Alcohol Use, Not Suspect of Drug Use",00D1475F-37EC-4B5D-B3DD-87BFAE1E57B5,Pedestrian,None,None (No Improper Action),Travel Lane Other Location,No,Suspected Serious Injury,None,39.08411388,-77.14956697,"(39.08411388, -77.14956697)"
MCP9318003K,240056420,MONTGOMERY,Injury Crash,11/24/2024 04:50:00 PM,County Route,DENNIS AVE,,,,Scooter (electric),Single Vehicle,Clear,Dry,Dusk,Pedestrian Crossing Sign,"Not Suspect of Alcohol Use, Not Suspect of Drug Use","Not Suspect of Alcohol Use, Not Suspect of Drug Use",5840A584-DB29-4AFC-BA73-76DEDBBBC6EA,Scooter (electric),Other,Unknown,Midblock Marked Crosswalk,No,Suspected Minor Injury,Unknown,39.02391683,-77.02945887,"(39.02391683, -77.02945887)"
MCP2723005J,210015343,Montgomery County Police,Injury Crash,04/24/2021 08:15:00 PM,County,PARKLAND DR,INDEPENDENCE ST,,N/A,PEDESTRIAN,SINGLE VEHICLE,RAINING,WET,DARK LIGHTS ON,STOP SIGN,NONE DETECTED,NONE DETECTED,E8600EFC-1FF0-4B58-879D-DDE45CB3B327,PEDESTRIAN,Cross/Enter at Intersection,UNKNOWN,AT INTERSECTION MARKED CROSSWALK,No,POSSIBLE INJURY,NONE,39.07246333,-77.08724333,"(39.07246333, -77.08724333)"
DD5637000L,190052661,Rockville Police Departme,Injury Crash,11/01/2019 04:28:00 PM,Municipality,LEWIS AVE,CLAGETT DR,,ROCKVILLE,PEDESTRIAN,OTHER,CLEAR,DRY,DAYLIGHT,NO CONTROLS,NONE DETECTED,NONE DETECTED,EB098C60-0EA2-4280-AFA9-D9E9DD795F12,PEDESTRIAN,Cross/Enter at Intersection,FAILURE TO YIELD RIGHT OF WAY,ON ROADWAY NOT AT CROSSWALK,Yes,SUSPECTED MINOR INJURY,NONE,39.0741145,-77.13326383,"(39.0741145, -77.13326383)"
MCP2466004K,230062792,Montgomery County Police,Injury Crash,10/26/2023 09:14:00 PM,County,FREAS DR,QUELWAY RD,,N/A,PEDESTRIAN,OTHER,CLEAR,DRY,DARK NO LIGHTS,N/A,UNKNOWN,NONE DETECTED,289952D9-6518-4226-BA73-107EC8D83F48,PEDESTRIAN,N/A,NO IMPROPER ACTIONS,CURB,No,POSSIBLE INJURY,N/A,39.09659722,-77.23313566,"(39.09659722, -77.23313566)"
MCP31140029,220016709,Montgomery County Police,Injury Crash,04/20/2022 05:20:00 AM,County,LITTLETON ST,DELANCY DR,,N/A,OTHER,SINGLE VEHICLE,N/A,DRY,DAWN,N/A,N/A,N/A,831A1E18-87CC-444B-A7FE-094C19439C8F,OTHER,N/A,NO IMPROPER ACTIONS,INSIDE BUILDING,No,NO APPARENT INJURY,N/A,39.06476333,-77.08504167,"(39.06476333, -77.08504167)"
MCP3245004R,23069359,Montgomery County Police,Injury Crash,12/01/2023 05:14:00 PM,,,,THURGOOD MARSHALL ELEMENTARY 12260 MC DONALD CHAPEL DR,,PEDESTRIAN,OTHER,RAINING,,DARK LIGHTS ON,NO CONTROLS,ALCOHOL CONTRIBUTED,NONE DETECTED,32B135B1-C371-4A82-AEB1-C74424381BDF,PEDESTRIAN,Other,NO IMPROPER ACTIONS,OTHER,No,POSSIBLE INJURY,NONE,39.1269323,-77.2595165,"(39.1269323, -77.2595165)"
MCP3097001G,190057391,Montgomery County Police,Injury Crash,11/28/2019 01:19:00 AM,County,CHERRY HILL RD,PLUM ORCHARD DR,,N/A,PEDESTRIAN,SINGLE VEHICLE,N/A,DRY,DARK LIGHTS ON,FLASHING TRAFFIC SIGNAL,NONE DETECTED,UNKNOWN,01C4D0C9-C80E-41E2-B882-9DCF0D190906,PEDESTRIAN,Cross/Enter not at Intersection,IN ROADWAY IMPROPERLY,ON ROADWAY NOT AT CROSSWALK,Yes,SUSPECTED SERIOUS INJURY,N/A,39.05316833,-76.95329167,"(39.05316833, -76.95329167)"
MCP0113000W,16028269,Montgomery County Police,Property Damage Crash,06/06/2016 07:03:00 AM,Maryland (State),WISCONSIN AVE,CHELTENHAM DR,,N/A,PEDESTRIAN,SAME DIR REAR END,CLEAR,DRY,DAYLIGHT,TRAFFIC SIGNAL,NONE DETECTED,NONE DETECTED,54156241-9F04-4F2B-AFA2-00A5268C0822,PEDESTRIAN,Cross/Enter at Intersection,NO IMPROPER ACTIONS,ON ROADWAY AT CROSSWALK,No,NO APPARENT INJURY,NONE,38.988125,-77.09497,"(38.988125, -77.09497)"
MCP23390024,17005423,Montgomery County Police,Injury Crash,01/31/2017 02:54:00 PM,Maryland (State),NEW HAMPSHIRE AVE,GOOD HOPE RD,,N/A,PEDESTRIAN,SINGLE VEHICLE,CLEAR,DRY,DAYLIGHT,TRAFFIC SIGNAL,NONE DETECTED,NONE DETECTED,37C6F7EA-DEFB-46CA-A42B-C6C60D7BE1B3,PEDESTRIAN,Cross/Enter at Intersection,NO IMPROPER ACTIONS,ON ROADWAY AT CROSSWALK,No,SUSPECTED MINOR INJURY,N/A,39.09610167,-77.00206167,"(39.09610167, -77.00206167)"
MCP26120053,230020804,Montgomery County Police,Injury Crash,05/01/2023 04:04:00 PM,County,HATHAWAY DR,LAYHILL RD,,N/A,BICYCLIST,OTHER,CLEAR,DRY,DAYLIGHT,NO CONTROLS,NONE DETECTED,NONE DETECTED,1B299ABE-E53D-488C-A92E-57DC82CEABC2,BICYCLIST,Cross/Enter at Intersection,DART DASH,SIDEWALK,Yes,POSSIBLE INJURY,NONE,39.07481467,-77.0458985,"(39.07481467, -77.0458985)"
MCP2800001W,15013639,Montgomery County Police,Injury Crash,03/24/2015 05:15:00 PM,Maryland (State),OLD GEORGETOWN RD,LONE OAK DR,,N/A,PEDESTRIAN,OTHER,CLEAR,DRY,DAYLIGHT,TRAFFIC SIGNAL,UNKNOWN,NONE DETECTED,15E82374-5782-4ED3-8534-F85C1186A9F8,PEDESTRIAN,Cross/Enter at Intersection,NO IMPROPER ACTIONS,ON ROADWAY AT CROSSWALK,,POSSIBLE INJURY,N/A,39.02067667,-77.122255,"(39.02067667, -77.122255)"
MCP3125002B,200018199,Montgomery County Police,Injury Crash,05/04/2020 03:30:00 PM,,,,16101 FREDERICK RD - TRANSFER STATION RDS,,PEDESTRIAN,SINGLE VEHICLE,CLEAR,,DAYLIGHT,NO CONTROLS,NONE DETECTED,NONE DETECTED,E44742B3-DF76-454D-911A-F67EAE36266B,PEDESTRIAN,Getting off/on Vehicle,INATTENTIVE,ON ROADWAY NOT AT CROSSWALK,No,SUSPECTED MINOR INJURY,NONE,39.122035,-77.17094667,"(39.122035, -77.17094667)"
MCP32690041,250014622,MONTGOMERY,Injury Crash,04/04/2025 01:44:00 AM,Maryland (State) Route,NEW HAMPSHIRE AVE,,,,Pedestrian,Single Vehicle,Rain,Wet,Dark - Lighted,No Controls,"Unknown, Unknown","Suspect of Alcohol Use, Not Suspect of Drug Use",98DB4C95-7480-4116-8F38-416DD020B765,Pedestrian,Unknown,"Inattentive (Talking, Eating, etc.)",Shared Lane Markings),No,Suspected Serious Injury,None,39.04852236,-76.9929361,"(39.04852236, -76.9929361)"
MCP27230086,230070689,Montgomery County Police,Injury Crash,12/08/2023 08:12:00 PM,,,,13661 CONNECTICUT AVENUE,,PEDESTRIAN,SINGLE VEHICLE,CLEAR,,DARK LIGHTS ON,NO CONTROLS,NONE DETECTED,NONE DETECTED,E8B9B196-6648-4435-B338-8D5457DC7C31,PEDESTRIAN,Other,NO IMPROPER ACTIONS,ON ROADWAY NOT AT CROSSWALK,No,SUSPECTED MINOR INJURY,N/A,39.07786491,-77.07972789,"(39.07786491, -77.07972789)"
DD56170008,16050168,Rockville Police Departme,Injury Crash,09/29/2016 06:02:00 PM,Municipality,THORNDEN RD,CRAWFORD DR,,ROCKVILLE,BICYCLIST,OTHER,RAINING,WET,DARK -- UNKNOWN LIGHTING,NO CONTROLS,NONE DETECTED,UNKNOWN,A2960A0C-14A3-43A2-912E-EFE2FED2D106,BICYCLIST,Cross/Enter at Intersection,FAILURE TO YIELD RIGHT OF WAY,AT INTERSECTION BUT NO CROSSWALK,No,POSSIBLE INJURY,NONE,39.07275302,-77.12278962,"(39.07275302, -77.12278962)"
MCP2777004N,180026997,Montgomery County Police,Injury Crash,06/01/2018 05:30:00 PM,County,DEL RAY AVE,OLD GEORGETOWN RD,,N/A,PEDESTRIAN,SINGLE VEHICLE,CLEAR,DRY,DAYLIGHT,STOP SIGN,NONE DETECTED,NONE DETECTED,1377BD9C-629F-4F92-A64D-74009CF7682D,PEDESTRIAN,Cross/Enter at Intersection,NO IMPROPER ACTIONS,ON ROADWAY AT CROSSWALK,No,POSSIBLE INJURY,NONE,38.98847667,-77.10005833,"(38.98847667, -77.10005833)"
DD56050038,17008304,Rockville Police Departme,Injury Crash,02/15/2017 07:49:00 PM,County,SHADY GROVE RD,FALLSGROVE BLVD,,ROCKVILLE,PEDESTRIAN,OTHER,CLEAR,DRY,DARK LIGHTS ON,OTHER,NONE DETECTED,NONE DETECTED,804CEEDC-D86B-4747-B706-CBD6751AB020,PEDESTRIAN,Cross/Enter not at Intersection,FAILURE TO YIELD RIGHT OF WAY,OUTSIDE RIGHT OF WAY,Yes,POSSIBLE INJURY,N/A,39.09768883,-77.19250517,"(39.09768883, -77.19250517)"
DD5583000G,15029296,Rockville Police Departme,Injury Crash,06/16/2015 11:14:00 AM,Municipality,STANLEY AVE,STANLEY CT,,ROCKVILLE,PEDESTRIAN,N/A,CLEAR,DRY,DAYLIGHT,N/A,NONE DETECTED,NONE DETECTED,FE7CC2FE-C206-4CD4-8840-1143E0B46959,PEDESTRIAN,Cross/Enter not at Intersection,FAILURE TO YIELD RIGHT OF WAY,ON ROADWAY NOT AT CROSSWALK,,SUSPECTED MINOR INJURY,N/A,39.06938374,-77.1264106,"(39.06938374, -77.1264106)"
MCP3007001L,170503359,Montgomery County Police,Injury Crash,04/21/2017 02:20:00 PM,Maryland (State),NEW HAMPSHIRE AVE,BONIFANT RD,,N/A,PEDESTRIAN,SINGLE VEHICLE,N/A,WET,DAYLIGHT,TRAFFIC SIGNAL,N/A,NONE DETECTED,0288B69A-4BC5-4447-9F0C-5CE2F33D1ACD,PEDESTRIAN,Cross/Enter at Intersection,NO IMPROPER ACTIONS,AT INTERSECTION MARKED CROSSWALK,No,POSSIBLE INJURY,NONE,39.09600561,-77.00209558,"(39.09600561, -77.00209558)"
MCP26350074,220001045,Montgomery County Police,Injury Crash,01/09/2022 08:39:00 PM,County,NEWPORT MILL RD,VEIRS MILL RD,,N/A,PEDESTRIAN,SINGLE VEHICLE,CLEAR,WET,DARK LIGHTS ON,TRAFFIC SIGNAL,N/A,UNKNOWN,5E010D71-040D-497E-B3F7-ED06A05284E9,PEDESTRIAN,Walking/Riding against Traffic,IN ROADWAY IMPROPERLY,ON ROADWAY NOT AT CROSSWALK,Yes,SUSPECTED SERIOUS INJURY,NONE,39.04504667,-77.06498333,"(39.04504667, -77.06498333)"
MCP2362002S,180002423,Montgomery County Police,Injury Crash,01/16/2018 07:56:00 AM,US (State),COLESVILLE RD,CRESTMOOR DR,,N/A,PEDESTRIAN,STRAIGHT MOVEMENT ANGLE,CLEAR,DRY,DAYLIGHT,NO CONTROLS,N/A,N/A,B98F326E-EE7F-4B9C-9C45-1B6B946C3EBF,PEDESTRIAN,Cross/Enter at Intersection,NO IMPROPER ACTIONS,AT INTERSECTION BUT NO CROSSWALK,No,POSSIBLE INJURY,N/A,39.02814967,-77.00925817,"(39.02814967, -77.00925817)"
MCP31840009,190013073,Montgomery County Police,Injury Crash,03/21/2019 04:40:00 PM,,,,LEVEL ONE PARKING GARAGE AT 921 WAYNE AVE,,PEDESTRIAN,SINGLE VEHICLE,N/A,,DAYLIGHT,N/A,NONE DETECTED,NONE DETECTED,A2EFE772-24F6-49E7-B9F8-3D0EF595D7E0,PEDESTRIAN,Other,NO IMPROPER ACTIONS,OTHER,No,SUSPECTED MINOR INJURY,NONE,39.02058744,-76.97661733,"(39.02058744, -76.97661733)"
MCP2353002C,16002499,Montgomery County Police,Injury Crash,01/14/2016 07:51:00 AM,County,FAIRFAX RD,EDGEMOOR LA,,N/A,PEDESTRIAN,SINGLE VEHICLE,CLOUDY,DRY,DAYLIGHT,NO CONTROLS,NONE DETECTED,NONE DETECTED,5680BEB2-B24B-4D5F-97C6-CE05277490D0,PEDESTRIAN,Cross/Enter not at Intersection,DART DASH,OTHER,Yes,POSSIBLE INJURY,NONE,38.98270808,-77.10523188,"(38.98270808, -77.10523188)"
DD5660000Q,230068281,Rockville Police Departme,Injury Crash,11/26/2023 05:01:00 PM,Maryland (State),ROCKVILLE PIKE,ROLLINS AVE,,ROCKVILLE,PEDESTRIAN,OTHER,RAINING,WET,DAWN,TRAFFIC SIGNAL,NONE DETECTED,NONE DETECTED,4BE2346C-EEEC-4A17-AF85-64351F7AC732,PEDESTRIAN,Cross/Enter at Intersection,NO IMPROPER ACTIONS,ON ROADWAY AT CROSSWALK,No,POSSIBLE INJURY,NONE,39.05904737,-77.1217952,"(39.05904737, -77.1217952)"
MCP3027001G,170544122,Montgomery County Police,Injury Crash,11/21/2017 01:47:00 PM,County,SLIGO AVE,FENTON ST,,N/A,PEDESTRIAN,SINGLE VEHICLE,CLEAR,DRY,DAYLIGHT,TRAFFIC SIGNAL,N/A,N/A,879FE08F-4B87-44FC-8447-FDB331D0C014,PEDESTRIAN,Cross/Enter at Intersection,NO IMPROPER ACTIONS,AT INTERSECTION MARKED CROSSWALK,No,POSSIBLE INJURY,NONE,38.98998833,-77.02386333,"(38.98998833, -77.02386333)"
MCP304800DX,250024313,MONTGOMERY,Injury Crash,06/01/2025 10:00:00 AM,Maryland (State) Route,ROCKVILLE PIKE (SB/L),GOLF LA,,,Cyclist (non-electric),Single Vehicle,Clear,Dry,Daylight,Stop Sign,"Not Suspect of Alcohol Use, Not Suspect of Drug Use","Not Suspect of Alcohol Use, Not Suspect of Drug Use",9E200A95-0A51-49D4-94C9-4D1630658BDB,Cyclist (non-electric),Cross/Enter at Intersection,None (No Improper Action),Intersection Unmarked Crosswalk,No,Suspected Minor Injury,Helmet,39.03703533,-77.1080595,"(39.03703533, -77.1080595)"
MCP91280001,15015682,Montgomery County Police,Injury Crash,04/05/2015 10:24:00 AM,Maryland (State),NORBECK RD,NORBECK BLVD,,N/A,PEDESTRIAN,OTHER,CLEAR,DRY,DAYLIGHT,PERSON,NONE DETECTED,N/A,78DE2D86-04CB-41E1-A0DB-1E0729044FC9,PEDESTRIAN,Standing,NO IMPROPER ACTIONS,ON ROADWAY NOT AT CROSSWALK,,POSSIBLE INJURY,N/A,39.11194,-77.06998167,"(39.11194, -77.06998167)"
MCP2040001M,200032799,Montgomery County Police,Injury Crash,08/22/2020 10:30:00 AM,Maryland (State),WHITES FERRY RD,SPATES HILL RD,,POOLESVILLE,BICYCLIST,SAME DIRECTION RIGHT TURN,CLOUDY,DRY,DAYLIGHT,NO CONTROLS,NONE DETECTED,NONE DETECTED,FB8C0EC5-CA6C-49E4-BC7E-B1FCC9EF5B87,BICYCLIST,Cross/Enter at Intersection,UNKNOWN,SHOULDER,No,POSSIBLE INJURY,MC/BIKE HELMET,39.134165,-77.40199667,"(39.134165, -77.40199667)"
MCP2960001D,16056653,Montgomery County Police,Injury Crash,11/03/2016 10:43:00 AM,,,,PARKING LOT OF 3100 NORTH LEISURE WORLD BLVD,,PEDESTRIAN,OTHER,CLEAR,,DAYLIGHT,NO CONTROLS,N/A,N/A,96E9CBBA-1657-4313-8A13-98383B9DC590,PEDESTRIAN,Other,UNKNOWN,ON ROADWAY NOT AT CROSSWALK,Unknown,SUSPECTED MINOR INJURY,N/A,39.10591833,-77.06407,"(39.10591833, -77.06407)"
MCP3077001V,230029518,Montgomery County Police,Injury Crash,06/20/2023 04:44:00 AM,Maryland (State),FREDERICK RD,GUNNERS BRANCH RD,,N/A,PEDESTRIAN,SINGLE VEHICLE,CLEAR,DRY,DARK LIGHTS ON,FLASHING TRAFFIC SIGNAL,N/A,N/A,7256CB4F-0F42-4D46-AE02-2CFC388B3635,PEDESTRIAN,Cross/Enter not at Intersection,IN ROADWAY IMPROPERLY,ON ROADWAY NOT AT CROSSWALK,Yes,SUSPECTED MINOR INJURY,NONE,39.17832267,-77.23839742,"(39.17832267, -77.23839742)"
MCP28990040,200042035,Montgomery County Police,Injury Crash,10/24/2020 09:41:00 PM,County,MONTGOMERY VILLAGE AVE,MIDCOUNTY HWY,,N/A,PEDESTRIAN,OTHER,CLEAR,DRY,DARK LIGHTS ON,TRAFFIC SIGNAL,NONE DETECTED,UNKNOWN,224279B8-6EB3-492A-A695-45374A9F72F2,PEDESTRIAN,Cross/Enter not at Intersection,DART DASH,ON ROADWAY NOT AT CROSSWALK,Yes,SUSPECTED SERIOUS INJURY,NONE,39.15993033,-77.20247867,"(39.15993033, -77.20247867)"
MCP2940006N,230046969,Montgomery County Police,Injury Crash,07/30/2023 02:25:00 PM,County,BANNOCKBURN DR,MACARTHUR BLVD,,N/A,BICYCLIST,HEAD ON LEFT TURN,CLEAR,DRY,DAYLIGHT,NO CONTROLS,NONE DETECTED,NONE DETECTED,C5A5F9D9-0742-4C7D-878C-6231430DC44F,BICYCLIST,Walking/Riding w/Traffic,N/A,OTHER,No,SUSPECTED MINOR INJURY,MC/BIKE HELMET,38.97293233,-77.1414305,"(38.97293233, -77.1414305)"
MCP16040017,180005461,Montgomery County Police,Injury Crash,02/01/2018 08:50:00 AM,County,FLOWER HILL WAY,HONEYLOCUST CIR,,N/A,PEDESTRIAN,STRAIGHT MOVEMENT ANGLE,CLEAR,DRY,DAYLIGHT,PERSON,N/A,N/A,4BA994D9-5BBA-4C36-AD47-EC45E57435BE,PEDESTRIAN,Cross/Enter at Intersection,NO IMPROPER ACTIONS,DRIVEWAY ACCESS MARKED CROSSWALK,No,POSSIBLE INJURY,OTHER,39.15781455,-77.17118204,"(39.15781455, -77.17118204)"
MCP2805002K,170545411,Montgomery County Police,Injury Crash,11/28/2017 04:45:00 PM,County,CONTOUR RD,LOST KNIFE RD,,N/A,PEDESTRIAN,OTHER,N/A,DRY,DUSK,NO CONTROLS,NONE DETECTED,NONE DETECTED,CD8F9766-9D41-4333-A423-44FD9116FF19,PEDESTRIAN,Cross/Enter not at Intersection,NO IMPROPER ACTIONS,ON ROADWAY NOT AT CROSSWALK,No,POSSIBLE INJURY,N/A,39.15446493,-77.1992071,"(39.15446493, -77.1992071)"
DD5617001M,180027101,Rockville Police Departme,Injury Crash,06/02/2018 03:13:00 AM,Municipality,FALLSGROVE DR,W MONTGOMERY AVE,,N/A,OTHER,SAME DIRECTION SIDESWIPE,RAINING,WET,DARK LIGHTS ON,NO CONTROLS,UNKNOWN,N/A,E0D3A0BA-39EF-43C0-A7F0-D52678573841,OTHER,N/A,N/A,N/A,No,NO APPARENT INJURY,N/A,39.09979305,-77.18738794,"(39.09979305, -77.18738794)"
MCP3050006M,250022405,MONTGOMERY,Injury Crash,05/20/2025 07:33:00 PM,County Route,GLENALLAN AVE (WB/L),,,,Pedestrian,Single Vehicle,Clear,Dry,Daylight,Traffic Control Signal,"Not Suspect of Alcohol Use, Not Suspect of Drug Use, Unknown, Unknown","Not Suspect of Alcohol Use, Not Suspect of Drug Use",7794B5B4-3EAD-4769-A402-60AFD2D33F2C,Pedestrian,Cross/Enter at Intersection,"Dart/Dash, Failure to Yield Right-Of-Way",Intersection Marked Crosswalk,No,Possible Injury,None,39.06317325,-77.0544775,"(39.06317325, -77.0544775)"
MCP3051008N,250029851,MONTGOMERY,Injury Crash,07/04/2025 10:50:00 PM,Maryland (State) Route,ROCKVILLE PIKE,,,,Scooter (electric),Single Vehicle,Clear,Dry,Dark - Not Lighted,Traffic Control Signal,"Not Suspect of Alcohol Use, Not Suspect of Drug Use","Not Suspect of Alcohol Use, Not Suspect of Drug Use",1FD5E0B6-E039-4046-913B-F75E53650ED9,Scooter (electric),Walking/Cycling Along Roadway With Traffic (In or Adjacent to Travel Lane),None (No Improper Action),Other,No,Possible Injury,"Helmet, Lighting, Protective Pads (elbows, knees, shins, etc.)",39.02278767,-77.10275583,"(39.02278767, -77.10275583)"
MCP0973000W,180053691,Montgomery County Police,Injury Crash,10/26/2018 03:21:00 PM,County,MONTGOMERY LA,WOODMONT AVE,,N/A,PEDESTRIAN,SINGLE VEHICLE,CLOUDY,WET,DAYLIGHT,TRAFFIC SIGNAL,NONE DETECTED,NONE DETECTED,4AC3761A-675C-4429-BF62-9F8365587C84,PEDESTRIAN,Cross/Enter at Intersection,FAILURE TO OBEY TRAFFIC SIGNS SIGNALS OR OFFICER,ON ROADWAY AT CROSSWALK,Yes,SUSPECTED MINOR INJURY,N/A,38.98390667,-77.09543667,"(38.98390667, -77.09543667)"
MCP2984000C,16002920,Montgomery County Police,Injury Crash,01/15/2016 09:15:00 PM,,,,"PARKING LOT IN FRONT OF 10106 LITTLE POND PLACE, GAITHERSBURG, MD, 20886",,PEDESTRIAN,OTHER,RAINING,,DARK LIGHTS ON,N/A,UNKNOWN,NONE DETECTED,FACB24ED-2EB1-419A-A0FB-6C5DF6FD4A33,PEDESTRIAN,Getting off/on Vehicle,ENTERING EXITING PARKED STANDING VEHICLE,OTHER,No,SUSPECTED MINOR INJURY,N/A,39.16689333,-77.20801167,"(39.16689333, -77.20801167)"
MCP2298005D,15020223,Montgomery County Police,Injury Crash,04/29/2015 06:02:00 PM,County,TANNERY RIDGE DR,CLARKSBURG RD,,N/A,BICYCLIST,ANGLE MEETS LEFT TURN,CLEAR,DRY,DAYLIGHT,STOP SIGN,NONE DETECTED,NONE DETECTED,47CD84B7-B675-4811-BF01-5F45D11A6DBD,BICYCLIST,Other,IN ROADWAY IMPROPERLY,ON ROADWAY NOT AT CROSSWALK,,SUSPECTED MINOR INJURY,NONE,39.24287,-77.27976,"(39.24287, -77.27976)"
MCP1301000H,15061863,MONTGOMERY,Injury Crash,12/03/2015 09:47:00 PM,Maryland (State),ROCKVILLE PIKE,EDMONSTON DR,,ROCKVILLE,PEDESTRIAN,SAME DIRECTION SIDESWIPE,CLEAR,DRY,DARK LIGHTS ON,N/A,ALCOHOL PRESENT,N/A,86C13B3E-6898-4CC8-89A9-78CE341A4C49,PEDESTRIAN,Other Working,NO IMPROPER ACTIONS,OTHER,No,SUSPECTED SERIOUS INJURY,REFLECTIVE CLOTHING,39.0777754,-77.13333607,"(39.0777754, -77.13333607)"
MCP25460027,16066612,Montgomery County Police,Injury Crash,12/27/2016 03:15:00 PM,County,PARKLAND DR,INDEPENDENCE ST,,N/A,PEDESTRIAN,OTHER,CLEAR,DRY,DAYLIGHT,STOP SIGN,NONE DETECTED,N/A,05FA01EC-CE30-4AF6-9BD3-CAECF3CD30C4,PEDESTRIAN,Getting off/on Vehicle,NO IMPROPER ACTIONS,SHOULDER,No,POSSIBLE INJURY,N/A,39.07271167,-77.08702,"(39.07271167, -77.08702)"
DD5614002X,170514040,Rockville Police Departme,Injury Crash,06/16/2017 01:15:00 PM,Maryland (State),VEIRS MILL RD,ATLANTIC AVE,,ROCKVILLE,PEDESTRIAN,STRAIGHT MOVEMENT ANGLE,CLOUDY,DRY,DAYLIGHT,TRAFFIC SIGNAL,NONE DETECTED,NONE DETECTED,2C7E3393-B078-4EB5-BFD4-913D3DAD35BF,PEDESTRIAN,Cross/Enter at Intersection,NO IMPROPER ACTIONS,AT INTERSECTION MARKED CROSSWALK,No,SUSPECTED MINOR INJURY,NONE,39.07507685,-77.11564355,"(39.07507685, -77.11564355)"
MCP9422001K,180041354,Montgomery County Police,Injury Crash,08/20/2018 10:15:00 AM,County,ELLSWORTH DR,FENTON ST,,N/A,PEDESTRIAN,SINGLE VEHICLE,CLOUDY,DRY,DAYLIGHT,TRAFFIC SIGNAL,NONE DETECTED,NONE DETECTED,7E55D17C-71E7-4520-BA6A-9BD31CEB1EAD,PEDESTRIAN,Other,IN ROADWAY IMPROPERLY,CURB,Yes,POSSIBLE INJURY,N/A,38.99702167,-77.0253,"(38.99702167, -77.0253)"
MCP1301001S,220014595,Montgomery County Police,Fatal Crash,04/06/2022 08:22:00 AM,County,GROSVENOR LA,KING CHARLES WAY,,N/A,PEDESTRIAN,SINGLE VEHICLE,RAINING,WET,DAYLIGHT,NO CONTROLS,N/A,N/A,AE738545-2603-4B32-A623-996EDBBFECA5,PEDESTRIAN,Other,NO IMPROPER ACTIONS,OTHER,No,NO APPARENT INJURY,N/A,39.02236167,-77.10515,"(39.02236167, -77.10515)"
EJ7893000S,220019632,Gaithersburg Police Depar,Injury Crash,05/09/2022 09:12:00 AM,,FELLOWSHIP CIRCLE,RUSSELL AVE,,N/A,PEDESTRIAN,OTHER,CLEAR,DRY,DAYLIGHT,STOP SIGN,NONE DETECTED,NONE DETECTED,89E170D1-4B6B-4634-B445-53C54128308D,PEDESTRIAN,Cross/Enter at Intersection,N/A,ON ROADWAY AT CROSSWALK,No,SUSPECTED MINOR INJURY,NONE,39.14962532,-77.19932873,"(39.14962532, -77.19932873)"
MCP3075000C,170528512,Montgomery County Police,Injury Crash,09/03/2017 05:35:00 PM,County,FATHER HURLEY BLVD,WATERS LANDING DR,,N/A,PEDESTRIAN,SINGLE VEHICLE,CLEAR,DRY,DAYLIGHT,TRAFFIC SIGNAL,NONE DETECTED,NONE DETECTED,5EFA4A35-9957-45AC-ADF7-C57A03A8F7C3,PEDESTRIAN,Cross/Enter at Intersection,NO IMPROPER ACTIONS,AT INTERSECTION MARKED CROSSWALK,No,SUSPECTED MINOR INJURY,N/A,39.19143167,-77.27224833,"(39.19143167, -77.27224833)"
MCP22030074,230049162,Montgomery County Police,Injury Crash,08/12/2023 05:25:00 PM,Maryland (State),UNIVERSITY BLVD W,SLIGO CREEK PKWY,,N/A,OTHER,SAME DIR REAR END,CLEAR,DRY,DAYLIGHT,N/A,NONE DETECTED,NONE DETECTED,E282183A-10E3-4549-958D-40EED77809FE,OTHER,Push/Work on Vehicle,NO IMPROPER ACTIONS,OTHER,No,SUSPECTED MINOR INJURY,N/A,39.03648167,-77.03006467,"(39.03648167, -77.03006467)"