Report Number,Local Case Number,Agency Name,ACRS Report Type,Crash Date/Time,Route Type,Road Name,Cross-Street Name,Off-Road Description,Municipality,Related Non-Motorist,Collision Type,Weather,Surface Condition,Light,Traffic Control,Driver Substance Abuse,Non-Motorist Substance Abuse,Person ID,Pedestrian Type,Pedestrian Movement,Pedestrian Actions,Pedestrian Location,At Fault,Injury Severity,Safety Equipment,Latitude,Longitude,Location
MCP2563000P,170548914,Montgomery County Police,Fatal Crash,12/16/2017 01:07:00 AM,Maryland (State),PINEY BRANCH RD,GARLAND AVE,,N/A,PEDESTRIAN,SINGLE VEHICLE,CLEAR,WET,DARK LIGHTS ON,NO CONTROLS,NONE DETECTED,UNKNOWN,D901E559-A7A5-4352-8023-841AF70373FA,PEDESTRIAN,Other,UNKNOWN,ON ROADWAY NOT AT CROSSWALK,Unknown,FATAL INJURY,NONE,38.99854692,-76.99953273,"(38.99854692, -76.99953273)"
MCP2686004V,210015714,Montgomery County Police,Injury Crash,04/27/2021 05:30:00 PM,,,,"PARKING LOT OF DSW WAREHOUSE, 12922 MIDDLEBROOK RD, GERMANTOWN MD 20874",,OTHER CONVEYANCE,SINGLE VEHICLE,CLEAR,,DAYLIGHT,N/A,N/A,NONE DETECTED,FAA3AF3C-11C0-4CE0-994A-EB164B7CA86C,OTHER CONVEYANCE,Unknown,UNKNOWN,OTHER,Unknown,SUSPECTED MINOR INJURY,NONE,39.18009466,-77.27085497,"(39.18009466, -77.27085497)"
MCP12210020,16007046,Montgomery County Police,Injury Crash,02/11/2016 07:52:00 AM,County,N SUMMIT AVE,PARK AVE,,GAITHERSBURG,PEDESTRIAN,SINGLE VEHICLE,CLEAR,DRY,DAYLIGHT,STOP SIGN,NONE DETECTED,NONE DETECTED,362D9FC4-66E0-400D-B969-68BE861B6655,PEDESTRIAN,Cross/Enter at Intersection,NO IMPROPER ACTIONS,ON ROADWAY AT CROSSWALK,No,SUSPECTED MINOR INJURY,NONE,39.14581167,-77.192245,"(39.14581167, -77.192245)"
MCP2986000K,16015043,Montgomery County Police,Injury Crash,03/27/2016 06:00:00 PM,County,E WAYNE AVE,FLOWER AVE,,N/A,OTHER,SINGLE VEHICLE,N/A,DRY,DUSK,NO CONTROLS,NONE DETECTED,NONE DETECTED,AD76393A-831F-4E8B-B70E-F7FBE63144CE,OTHER,N/A,NO IMPROPER ACTIONS,INSIDE BUILDING,No,NO APPARENT INJURY,NONE,39.00237833,-77.00699167,"(39.00237833, -77.00699167)"
MCP2740001X,16024977,Montgomery County Police,Injury Crash,05/19/2016 09:40:00 PM,Maryland (State),PINEY BRANCH RD,UNIVERSITY BLVD E,,N/A,PEDESTRIAN,SINGLE VEHICLE,CLEAR,DRY,DARK LIGHTS ON,TRAFFIC SIGNAL,NONE DETECTED,NONE DETECTED,501AE1CA-F78D-4753-91DE-50893635737E,PEDESTRIAN,Cross/Enter at Intersection,NO IMPROPER ACTIONS,ON ROADWAY AT CROSSWALK,No,SUSPECTED MINOR INJURY,N/A,38.9996788,-76.99525595,"(38.9996788, -76.99525595)"
MCP2832006C,210024021,Montgomery County Police,Property Damage Crash,06/23/2021 12:45:00 PM,Maryland (State),EAST WEST HWY,MEADOWBROOK LA,,N/A,BICYCLIST,SAME DIR REAR END,CLEAR,DRY,DAYLIGHT,PERSON,NONE DETECTED,NONE DETECTED,1C21A60B-569A-4655-9AE0-D005E5B58278,BICYCLIST,Cross/Enter at Intersection,FAILURE TO OBEY TRAFFIC SIGNS SIGNALS OR OFFICER,AT INTERSECTION MARKED CROSSWALK,Yes,NO APPARENT INJURY,MC/BIKE HELMET,38.99280667,-77.06045333,"(38.99280667, -77.06045333)"
DD5604002L,190005952,Rockville Police Departme,Injury Crash,02/06/2019 06:04:00 PM,Municipality,NELSON ST,AZALEA DR,,ROCKVILLE,PEDESTRIAN,OTHER,RAINING,WET,DARK LIGHTS ON,N/A,NONE DETECTED,NONE DETECTED,43FBAC98-C589-4446-8F7C-D3E7006EBD1B,PEDESTRIAN,N/A,DART DASH,ON ROADWAY AT CROSSWALK,No,SUSPECTED MINOR INJURY,N/A,39.09211,-77.17369,"(39.09211, -77.17369)"
MCP2859005F,180039488,Montgomery County Police,Injury Crash,08/09/2018 05:40:00 AM,Maryland (State),GREAT SENECA HWY,QUINCE ORCHARD RD,,N/A,PEDESTRIAN,SAME DIR REAR END,CLEAR,DRY,DARK NO LIGHTS,NO CONTROLS,NONE DETECTED,NONE DETECTED,2259B21D-B6CB-4793-B41C-5D8234EAC9EA,PEDESTRIAN,Standing,NO IMPROPER ACTIONS,OTHER,No,POSSIBLE INJURY,NONE,39.13033333,-77.23971833,"(39.13033333, -77.23971833)"
MCP2767005X,190010497,Montgomery County Police,Injury Crash,03/06/2019 05:33:00 PM,,,,"PARKING LOT OF 11160 VEIRS MILL ROAD, WHEATON MD",,PEDESTRIAN,SINGLE VEHICLE,CLEAR,,DAYLIGHT,NO CONTROLS,NONE DETECTED,NONE DETECTED,123ACEA3-5B45-4E94-9503-E92C1D9D91B6,PEDESTRIAN,Cross/Enter not at Intersection,DART DASH,OUTSIDE RIGHT OF WAY,Yes,SUSPECTED MINOR INJURY,NONE,39.03570333,-77.05573833,"(39.03570333, -77.05573833)"
MCP1378019B,240044560,MONTGOMERY,Injury Crash,09/18/2024 04:50:00 PM,County Route,KILCREGGAN TERR,,,,Pedestrian,Single Vehicle,Cloudy,Wet,Daylight,No Controls,"Not Suspect of Alcohol Use, Not Suspect of Drug Use","Not Suspect of Alcohol Use, Not Suspect of Drug Use",30DA780F-1E03-447D-BB68-2364AE23D436,Pedestrian,Cross/Enter Not at Intersection,Dart/Dash,Travel Lane Other Location,Yes,Suspected Minor Injury,None,39.17836059,-77.15542049,"(39.17836059, -77.15542049)"
MCP29910049,200029417,Montgomery County Police,Injury Crash,07/29/2020 10:45:00 AM,Maryland (State),NEW HAMPSHIRE AVE,MILLGROVE PL,,N/A,BICYCLIST,SINGLE VEHICLE,CLEAR,DRY,DAYLIGHT,NO CONTROLS,NONE DETECTED,NONE DETECTED,390771D3-FE01-42F2-B9EA-4E577A148D12,BICYCLIST,N/A,IMPROPER TURN MERGE,OTHER,Yes,POSSIBLE INJURY,N/A,39.14924967,-77.06642983,"(39.14924967, -77.06642983)"
HA24920018,24002426,MCPARK,Injury Crash,11/17/2024 12:33:00 PM,Government Route,BEACH DR,,,,Pedestrian,Single Vehicle,Clear,Dry,Daylight,No Controls,"Not Suspect of Alcohol Use, Not Suspect of Drug Use","Not Suspect of Alcohol Use, Not Suspect of Drug Use",8CFDACCB-3E66-4431-8696-EBE76B23229B,Pedestrian,Other,"None (No Improper Action), Unknown",Driveway Access,No,Suspected Minor Injury,None,38.98646597,-77.06239228,"(38.98646597, -77.06239228)"
MCP28460021,16032703,Montgomery County Police,Injury Crash,06/28/2016 01:15:00 PM,County,SHOREFIELD RD,GEORGIA AVE,,N/A,PEDESTRIAN,OTHER,CLOUDY,DRY,DAYLIGHT,TRAFFIC SIGNAL,NONE DETECTED,NONE DETECTED,EF0287D7-31AE-4DE3-9285-A09478AD074E,PEDESTRIAN,Cross/Enter at Intersection,NO IMPROPER ACTIONS,ON ROADWAY AT CROSSWALK,No,NO APPARENT INJURY,NONE,39.05316667,-77.050735,"(39.05316667, -77.050735)"
MCP2363000J,15045070,Montgomery County Police,Fatal Crash,09/07/2015 05:54:00 AM,Maryland (State),FREDERICK RD,S WESTLAND DR,,GAITHERSBURG,PEDESTRIAN,SINGLE VEHICLE,CLEAR,DRY,DARK LIGHTS ON,TRAFFIC SIGNAL,N/A,NONE DETECTED,D911FD4C-C1B7-447F-ADD2-0E591A0E51BB,PEDESTRIAN,Cross/Enter at Intersection,UNKNOWN,ON ROADWAY AT CROSSWALK,Yes,FATAL INJURY,NONE,39.12599041,-77.18295693,"(39.12599041, -77.18295693)"
MCP3031004K,220047872,Montgomery County Police,Injury Crash,10/31/2022 06:00:00 PM,Maryland (State),LAYHILL RD,GLENALLAN AVE,,N/A,PEDESTRIAN,SINGLE VEHICLE,RAINING,WET,DARK LIGHTS ON,TRAFFIC SIGNAL,NONE DETECTED,NONE DETECTED,0617CD6B-F434-4059-99E9-65BC8B70EC09,PEDESTRIAN,Cross/Enter at Intersection,NO IMPROPER ACTIONS,AT INTERSECTION MARKED CROSSWALK,No,POSSIBLE INJURY,NONE,39.06333667,-77.050015,"(39.06333667, -77.050015)"
MCP2693000N,15007533,Montgomery County Police,Injury Crash,02/15/2015 12:00:00 AM,County,PARKLAND DR,FALCON ST,,N/A,OTHER,SAME DIR REAR END,BLOWING SNOW,SNOW,DARK NO LIGHTS,NO CONTROLS,NONE DETECTED,NONE DETECTED,371BFE5E-714B-4B1D-9F60-BEFB01536CEF,OTHER,Getting off/on Vehicle,ENTERING EXITING PARKED STANDING VEHICLE,ON ROADWAY NOT AT CROSSWALK,,SUSPECTED MINOR INJURY,N/A,39.06751667,-77.08864833,"(39.06751667, -77.08864833)"
MCP2686003D,190031559,Montgomery County Police,Injury Crash,07/02/2019 10:50:00 AM,Maryland (State),FIRST ST,GRANDIN AVE,,ROCKVILLE,BICYCLIST,STRAIGHT MOVEMENT ANGLE,CLEAR,DRY,DAYLIGHT,WARNING SIGN,N/A,N/A,F8954C6B-CC4F-4DAD-AE34-5927CED96C8F,BICYCLIST,Cross/Enter at Intersection,NO IMPROPER ACTIONS,AT INTERSECTION MARKED CROSSWALK,No,SUSPECTED MINOR INJURY,MC/BIKE HELMET,39.08103879,-77.13736851,"(39.08103879, -77.13736851)"
EJ7866007J,200002979,Gaithersburg Police Depar,Injury Crash,01/18/2020 09:51:00 AM,,,,501 N FREDERICK AVE,,PEDESTRIAN,SINGLE VEHICLE,CLOUDY,,DAYLIGHT,NO CONTROLS,NONE DETECTED,NONE DETECTED,44137629-04B0-464D-BE6B-94CEE5211907,PEDESTRIAN,Walking/Cycling on Sidewalk,NO IMPROPER ACTIONS,SIDEWALK,No,SUSPECTED MINOR INJURY,NONE,39.15100667,-77.209775,"(39.15100667, -77.209775)"
MCP2356002R,230013949,Montgomery County Police,Injury Crash,03/22/2023 10:15:00 AM,Maryland (State),HUNGERFORD DR,COLLEGE PKWY,,ROCKVILLE,PEDESTRIAN,SINGLE VEHICLE,CLEAR,DRY,DAYLIGHT,NO CONTROLS,N/A,N/A,917FCF9A-592B-4CD6-8A6E-23A2B90BF97F,PEDESTRIAN,Cross/Enter not at Intersection,IN ROADWAY IMPROPERLY,OUTSIDE RIGHT OF WAY,Yes,POSSIBLE INJURY,N/A,39.1010152,-77.15471508,"(39.1010152, -77.15471508)"
MCP20990004,180004560,Montgomery County Police,Injury Crash,01/26/2018 10:37:00 PM,Maryland (State),GEORGIA AVE,PRICE AVE,,N/A,PEDESTRIAN,SINGLE VEHICLE,CLEAR,DRY,DARK LIGHTS ON,N/A,ALCOHOL PRESENT,N/A,D6E30DE0-BA38-426F-97C4-1232D7F5A03E,PEDESTRIAN,Cross/Enter at Intersection,NO IMPROPER ACTIONS,ON ROADWAY AT CROSSWALK,No,SUSPECTED SERIOUS INJURY,N/A,39.04011833,-77.05133833,"(39.04011833, -77.05133833)"
EJ7873006G,220053209,Gaithersburg Police Depar,Injury Crash,10/12/2022 04:13:00 PM,Maryland (State),FREDERICK RD,MONTGOMERY AVE,,GAITHERSBURG,BICYCLIST,OTHER,CLEAR,DRY,DAYLIGHT,NO CONTROLS,UNKNOWN,NONE DETECTED,ACAA98AF-BD33-41D2-9F3E-C87FAA2A7502,BICYCLIST,Walking/Cycling on Sidewalk,NO IMPROPER ACTIONS,DRIVEWAY ACCESS MARKED CROSSWALK,No,SUSPECTED MINOR INJURY,UNKNOWN,39.1461514,-77.20414629,"(39.1461514, -77.20414629)"
MCP3328001P,230013578,Montgomery County Police,Injury Crash,03/20/2023 08:04:00 PM,County,LAMBERTON DR,ROCKBRIDGE RD,,N/A,OTHER CONVEYANCE,OTHER,CLEAR,DRY,DARK LIGHTS ON,N/A,NONE DETECTED,NONE DETECTED,E26D69E2-B57E-45DF-A5B2-D49B01548EC1,OTHER CONVEYANCE,Cross/Enter not at Intersection,IN ROADWAY IMPROPERLY,ON ROADWAY NOT AT CROSSWALK,Yes,SUSPECTED MINOR INJURY,NONE,39.04451936,-77.02255646,"(39.04451936, -77.02255646)"
MCP32800029,220028685,Montgomery County Police,Injury Crash,07/04/2022 02:12:00 PM,Maryland (State),SANDY SPRING RD,DINO DR,,N/A,"BICYCLIST, OTHER",ANGLE MEETS RIGHT TURN,CLEAR,DRY,DAYLIGHT,TRAFFIC SIGNAL,NONE DETECTED,N/A,136559C1-479F-4C07-9B4F-B3F13512E6F1,OTHER,N/A,N/A,N/A,No,NO APPARENT INJURY,N/A,39.10874,-76.92343667,"(39.10874, -76.92343667)"
MCP2919008Z,220001171,Montgomery County Police,Injury Crash,01/10/2022 06:40:00 PM,Maryland (State),PINEY BRANCH RD,ARLISS ST,,N/A,PEDESTRIAN,STRAIGHT MOVEMENT ANGLE,CLEAR,DRY,DARK LIGHTS ON,N/A,NONE DETECTED,NONE DETECTED,36EE2F6F-03DC-4B0A-8BB3-70D5039FB81B,PEDESTRIAN,Cross/Enter not at Intersection,FAILURE TO YIELD RIGHT OF WAY,ON ROADWAY NOT AT CROSSWALK,Yes,POSSIBLE INJURY,NONE,38.998555,-77.00186167,"(38.998555, -77.00186167)"
HA2372000X,18001064,Maryland-National Capital,Injury Crash,08/13/2018 11:19:00 AM,Government,LITTLE FALLS PKWY,ARLINGTON RD,,N/A,PEDESTRIAN,OTHER,CLEAR,DRY,DAYLIGHT,STOP SIGN,NONE DETECTED,UNKNOWN,8710EFF5-E9A4-4944-AE39-A9333039E9F4,PEDESTRIAN,Cross/Enter at Intersection,DART DASH,ON ROADWAY AT CROSSWALK,Yes,SUSPECTED MINOR INJURY,UNKNOWN,38.97334695,-77.10107312,"(38.97334695, -77.10107312)"
MCP2278000N,15029053,Montgomery County Police,Injury Crash,06/15/2015 06:06:00 AM,Maryland (State),OLD GEORGETOWN RD,OAKMONT AVE,,N/A,BICYCLIST,OTHER,CLEAR,DRY,DAYLIGHT,TRAFFIC SIGNAL,NONE DETECTED,NONE DETECTED,FFBDDF2B-C193-4646-8E34-EC578C16A089,BICYCLIST,Walking/Riding against Traffic,IN ROADWAY IMPROPERLY,ON ROADWAY NOT AT CROSSWALK,,SUSPECTED SERIOUS INJURY,MC/BIKE HELMET,39.0042447,-77.11063385,"(39.0042447, -77.11063385)"
MCP3230003Z,230001120,Montgomery County Police,Injury Crash,01/07/2023 08:26:00 PM,County,VEIRS MILL RD,CLEARFIELD RD,,N/A,PEDESTRIAN,SINGLE VEHICLE,CLEAR,DRY,DARK LIGHTS ON,NO CONTROLS,UNKNOWN,NONE DETECTED,2EBB1BE3-9627-4EAD-9C54-52F22D7DCECD,PEDESTRIAN,Cross/Enter not at Intersection,DART DASH,ON ROADWAY NOT AT CROSSWALK,Yes,SUSPECTED MINOR INJURY,N/A,39.05858248,-77.08732751,"(39.05858248, -77.08732751)"
MCP31650046,220048786,Montgomery County Police,Property Damage Crash,11/05/2022 10:00:00 AM,Maryland (State),SANDY SPRING RD,ENT TO BUSINESS,,N/A,BICYCLIST,OTHER,CLEAR,DRY,DAYLIGHT,NO CONTROLS,NONE DETECTED,NONE DETECTED,E3114F65-9718-4ED7-BED6-3018E17BD6A5,BICYCLIST,Walking/Riding w/Traffic,NO IMPROPER ACTIONS,SHOULDER,No,NO APPARENT INJURY,N/A,39.110698,-76.93398367,"(39.110698, -76.93398367)"
MCP2788003M,240041626,MONTGOMERY,Injury Crash,09/02/2024 09:21:00 PM,Maryland (State) Route,GEORGIA AVE (SB/L),,,,Pedestrian,Single Vehicle,Clear,Dry,Dark - Lighted,Traffic Control Signal,"Not Suspect of Alcohol Use, Not Suspect of Drug Use","Suspect of Alcohol Use, Not Suspect of Drug Use",63CCC9F2-64C0-4972-AAB0-F82B486C8ABB,Pedestrian,Getting Off/On Vehicle,Entering/Exiting Parked/Standing Vehicle,Other,Yes,Possible Injury,None,39.03211558,-77.04851317,"(39.03211558, -77.04851317)"
MCP2796002B,15056417,MONTGOMERY,Injury Crash,11/05/2015 05:24:00 PM,,SOUTH LEISUREWORLD BLVD,GLENEAGLES DR,,N/A,PEDESTRIAN,SINGLE VEHICLE,CLOUDY,DRY,DARK LIGHTS ON,NO CONTROLS,NONE DETECTED,NONE DETECTED,F6373CFA-8AC5-4A63-8BD0-D5C3349D7A5A,PEDESTRIAN,Cross/Enter at Intersection,NO IMPROPER ACTIONS,ON ROADWAY AT CROSSWALK,No,SUSPECTED MINOR INJURY,N/A,39.09837,-77.07358833,"(39.09837, -77.07358833)"
MCP32200035,220044009,Montgomery County Police,Injury Crash,10/08/2022 02:10:00 PM,,,,INSIDE EXTRA SPACE STORAGE FACILITY LOCATED AT 18920 EARHART CT.,,PEDESTRIAN,SINGLE VEHICLE,CLEAR,,DAYLIGHT,NO CONTROLS,,NONE DETECTED,5C66CFE9-BE92-4DE3-99EC-19AD694B9D1A,PEDESTRIAN,Standing,INATTENTIVE,OTHER,Unknown,POSSIBLE INJURY,NONE,39.16866679,-77.17357839,"(39.16866679, -77.17357839)"
MCP3129006M,230013407,Montgomery County Police,Injury Crash,03/20/2023 08:14:00 AM,County,NORTH GATE DR,BEL PRE RD,,N/A,PEDESTRIAN,OTHER,CLEAR,DRY,DAYLIGHT,NO CONTROLS,NONE DETECTED,NONE DETECTED,76A10D2C-E932-46D8-87A6-6DDEACFBDB18,PEDESTRIAN,Cross/Enter at Intersection,NO IMPROPER ACTIONS,ON ROADWAY AT CROSSWALK,No,SUSPECTED MINOR INJURY,NONE,39.09040688,-77.05123322,"(39.09040688, -77.05123322)"
MCP3328001K,230005439,Montgomery County Police,Injury Crash,02/02/2023 03:10:00 PM,Maryland (State),VEIRS MILL RD,CLARIDGE RD,,N/A,PEDESTRIAN,OTHER,CLEAR,DRY,DAYLIGHT,TRAFFIC SIGNAL,NONE DETECTED,N/A,CDA6553B-8860-4A34-BF1E-E7C91B30389A,PEDESTRIAN,Cross/Enter at Intersection,INATTENTIVE,ON ROADWAY AT CROSSWALK,No,SUSPECTED MINOR INJURY,NONE,39.04844671,-77.06927326,"(39.04844671, -77.06927326)"
MCP26890010,15041061,MONTGOMERY,Injury Crash,08/17/2015 10:25:00 AM,Maryland (State),ROCKVILLE PIKE,TALBOTT ST,,ROCKVILLE,BICYCLIST,STRAIGHT MOVEMENT ANGLE,CLEAR,DRY,DAYLIGHT,NO CONTROLS,NONE DETECTED,NONE DETECTED,BAFFA8C7-DF9F-4639-8BDF-7B8CBFCF422B,BICYCLIST,Walking/Cycling on Sidewalk,NO IMPROPER ACTIONS,SIDEWALK,No,SUSPECTED MINOR INJURY,NONE,39.07171185,-77.13299274,"(39.07171185, -77.13299274)"
DD5502004Y,190010874,Rockville Police Departme,Injury Crash,03/08/2019 07:26:00 AM,Municipality,E MIDDLE LA,CROSSOVER,,N/A,PEDESTRIAN,OTHER,SNOW,WET,DUSK,YIELD SIGN,NONE DETECTED,NONE DETECTED,FFD1EA75-592F-47E3-B284-0CDABA679B1B,PEDESTRIAN,Cross/Enter at Intersection,NO IMPROPER ACTIONS,ON ROADWAY AT CROSSWALK,No,SUSPECTED MINOR INJURY,N/A,39.08514158,-77.15002358,"(39.08514158, -77.15002358)"
MCP2813002R,17004807,Montgomery County Police,Injury Crash,01/27/2017 07:23:00 PM,County,EISNER ST,EDGEWOOD AVE,,N/A,PEDESTRIAN,SINGLE VEHICLE,CLEAR,DRY,DARK NO LIGHTS,NO CONTROLS,N/A,N/A,43F46101-0A07-4A54-85F7-1D6880D0F899,PEDESTRIAN,Cross/Enter at Intersection,NO IMPROPER ACTIONS,AT INTERSECTION BUT NO CROSSWALK,No,POSSIBLE INJURY,N/A,39.03024167,-77.02002833,"(39.03024167, -77.02002833)"
MCP13780040,15003250,Montgomery County Police,Injury Crash,01/20/2015 06:53:00 PM,,,,PARKING LOT OF 9235 HUMMINGBIRD TERR,,PEDESTRIAN,SINGLE VEHICLE,CLOUDY,,DARK LIGHTS ON,N/A,NONE DETECTED,NONE DETECTED,9D01B1C8-C8CC-4243-AD66-28049C4CC06E,PEDESTRIAN,Other,NO IMPROPER ACTIONS,OTHER,,SUSPECTED MINOR INJURY,N/A,39.16101167,-77.190915,"(39.16101167, -77.190915)"
MCP2420002Q,170538598,Montgomery County Police,Injury Crash,10/24/2017 06:24:00 PM,,,,PARKING LOT OF 14014  CONNECTICUT AVE,,PEDESTRIAN,SINGLE VEHICLE,CLEAR,,DARK LIGHTS ON,NO CONTROLS,NONE DETECTED,NONE DETECTED,B06AC43D-68BC-43D5-8C72-A60D807EF3F7,PEDESTRIAN,Other,UNKNOWN,UNKNOWN,Unknown,SUSPECTED MINOR INJURY,NONE,39.08593706,-77.07625866,"(39.08593706, -77.07625866)"
MCP2339006T,220007845,Montgomery County Police,Injury Crash,03/02/2022 04:30:00 PM,County,E GUDE DR,CRABBS BRANCH WAY,,N/A,BICYCLIST,OTHER,CLEAR,DRY,DAYLIGHT,TRAFFIC SIGNAL,N/A,N/A,63A84251-B207-4021-B8E3-EEF1B5D82544,BICYCLIST,Cross/Enter at Intersection,NO IMPROPER ACTIONS,ON ROADWAY AT CROSSWALK,No,SUSPECTED MINOR INJURY,UNKNOWN,39.10646067,-77.15212727,"(39.10646067, -77.15212727)"
MCP2682002F,200050689,Montgomery County Police,Injury Crash,12/24/2020 05:51:00 PM,,,,PARKING LOT OF 300 N FREDERICK AVE GAITHERSBURG MD 20877,,PEDESTRIAN,OTHER,CLOUDY,,DARK LIGHTS ON,STOP SIGN,UNKNOWN,NONE DETECTED,CD3F386B-83FB-46F4-AA0F-B2F335415E16,PEDESTRIAN,Walking/Cycling on Sidewalk,NO IMPROPER ACTIONS,DRIVEWAY ACCESS MARKED CROSSWALK,No,POSSIBLE INJURY,NONE,39.14492,-77.20322,"(39.14492, -77.20322)"
DD5606003J,16033858,Rockville Police Departme,Property Damage Crash,07/04/2016 07:21:00 PM,Municipality,BRADLEY AVE,BRADLEY CT,,ROCKVILLE,OTHER,OTHER,RAINING,WET,DUSK,NO CONTROLS,NONE DETECTED,N/A,0803FF75-B862-44F4-A455-F90D349CE0EB,OTHER,N/A,NO IMPROPER ACTIONS,N/A,No,NO APPARENT INJURY,N/A,39.07888311,-77.11747885,"(39.07888311, -77.11747885)"
MCP1205008K,220055351,Montgomery County Police,Injury Crash,12/14/2022 01:53:00 PM,Maryland (State),CONNECTICUT AVE,CHEVY CHASE COMMUNITY LIBRARY,,N/A,BICYCLIST,STRAIGHT MOVEMENT ANGLE,CLOUDY,DRY,DAYLIGHT,NO CONTROLS,NONE DETECTED,NONE DETECTED,3D06FF20-5022-4EFF-A2AE-88D2C4BE1576,BICYCLIST,Other,NO IMPROPER ACTIONS,DRIVEWAY ACCESS MARKED CROSSWALK,No,SUSPECTED MINOR INJURY,NONE,38.991215,-77.07686333,"(38.991215, -77.07686333)"
MCP09420038,210027625,Montgomery County Police,Injury Crash,07/17/2021 12:58:00 PM,County,WOODMONT AVE,NORFOLK AVE,,N/A,"OTHER CONVEYANCE, PEDESTRIAN",OTHER,CLEAR,DRY,DAYLIGHT,NO CONTROLS,,NONE DETECTED,E3BCF622-96B9-42F2-9B86-08F1A3494D30,OTHER CONVEYANCE,N/A,NO IMPROPER ACTIONS,ON ROADWAY NOT AT CROSSWALK,No,NO APPARENT INJURY,NONE,38.98796734,-77.09609225,"(38.98796734, -77.09609225)"
MCP2908001L,16018081,Montgomery County Police,Injury Crash,04/13/2016 02:42:00 PM,,,,"2 UNIVERSITY BLVD W SILVER SPRING, MD 20901

7-11 PARKING LOT",,PEDESTRIAN,SINGLE VEHICLE,CLEAR,,DAYLIGHT,NO CONTROLS,N/A,NONE DETECTED,A96B15FE-9B64-4A8E-9A1B-03ACD13254A9,PEDESTRIAN,Cross/Enter at Intersection,NO IMPROPER ACTIONS,SIDEWALK,No,POSSIBLE INJURY,NONE,39.02034,-77.01328667,"(39.02034, -77.01328667)"
MCP32760020,220025299,Montgomery County Police,Injury Crash,06/12/2022 11:59:00 PM,US (State),COLESVILLE RD,FENTON ST,,N/A,PEDESTRIAN,OTHER,CLEAR,DRY,DARK LIGHTS ON,TRAFFIC SIGNAL,NONE DETECTED,NONE DETECTED,74539BFA-5049-488D-9799-99C81790A8C4,PEDESTRIAN,Cross/Enter at Intersection,FAILURE TO YIELD RIGHT OF WAY,ON ROADWAY NOT AT CROSSWALK,Yes,SUSPECTED MINOR INJURY,N/A,38.99748321,-77.02703596,"(38.99748321, -77.02703596)"
DM8352000Y,240051851,TAKOMA,Injury Crash,10/29/2024 06:50:00 PM,Maryland (State) Route,EAST WEST HWY (WB/L),,,,Pedestrian,Single Vehicle,Clear,Dry,Daylight,No Controls,"Not Suspect of Alcohol Use, Not Suspect of Drug Use","Not Suspect of Alcohol Use, Not Suspect of Drug Use",E135009A-1F9F-48A2-B63E-0192942FF4B5,Pedestrian,Cross/Enter Not at Intersection,"Failure to Obey Traffic Signs, Signals, or Officer, Failure to Yield Right-Of-Way",Other,No,Suspected Minor Injury,None,38.97538836,-76.99333842,"(38.97538836, -76.99333842)"
HA24510004,19000402,Maryland-National Capital,Injury Crash,02/17/2019 06:30:00 PM,Government,BEACH DR,CROSSOVER TO GV 48 - NO NAME,,N/A,BICYCLIST,ANGLE MEETS LEFT HEAD ON,RAINING,WET,DARK LIGHTS ON,STOP SIGN,N/A,N/A,A582DE2D-2D52-4661-9E5A-8610D4A8338A,BICYCLIST,Walking/Riding against Traffic,WRONG WAY RIDING OR WALKING,OTHER,Yes,SUSPECTED SERIOUS INJURY,MC/BIKE HELMET,38.99944503,-77.03036728,"(38.99944503, -77.03036728)"
MCP3254003C,230051643,Montgomery County Police,Injury Crash,08/26/2023 09:20:00 PM,County,CRYSTAL ROCK DR,FATHER HURLEY BLVD,,N/A,OTHER,SINGLE VEHICLE,CLEAR,DRY,DARK LIGHTS ON,TRAFFIC SIGNAL,N/A,N/A,B7E2DCF1-5375-41E7-BE76-582DAAB99C9F,OTHER,Cross/Enter at Intersection,NO IMPROPER ACTIONS,ON ROADWAY AT CROSSWALK,No,SUSPECTED MINOR INJURY,MC/BIKE HELMET,39.19362017,-77.27031762,"(39.19362017, -77.27031762)"
MCP2214000Z,220049326,Montgomery County Police,Injury Crash,11/08/2022 03:14:00 PM,Maryland (State),FREDERICK RD,GUNNERS BRANCH RD,,N/A,PEDESTRIAN,SINGLE VEHICLE,CLEAR,DRY,DAYLIGHT,N/A,NONE DETECTED,NONE DETECTED,1FD68AA6-DCDB-4F1C-B3C4-58597FF2F6F1,PEDESTRIAN,Cross/Enter not at Intersection,DART DASH,ON ROADWAY NOT AT CROSSWALK,Yes,SUSPECTED SERIOUS INJURY,N/A,39.17680431,-77.23833682,"(39.17680431, -77.23833682)"
MCP2269001L,210046177,Montgomery County Police,Injury Crash,11/14/2021 12:45:00 PM,Municipality,WATKINS MILL RD,FREDERICK RD,,N/A,PEDESTRIAN,STRAIGHT MOVEMENT ANGLE,CLOUDY,DRY,DAYLIGHT,TRAFFIC SIGNAL,NONE DETECTED,NONE DETECTED,36B7FB7B-0FE1-4828-8688-6E8AB438250C,PEDESTRIAN,Cross/Enter at Intersection,NO IMPROPER ACTIONS,ON ROADWAY AT CROSSWALK,No,POSSIBLE INJURY,NONE,39.15336333,-77.230685,"(39.15336333, -77.230685)"
MCP2846002L,17006835,Montgomery County Police,Injury Crash,02/08/2017 08:36:00 AM,Maryland (State),VEIRS MILL RD,UNIVERSITY BLVD W,,N/A,PEDESTRIAN,SINGLE VEHICLE,CLEAR,DRY,DAYLIGHT,TRAFFIC SIGNAL,NONE DETECTED,NONE DETECTED,2C99D4FD-A6C8-42C7-A228-618291AA025D,PEDESTRIAN,Cross/Enter at Intersection,NO IMPROPER ACTIONS,ON ROADWAY AT CROSSWALK,No,POSSIBLE INJURY,NONE,39.03860833,-77.054455,"(39.03860833, -77.054455)"