Report Number,Local Case Number,Agency Name,ACRS Report Type,Crash Date/Time,Route Type,Road Name,Cross-Street Name,Off-Road Description,Municipality,Related Non-Motorist,Collision Type,Weather,Surface Condition,Light,Traffic Control,Driver Substance Abuse,Non-Motorist Substance Abuse,Person ID,Pedestrian Type,Pedestrian Movement,Pedestrian Actions,Pedestrian Location,At Fault,Injury Severity,Safety Equipment,Latitude,Longitude,Location
MCP30760037,200019286,Montgomery County Police,Injury Crash,05/13/2020 11:14:00 AM,County,CHESAPEAKE AVE,TAKOMA AVE,,N/A,OTHER CONVEYANCE,HEAD ON,CLEAR,DRY,DAYLIGHT,N/A,NONE DETECTED,NONE DETECTED,4ABD3821-E389-4642-BAF5-DF1D9433A88F,OTHER CONVEYANCE,Other Working,NO IMPROPER ACTIONS,N/A,No,POSSIBLE INJURY,REFLECTIVE CLOTHING,38.989807,-77.018913,"(38.989807, -77.018913)"
EJ7879003K,230054012,Gaithersburg Police Depar,Injury Crash,09/09/2023 06:30:00 PM,Municipality,N SUMMIT AVE,E DIAMOND AVE,,GAITHERSBURG,PEDESTRIAN,SINGLE VEHICLE,RAINING,WET,DAYLIGHT,NO CONTROLS,NONE DETECTED,NONE DETECTED,28B1A039-556A-49A5-988F-4746CB08B39E,PEDESTRIAN,Cross/Enter not at Intersection,UNKNOWN,ON ROADWAY NOT AT CROSSWALK,Unknown,SUSPECTED MINOR INJURY,NONE,39.14287914,-77.19337475,"(39.14287914, -77.19337475)"
MCP30550045,230073457,Montgomery County Police,Injury Crash,12/24/2023 02:25:00 PM,,,,IN PARKING LOT OF 4301 RANDOLPH RD.,,PEDESTRIAN,OTHER,CLEAR,,DAYLIGHT,N/A,N/A,N/A,72D40116-888D-4C83-8711-78E3C13F9383,PEDESTRIAN,Walking/Cycling on Sidewalk,NO IMPROPER ACTIONS,SIDEWALK,No,SUSPECTED MINOR INJURY,NONE,39.05594083,-77.0839425,"(39.05594083, -77.0839425)"
EJ7856008B,200019283,Gaithersburg Police Depar,Injury Crash,05/13/2020 11:20:00 AM,Municipality,LAKELANDS DR,GATESTONE ST,,GAITHERSBURG,BICYCLIST,OTHER,CLEAR,DRY,DAYLIGHT,STOP SIGN,N/A,N/A,D93D5668-28F1-4B63-9C42-F69D6C805D72,BICYCLIST,Cross/Enter at Intersection,NO IMPROPER ACTIONS,OTHER,No,SUSPECTED MINOR INJURY,MC/BIKE HELMET,39.11808047,-77.2278652,"(39.11808047, -77.2278652)"
MCP3209002H,210009226,Montgomery County Police,Injury Crash,03/11/2021 07:57:00 PM,Maryland (State),GEORGIA AVE,DAYTON ST,,N/A,PEDESTRIAN,OTHER,CLEAR,DRY,DARK NO LIGHTS,NO CONTROLS,NONE DETECTED,NONE DETECTED,AB9FD99C-714C-4CB1-AC0E-46071A257F3C,PEDESTRIAN,Walking/Cycling on Sidewalk,NO IMPROPER ACTIONS,SIDEWALK,No,SUSPECTED MINOR INJURY,NONE,39.02838333,-77.046875,"(39.02838333, -77.046875)"
MCP14530036,16027529,Montgomery County Police,Injury Crash,06/02/2016 08:30:00 AM,County,RIMFIRE CT,RICHTER FARM RD,,N/A,OTHER,OTHER,CLEAR,DRY,DAYLIGHT,N/A,,NONE DETECTED,741D6EF6-370B-427F-9F84-0C8A02586270,OTHER,Other,OTHER,ON ROADWAY NOT AT CROSSWALK,No,POSSIBLE INJURY,N/A,39.15750167,-77.29715167,"(39.15750167, -77.29715167)"
MCP24450009,190009816,Montgomery County Police,Injury Crash,03/02/2019 12:19:00 PM,County,LEAMAN FARM RD,DAVENTRY WAY,,N/A,PEDESTRIAN,SINGLE VEHICLE,CLEAR,DRY,DAYLIGHT,NO CONTROLS,NONE DETECTED,NONE DETECTED,F0D8A486-1269-4FAB-9265-4CF263B385DC,PEDESTRIAN,Cross/Enter not at Intersection,DART DASH,ON ROADWAY NOT AT CROSSWALK,Yes,SUSPECTED MINOR INJURY,NONE,39.1580955,-77.2788765,"(39.1580955, -77.2788765)"
MCP29620096,240036833,MONTGOMERY,Injury Crash,08/05/2024 08:10:00 AM,Local Route,TRIMFIELD LA,FATHER HURLEY BLVD (NB/L),,,Pedestrian,Single Vehicle,Clear,Dry,Daylight,Pedestrian Crossing Sign,"Not Suspect of Alcohol Use, Not Suspect of Drug Use","Not Suspect of Alcohol Use, Not Suspect of Drug Use",B9BDBA64-ACD9-43E2-9710-C9885D6ED4A2,Pedestrian,Other,None (No Improper Action),Intersection Marked Crosswalk,No,Possible Injury,None,39.18631928,-77.27359669,"(39.18631928, -77.27359669)"
MCP3121003L,200036654,Montgomery County Police,Injury Crash,09/18/2020 06:07:00 PM,,,,PARKING LOT IFO 19218 MONTGOMERY VILLAGE AVE,,PEDESTRIAN,OTHER,CLEAR,,DAYLIGHT,NO CONTROLS,NONE DETECTED,NONE DETECTED,77E948A8-45CB-49E2-A7D1-F2BFF3C1C7A4,PEDESTRIAN,Standing,NO IMPROPER ACTIONS,OTHER,No,POSSIBLE INJURY,NONE,39.172195,-77.204985,"(39.172195, -77.204985)"
MCP1378007H,15045278,MONTGOMERY,Injury Crash,09/08/2015 11:44:00 AM,,,,PARKING LOT OF 18310 MONTGOMERY VILLAGE AVE,,PEDESTRIAN,SINGLE VEHICLE,CLEAR,,DAYLIGHT,N/A,NONE DETECTED,NONE DETECTED,7C338032-0C51-4C48-8751-03C38DFE06D5,PEDESTRIAN,Other,DART DASH,OTHER,Yes,POSSIBLE INJURY,N/A,39.15738,-77.20676167,"(39.15738, -77.20676167)"
MCP2298006X,15058021,MONTGOMERY,Injury Crash,11/13/2015 07:13:00 PM,,,,DRIVE WAY TO 19815 GERMANTOWN ROAD EXXON,,PEDESTRIAN,OTHER,CLEAR,,DARK LIGHTS ON,NO CONTROLS,NONE DETECTED,NONE DETECTED,E7ABAB42-5A70-4151-B788-8F851BA8AF10,PEDESTRIAN,Walking/Cycling on Sidewalk,UNKNOWN,OTHER,Unknown,SUSPECTED MINOR INJURY,NONE,39.181165,-77.26164833,"(39.181165, -77.26164833)"
MCP23530031,16054855,Montgomery County Police,Injury Crash,10/25/2016 09:05:00 AM,Maryland (State),WISCONSIN AVE,WESTERN AVE (DC MAINT),,N/A,PEDESTRIAN,SINGLE VEHICLE,CLEAR,DRY,DAYLIGHT,TRAFFIC SIGNAL,NONE DETECTED,NONE DETECTED,E5D922AF-188F-4931-AD1F-181F5C932237,PEDESTRIAN,Cross/Enter at Intersection,NO IMPROPER ACTIONS,ON ROADWAY AT CROSSWALK,No,POSSIBLE INJURY,NONE,38.961205,-77.08555667,"(38.961205, -77.08555667)"
MCP2845006R,200016657,Montgomery County Police,Injury Crash,04/21/2020 12:28:00 PM,,,,PARKING LOT TO THE REAR OF 10141 COLESVILLE RD,,PEDESTRIAN,SINGLE VEHICLE,CLOUDY,,DAYLIGHT,NO CONTROLS,NONE DETECTED,NONE DETECTED,7ADF61B9-FB10-4FCF-B352-CE8CE38A732A,PEDESTRIAN,Other,NO IMPROPER ACTIONS,OTHER,No,SUSPECTED MINOR INJURY,N/A,39.021207,-77.01157417,"(39.021207, -77.01157417)"
MCP2963001Q,180031057,Montgomery County Police,Injury Crash,06/24/2018 12:13:00 AM,US (State),GEORGIA AVE,SILVER SPRING AVE,,N/A,PEDESTRIAN,SINGLE VEHICLE,N/A,DRY,DARK LIGHTS ON,TRAFFIC SIGNAL,NONE DETECTED,NONE DETECTED,AA572C01-92EA-407F-B0EB-EA8371A85AE6,PEDESTRIAN,Cross/Enter at Intersection,NO IMPROPER ACTIONS,ON ROADWAY AT CROSSWALK,No,POSSIBLE INJURY,NONE,38.99150833,-77.02672833,"(38.99150833, -77.02672833)"
MCP289200BL,210045907,Montgomery County Police,Injury Crash,11/12/2021 03:18:00 PM,,,,"PARKING LOT LOCATED AT 9400 GEORGIA AVENUE SILVER SPRING, MD",,PEDESTRIAN,OTHER,CLEAR,,DAYLIGHT,NO CONTROLS,NONE DETECTED,NONE DETECTED,CE2BFB27-2E23-4EE1-B8F8-AAE6F1BF2F4D,PEDESTRIAN,Standing,OTHER,OTHER,Unknown,POSSIBLE INJURY,NONE,39.00864833,-77.04077167,"(39.00864833, -77.04077167)"
DD56050026,16009465,Rockville Police Departme,Injury Crash,02/25/2016 06:26:00 PM,Maryland (State),HUNGERFORD DR,N WASHINGTON ST,,ROCKVILLE,PEDESTRIAN,OTHER,CLEAR,DRY,DARK LIGHTS ON,NO CONTROLS,NONE DETECTED,NONE DETECTED,D734021A-D952-46C1-9756-00335B9B2515,PEDESTRIAN,Cross/Enter at Intersection,NO IMPROPER ACTIONS,SIDEWALK,No,SUSPECTED MINOR INJURY,NONE,39.08986,-77.15252333,"(39.08986, -77.15252333)"
MCP27770058,190026711,Montgomery County Police,Injury Crash,06/04/2019 05:30:00 PM,County,HAMPDEN LA,ARLINGTON RD,,N/A,PEDESTRIAN,OTHER,N/A,DRY,DAYLIGHT,STOP SIGN,NONE DETECTED,NONE DETECTED,B3AF41AE-A4B2-4FD3-B575-2833686A1322,PEDESTRIAN,Cross/Enter at Intersection,NO IMPROPER ACTIONS,AT INTERSECTION MARKED CROSSWALK,No,POSSIBLE INJURY,NONE,38.98268667,-77.098305,"(38.98268667, -77.098305)"
MCP30760021,190008899,Montgomery County Police,Injury Crash,02/25/2019 06:35:00 AM,Maryland (State),EAST WEST HWY,COLESVILLE RD,,N/A,PEDESTRIAN,STRAIGHT MOVEMENT ANGLE,CLEAR,DRY,DAWN,TRAFFIC SIGNAL,NONE DETECTED,NONE DETECTED,5ECDC9B8-9280-4C34-A384-16932EB9266E,PEDESTRIAN,Cross/Enter at Intersection,NO IMPROPER ACTIONS,ON ROADWAY AT CROSSWALK,No,POSSIBLE INJURY,NONE,38.99202883,-77.0304305,"(38.99202883, -77.0304305)"
MCP2829001J,15040654,MONTGOMERY,Injury Crash,08/14/2015 09:48:00 PM,County,LOCKWOOD DR,ENT TO SHOPPING CENTER,,N/A,PEDESTRIAN,OTHER,CLEAR,DRY,DARK LIGHTS ON,TRAFFIC SIGNAL,NONE DETECTED,NONE DETECTED,C5F04910-63BB-4DE1-89FB-761674623A04,PEDESTRIAN,Cross/Enter at Intersection,IN ROADWAY IMPROPERLY,UNKNOWN,Yes,SUSPECTED MINOR INJURY,NONE,39.004363,-76.996607,"(39.004363, -76.996607)"
DD56640012,230065308,Rockville Police Departme,Property Damage Crash,11/09/2023 09:57:00 AM,Maryland (State),ROCKVILLE PIKE,HALPINE RD,,ROCKVILLE,PEDESTRIAN,OTHER,CLEAR,DRY,DAYLIGHT,TRAFFIC SIGNAL,NONE DETECTED,NONE DETECTED,5725A13B-1C60-4444-B5F7-869AC5232C42,PEDESTRIAN,Cross/Enter at Intersection,N/A,ON ROADWAY AT CROSSWALK,No,NO APPARENT INJURY,N/A,39.06179301,-77.12373409,"(39.06179301, -77.12373409)"
MCP20460072,170515096,Montgomery County Police,Injury Crash,06/22/2017 06:06:00 AM,US (State),COLESVILLE RD,CROSSOVER,,N/A,PEDESTRIAN,STRAIGHT MOVEMENT ANGLE,CLEAR,DRY,DAYLIGHT,NO CONTROLS,NONE DETECTED,NONE DETECTED,4E050450-B70B-4F8B-8B9E-84693B7D1970,PEDESTRIAN,Unknown,DART DASH,UNKNOWN,Unknown,SUSPECTED SERIOUS INJURY,N/A,39.02155333,-77.012305,"(39.02155333, -77.012305)"
MCP2923000X,15041154,MONTGOMERY,Injury Crash,08/17/2015 05:22:00 PM,Municipality,CHRISTOPHER AVE,FREDERICK RD,,N/A,BICYCLIST,OTHER,CLEAR,DRY,DAYLIGHT,YIELD SIGN,NONE DETECTED,NONE DETECTED,D4939AA3-5B0C-4DD2-95FD-9A54F7080ACD,BICYCLIST,Cross/Enter at Intersection,UNKNOWN,AT INTERSECTION MARKED CROSSWALK,Yes,POSSIBLE INJURY,NONE,39.15638667,-77.216545,"(39.15638667, -77.216545)"
MCP3058000W,170536683,Montgomery County Police,Injury Crash,10/15/2017 07:24:00 PM,,,,"OCCURRED ON DRIVEWAY OF 8405 BUCKHANNON DRIVE, POTOMAC MARYLAND",,PEDESTRIAN,OTHER,CLEAR,,DARK -- UNKNOWN LIGHTING,NO CONTROLS,,N/A,6395C7CA-F0A2-4F66-918E-C220ED824DAF,PEDESTRIAN,Other,OTHER,OTHER,Yes,SUSPECTED SERIOUS INJURY,NONE,39.04527767,-77.17388034,"(39.04527767, -77.17388034)"
DD56100032,170522986,Rockville Police Departme,Injury Crash,08/04/2017 03:39:00 PM,Municipality,WATKINS POND BLVD,FREDERICK RD,,N/A,BICYCLIST,OTHER,CLEAR,DRY,DAYLIGHT,TRAFFIC SIGNAL,N/A,N/A,A5E40AB6-98D1-4600-8763-4AD354E2AF79,BICYCLIST,Cross/Enter at Intersection,UNKNOWN,ON ROADWAY AT CROSSWALK,Unknown,POSSIBLE INJURY,NONE,39.11211,-77.161845,"(39.11211, -77.161845)"
MCP28810015,15030553,Montgomery County Police,Injury Crash,06/23/2015 07:36:00 AM,County,CENTURY BLVD,MIDDLEBROOK RD,,N/A,BICYCLIST,OTHER,CLEAR,DRY,DAYLIGHT,TRAFFIC SIGNAL,NONE DETECTED,UNKNOWN,355F55E4-91C8-4A6C-B602-C8A9B25C3BAB,BICYCLIST,Cross/Enter at Intersection,IN ROADWAY IMPROPERLY,ON ROADWAY AT CROSSWALK,,POSSIBLE INJURY,NONE,39.18019391,-77.26860523,"(39.18019391, -77.26860523)"
MCP31900063,240031646,MONTGOMERY,Property Damage Crash,07/05/2024 08:44:00 AM,Maryland (State) Route,GEORGIA AVE (SB/L),EMORY LA,,,Cyclist (non-electric),Single Vehicle,Clear,Dry,Daylight,Pedestrian Crossing Sign,"Not Suspect of Alcohol Use, Not Suspect of Drug Use","Not Suspect of Alcohol Use, Not Suspect of Drug Use",1617AE5A-F1D3-4F10-A50E-AD8B667899B5,Cyclist (non-electric),Cross/Enter at Intersection,Unknown,Intersection Marked Crosswalk,No,No Apparent Injury,Helmet,39.12614608,-77.07261279,"(39.12614608, -77.07261279)"
MCP31130029,200004260,Montgomery County Police,Injury Crash,01/26/2020 06:50:00 AM,,,,"PARKING LOT OF 11812 NEW HAMPSHIRE AVE, OUR LADY OF VIETNAM CHURCH",,PEDESTRIAN,OTHER,N/A,,DAWN,N/A,N/A,N/A,F95F3372-352F-4C05-8579-0A01B70B61F3,PEDESTRIAN,Cross/Enter not at Intersection,NO IMPROPER ACTIONS,ON ROADWAY NOT AT CROSSWALK,No,SUSPECTED MINOR INJURY,NONE,39.05465031,-76.99516725,"(39.05465031, -76.99516725)"
MCP2848005V,170549876,Montgomery County Police,Injury Crash,12/21/2017 09:52:00 AM,Maryland (State),EAST WEST HWY,SUNDALE DR,,N/A,PEDESTRIAN,OTHER,N/A,DRY,DAYLIGHT,NO CONTROLS,UNKNOWN,NONE DETECTED,0F4151EB-E9CA-47FD-826B-BBFF8179E67C,PEDESTRIAN,Cross/Enter at Intersection,NO IMPROPER ACTIONS,ON ROADWAY AT CROSSWALK,No,SUSPECTED SERIOUS INJURY,NONE,38.99553995,-77.04221606,"(38.99553995, -77.04221606)"
MCP2714001K,200007572,Montgomery County Police,Injury Crash,02/16/2020 05:10:00 PM,,,,THE PARKING LOT CROSSWALK OF 12207 VEIRS MILL RD,,PEDESTRIAN,OTHER,CLEAR,,DAYLIGHT,NO CONTROLS,N/A,N/A,97FDB327-7C7A-40E4-9F16-3E2307152BC1,PEDESTRIAN,Standing,NO IMPROPER ACTIONS,DRIVEWAY ACCESS MARKED CROSSWALK,No,POSSIBLE INJURY,NONE,39.05697181,-77.08218147,"(39.05697181, -77.08218147)"
MCP2348005W,200034859,Montgomery County Police,Fatal Crash,09/05/2020 10:37:00 PM,Maryland (State),UNIVERSITY BLVD E,LANGLEY DR,,N/A,PEDESTRIAN,SINGLE VEHICLE,CLEAR,DRY,DARK LIGHTS ON,NO CONTROLS,NONE DETECTED,ALCOHOL PRESENT,1BD42259-0FCC-4BD4-9443-17400A675E51,PEDESTRIAN,Cross/Enter not at Intersection,DART DASH,ON ROADWAY NOT AT CROSSWALK,Yes,FATAL INJURY,N/A,39.00158406,-76.99549353,"(39.00158406, -76.99549353)"
MCP20080017,15050637,MONTGOMERY,Injury Crash,10/06/2015 03:04:00 PM,,,,Parking lot of 12310 Academy Way,,PEDESTRIAN,OTHER,CLEAR,,DAYLIGHT,N/A,NONE DETECTED,NONE DETECTED,DD958D9F-8868-44C7-AADA-99F78AAD07D9,PEDESTRIAN,Other,DART DASH,OTHER,Yes,POSSIBLE INJURY,N/A,39.05797167,-77.107875,"(39.05797167, -77.107875)"
DD56200006,16058258,Rockville Police Departme,Injury Crash,11/11/2016 07:52:00 PM,Maryland (State),E JEFFERSON ST,MONROE ST,,ROCKVILLE,PEDESTRIAN,OTHER,CLEAR,DRY,DARK LIGHTS ON,TRAFFIC SIGNAL,NONE DETECTED,NONE DETECTED,FB9464D0-DDA4-4E56-8A4B-A49E60D700C3,PEDESTRIAN,Cross/Enter at Intersection,NO IMPROPER ACTIONS,AT INTERSECTION MARKED CROSSWALK,No,SUSPECTED MINOR INJURY,NONE,39.08189382,-77.14920402,"(39.08189382, -77.14920402)"
MCP28180020,16032995,Montgomery County Police,Injury Crash,06/29/2016 08:46:00 PM,US (State),COLESVILLE RD,FENTON ST,,N/A,PEDESTRIAN,OTHER,CLEAR,DRY,DARK NO LIGHTS,TRAFFIC SIGNAL,NONE DETECTED,NONE DETECTED,2196A792-F43D-4210-97E2-46AFE870D4A1,PEDESTRIAN,Cross/Enter at Intersection,NO IMPROPER ACTIONS,AT INTERSECTION MARKED CROSSWALK,No,POSSIBLE INJURY,N/A,38.997555,-77.02683333,"(38.997555, -77.02683333)"
MCP233900B9,250014174,MONTGOMERY,Injury Crash,04/01/2025 03:16:00 PM,,,,Service Road        SHOPPING CENTER EXIT ONTO SHADY GROVE RD,,Pedestrian,Single Vehicle,Clear,,Daylight,,"Unknown, Unknown","Not Suspect of Alcohol Use, Not Suspect of Drug Use",0BE6A02F-C3CB-4E4D-ABF2-E1C68E020D3C,Pedestrian,Cross/Enter at Intersection,None (No Improper Action),Intersection Unmarked Crosswalk,No,Suspected Minor Injury,None,39.12079777,-77.17933523,"(39.12079777, -77.17933523)"
MCP2966005P,210017319,Montgomery County Police,Injury Crash,05/05/2021 05:30:00 PM,County,BRANDERMILL DR,BRUNDIDGE TERR,,N/A,BICYCLIST,OTHER,N/A,N/A,DAYLIGHT,N/A,N/A,N/A,3CEE8725-86C8-4EC4-9CC5-83F27F166F3A,BICYCLIST,Cross/Enter at Intersection,NO IMPROPER ACTIONS,AT INTERSECTION BUT NO CROSSWALK,No,POSSIBLE INJURY,N/A,39.18772331,-77.23850772,"(39.18772331, -77.23850772)"
MCP2991001Y,170525703,Montgomery County Police,Property Damage Crash,08/19/2017 12:05:00 PM,Maryland (State),OLNEY LAYTONSVILLE RD,BRIARS RD,,N/A,BICYCLIST,SINGLE VEHICLE,CLEAR,DRY,DAYLIGHT,NO CONTROLS,NONE DETECTED,N/A,AAA23C00-4B46-4858-8855-72911C7983D3,BICYCLIST,Other,OTHER,ON ROADWAY NOT AT CROSSWALK,Yes,NO APPARENT INJURY,NONE,39.16346667,-77.08177167,"(39.16346667, -77.08177167)"
MCP2969002D,16047820,Montgomery County Police,Injury Crash,09/17/2016 05:46:00 PM,Maryland (State),NEW HAMPSHIRE AVE,SPENCERVILLE RD,,N/A,BICYCLIST,SAME DIRECTION SIDESWIPE,CLEAR,DRY,DAYLIGHT,N/A,NONE DETECTED,NONE DETECTED,E32E3B27-5B66-4B26-8A28-BD61FCEDE4F2,BICYCLIST,Walking/Riding w/Traffic,DISABLED VEHICLE RELATED,SHOULDER,Yes,POSSIBLE INJURY,NONE,39.11799571,-76.98962733,"(39.11799571, -76.98962733)"
DD5583001K,16035940,Rockville Police Departme,Injury Crash,07/15/2016 07:13:00 PM,Municipality,TEMPLETON PL,CUL DE SAC,,N/A,PEDESTRIAN,SINGLE VEHICLE,CLEAR,DRY,DAYLIGHT,N/A,NONE DETECTED,NONE DETECTED,6486D483-3508-4664-B27D-ABE4457270A8,PEDESTRIAN,Standing,NO IMPROPER ACTIONS,SIDEWALK,No,POSSIBLE INJURY,NONE,39.06651619,-77.12910488,"(39.06651619, -77.12910488)"
MCP3426000X,250002513,MONTGOMERY,Injury Crash,01/18/2025 12:03:00 AM,County Route,KENNEDY DR,,,,Pedestrian,Single Vehicle,Clear,Dry,Dark - Lighted,No Controls,"Not Suspect of Alcohol Use, Not Suspect of Drug Use","Not Suspect of Alcohol Use, Not Suspect of Drug Use",595857E4-D214-4AFB-A072-9B22285E8588,Pedestrian,Getting Off/On Vehicle,None (No Improper Action),Other,No,Suspected Serious Injury,None,38.97124387,-77.10298577,"(38.97124387, -77.10298577)"
MCP3290002L,230059290,Montgomery County Police,Property Damage Crash,10/08/2023 01:17:00 PM,County,DALE DR,COLESVILLE RD,,N/A,BICYCLIST,OTHER,CLEAR,DRY,DAYLIGHT,TRAFFIC SIGNAL,NONE DETECTED,NONE DETECTED,70343764-E80E-4F73-AFA5-707295697164,BICYCLIST,Cross/Enter at Intersection,NO IMPROPER ACTIONS,ON ROADWAY AT CROSSWALK,No,NO APPARENT INJURY,MC/BIKE HELMET,39.00527984,-77.02282108,"(39.00527984, -77.02282108)"
MCP2785001C,16018657,Montgomery County Police,Injury Crash,04/16/2016 12:18:00 PM,,,,"PARKING LOT OF MCDONALD'S LOCATED AT 13800 OUTLET DR, SILVER SPRING MD 20904",,PEDESTRIAN,OTHER,CLEAR,,DAYLIGHT,N/A,N/A,N/A,4C672B2E-8711-4A9B-A93D-36889B6DB91D,PEDESTRIAN,Other,INATTENTIVE,OTHER,Unknown,POSSIBLE INJURY,NONE,39.045425,-76.99073667,"(39.045425, -76.99073667)"
MCP2565001S,15033708,MONTGOMERY,Injury Crash,07/09/2015 09:56:00 PM,,,,"In Parking lot of 11710 Hunters Lane, Rockville, MD",,PEDESTRIAN,OTHER,CLEAR,,DARK LIGHTS ON,NO CONTROLS,NONE DETECTED,NONE DETECTED,65088DFD-432E-434F-B8F9-C9BB6F246C21,PEDESTRIAN,Other,NO IMPROPER ACTIONS,N/A,No,SUSPECTED MINOR INJURY,NONE,39.04886473,-77.09873557,"(39.04886473, -77.09873557)"
MCP2564000D,15028672,Montgomery County Police,Property Damage Crash,06/12/2015 06:19:00 PM,County,MONTGOMERY VILLAGE AVE,CLUB HOUSE RD,,N/A,BICYCLIST,STRAIGHT MOVEMENT ANGLE,CLOUDY,DRY,DAYLIGHT,TRAFFIC SIGNAL,NONE DETECTED,UNKNOWN,3E57E7F7-43F6-4A85-ADA9-E413319AC081,BICYCLIST,Cross/Enter at Intersection,DART DASH,AT INTERSECTION MARKED CROSSWALK,,NO APPARENT INJURY,UNKNOWN,39.17453008,-77.2037065,"(39.17453008, -77.2037065)"
MCP2498000P,16022376,Montgomery County Police,Injury Crash,05/06/2016 05:15:00 AM,Maryland (State),GERMANTOWN RD,RAMP 6 FR MD 118 EB TO IS 270 SB,,N/A,BICYCLIST,OTHER,RAINING,WET,DARK LIGHTS ON,NO CONTROLS,UNKNOWN,NONE DETECTED,B3C5F9E9-880C-4A45-8C12-21B0E39388B0,BICYCLIST,Walking/Riding w/Traffic,NO IMPROPER ACTIONS,AT INTERSECTION BUT NO CROSSWALK,No,SUSPECTED MINOR INJURY,MC/BIKE HELMET,39.18266182,-77.25869447,"(39.18266182, -77.25869447)"
MCP2077000W,15050562,MONTGOMERY,Injury Crash,10/06/2015 08:34:00 AM,Maryland (State),OLNEY LAYTONSVILLE RD,QUEEN ELIZABETH DR,,N/A,BICYCLIST,HEAD ON LEFT TURN,CLEAR,DRY,DAYLIGHT,TRAFFIC SIGNAL,NONE DETECTED,NONE DETECTED,8E135C01-2B83-461D-9D93-16C2D42BF3D0,BICYCLIST,Walking/Riding w/Traffic,NO IMPROPER ACTIONS,SHOULDER,No,POSSIBLE INJURY,MC/BIKE HELMET,39.15974167,-77.07721167,"(39.15974167, -77.07721167)"
MCP14650050,200005554,Montgomery County Police,Injury Crash,02/03/2020 08:49:00 AM,Maryland (State),RIVER RD,SPRINGRIDGE RD,,N/A,PEDESTRIAN,SAME DIR REAR END,CLEAR,DRY,DAYLIGHT,NO CONTROLS,NONE DETECTED,NONE DETECTED,E70CC12A-C171-4A71-993E-BA7A9ED5E5A7,PEDESTRIAN,Push/Work on Vehicle,DISABLED VEHICLE RELATED,SHOULDER,No,SUSPECTED MINOR INJURY,N/A,39.04788667,-77.26563667,"(39.04788667, -77.26563667)"
MCP3143002V,210024917,Montgomery County Police,Injury Crash,06/29/2021 12:00:00 PM,Maryland (State),ROCKVILLE PIKE,NICHOLSON LA,,N/A,BICYCLIST,SAME DIRECTION SIDESWIPE,CLEAR,DRY,DAYLIGHT,TRAFFIC SIGNAL,NONE DETECTED,NONE DETECTED,43F9B8EB-5982-4E3E-948C-2091D6042200,BICYCLIST,Walking/Riding w/Traffic,NO IMPROPER ACTIONS,ON ROADWAY NOT AT CROSSWALK,No,SUSPECTED MINOR INJURY,MC/BIKE HELMET,39.04466833,-77.11246333,"(39.04466833, -77.11246333)"
MCP3148006H,240034607,MONTGOMERY,Injury Crash,07/22/2024 04:38:00 PM,County Route,WISCONSIN CIR,,,,Pedestrian,Single Vehicle,Clear,Dry,Daylight,No Controls,"Not Suspect of Alcohol Use, Not Suspect of Drug Use","Not Suspect of Alcohol Use, Not Suspect of Drug Use",A0407BDE-A99F-465E-8F9B-87F890E58182,Pedestrian,Cross/Enter at Intersection,None (No Improper Action),Intersection Marked Crosswalk,No,Suspected Minor Injury,None,38.96189063,-77.08536461,"(38.96189063, -77.08536461)"
MCP31480076,240058388,MONTGOMERY,Injury Crash,12/06/2024 03:23:00 PM,Maryland (State) Route,EAST WEST HWY,MEADOWBROOK LA,,,Cyclist (non-electric),Single Vehicle,Clear,Dry,Daylight,Traffic Control Signal,"Not Suspect of Alcohol Use, Not Suspect of Drug Use","Not Suspect of Alcohol Use, Not Suspect of Drug Use",62D59C31-DF86-4A37-9322-F838D2BA0D97,Cyclist (non-electric),Cross/Enter at Intersection,None (No Improper Action),Intersection Marked Crosswalk,No,Suspected Minor Injury,"Helmet, Lighting, Protective Pads (elbows, knees, shins, etc.), Reflectors",38.99260154,-77.06031327,"(38.99260154, -77.06031327)"
MCP30380058,210036272,Montgomery County Police,Injury Crash,09/15/2021 07:35:00 PM,US (State),GEORGIA AVE,RIPLEY ST,,N/A,BICYCLIST,OTHER,CLEAR,DRY,DARK LIGHTS ON,STOP SIGN,NONE DETECTED,NONE DETECTED,CC4DE924-B94B-4C62-A424-A328FBA5A556,BICYCLIST,Walking/Riding against Traffic,WRONG WAY RIDING OR WALKING,CURB,Yes,SUSPECTED MINOR INJURY,NONE,38.99245835,-77.02672977,"(38.99245835, -77.02672977)"
MCP28120032,180008824,Montgomery County Police,Injury Crash,02/20/2018 03:30:00 PM,,,,GARAGE OF 1200 EAST WEST HWY,,PEDESTRIAN,OTHER,CLEAR,,DAYLIGHT,NO CONTROLS,N/A,N/A,625518B4-396E-4D33-BEDA-30FDE0F5E34A,PEDESTRIAN,Standing,NO IMPROPER ACTIONS,OTHER,No,POSSIBLE INJURY,NONE,38.99043833,-77.02949,"(38.99043833, -77.02949)"