Report Number,Local Case Number,Agency Name,ACRS Report Type,Crash Date/Time,Route Type,Road Name,Cross-Street Name,Off-Road Description,Municipality,Related Non-Motorist,Collision Type,Weather,Surface Condition,Light,Traffic Control,Driver Substance Abuse,Non-Motorist Substance Abuse,Person ID,Pedestrian Type,Pedestrian Movement,Pedestrian Actions,Pedestrian Location,At Fault,Injury Severity,Safety Equipment,Latitude,Longitude,Location
MCP24370030,180059552,Montgomery County Police,Injury Crash,11/28/2018 06:08:00 PM,County,CONNECTICUT AVE,GRAND PRE RD,,N/A,PEDESTRIAN,SINGLE VEHICLE,CLEAR,DRY,DARK LIGHTS ON,NO CONTROLS,NONE DETECTED,NONE DETECTED,4592C5C6-2E33-411C-A41A-F93FB41C8E5A,PEDESTRIAN,Cross/Enter at Intersection,NO IMPROPER ACTIONS,AT INTERSECTION BUT NO CROSSWALK,No,POSSIBLE INJURY,NONE,39.08919762,-77.07198089,"(39.08919762, -77.07198089)"
MCP3233001F,210013548,Montgomery County Police,Injury Crash,04/11/2021 08:00:00 PM,Maryland (State),UNIVERSITY BLVD E,PINEY BRANCH RD,,N/A,PEDESTRIAN,OTHER,CLOUDY,DRY,DARK LIGHTS ON,NO CONTROLS,NONE DETECTED,NONE DETECTED,FFFBF1DC-3703-4683-A90F-F960AE40A59D,PEDESTRIAN,Walking/Riding against Traffic,INATTENTIVE,ON ROADWAY NOT AT CROSSWALK,Yes,POSSIBLE INJURY,NONE,39.01156883,-77.0012435,"(39.01156883, -77.0012435)"
DD56030040,170514300,Rockville Police Departme,Injury Crash,06/17/2017 05:15:00 PM,,,,"PARKING LOT OF 1471 ROCKVILLE PIKE, ROCKVILLE, MD",,PEDESTRIAN,OTHER,CLEAR,,DAYLIGHT,STOP SIGN,UNKNOWN,NONE DETECTED,9D5EA762-73C3-4B7A-9621-A0107377AAF6,PEDESTRIAN,Other,OTHER,OTHER,No,SUSPECTED MINOR INJURY,N/A,39.06536,-77.12735167,"(39.06536, -77.12735167)"
MCP2607004V,190060982,Montgomery County Police,Injury Crash,12/18/2019 03:40:00 PM,County,S WESTLAND DR,FREDERICK RD,,N/A,PEDESTRIAN,OTHER,CLEAR,DRY,DAYLIGHT,TRAFFIC SIGNAL,NONE DETECTED,NONE DETECTED,EE07B257-C6C5-4DBE-B370-6BB460DB86F7,PEDESTRIAN,Cross/Enter at Intersection,NO IMPROPER ACTIONS,AT INTERSECTION MARKED CROSSWALK,No,POSSIBLE INJURY,N/A,39.12595648,-77.18291136,"(39.12595648, -77.18291136)"
MCP29410059,240034690,MONTGOMERY,Injury Crash,07/23/2024 08:43:00 AM,County Route,,CENTERWAY CT STRAWBERRY KNOLL RD,,,Pedestrian,Single Vehicle,Clear,Dry,Daylight,No Controls,"Not Suspect of Alcohol Use, Not Suspect of Drug Use","Not Suspect of Alcohol Use, Not Suspect of Drug Use",0C82583F-E8B2-43F8-B2CE-D9E57F3BDE16,Pedestrian,Cross/Enter at Intersection,None (No Improper Action),Intersection Unmarked Crosswalk,No,Suspected Minor Injury,None,39.1700757,-77.17902897,"(39.1700757, -77.17902897)"
MCP1227000G,16000724,Montgomery County Police,Fatal Crash,01/05/2016 07:50:00 AM,County,BATTERY LA,OLD GEORGETOWN RD,,N/A,PEDESTRIAN,SINGLE VEHICLE,CLEAR,DRY,DAYLIGHT,TRAFFIC SIGNAL,NONE DETECTED,NONE DETECTED,FA235AD8-F380-4E87-AF17-B77FFDE54251,PEDESTRIAN,Cross/Enter at Intersection,UNKNOWN,ON ROADWAY AT CROSSWALK,Unknown,FATAL INJURY,N/A,38.99033138,-77.10351527,"(38.99033138, -77.10351527)"
MCP32450045,230005127,Montgomery County Police,Injury Crash,01/31/2023 05:35:00 PM,County,OMEGA DR,RESEARCH BLVD,,N/A,PEDESTRIAN,N/A,RAINING,WET,DARK LIGHTS ON,NO CONTROLS,NONE DETECTED,NONE DETECTED,C7BCC13C-EADB-419E-9CC4-F1C49796119D,PEDESTRIAN,Cross/Enter not at Intersection,DART DASH,ON ROADWAY NOT AT CROSSWALK,Yes,POSSIBLE INJURY,NONE,39.10871833,-77.19306417,"(39.10871833, -77.19306417)"
MCP2717001X,15036606,MONTGOMERY,Injury Crash,07/24/2015 06:28:00 PM,,,,Rear Parking Lot of 8600 16th Street (Suburban Towers apartment building),,BICYCLIST,OTHER,CLEAR,,DAYLIGHT,NO CONTROLS,NONE DETECTED,NONE DETECTED,11C5BF32-AFE4-4C8C-9D43-054E3B69AEE7,BICYCLIST,Playing,INATTENTIVE,OTHER,Yes,SUSPECTED MINOR INJURY,MC/BIKE HELMET,39.04637,-77.112665,"(39.04637, -77.112665)"
DD5575001W,200041478,Rockville Police Departme,Injury Crash,10/20/2020 11:23:00 PM,Municipality,VEIRS MILL SERV RD,CLAGETT DR,,ROCKVILLE,OTHER,OTHER,CLEAR,DRY,DARK LIGHTS ON,NO CONTROLS,UNKNOWN,NONE DETECTED,79666A22-F054-40A5-99F2-07027AA79483,OTHER,Walking/Riding w/Traffic,IN ROADWAY IMPROPERLY,ON ROADWAY NOT AT CROSSWALK,Yes,SUSPECTED MINOR INJURY,NONE,39.08361,-77.15354167,"(39.08361, -77.15354167)"
MCP2752002H,180033568,Montgomery County Police,Injury Crash,07/07/2018 03:39:00 PM,County,BROOKSIDE DR,LAWN WAY,,N/A,BICYCLIST,ANGLE MEETS LEFT HEAD ON,CLEAR,DRY,DAYLIGHT,NO CONTROLS,N/A,N/A,5E1AA23F-F850-4BED-B2FB-4162EB0BE5EF,BICYCLIST,Cross/Enter at Intersection,FAILURE TO OBEY TRAFFIC SIGNS SIGNALS OR OFFICER,OTHER,Yes,SUSPECTED MINOR INJURY,MC/BIKE HELMET,38.967515,-77.10454,"(38.967515, -77.10454)"
MCP3291001K,230031634,Montgomery County Police,Injury Crash,07/03/2023 12:00:00 AM,,,,IN ALLEY WAY BETWEEN MAYOR LANE AND FENTON STREET,,PEDESTRIAN,SINGLE VEHICLE,CLEAR,,DARK LIGHTS ON,NO CONTROLS,UNKNOWN,ALCOHOL PRESENT,47D6573B-4580-41B8-B9A3-FEC55DDDDDB3,PEDESTRIAN,Walking/Riding w/Traffic,UNKNOWN,OTHER,Yes,POSSIBLE INJURY,N/A,38.99169667,-77.02491833,"(38.99169667, -77.02491833)"
MCP3010005Z,210028018,Montgomery County Police,Property Damage Crash,07/20/2021 09:50:00 AM,Maryland (State),ROCKVILLE PIKE,ENT TO BUSINESS,,N/A,BICYCLIST,ANGLE MEETS RIGHT TURN,CLEAR,DRY,DAYLIGHT,NO CONTROLS,N/A,N/A,95C7374B-6149-404F-AD1E-317C6447F884,BICYCLIST,Walking/Cycling on Sidewalk,NO IMPROPER ACTIONS,SIDEWALK,No,NO APPARENT INJURY,NONE,39.046575,-77.112755,"(39.046575, -77.112755)"
MCP3069002G,200041896,Montgomery County Police,Injury Crash,10/23/2020 06:55:00 PM,Maryland (State),ROCKVILLE PIKE,STRATHMORE AVE,,N/A,PEDESTRIAN,SINGLE VEHICLE,CLEAR,DRY,DARK LIGHTS ON,TRAFFIC SIGNAL,NONE DETECTED,NONE DETECTED,F153E36A-D4D4-4FF9-BEF5-1AD30F3B0E7E,PEDESTRIAN,Cross/Enter at Intersection,NOT VISIBLE,ON ROADWAY AT CROSSWALK,No,POSSIBLE INJURY,NONE,39.03483232,-77.10674684,"(39.03483232, -77.10674684)"
MCP1378007R,15048667,MONTGOMERY,Property Damage Crash,09/25/2015 03:10:00 PM,County,CHEYENNE RD,APACHE LA,,N/A,BICYCLIST,SINGLE VEHICLE,CLOUDY,DRY,DAYLIGHT,NO CONTROLS,NONE DETECTED,NONE DETECTED,3EB9D7BE-3842-4B65-AA36-6F9FE6C84F56,BICYCLIST,Walking/Riding w/Traffic,OTHER,ON ROADWAY NOT AT CROSSWALK,Yes,NO APPARENT INJURY,NONE,39.12601167,-77.24892667,"(39.12601167, -77.24892667)"
DM84030007,190025113,Takoma Park Police Depart,Injury Crash,05/26/2019 09:18:00 PM,Maryland (State),PINEY BRANCH RD,PHILADELPHIA AVE,,N/A,BICYCLIST,HEAD ON LEFT TURN,CLEAR,DRY,DARK LIGHTS ON,TRAFFIC SIGNAL,NONE DETECTED,NONE DETECTED,293E1E7E-1B4E-4CD7-B0BB-DA86F434A55A,BICYCLIST,Walking/Riding w/Traffic,NOT VISIBLE,AT INTERSECTION BUT NO CROSSWALK,No,SUSPECTED SERIOUS INJURY,MC/BIKE HELMET,38.9832622,-77.015505,"(38.9832622, -77.015505)"
MCP2894002Y,16049129,Montgomery County Police,Injury Crash,09/24/2016 09:00:00 AM,County,MACARTHUR BLVD,SANGAMORE RD,,N/A,BICYCLIST,STRAIGHT MOVEMENT ANGLE,CLEAR,DRY,DAYLIGHT,TRAFFIC SIGNAL,NONE DETECTED,NONE DETECTED,28D2BFD8-E938-4009-B516-8B9967DC0E25,BICYCLIST,Cross/Enter at Intersection,NO IMPROPER ACTIONS,AT INTERSECTION MARKED CROSSWALK,No,SUSPECTED SERIOUS INJURY,MC/BIKE HELMET,38.944455,-77.11707667,"(38.944455, -77.11707667)"
MCP28940016,15047513,MONTGOMERY,Injury Crash,09/19/2015 09:46:00 AM,County,EXECUTIVE BLVD,WOODGLEN DR,,N/A,PEDESTRIAN,OTHER,CLEAR,DRY,DAYLIGHT,STOP SIGN,NONE DETECTED,NONE DETECTED,424CDFFC-C0EE-46CE-ABF3-178E22B58A82,PEDESTRIAN,Cross/Enter at Intersection,NO IMPROPER ACTIONS,ON ROADWAY AT CROSSWALK,No,POSSIBLE INJURY,N/A,39.0433195,-77.11347163,"(39.0433195, -77.11347163)"
MCP2613000F,15030869,Montgomery County Police,Injury Crash,06/24/2015 07:27:00 PM,,,,"On the sidewalk located at 411 N. Frederick Ave, Gaithersburg Maryland",,PEDESTRIAN,OTHER,CLEAR,,DAYLIGHT,NO CONTROLS,NONE DETECTED,UNKNOWN,8794AFC7-60B0-4FE4-9A1C-B4E9BEA43B06,PEDESTRIAN,Walking/Cycling on Sidewalk,NO IMPROPER ACTIONS,SIDEWALK,,SUSPECTED MINOR INJURY,NONE,39.146765,-77.20504833,"(39.146765, -77.20504833)"
MCP29360009,15024180,Montgomery County Police,Injury Crash,05/20/2015 11:21:00 AM,,,,"Parking Lot of Bobby's Burger Palace (7101 Democracy Blvd. Bethesda, MD 20817)",,PEDESTRIAN,STRAIGHT MOVEMENT ANGLE,CLEAR,,DAYLIGHT,STOP SIGN,NONE DETECTED,NONE DETECTED,3E8A896C-341E-4BCF-9668-438C785C846D,PEDESTRIAN,Cross/Enter at Intersection,NO IMPROPER ACTIONS,ON ROADWAY AT CROSSWALK,,SUSPECTED MINOR INJURY,N/A,39.02590833,-77.14587833,"(39.02590833, -77.14587833)"
DD5637001T,200036919,Rockville Police Departme,Injury Crash,09/20/2020 06:10:00 PM,Municipality,REDLAND BLVD,THOMPSON DAIRY WAY,,ROCKVILLE,OTHER,OTHER,CLEAR,DRY,DAYLIGHT,TRAFFIC SIGNAL,,NONE DETECTED,793705A1-ABC4-4E23-8564-D7ACC3E3A122,OTHER,Cross/Enter at Intersection,UNKNOWN,ON ROADWAY AT CROSSWALK,Yes,SUSPECTED MINOR INJURY,MC/BIKE HELMET,39.1129475,-77.17159717,"(39.1129475, -77.17159717)"
MCP3053001X,180020607,Montgomery County Police,Injury Crash,04/27/2018 12:44:00 PM,County,INDEPENDENCE ST,PARKLAND DR,,N/A,PEDESTRIAN,OTHER,CLOUDY,DRY,DAYLIGHT,NO CONTROLS,N/A,N/A,0BD058F5-F8CE-486C-A3D3-2CB77BA0DDAE,PEDESTRIAN,Walking/Riding against Traffic,DART DASH,ON ROADWAY NOT AT CROSSWALK,Yes,POSSIBLE INJURY,N/A,39.07285333,-77.08617667,"(39.07285333, -77.08617667)"
MCP2678004C,230057220,Montgomery County Police,Injury Crash,09/28/2023 05:43:00 AM,Maryland (State),UNIVERSITY BLVD W,CADDINGTON AVE,,N/A,PEDESTRIAN,SAME DIRECTION RIGHT TURN,CLEAR,DRY,DARK LIGHTS ON,TRAFFIC SIGNAL,NONE DETECTED,NONE DETECTED,1516FB1F-843A-4B86-927C-29644A5F1A76,PEDESTRIAN,Cross/Enter at Intersection,NO IMPROPER ACTIONS,ON ROADWAY AT CROSSWALK,No,SUSPECTED MINOR INJURY,NONE,39.03349675,-77.02360757,"(39.03349675, -77.02360757)"
EJ7888007P,250007242,GAITHERSBURG,Injury Crash,02/18/2025 05:30:00 PM,,,,Parking Lot Way        PARKING LOT OF 9621 LOST KNIFE RD,,Pedestrian,Single Vehicle,Clear,,Dusk,,"Not Suspect of Alcohol Use, Not Suspect of Drug Use","Not Suspect of Alcohol Use, Not Suspect of Drug Use",59B369B1-0196-4028-B112-D70783B87E40,Pedestrian,Walking/Cycling Along Roadway Against Traffic (In or Adjacent to Travel Lane),Failure to Yield Right-Of-Way,Other,Yes,Possible Injury,None,39.15260259,-77.19692731,"(39.15260259, -77.19692731)"
MCP27890030,16062658,Montgomery County Police,Property Damage Crash,12/06/2016 05:50:00 PM,US (State),GEORGIA AVE,BONIFANT ST,,N/A,BICYCLIST,OTHER,RAINING,WET,DARK LIGHTS ON,TRAFFIC SIGNAL,N/A,N/A,F7466F51-A52B-42AB-93B7-F6F35814A1B9,BICYCLIST,Cross/Enter at Intersection,NO IMPROPER ACTIONS,AT INTERSECTION MARKED CROSSWALK,No,NO APPARENT INJURY,NONE,38.990735,-77.02665,"(38.990735, -77.02665)"
MCP2516003G,210029088,Montgomery County Police,Injury Crash,07/26/2021 06:00:00 PM,County,CENTURY BLVD,PINNACLE DR,,N/A,PEDESTRIAN,OTHER,CLEAR,DRY,DAYLIGHT,STOP SIGN,N/A,N/A,8BC775A3-9E01-42AA-824E-742FC5A43394,PEDESTRIAN,Cross/Enter at Intersection,NO IMPROPER ACTIONS,ON ROADWAY AT CROSSWALK,No,POSSIBLE INJURY,N/A,39.18604667,-77.262235,"(39.18604667, -77.262235)"
MCP2683003Y,190040170,Montgomery County Police,Injury Crash,08/22/2019 01:00:00 PM,County,GOSHEN RD,SEVERN RD,,N/A,OTHER,OTHER,CLEAR,DRY,DAYLIGHT,PERSON,UNKNOWN,NONE DETECTED,FAF84F3B-61D2-4FC9-ACE7-3AE15F74A2B8,OTHER,Other,NO IMPROPER ACTIONS,ON ROADWAY NOT AT CROSSWALK,No,SUSPECTED MINOR INJURY,REFLECTIVE CLOTHING,39.16224747,-77.19190177,"(39.16224747, -77.19190177)"
MCP3129004L,220028006,Montgomery County Police,Property Damage Crash,06/30/2022 06:12:00 PM,,,,PARKING LOT OF 623 BRANDON GREEN DR,,OTHER,SINGLE VEHICLE,CLEAR,,DAYLIGHT,N/A,NONE DETECTED,N/A,EEA4E39C-50E4-4B16-A862-3CF892C1C48F,OTHER,Other,N/A,OTHER,No,NO APPARENT INJURY,N/A,39.14592833,-77.06694667,"(39.14592833, -77.06694667)"
MCP13780109,220003460,Montgomery County Police,Injury Crash,01/26/2022 02:15:00 PM,County,RIDGEFIELD RD,WESTBARD AVE,,N/A,PEDESTRIAN,SINGLE VEHICLE,CLEAR,DRY,DAYLIGHT,TRAFFIC SIGNAL,NONE DETECTED,NONE DETECTED,D0BA5079-017B-4BBA-97A5-7D3D09C648F2,PEDESTRIAN,Cross/Enter at Intersection,NO IMPROPER ACTIONS,ON ROADWAY AT CROSSWALK,No,POSSIBLE INJURY,NONE,38.96586344,-77.10730828,"(38.96586344, -77.10730828)"
MCP2928001Q,170505971,Montgomery County Police,Injury Crash,05/04/2017 10:07:00 PM,US (State),GEORGIA AVE,BLAIR RD,,N/A,PEDESTRIAN,SINGLE VEHICLE,RAINING,WET,DARK LIGHTS ON,NO CONTROLS,NONE DETECTED,ALCOHOL CONTRIBUTED,0939C8A3-8FA4-4108-9340-A243C6401B53,PEDESTRIAN,Cross/Enter not at Intersection,IN ROADWAY IMPROPERLY,OTHER,Yes,SUSPECTED MINOR INJURY,NONE,38.98448341,-77.0261094,"(38.98448341, -77.0261094)"
MCP2940000F,16012303,MONTGOMERY,Injury Crash,03/12/2016 01:13:00 PM,Maryland (State),OLD GEORGETOWN RD,TUCKERMAN LA,,N/A,PEDESTRIAN,SAME DIR REAR END,CLEAR,DRY,DAYLIGHT,TRAFFIC SIGNAL,NONE DETECTED,NONE DETECTED,E87FC4DC-2AF6-4FA8-9316-1444ACC6B107,PEDESTRIAN,Cross/Enter at Intersection,NO IMPROPER ACTIONS,ON ROADWAY AT CROSSWALK,No,POSSIBLE INJURY,NONE,39.03463935,-77.12504804,"(39.03463935, -77.12504804)"
MCP2927000J,15043582,MONTGOMERY,Injury Crash,08/30/2015 01:04:00 PM,Maryland (State),GEORGIA AVE,COLESVILLE RD,,N/A,PEDESTRIAN,SINGLE VEHICLE,CLOUDY,DRY,DAYLIGHT,TRAFFIC SIGNAL,NONE DETECTED,NONE DETECTED,6912BB1E-4DC7-4756-8C29-23C0F9B78633,PEDESTRIAN,Cross/Enter at Intersection,NO IMPROPER ACTIONS,AT INTERSECTION MARKED CROSSWALK,No,SUSPECTED MINOR INJURY,NONE,38.995755,-77.027755,"(38.995755, -77.027755)"
DM85220013,230057932,Takoma Park Police Depart,Injury Crash,10/01/2023 08:30:00 PM,Maryland (State),UNIVERSITY BLVD E,MERRIMAC DR,,TAKOMA PARK,PEDESTRIAN,OTHER,CLEAR,DRY,DARK LIGHTS ON,NO CONTROLS,NONE DETECTED,UNKNOWN,88E2EACA-B240-42E4-B145-436EA1531F98,PEDESTRIAN,Cross/Enter not at Intersection,IMPROPER PASSING,ON ROADWAY NOT AT CROSSWALK,Yes,POSSIBLE INJURY,NONE,38.99263303,-76.99154564,"(38.99263303, -76.99154564)"
MCP12130019,16002825,Montgomery County Police,Injury Crash,01/15/2016 03:15:00 PM,County,RANDOLPH RD,HEURICH RD,,N/A,PEDESTRIAN,STRAIGHT MOVEMENT ANGLE,CLEAR,DRY,DAYLIGHT,NO CONTROLS,UNKNOWN,NONE DETECTED,6D0FB5A6-09E6-4A13-9187-001F2770AEAB,PEDESTRIAN,Cross/Enter at Intersection,NO IMPROPER ACTIONS,ON ROADWAY AT CROSSWALK,No,SUSPECTED MINOR INJURY,NONE,39.062695,-77.04191833,"(39.062695, -77.04191833)"
MCP2866006J,200035248,Montgomery County Police,Injury Crash,09/08/2020 06:40:00 PM,Maryland (State),WISCONSIN AVE,W VIRGINIA AVE,,N/A,BICYCLIST,SINGLE VEHICLE,CLEAR,DRY,DAYLIGHT,NO CONTROLS,NONE DETECTED,NONE DETECTED,92365F76-B19B-4602-9618-89439AF9D871,BICYCLIST,Walking/Cycling on Sidewalk,WRONG WAY RIDING OR WALKING,SIDEWALK,Yes,SUSPECTED MINOR INJURY,UNKNOWN,38.99043315,-77.09525553,"(38.99043315, -77.09525553)"
MCP3198001H,200006211,Montgomery County Police,Injury Crash,02/06/2020 06:10:00 PM,County,LUND CT,LUND PL,,N/A,PEDESTRIAN,OTHER,RAINING,WET,DARK NO LIGHTS,N/A,NONE DETECTED,NONE DETECTED,BEDA0A2D-E11C-455D-9198-7759324F052D,PEDESTRIAN,Cross/Enter at Intersection,NO IMPROPER ACTIONS,ON ROADWAY AT CROSSWALK,No,SUSPECTED MINOR INJURY,NONE,39.04133866,-77.07194293,"(39.04133866, -77.07194293)"
MCP11480020,170542238,Montgomery County Police,Injury Crash,11/10/2017 02:35:00 PM,County,CHELTON RD,SLEAFORD RD,,N/A,PEDESTRIAN,SINGLE VEHICLE,CLEAR,N/A,DAYLIGHT,NO CONTROLS,UNKNOWN,N/A,F6F0B54B-672F-4872-8D02-A711694E69C7,PEDESTRIAN,Cross/Enter at Intersection,NO IMPROPER ACTIONS,ON ROADWAY AT CROSSWALK,No,POSSIBLE INJURY,NONE,38.99019333,-77.102535,"(38.99019333, -77.102535)"
MCP3042001Z,180042346,Montgomery County Police,Injury Crash,08/25/2018 10:30:00 AM,Maryland (State),GEORGIA AVE,VEIRS MILL RD,,N/A,PEDESTRIAN,SINGLE VEHICLE,CLOUDY,DRY,DAYLIGHT,NO CONTROLS,NONE DETECTED,NONE DETECTED,D23EB759-6AD6-4165-8CC9-8F46C470B055,PEDESTRIAN,Cross/Enter at Intersection,NO IMPROPER ACTIONS,ON ROADWAY NOT AT CROSSWALK,Unknown,SUSPECTED MINOR INJURY,NONE,39.03540246,-77.04973724,"(39.03540246, -77.04973724)"
MCP2635007J,220041497,Montgomery County Police,Injury Crash,09/23/2022 02:47:00 PM,County,WOODWELL RD,WOODWELL TERR,,N/A,PEDESTRIAN,OTHER,CLEAR,DRY,DAYLIGHT,STOP SIGN,N/A,N/A,9B06BD18-155A-42F8-9290-004F4235E293,PEDESTRIAN,Other Working,NO IMPROPER ACTIONS,ON ROADWAY NOT AT CROSSWALK,No,POSSIBLE INJURY,REFLECTIVE CLOTHING,39.08707833,-77.03712667,"(39.08707833, -77.03712667)"
MCP27630048,230003334,Montgomery County Police,Injury Crash,01/20/2023 06:58:00 PM,,,,PRIVATE DRIVEWAY EXITING MONTGOMERY VILLAGE PLAZA CLOSE TO LITTLE CAESARS PIZZA AT 18314 CONTOUR RD,,PEDESTRIAN,OTHER,CLEAR,,DARK LIGHTS ON,STOP SIGN,UNKNOWN,NONE DETECTED,FFA48ED4-79C6-43AE-888D-18CA75E0B10B,PEDESTRIAN,Walking/Cycling on Sidewalk,NO IMPROPER ACTIONS,AT INTERSECTION BUT NO CROSSWALK,No,SUSPECTED MINOR INJURY,NONE,39.15403667,-77.19976667,"(39.15403667, -77.19976667)"
MCP22780016,16010630,MONTGOMERY,Injury Crash,03/03/2016 05:00:00 AM,County,CALVERTON BLVD,GALWAY DR,,N/A,PEDESTRIAN,OTHER,N/A,DRY,DUSK,TRAFFIC SIGNAL,UNKNOWN,NONE DETECTED,E0FA2CE4-A975-412B-8765-63DF2B274676,PEDESTRIAN,Walking/Riding w/Traffic,NO IMPROPER ACTIONS,SHOULDER,No,SUSPECTED MINOR INJURY,N/A,39.05621431,-76.94444284,"(39.05621431, -76.94444284)"
MCP20080044,170523208,Montgomery County Police,Injury Crash,08/05/2017 04:34:00 PM,,,,"PARKING LOT OF 
6301 RIVER RD",,PEDESTRIAN,OTHER,CLEAR,,DAYLIGHT,N/A,NONE DETECTED,NONE DETECTED,05C90650-22C7-4CD3-934F-0D92F354CB0D,PEDESTRIAN,Other,NO IMPROPER ACTIONS,OTHER,No,SUSPECTED SERIOUS INJURY,N/A,38.97602667,-77.12599833,"(38.97602667, -77.12599833)"
EJ78790028,220030495,Gaithersburg Police Depar,Injury Crash,07/15/2022 09:20:00 PM,Municipality,E DIAMOND AVE,PARK AVE,,GAITHERSBURG,PEDESTRIAN,SINGLE VEHICLE,CLEAR,DRY,DARK LIGHTS ON,NO CONTROLS,NONE DETECTED,UNKNOWN,BF9E980C-2AEF-4ABA-8E87-DB7DE0633917,PEDESTRIAN,Cross/Enter not at Intersection,IN ROADWAY IMPROPERLY,ON ROADWAY NOT AT CROSSWALK,Yes,SUSPECTED SERIOUS INJURY,NONE,39.13991223,-77.19555445,"(39.13991223, -77.19555445)"
MCP3243000C,200032846,Montgomery County Police,Injury Crash,08/22/2020 05:17:00 PM,County,ROCKLEDGE DR,ROCK SPRING DR,,N/A,BICYCLIST,STRAIGHT MOVEMENT ANGLE,CLEAR,DRY,DAYLIGHT,TRAFFIC SIGNAL,NONE DETECTED,NONE DETECTED,53442B68-0BC2-45DB-BC92-1230D88DEB02,BICYCLIST,Cross/Enter at Intersection,FAILURE TO OBEY TRAFFIC SIGNS SIGNALS OR OFFICER,ON ROADWAY AT CROSSWALK,Yes,SUSPECTED MINOR INJURY,NONE,39.02691291,-77.13229168,"(39.02691291, -77.13229168)"
MCP2962003R,190014377,Montgomery County Police,Injury Crash,03/28/2019 02:47:00 PM,,,,19000 BLK CENTURY BLVD,,PEDESTRIAN,OTHER,CLEAR,,DAYLIGHT,STOP SIGN,UNKNOWN,NONE DETECTED,55A56D03-9AA3-4267-8EF9-EAF216C2F9EF,PEDESTRIAN,Cross/Enter at Intersection,NO IMPROPER ACTIONS,AT INTERSECTION MARKED CROSSWALK,No,SUSPECTED MINOR INJURY,N/A,39.18277554,-77.26083248,"(39.18277554, -77.26083248)"
MCP3161001G,190037723,Montgomery County Police,Injury Crash,08/07/2019 09:00:00 PM,Maryland (State),ROCKVILLE PIKE,JONES BRIDGE RD,,N/A,PEDESTRIAN,OTHER,CLEAR,DRY,DARK LIGHTS ON,TRAFFIC SIGNAL,NONE DETECTED,NONE DETECTED,35F18426-41CE-4E50-9BFC-8661C46DE248,PEDESTRIAN,Cross/Enter at Intersection,UNKNOWN,ON ROADWAY AT CROSSWALK,No,SUSPECTED MINOR INJURY,NONE,38.99685167,-77.09608167,"(38.99685167, -77.09608167)"
MCP28050044,210013780,Montgomery County Police,Injury Crash,04/13/2021 12:15:00 PM,,,,"PL OF 18816 WALKERS CHOICE RD, MONTGOMERY VILLAGE, MD 20886",,PEDESTRIAN,SINGLE VEHICLE,CLOUDY,,DAYLIGHT,NO CONTROLS,NONE DETECTED,NONE DETECTED,4AC974E0-58A7-4E55-B410-1A0ED2A59FD9,PEDESTRIAN,Standing,OTHER,OTHER,Yes,SUSPECTED MINOR INJURY,N/A,39.16459195,-77.20568755,"(39.16459195, -77.20568755)"
MCP2799007B,230030144,Montgomery County Police,Injury Crash,06/23/2023 08:57:00 PM,US (State),GEORGIA AVE,ELLSWORTH DR,,N/A,PEDESTRIAN,SINGLE VEHICLE,CLEAR,DRY,DARK LIGHTS ON,TRAFFIC SIGNAL,NONE DETECTED,NONE DETECTED,820EF735-DFB4-4E7D-A630-B8A32E10B085,PEDESTRIAN,Cross/Enter at Intersection,NO IMPROPER ACTIONS,SIDEWALK,No,SUSPECTED MINOR INJURY,NONE,38.99544195,-77.02726407,"(38.99544195, -77.02726407)"
EJ78560079,190035303,Gaithersburg Police Depar,Injury Crash,07/25/2019 05:00:00 AM,Municipality,TRAVIS VIEW CT,CROSS TIE CT,,GAITHERSBURG,PEDESTRIAN,OTHER,CLEAR,DRY,DARK LIGHTS ON,N/A,UNKNOWN,N/A,89E4DC75-2300-4861-8340-C81BCC993B17,PEDESTRIAN,Standing,IN ROADWAY IMPROPERLY,OTHER,Yes,POSSIBLE INJURY,N/A,39.16477819,-77.22101077,"(39.16477819, -77.22101077)"
MCP2820002C,16040495,Montgomery County Police,Injury Crash,08/10/2016 08:54:00 AM,Maryland (State),GEORGIA AVE,ASPEN HILL RD,,N/A,BICYCLIST,STRAIGHT MOVEMENT ANGLE,CLEAR,N/A,DAYLIGHT,NO CONTROLS,UNKNOWN,NONE DETECTED,90485684-4F65-44C9-9AF3-A1F1E080ABCE,BICYCLIST,Walking/Riding w/Traffic,NO IMPROPER ACTIONS,ON ROADWAY NOT AT CROSSWALK,No,POSSIBLE INJURY,MC/BIKE HELMET,39.07884147,-77.07236409,"(39.07884147, -77.07236409)"
MCP2736002L,15029151,Montgomery County Police,Injury Crash,06/15/2015 03:37:00 PM,Government,BEACH DR,EAST WEST HWY,,N/A,BICYCLIST,STRAIGHT MOVEMENT ANGLE,CLEAR,DRY,DAYLIGHT,TRAFFIC SIGNAL,NONE DETECTED,NONE DETECTED,40DF1DFC-AAAC-4698-A97D-855ED06A5F8B,BICYCLIST,Walking/Riding w/Traffic,FAILURE TO OBEY TRAFFIC SIGNS SIGNALS OR OFFICER,ON ROADWAY NOT AT CROSSWALK,,SUSPECTED MINOR INJURY,MC/BIKE HELMET,38.99316167,-77.06352333,"(38.99316167, -77.06352333)"
MCP2378000K,15065374,MONTGOMERY,Injury Crash,12/21/2015 09:35:00 PM,,,,"PARKING LOT OF 11509 AMHERST AVENUE WHEATON, MD",,PEDESTRIAN,SINGLE VEHICLE,CLEAR,,DARK LIGHTS ON,N/A,NONE DETECTED,NONE DETECTED,3460A41A-23E5-41E3-9039-57A918DD1B97,PEDESTRIAN,Standing,UNKNOWN,OTHER,No,SUSPECTED MINOR INJURY,N/A,38.99006,-77.09686667,"(38.99006, -77.09686667)"
MCP2607005G,210027670,Montgomery County Police,Injury Crash,07/17/2021 07:43:00 PM,County,GOSHEN RD,GIRARD ST,,GAITHERSBURG,PEDESTRIAN,N/A,RAINING,WET,DARK LIGHTS ON,NO CONTROLS,ALCOHOL PRESENT,N/A,02CAA792-F875-4E85-9E88-ECF2CFAA8B00,PEDESTRIAN,Standing,NO IMPROPER ACTIONS,OTHER,No,SUSPECTED SERIOUS INJURY,N/A,39.15185056,-77.1924815,"(39.15185056, -77.1924815)"