Report Number,Local Case Number,Agency Name,ACRS Report Type,Crash Date/Time,Route Type,Road Name,Cross-Street Name,Off-Road Description,Municipality,Related Non-Motorist,Collision Type,Weather,Surface Condition,Light,Traffic Control,Driver Substance Abuse,Non-Motorist Substance Abuse,Person ID,Pedestrian Type,Pedestrian Movement,Pedestrian Actions,Pedestrian Location,At Fault,Injury Severity,Safety Equipment,Latitude,Longitude,Location
MCP3137000J,180056836,Montgomery County Police,Injury Crash,11/12/2018 07:58:00 PM,Maryland (State),UNIVERSITY BLVD E,E FRANKLIN AVE,,N/A,PEDESTRIAN,SINGLE VEHICLE,RAINING,WET,DARK LIGHTS ON,TRAFFIC SIGNAL,NONE DETECTED,NONE DETECTED,135DE0D8-DCB3-47B7-A37E-749F0999ECFC,PEDESTRIAN,Cross/Enter at Intersection,NO IMPROPER ACTIONS,AT INTERSECTION MARKED CROSSWALK,No,POSSIBLE INJURY,N/A,39.01213633,-77.00261201,"(39.01213633, -77.00261201)"
MCP2659000W,15056739,MONTGOMERY,Injury Crash,11/07/2015 03:30:00 AM,County,GRANDVIEW AVE,REEDIE DR,,N/A,PEDESTRIAN,OTHER,CLEAR,DRY,DARK LIGHTS ON,NO CONTROLS,UNKNOWN,ALCOHOL PRESENT,79B7E095-6A46-4534-98B7-9F0EC2D97F44,PEDESTRIAN,Other,INATTENTIVE,ON ROADWAY NOT AT CROSSWALK,Yes,POSSIBLE INJURY,NONE,39.03918167,-77.05237833,"(39.03918167, -77.05237833)"
MCP33720036,240057814,MONTGOMERY,Injury Crash,12/03/2024 03:33:00 PM,County Route,VANDALIA DR,INDEPENDENCE ST,,,Pedestrian,Single Vehicle,Clear,Dry,Daylight,No Controls,"Not Suspect of Alcohol Use, Not Suspect of Drug Use","Not Suspect of Alcohol Use, Not Suspect of Drug Use",5D5C8FF7-F6B9-47A6-AD4E-B2DDA0E3E243,Pedestrian,Cross/Enter at Intersection,None (No Improper Action),Intersection Marked Crosswalk,No,Suspected Minor Injury,None,39.07487871,-77.08342258,"(39.07487871, -77.08342258)"
MCP2765002J,16029071,Montgomery County Police,Injury Crash,06/09/2016 07:30:00 PM,Municipality,WATTS BRANCH PKWY,HURLEY AVE,,ROCKVILLE,BICYCLIST,OPPOSITE DIRECTION SIDESWIPE,CLEAR,DRY,DAYLIGHT,NO CONTROLS,NONE DETECTED,NONE DETECTED,CD9A1CDA-D731-4115-AF21-B304B3733F76,BICYCLIST,Walking/Riding against Traffic,DART DASH,ON ROADWAY NOT AT CROSSWALK,Yes,SUSPECTED MINOR INJURY,MC/BIKE HELMET,39.088305,-77.17797167,"(39.088305, -77.17797167)"
DD5633000X,180057777,Rockville Police Departme,Injury Crash,11/17/2018 09:20:00 PM,Municipality,E MIDDLE LA,HUNGERFORD DR,,N/A,PEDESTRIAN,SINGLE VEHICLE,CLEAR,DRY,DARK NO LIGHTS,TRAFFIC SIGNAL,NONE DETECTED,NONE DETECTED,F4F142FB-8B4D-41E1-B1DD-883916745819,PEDESTRIAN,Cross/Enter at Intersection,NO IMPROPER ACTIONS,ON ROADWAY AT CROSSWALK,No,NO APPARENT INJURY,NONE,39.0853325,-77.14850933,"(39.0853325, -77.14850933)"
MCP2936003H,200002545,Montgomery County Police,Injury Crash,01/15/2020 06:20:00 PM,Maryland (State),ROCKVILLE PIKE,OLD GEORGETOWN RD,,N/A,PEDESTRIAN,OTHER,CLEAR,DRY,DARK LIGHTS ON,NO CONTROLS,NONE DETECTED,NONE DETECTED,1F68C15C-2125-43AD-A85C-B8C724416762,PEDESTRIAN,Cross/Enter at Intersection,FAILURE TO YIELD RIGHT OF WAY,ON ROADWAY NOT AT CROSSWALK,Yes,SUSPECTED MINOR INJURY,NONE,39.05058333,-77.11898333,"(39.05058333, -77.11898333)"
MCP13010012,190029999,Montgomery County Police,Injury Crash,06/23/2019 01:39:00 PM,Other Public Roadway,HIGGINS PL,FISHERS LA,,N/A,PEDESTRIAN,SINGLE VEHICLE,N/A,DRY,DAYLIGHT,N/A,NONE DETECTED,NONE DETECTED,B7084CFE-2840-4EDD-9C14-E974B8ABCEA7,PEDESTRIAN,Other,OTHER,INSIDE BUILDING,No,SUSPECTED SERIOUS INJURY,UNKNOWN,39.06273667,-77.11780833,"(39.06273667, -77.11780833)"
MCP29950048,190009228,Montgomery County Police,Injury Crash,02/26/2019 06:26:00 PM,County,BEL PRE RD,NORTH GATE DR,,N/A,PEDESTRIAN,OTHER,CLEAR,N/A,DARK LIGHTS ON,OTHER,UNKNOWN,NONE DETECTED,E8A46667-1F78-4D82-88BD-1ED2028EEDA5,PEDESTRIAN,Cross/Enter not at Intersection,NO IMPROPER ACTIONS,ON ROADWAY AT CROSSWALK,No,SUSPECTED SERIOUS INJURY,NONE,39.09190667,-77.06920667,"(39.09190667, -77.06920667)"
MCP3188000F,190017640,Montgomery County Police,Injury Crash,04/15/2019 01:00:00 PM,County,PARKLAWN DR,RANDOLPH RD,,N/A,PEDESTRIAN,OTHER,CLEAR,DRY,DAYLIGHT,UNKNOWN,N/A,N/A,F7EFD876-DCF8-4CE1-A54D-D0F583367855,PEDESTRIAN,Walking/Riding against Traffic,N/A,UNKNOWN,Yes,POSSIBLE INJURY,N/A,39.0535441,-77.1068003,"(39.0535441, -77.1068003)"
MCP289100CQ,230061569,Montgomery County Police,Injury Crash,10/20/2023 08:50:00 AM,Government,SLIGO CREEK PKWY,COLESVILLE RD,,N/A,BICYCLIST,SAME DIR REAR END,CLEAR,DRY,DAYLIGHT,TRAFFIC SIGNAL,UNKNOWN,NONE DETECTED,34672C23-2EFE-4522-B46B-2E6E10882C02,BICYCLIST,Walking/Riding w/Traffic,NO IMPROPER ACTIONS,ON ROADWAY NOT AT CROSSWALK,No,SUSPECTED MINOR INJURY,NONE,39.0077673,-77.02027263,"(39.0077673, -77.02027263)"
MCP3253000T,210008110,Montgomery County Police,Injury Crash,03/03/2021 11:14:00 PM,County,SHADOW OAK DR,SHADOW OAK CT,,N/A,PEDESTRIAN,SINGLE VEHICLE,CLEAR,DRY,DARK LIGHTS ON,N/A,NONE DETECTED,NONE DETECTED,4AC174E1-2FA6-48A7-9350-93E0EDE1A303,PEDESTRIAN,Standing,IN ROADWAY IMPROPERLY,ON ROADWAY NOT AT CROSSWALK,No,POSSIBLE INJURY,NONE,39.1908499,-77.1992302,"(39.1908499, -77.1992302)"
MCP23580033,170502313,Montgomery County Police,Property Damage Crash,04/15/2017 12:03:00 PM,County,MACARTHUR BLVD,SEVEN LOCKS RD,,N/A,BICYCLIST,STRAIGHT MOVEMENT ANGLE,CLEAR,DRY,DAYLIGHT,STOP SIGN,NONE DETECTED,NONE DETECTED,9A003A84-A4AA-4974-BBF4-5C4FEE78AA79,BICYCLIST,Cross/Enter at Intersection,UNKNOWN,ON ROADWAY NOT AT CROSSWALK,Unknown,NO APPARENT INJURY,MC/BIKE HELMET,38.974444,-77.1611859,"(38.974444, -77.1611859)"
MCP2054000N,200001580,Montgomery County Police,Injury Crash,01/09/2020 10:00:00 PM,Maryland (State),COLESVILLE RD,COLESVILLE RD,,N/A,PEDESTRIAN,STRAIGHT MOVEMENT ANGLE,CLEAR,DRY,DARK LIGHTS ON,TRAFFIC SIGNAL,NONE DETECTED,NONE DETECTED,311DF0CD-EC65-4206-BDEB-91416908F871,PEDESTRIAN,Cross/Enter at Intersection,NO IMPROPER ACTIONS,ON ROADWAY AT CROSSWALK,No,SUSPECTED MINOR INJURY,NONE,38.99588296,-77.02821372,"(38.99588296, -77.02821372)"
MCP27190024,180001211,Montgomery County Police,Injury Crash,01/08/2018 11:00:00 PM,Maryland (State),VEIRS MILL RD,ENNALLS AVE,,N/A,PEDESTRIAN,OTHER,WINTRY MIX,ICE,DARK LIGHTS ON,NO CONTROLS,N/A,ALCOHOL PRESENT,0166E0A8-0C15-498D-A5D5-8842AECE151F,PEDESTRIAN,Cross/Enter not at Intersection,FAILURE TO YIELD RIGHT OF WAY,ON ROADWAY NOT AT CROSSWALK,Yes,SUSPECTED SERIOUS INJURY,NONE,39.03912167,-77.05435167,"(39.03912167, -77.05435167)"
MCP1301001J,210001908,Montgomery County Police,Fatal Crash,01/15/2021 08:16:00 PM,Maryland (State),NEW HAMPSHIRE AVE,POWDER MILL RD,,N/A,PEDESTRIAN,SINGLE VEHICLE,RAINING,WET,DARK LIGHTS ON,NO CONTROLS,UNKNOWN,NONE DETECTED,0552458D-A0AF-4930-BBA6-A6C2BA2C63CF,PEDESTRIAN,Cross/Enter not at Intersection,UNKNOWN,ON ROADWAY NOT AT CROSSWALK,Unknown,FATAL INJURY,REFLECTIVE CLOTHING,39.02128333,-76.97695,"(39.02128333, -76.97695)"
DD5606003W,16058724,Rockville Police Departme,Injury Crash,11/14/2016 07:32:00 PM,Maryland (State),VEIRS MILL RD,ATLANTIC AVE,,ROCKVILLE,PEDESTRIAN,SINGLE VEHICLE,CLOUDY,N/A,DARK LIGHTS ON,TRAFFIC SIGNAL,UNKNOWN,NONE DETECTED,E9E8BB67-9478-4533-B993-D6C9232735DA,PEDESTRIAN,Cross/Enter at Intersection,INATTENTIVE,ON ROADWAY AT CROSSWALK,Yes,SUSPECTED MINOR INJURY,NONE,39.07497066,-77.11555973,"(39.07497066, -77.11555973)"
MCP2939001P,170504228,Montgomery County Police,Property Damage Crash,04/25/2017 10:32:00 AM,Maryland (State),GERMANTOWN RD,MIDDLEBROOK RD,,N/A,PEDESTRIAN,STRAIGHT MOVEMENT ANGLE,RAINING,WET,DARK LIGHTS ON,NO CONTROLS,NONE DETECTED,N/A,A9D66F17-F637-4089-9548-0AA9C4567CBC,PEDESTRIAN,Walking/Riding against Traffic,IN ROADWAY IMPROPERLY,ON ROADWAY NOT AT CROSSWALK,Yes,NO APPARENT INJURY,NONE,39.17996167,-77.26466167,"(39.17996167, -77.26466167)"
DD5663000B,230062740,Rockville Police Departme,Injury Crash,10/26/2023 04:41:00 PM,Municipality,WOOTTON PKWY,PASTURE BROOK WAY,,ROCKVILLE,PEDESTRIAN,OTHER,CLEAR,DRY,DAYLIGHT,OTHER,NONE DETECTED,NONE DETECTED,BD52D853-08AF-4FBD-8B0C-F76C22D169CE,PEDESTRIAN,Cross/Enter at Intersection,NO IMPROPER ACTIONS,ON ROADWAY AT CROSSWALK,No,SUSPECTED SERIOUS INJURY,N/A,39.0680312,-77.1678512,"(39.0680312, -77.1678512)"
MCP30050058,200039793,Montgomery County Police,Injury Crash,10/09/2020 02:40:00 PM,,,,REAR PARKING LOT OF 3000 MCCOMAS AVE,,OTHER CONVEYANCE,SINGLE VEHICLE,CLEAR,,DAYLIGHT,NO CONTROLS,NONE DETECTED,NONE DETECTED,14A27C0D-694A-4E9D-A892-F60CE293844C,OTHER CONVEYANCE,Other,NO IMPROPER ACTIONS,OTHER,No,POSSIBLE INJURY,N/A,39.03172167,-77.06211167,"(39.03172167, -77.06211167)"
MCP2812001S,15064832,Montgomery County Police,Injury Crash,12/18/2015 11:40:00 PM,Maryland (State),GEORGIA AVE,SPRING ST,,N/A,PEDESTRIAN,SINGLE VEHICLE,CLEAR,DRY,DARK LIGHTS ON,TRAFFIC SIGNAL,N/A,N/A,EA145D40-83EC-4E85-A363-91A17B1DA7E5,PEDESTRIAN,Cross/Enter at Intersection,DART DASH,ON ROADWAY AT CROSSWALK,Unknown,SUSPECTED MINOR INJURY,N/A,38.99944794,-77.03172594,"(38.99944794, -77.03172594)"
MCP3259003J,230059680,Montgomery County Police,Injury Crash,10/10/2023 03:11:00 PM,County,TUCKERMAN LA,DURYEA DR,,N/A,PEDESTRIAN,OTHER,CLEAR,DRY,DAYLIGHT,SCHOOL ZONE SIGN DEVICE,NONE DETECTED,NONE DETECTED,8CCA1859-C6B7-4231-913E-138137D6EE4E,PEDESTRIAN,Cross/Enter at Intersection,NO IMPROPER ACTIONS,AT INTERSECTION MARKED CROSSWALK,No,SUSPECTED MINOR INJURY,NONE,39.0438421,-77.1794784,"(39.0438421, -77.1794784)"
DD5595001M,15047799,ROCKVILLE,Injury Crash,09/18/2015 08:45:00 AM,,,,"Parking lot # 5 located at 51 Mannakee St.

the Montogmery County Community College",,PEDESTRIAN,OTHER,UNKNOWN,,DAYLIGHT,NO CONTROLS,N/A,N/A,F94C8CBB-7805-4B2C-945F-61805539B685,PEDESTRIAN,Other,NO IMPROPER ACTIONS,OTHER,No,SUSPECTED MINOR INJURY,N/A,39.10054767,-77.15906283,"(39.10054767, -77.15906283)"
MCP1366005N,17004075,Montgomery County Police,Injury Crash,01/24/2017 06:47:00 AM,Municipality,PLEASANT DR,CROOKED CREEK DR,,ROCKVILLE,PEDESTRIAN,SINGLE VEHICLE,RAINING,WET,DARK LIGHTS ON,STOP SIGN,NONE DETECTED,NONE DETECTED,25601E8A-8A63-4818-9EF7-773CB2E72A9C,PEDESTRIAN,Cross/Enter at Intersection,FAILURE TO YIELD RIGHT OF WAY,AT INTERSECTION BUT NO CROSSWALK,Yes,SUSPECTED SERIOUS INJURY,NONE,39.11268,-77.16970167,"(39.11268, -77.16970167)"
MCP2863003K,250004589,MONTGOMERY,Injury Crash,01/31/2025 07:05:00 PM,Maryland (State) Route,S FREDERICK RD,,,,Pedestrian,Single Vehicle,Rain,Wet,Dark - Not Lighted,No Controls,"Not Suspect of Alcohol Use, Not Suspect of Drug Use","Suspect of Alcohol Use, Not Suspect of Drug Use",3768B155-BDAF-40EA-8548-1167911D168D,Pedestrian,Other,Failure to Yield Right-Of-Way,Travel Lane Other Location,Yes,Suspected Serious Injury,None,39.12888509,-77.18600708,"(39.12888509, -77.18600708)"
MCP2864002P,170502137,Montgomery County Police,Injury Crash,04/14/2017 03:32:00 PM,Municipality,CHAPMAN AVE,BOUIC AVE,,ROCKVILLE,PEDESTRIAN,OTHER,CLEAR,DRY,DAYLIGHT,STOP SIGN,NONE DETECTED,NONE DETECTED,1E45FE19-F143-405D-808A-D2914300AA31,PEDESTRIAN,Cross/Enter at Intersection,NO IMPROPER ACTIONS,AT INTERSECTION MARKED CROSSWALK,No,POSSIBLE INJURY,NONE,39.061135,-77.12101833,"(39.061135, -77.12101833)"
MCP2844004R,210005188,Montgomery County Police,Injury Crash,02/09/2021 04:45:00 PM,County,N BELGRADE RD,LAMBERTON DR,,N/A,BICYCLIST,OTHER,CLEAR,DRY,DAYLIGHT,STOP SIGN,NONE DETECTED,NONE DETECTED,174BB254-B5AF-4354-AB5F-631EDD06CD8D,BICYCLIST,Cross/Enter at Intersection,NO IMPROPER ACTIONS,ON ROADWAY AT CROSSWALK,No,POSSIBLE INJURY,NONE,39.04217473,-77.02722498,"(39.04217473, -77.02722498)"
MCP1182000J,15028164,Montgomery County Police,Injury Crash,06/10/2015 12:53:00 PM,County,HUNTINGTON PKWY,OLD GEORGETOWN RD,,N/A,BICYCLIST,OTHER,CLEAR,DRY,DAYLIGHT,TRAFFIC SIGNAL,NONE DETECTED,NONE DETECTED,D764AD8E-1B2D-426C-8FD4-2DBD5A87BEBC,BICYCLIST,Cross/Enter at Intersection,NO IMPROPER ACTIONS,AT INTERSECTION MARKED CROSSWALK,,SUSPECTED SERIOUS INJURY,NONE,39.00436333,-77.11007667,"(39.00436333, -77.11007667)"
MCP2231005J,200019287,Montgomery County Police,Injury Crash,05/13/2020 11:13:00 AM,,,,PARKING LOT OF 46 BUREAU DR,,PEDESTRIAN,SINGLE VEHICLE,CLEAR,,DAYLIGHT,N/A,UNKNOWN,NONE DETECTED,E3602FB7-FE32-46EA-938F-4DD90A37BDE5,PEDESTRIAN,Cross/Enter not at Intersection,NO IMPROPER ACTIONS,ON ROADWAY AT CROSSWALK,No,POSSIBLE INJURY,NONE,39.14407363,-77.21804831,"(39.14407363, -77.21804831)"
MCP26760011,15004572,Montgomery County Police,Injury Crash,01/28/2015 09:04:00 PM,Maryland (State),GEORGIA AVE,ARCOLA AVE,,N/A,PEDESTRIAN,OTHER,CLEAR,DRY,DARK LIGHTS ON,TRAFFIC SIGNAL,N/A,N/A,82D08DDB-C780-4858-90CA-01734CA9BA43,PEDESTRIAN,Cross/Enter at Intersection,NO IMPROPER ACTIONS,ON ROADWAY AT CROSSWALK,,POSSIBLE INJURY,NONE,39.04961333,-77.05171667,"(39.04961333, -77.05171667)"
MCP27140017,190035825,Montgomery County Police,Injury Crash,07/27/2019 05:23:00 PM,,,,DRIVE WAY IN FRONT OF 13711 GEORGIA AVE,,BICYCLIST,OTHER,CLEAR,,DAYLIGHT,NO CONTROLS,NONE DETECTED,NONE DETECTED,F10750D6-1ECB-4DF9-9744-9CC3B500385B,BICYCLIST,Cross/Enter not at Intersection,DART DASH,SIDEWALK,No,NO APPARENT INJURY,NONE,39.080015,-77.07357333,"(39.080015, -77.07357333)"
EJ78360022,190060850,Gaithersburg Police Depar,Property Damage Crash,12/17/2019 09:56:00 PM,,,,9811 WASHINGTONIAN BLVD 5TH FLOOR (RIO MALL PARKING GARAGE),,PEDESTRIAN,OTHER,N/A,,DARK LIGHTS ON,N/A,NONE DETECTED,N/A,EDAE99AC-F2EC-45B3-ACEE-6506E0CB1FD2,PEDESTRIAN,Other,OTHER,OTHER,No,NO APPARENT INJURY,NONE,39.12481667,-77.196615,"(39.12481667, -77.196615)"
MCP26370048,210033717,Montgomery County Police,Injury Crash,08/29/2021 12:01:00 PM,Maryland (State),RIVER RD,SWAINS LOCK RD,,N/A,BICYCLIST,HEAD ON LEFT TURN,CLOUDY,DRY,DAYLIGHT,STOP SIGN,NONE DETECTED,NONE DETECTED,5F646B8E-927A-40AF-B4CC-8B9DC8336F7C,BICYCLIST,Cross/Enter at Intersection,NO IMPROPER ACTIONS,AT INTERSECTION BUT NO CROSSWALK,No,POSSIBLE INJURY,MC/BIKE HELMET,39.03534833,-77.24038667,"(39.03534833, -77.24038667)"
MCP3012005Z,200003610,Montgomery County Police,Injury Crash,01/22/2020 03:03:00 PM,Maryland (State),GEORGIA AVE,HATHAWAY DR,,N/A,PEDESTRIAN,OTHER,CLEAR,DRY,DAYLIGHT,TRAFFIC SIGNAL,N/A,NONE DETECTED,15B5ACA3-53FD-4E9C-86FF-FA151EDDB88B,PEDESTRIAN,Walking/Riding against Traffic,IN ROADWAY IMPROPERLY,ON ROADWAY AT CROSSWALK,Yes,POSSIBLE INJURY,N/A,39.06811736,-77.0608396,"(39.06811736, -77.0608396)"
MCP3053005Y,220056863,Montgomery County Police,Injury Crash,12/22/2022 06:04:00 PM,Maryland (State),VEIRS MILL RD,NEWPORT MILL RD,,N/A,PEDESTRIAN,OTHER,RAINING,WET,DARK LIGHTS ON,NO CONTROLS,N/A,N/A,CFB27B70-AFF7-45CE-B8DC-D1AD5744D037,PEDESTRIAN,Other,INATTENTIVE,ON ROADWAY NOT AT CROSSWALK,Yes,POSSIBLE INJURY,NONE,39.04474667,-77.06398167,"(39.04474667, -77.06398167)"
MCP28450091,240050297,MONTGOMERY,Injury Crash,10/21/2024 09:00:00 AM,US (State),COLUMBIA PIKE,PRELUDE DR,,,Pedestrian,Single Vehicle,Clear,Dry,Daylight,Traffic Control Signal,"Not Suspect of Alcohol Use, Not Suspect of Drug Use","Not Suspect of Alcohol Use, Not Suspect of Drug Use",C962DE79-6D4D-4054-9745-A0BDE6F41F0E,Pedestrian,Cross/Enter at Intersection,None (No Improper Action),Intersection Marked Crosswalk,No,Possible Injury,None,39.03934178,-76.99769471,"(39.03934178, -76.99769471)"
MCP3257001Q,210014167,Montgomery County Police,Injury Crash,04/15/2021 10:48:00 PM,Maryland (State),WISCONSIN AVE,AVONDALE ST,,N/A,PEDESTRIAN,OTHER,CLEAR,DRY,DARK LIGHTS ON,OTHER,UNKNOWN,NONE DETECTED,1998D2EE-91D7-4324-B398-23083E3EA999,PEDESTRIAN,Cross/Enter at Intersection,NO IMPROPER ACTIONS,AT INTERSECTION MARKED CROSSWALK,No,SUSPECTED MINOR INJURY,NONE,38.99007513,-77.09048403,"(38.99007513, -77.09048403)"
DM85150003,230016518,Takoma Park Police Depart,Injury Crash,04/06/2023 08:10:00 PM,,8600 FLOWER AVE,8500 PINEY BRANCH AVE,,N/A,PEDESTRIAN,OTHER,RAINING,WET,DARK LIGHTS ON,NO CONTROLS,N/A,NONE DETECTED,C73E3CFE-17CE-4E8B-A97F-B2513CF73C7F,PEDESTRIAN,Other,IN ROADWAY IMPROPERLY,ON ROADWAY NOT AT CROSSWALK,Yes,SUSPECTED MINOR INJURY,NONE,38.99753973,-77.00336459,"(38.99753973, -77.00336459)"
MCP24500057,240043458,MONTGOMERY,Injury Crash,09/12/2024 07:44:00 PM,Maryland (State) Route,FREDERICK RD (SB/L),,,,Scooter (electric),Single Vehicle,Clear,Dry,Dark - Lighted,Stop Sign,"Not Suspect of Alcohol Use, Not Suspect of Drug Use","Not Suspect of Alcohol Use, Not Suspect of Drug Use",7AC01ABC-4C45-44AA-8F97-E2EED08590BA,Scooter (electric),Unknown,"Failure to Yield Right-Of-Way, Improper Passing",Intersection Marked Crosswalk,Yes,Suspected Minor Injury,None,39.15474883,-77.21498816,"(39.15474883, -77.21498816)"
MCP28370016,16058356,Montgomery County Police,Property Damage Crash,11/12/2016 12:31:00 PM,County,PINEY MEETINGHOUSE RD,CAVANAUGH DR,,N/A,BICYCLIST,STRAIGHT MOVEMENT ANGLE,CLEAR,DRY,DAYLIGHT,FLASHING TRAFFIC SIGNAL,NONE DETECTED,NONE DETECTED,B2574634-5201-4FC6-8664-768CAAE51AD9,BICYCLIST,Cross/Enter at Intersection,NO IMPROPER ACTIONS,ON ROADWAY NOT AT CROSSWALK,No,NO APPARENT INJURY,REFLECTIVE CLOTHING,39.08269833,-77.21685,"(39.08269833, -77.21685)"
MCP3463000R,250031478,MONTGOMERY,Injury Crash,07/15/2025 08:00:00 AM,,,,Driveway        DRIVEWAY OF 8041 SNOUFFER SCHOOL RD,,Pedestrian,Single Vehicle,Clear,,Daylight,,"Not Suspect of Alcohol Use, Not Suspect of Drug Use","Not Suspect of Alcohol Use, Not Suspect of Drug Use",275A5D15-D5FC-4306-81DA-32D36ABE691B,Pedestrian,Standing,Other,Driveway Access,Yes,Suspected Minor Injury,None,39.16127691,-77.16340414,"(39.16127691, -77.16340414)"
MCP2813003L,170529602,Montgomery County Police,Injury Crash,09/09/2017 05:23:00 PM,County,RANDOLPH RD,BUSHEY DR,,N/A,BICYCLIST,SINGLE VEHICLE,CLOUDY,DRY,DAYLIGHT,NO CONTROLS,N/A,N/A,EBD58DB7-D6CB-48D0-9D15-BD671DBD76B5,BICYCLIST,Walking/Riding w/Traffic,NO IMPROPER ACTIONS,SHOULDER,No,SUSPECTED MINOR INJURY,N/A,39.05752127,-77.07789481,"(39.05752127, -77.07789481)"
MCP2001001Y,230005934,Montgomery County Police,Fatal Crash,02/05/2023 07:37:00 PM,Maryland (State),GEORGIA AVE,RALPH RD,,N/A,PEDESTRIAN,SINGLE VEHICLE,CLEAR,DRY,DARK LIGHTS ON,N/A,NONE DETECTED,ALCOHOL PRESENT,A46AEB19-8F05-4890-B7EA-676C83837C4B,PEDESTRIAN,Cross/Enter not at Intersection,IN ROADWAY IMPROPERLY,ON ROADWAY NOT AT CROSSWALK,Yes,FATAL INJURY,N/A,39.078885,-77.07246167,"(39.078885, -77.07246167)"
MCP3303001S,230073589,Montgomery County Police,Injury Crash,12/25/2023 09:27:00 PM,County,GUNNERS BRANCH RD,FREDERICK RD,,N/A,PEDESTRIAN,SINGLE VEHICLE,CLEAR,DRY,DARK LIGHTS ON,NO CONTROLS,NONE DETECTED,NONE DETECTED,1085DCB9-65C9-42B1-BE80-BDA904EE51C3,PEDESTRIAN,Cross/Enter at Intersection,NO IMPROPER ACTIONS,AT INTERSECTION BUT NO CROSSWALK,No,POSSIBLE INJURY,NONE,39.17799305,-77.24060511,"(39.17799305, -77.24060511)"
MCP2492001B,200008927,Montgomery County Police,Fatal Crash,02/22/2020 09:11:00 PM,Maryland (State),NEW HAMPSHIRE AVE,CROSSOVER,,N/A,PEDESTRIAN,OTHER,CLEAR,DRY,DARK LIGHTS ON,NO CONTROLS,NONE DETECTED,ALCOHOL PRESENT,D20A06AD-B931-4588-BEFB-F9C8E8A40E23,PEDESTRIAN,Cross/Enter not at Intersection,UNKNOWN,ON ROADWAY NOT AT CROSSWALK,Yes,FATAL INJURY,NONE,39.03869167,-76.99011833,"(39.03869167, -76.99011833)"
MCP31130033,210010543,Montgomery County Police,Injury Crash,03/20/2021 06:57:00 PM,Maryland (State),SPENCERVILLE RD,LIONS DEN RD,,N/A,PEDESTRIAN,OTHER,CLEAR,DRY,DUSK,NO CONTROLS,N/A,N/A,1344D1D3-3DBF-436A-8E9F-BA111068B321,PEDESTRIAN,Cross/Enter not at Intersection,DART DASH,ON ROADWAY NOT AT CROSSWALK,Yes,SUSPECTED SERIOUS INJURY,NONE,39.06699135,-76.96432988,"(39.06699135, -76.96432988)"
MCP2512001P,16002674,Montgomery County Police,Injury Crash,01/14/2016 07:30:00 PM,County,DIAMONDBACK DR,DECOVERLY DR,,N/A,PEDESTRIAN,STRAIGHT MOVEMENT ANGLE,CLEAR,DRY,DARK LIGHTS ON,NO CONTROLS,NONE DETECTED,NONE DETECTED,3F5CD53C-89DB-4308-BE4C-8F57483246CD,PEDESTRIAN,Cross/Enter not at Intersection,INATTENTIVE,ON ROADWAY AT CROSSWALK,Yes,SUSPECTED MINOR INJURY,N/A,39.10961716,-77.20786929,"(39.10961716, -77.20786929)"
MCP3263003X,230063645,Montgomery County Police,Property Damage Crash,10/31/2023 05:28:00 PM,County,ARLINGTON RD,BETHESDA AVE,,N/A,BICYCLIST,OTHER,CLEAR,DRY,DAYLIGHT,TRAFFIC SIGNAL,UNKNOWN,NONE DETECTED,13C1402F-2E52-4CE6-9C39-62BE9D23D4FA,BICYCLIST,Other,NO IMPROPER ACTIONS,SHOULDER,No,NO APPARENT INJURY,NONE,38.98111189,-77.09848336,"(38.98111189, -77.09848336)"
MCP3254003K,230072050,Montgomery County Police,Injury Crash,12/16/2023 12:36:00 PM,Maryland (State),GERMANTOWN RD,MIDDLEBROOK RD,,N/A,BICYCLIST,STRAIGHT MOVEMENT ANGLE,CLEAR,DRY,DAYLIGHT,TRAFFIC SIGNAL,NONE DETECTED,NONE DETECTED,0555B6BA-0A80-4556-97C8-DD2FC0027B91,BICYCLIST,Cross/Enter at Intersection,FAILURE TO OBEY TRAFFIC SIGNS SIGNALS OR OFFICER,ON ROADWAY AT CROSSWALK,Yes,SUSPECTED MINOR INJURY,MC/BIKE HELMET,39.17877577,-77.26718974,"(39.17877577, -77.26718974)"
MCP271700SK,200036675,Montgomery County Police,Injury Crash,09/18/2020 08:10:00 PM,Ramp,RAMP 2 FR DEMOCRACY BLVD TO IS 270Y NB,DEMOCRACY BLVD,,N/A,PEDESTRIAN,OTHER,CLEAR,DRY,DARK LIGHTS ON,NO CONTROLS,UNKNOWN,NONE DETECTED,39170AD6-A938-4829-9396-8DE6B8C99774,PEDESTRIAN,Cross/Enter at Intersection,NO IMPROPER ACTIONS,ON ROADWAY AT CROSSWALK,No,SUSPECTED MINOR INJURY,NONE,39.02155533,-77.13798733,"(39.02155533, -77.13798733)"
MCP2845009D,250006760,MONTGOMERY,Injury Crash,02/15/2025 07:26:00 AM,County Route,ADELPHI RD (WB/L),NEW HAMPSHIRE AVE,,,Cyclist (non-electric),Single Vehicle,Clear,Dry,Daylight,Traffic Control Signal,"Not Suspect of Alcohol Use, Not Suspect of Drug Use","Not Suspect of Alcohol Use, Not Suspect of Drug Use",B67F543C-CF81-4446-9467-DBE16A1E1320,Cyclist (non-electric),Other,"Failure to Obey Traffic Signs, Signals, or Officer, Failure to Yield Right-Of-Way",Intersection Marked Crosswalk,Yes,Suspected Minor Injury,None,39.01137787,-76.97884159,"(39.01137787, -76.97884159)"