Report Number,Local Case Number,Agency Name,ACRS Report Type,Crash Date/Time,Route Type,Road Name,Cross-Street Name,Off-Road Description,Municipality,Related Non-Motorist,Collision Type,Weather,Surface Condition,Light,Traffic Control,Driver Substance Abuse,Non-Motorist Substance Abuse,Person ID,Pedestrian Type,Pedestrian Movement,Pedestrian Actions,Pedestrian Location,At Fault,Injury Severity,Safety Equipment,Latitude,Longitude,Location
EJ7881000G,200022711,Gaithersburg Police Depar,Injury Crash,06/09/2020 06:30:00 PM,County,MUDDY BRANCH RD,ENT TO MUDDY BRANCH SQUARE,,N/A,PEDESTRIAN,SINGLE VEHICLE,CLEAR,DRY,DAYLIGHT,STOP SIGN,NONE DETECTED,NONE DETECTED,E6D0E6E1-B050-4FF5-B383-C80A95461694,PEDESTRIAN,Cross/Enter at Intersection,N/A,ON ROADWAY AT CROSSWALK,No,SUSPECTED MINOR INJURY,NONE,39.11366332,-77.21611437,"(39.11366332, -77.21611437)"
MCP1575002G,15018735,Montgomery County Police,Injury Crash,04/21/2015 04:25:00 PM,County,SHADY GROVE RD,MEDICAL CENTER WAY,,N/A,BICYCLIST,STRAIGHT MOVEMENT ANGLE,CLEAR,DRY,DAYLIGHT,TRAFFIC SIGNAL,NONE DETECTED,NONE DETECTED,0874F7FE-BCB5-40C3-869F-6608FA7CBC0B,BICYCLIST,Cross/Enter at Intersection,FAILURE TO YIELD RIGHT OF WAY,ON ROADWAY AT CROSSWALK,,POSSIBLE INJURY,UNKNOWN,39.09729667,-77.19467333,"(39.09729667, -77.19467333)"
EJ78580048,190053072,Gaithersburg Police Depar,Injury Crash,11/04/2019 11:15:00 AM,Municipality,GIRARD ST,N SUMMIT AVE,,N/A,PEDESTRIAN,SINGLE VEHICLE,CLEAR,DRY,DAYLIGHT,TRAFFIC SIGNAL,NONE DETECTED,NONE DETECTED,7670AAFF-00C5-4864-AC22-0DC1D9D77856,PEDESTRIAN,Cross/Enter at Intersection,NO IMPROPER ACTIONS,ON ROADWAY AT CROSSWALK,No,SUSPECTED MINOR INJURY,NONE,39.150745,-77.19236333,"(39.150745, -77.19236333)"
MCP30930016,180052828,Montgomery County Police,Injury Crash,10/20/2018 07:19:00 PM,County,GLENBROOK RD,OLD GEORGETOWN RD,,N/A,BICYCLIST,N/A,N/A,DRY,DARK LIGHTS ON,OTHER,N/A,N/A,C71E0BCF-E0EC-45B9-964B-A613D70356F9,BICYCLIST,Cross/Enter at Intersection,NO IMPROPER ACTIONS,ON ROADWAY AT CROSSWALK,No,POSSIBLE INJURY,MC/BIKE HELMET,38.98917,-77.10144,"(38.98917, -77.10144)"
MCP271700Z4,240046156,MONTGOMERY,Injury Crash,09/27/2024 12:30:00 PM,Ramp,RAMP 8 FR IS 270 SB TO WATKINS MILL RD,,,,Cyclist (non-electric),Single Vehicle,Rain,Wet,Daylight,No Controls,"Not Suspect of Alcohol Use, Not Suspect of Drug Use","Not Suspect of Alcohol Use, Not Suspect of Drug Use",10E00786-EAC4-4FF2-9D64-9CE30DE1BBF4,Cyclist (non-electric),Cross/Enter at Intersection,"Dart/Dash, Failure to Obey Traffic Signs, Signals, or Officer, Failure to Yield Right-Of-Way",Intersection Marked Crosswalk,Yes,Suspected Minor Injury,None,39.15582333,-77.227325,"(39.15582333, -77.227325)"
MCP2767004V,180035958,Montgomery County Police,Injury Crash,07/20/2018 02:19:00 PM,,,,"PARKING LOT OF JC PENNY'S LOCATED AT 11160 VEIRS MILL ROAD, WHEATON MD",,PEDESTRIAN,SINGLE VEHICLE,CLEAR,,DAYLIGHT,NO CONTROLS,NONE DETECTED,NONE DETECTED,EB06DD67-7601-4215-9A33-37AAB97A965F,PEDESTRIAN,Cross/Enter at Intersection,INATTENTIVE,ON ROADWAY AT CROSSWALK,No,SUSPECTED MINOR INJURY,N/A,39.03657,-77.05316833,"(39.03657, -77.05316833)"
EJ7869003W,240036949,GAITHERSBURG,Injury Crash,08/05/2024 05:12:00 PM,,,,"Parking Aisle        880 RUSSELL AVE GAITHERSBURG, MD 20877",,Pedestrian,Single Vehicle,Clear,,Daylight,,"Unknown, Unknown","Not Suspect of Alcohol Use, Not Suspect of Drug Use",F8F4F9BE-08EF-46FE-AC41-4431A7C40757,Pedestrian,Standing,Unknown,Other,No,Possible Injury,None,39.15652094,-77.21366786,"(39.15652094, -77.21366786)"
MCP3082000N,170537210,Montgomery County Police,Injury Crash,10/17/2017 04:32:00 PM,County,WOODLAND DR,COLUMBIA BLVD,,N/A,BICYCLIST,OTHER,CLEAR,DRY,DAYLIGHT,STOP SIGN,N/A,N/A,F242BCEF-3F66-496F-93D2-6CAECEC63736,BICYCLIST,Cross/Enter not at Intersection,IN ROADWAY IMPROPERLY,ON ROADWAY NOT AT CROSSWALK,Yes,POSSIBLE INJURY,N/A,39.00923652,-77.03830004,"(39.00923652, -77.03830004)"
DD56050083,230066468,Rockville Police Departme,Injury Crash,11/15/2023 12:00:00 PM,Maryland (State),ROCKVILLE PIKE,WOOTTON PKWY,,ROCKVILLE,PEDESTRIAN,OTHER,CLEAR,DRY,DAYLIGHT,TRAFFIC SIGNAL,UNKNOWN,N/A,64A125DC-D08A-4D0D-83B9-33AD1F41109C,PEDESTRIAN,Cross/Enter at Intersection,NO IMPROPER ACTIONS,ON ROADWAY AT CROSSWALK,No,POSSIBLE INJURY,N/A,39.07695037,-77.13949521,"(39.07695037, -77.13949521)"
MCP33620053,250002637,MONTGOMERY,Injury Crash,01/19/2025 11:16:00 AM,County Route,E RANDOLPH RD (WB/L),SERPENTINE WAY,,,Pedestrian,Single Vehicle,Rain,Wet,Daylight,Traffic Control Signal,"Not Suspect of Alcohol Use, Not Suspect of Drug Use","Not Suspect of Alcohol Use, Not Suspect of Drug Use",6864B622-2D88-4CCD-A603-1DE3516798DB,Pedestrian,Cross/Enter at Intersection,"Failure to Obey Traffic Signs, Signals, or Officer",Intersection Marked Crosswalk,No,Suspected Serious Injury,None,39.06435178,-76.96927712,"(39.06435178, -76.96927712)"
DD56690017,250022434,ROCKVILLE,Injury Crash,05/20/2025 11:24:00 PM,Municipality Route,FIRST ST,,,,Pedestrian,Front to Rear,Clear,Dry,Dark - Lighted,No Controls,"Unknown, Unknown","Not Suspect of Alcohol Use, Not Suspect of Drug Use",56F9AAE2-09D8-4330-A44C-58A0AF791A5E,Pedestrian,Other,Other,Other,No,Suspected Minor Injury,None,39.0887569,-77.1361305,"(39.0887569, -77.1361305)"
MCP2347000B,16015117,Montgomery County Police,Injury Crash,03/28/2016 09:44:00 AM,County,GRACEFIELD RD,CALVERTON BLVD,,N/A,PEDESTRIAN,OTHER,CLEAR,DRY,DAYLIGHT,STOP SIGN,N/A,NONE DETECTED,4CB5A2DD-5229-41D1-BE88-E5DC7A4BCE96,PEDESTRIAN,Cross/Enter at Intersection,DART DASH,AT INTERSECTION MARKED CROSSWALK,Yes,SUSPECTED MINOR INJURY,NONE,39.04097167,-76.98741333,"(39.04097167, -76.98741333)"
MCP32330028,210053101,Montgomery County Police,Injury Crash,12/29/2021 07:02:00 PM,Maryland (State),PINEY BRANCH RD,ARLISS ST,,N/A,PEDESTRIAN,SINGLE VEHICLE,RAINING,WET,DARK LIGHTS ON,TRAFFIC SIGNAL,NONE DETECTED,NONE DETECTED,2F8E7A71-9368-44EA-AB39-C6A8084FF0C8,PEDESTRIAN,Cross/Enter at Intersection,INATTENTIVE,AT INTERSECTION BUT NO CROSSWALK,Yes,SUSPECTED MINOR INJURY,NONE,39.03265417,-77.006332,"(39.03265417, -77.006332)"
MCP93900010,170543471,Montgomery County Police,Injury Crash,11/17/2017 07:54:00 PM,Municipality,KENTLANDS BLVD,GREAT SENECA HWY,,N/A,OTHER CONVEYANCE,HEAD ON LEFT TURN,N/A,DRY,DARK LIGHTS ON,TRAFFIC SIGNAL,"N/A, NONE DETECTED",N/A,B7158FCF-2696-4A96-9846-B253B23FCB4F,OTHER CONVEYANCE,N/A,NO IMPROPER ACTIONS,N/A,No,NO APPARENT INJURY,N/A,39.12373667,-77.23166167,"(39.12373667, -77.23166167)"
MCP137800Z3,210043711,Montgomery County Police,Injury Crash,10/29/2021 04:06:00 PM,,,,PARKING LOT OF 12611B WISTERIA DR,,OTHER,SINGLE VEHICLE,RAINING,,DAYLIGHT,NO CONTROLS,NONE DETECTED,NONE DETECTED,977A4758-8D85-41CF-968F-D014CC94C6F6,OTHER,Other,OTHER,OTHER,Yes,POSSIBLE INJURY,N/A,39.17071333,-77.26153333,"(39.17071333, -77.26153333)"
MCP26640053,200000514,Montgomery County Police,Injury Crash,01/03/2020 09:30:00 PM,County,NOTLEY RD,NEW HAMPSHIRE AVE,,N/A,PEDESTRIAN,SINGLE VEHICLE,RAINING,WET,DARK LIGHTS ON,NO CONTROLS,NONE DETECTED,NONE DETECTED,1F50DCD9-A1BE-4DC7-A647-264D4C75B708,PEDESTRIAN,Cross/Enter at Intersection,NO IMPROPER ACTIONS,ON ROADWAY AT CROSSWALK,No,SUSPECTED MINOR INJURY,NONE,39.08060233,-77.00153517,"(39.08060233, -77.00153517)"
MCP3112002K,190031065,Montgomery County Police,Injury Crash,06/29/2019 05:40:00 PM,Maryland (State),WISCONSIN AVE,STANFORD ST,,N/A,PEDESTRIAN,OTHER,CLEAR,DRY,DAYLIGHT,TRAFFIC SIGNAL,NONE DETECTED,NONE DETECTED,66155BDA-86B5-4A1A-A8C9-E0D09B5C86EB,PEDESTRIAN,Cross/Enter at Intersection,NO IMPROPER ACTIONS,AT INTERSECTION MARKED CROSSWALK,No,SUSPECTED MINOR INJURY,NONE,38.9782655,-77.09131317,"(38.9782655, -77.09131317)"
MCP25120042,190021565,Montgomery County Police,Property Damage Crash,05/03/2019 09:10:00 AM,,,,PARKING LOT OF 825 QUINCE ORCHARD BLVD,,OTHER,OPPOSITE DIRECTION SIDESWIPE,CLEAR,,DAYLIGHT,NO CONTROLS,NONE DETECTED,NONE DETECTED,761D8C44-B144-48C2-A922-67566FFDB60E,OTHER,N/A,N/A,N/A,No,NO APPARENT INJURY,N/A,39.14353188,-77.22984226,"(39.14353188, -77.22984226)"
MCP1342002H,190016146,Montgomery County Police,Injury Crash,04/07/2019 01:00:00 PM,County,EDWARDS FERRY RD,WHITES FERRY RD,,N/A,PEDESTRIAN,OTHER,CLOUDY,DRY,DAYLIGHT,NO CONTROLS,UNKNOWN,NONE DETECTED,8C25019A-0F8B-4E68-905E-3FD050FB7996,PEDESTRIAN,Standing,OTHER,ON ROADWAY NOT AT CROSSWALK,Unknown,SUSPECTED SERIOUS INJURY,N/A,39.15886,-77.45217,"(39.15886, -77.45217)"
MCP06130015,190000546,Montgomery County Police,Injury Crash,01/04/2019 07:34:00 AM,County,QUEEN ELIZABETH DR,MORNINGWOOD DR,,N/A,PEDESTRIAN,OTHER,CLOUDY,DRY,DAWN,STOP SIGN,NONE DETECTED,NONE DETECTED,F33A9865-C6EE-46FE-85F0-0ED15841FD48,PEDESTRIAN,Cross/Enter at Intersection,NO IMPROPER ACTIONS,AT INTERSECTION BUT NO CROSSWALK,No,SUSPECTED MINOR INJURY,NONE,39.15291,-77.07997333,"(39.15291, -77.07997333)"
MCP913000D7,220044371,Montgomery County Police,Injury Crash,10/11/2022 05:44:00 AM,Maryland (State),UNIVERSITY BLVD E,CARROLL AVE,,N/A,PEDESTRIAN,SINGLE VEHICLE,CLEAR,DRY,DARK LIGHTS ON,TRAFFIC SIGNAL,NONE DETECTED,NONE DETECTED,B3689CE8-09E5-4133-A5D0-A558CA4EB273,PEDESTRIAN,Cross/Enter at Intersection,DART DASH,ON ROADWAY AT CROSSWALK,Yes,SUSPECTED SERIOUS INJURY,NONE,38.99385077,-76.99254645,"(38.99385077, -76.99254645)"
DD5643002S,230026189,Rockville Police Departme,Injury Crash,05/31/2023 05:00:00 PM,Municipality,W MONTGOMERY AVE,N VAN BUREN ST,,ROCKVILLE,BICYCLIST,OTHER,CLEAR,DRY,DAYLIGHT,STOP SIGN,UNKNOWN,NONE DETECTED,B11E2CDA-6385-410B-9051-D177CACBFEE7,BICYCLIST,Cross/Enter at Intersection,OTHER,AT INTERSECTION MARKED CROSSWALK,Unknown,SUSPECTED MINOR INJURY,NONE,39.08412648,-77.15685182,"(39.08412648, -77.15685182)"
MCP2975001J,17013978,Montgomery County Police,Injury Crash,03/18/2017 07:55:00 PM,County,RALPH RD,GEORGIA AVE,,N/A,PEDESTRIAN,SINGLE VEHICLE,RAINING,WET,DARK LIGHTS ON,STOP SIGN,NONE DETECTED,NONE DETECTED,FE184124-1D21-4112-B948-F7D52ECC9C9E,PEDESTRIAN,Cross/Enter at Intersection,FAILURE TO YIELD RIGHT OF WAY,ON ROADWAY NOT AT CROSSWALK,Yes,SUSPECTED MINOR INJURY,N/A,39.078225,-77.07207167,"(39.078225, -77.07207167)"
MCP2622001Z,190028625,Montgomery County Police,Injury Crash,06/15/2019 02:15:00 PM,County,RANDOLPH RD,LOCKSLEY LA,,N/A,PEDESTRIAN,OTHER,CLEAR,DRY,DAYLIGHT,TRAFFIC SIGNAL,UNKNOWN,NONE DETECTED,604B04E0-B3B9-487E-85C9-F692B9DCD33D,PEDESTRIAN,Cross/Enter at Intersection,NO IMPROPER ACTIONS,AT INTERSECTION MARKED CROSSWALK,No,POSSIBLE INJURY,NONE,39.07157892,-77.01142405,"(39.07157892, -77.01142405)"
MCP3010000V,16018936,Montgomery County Police,Property Damage Crash,04/18/2016 08:27:00 AM,County,MARINELLI RD,CITADEL AVE,,N/A,OTHER,SAME DIRECTION SIDESWIPE,CLEAR,DRY,DAYLIGHT,NO CONTROLS,NONE DETECTED,N/A,2A4630D2-CC5B-4ABC-B555-14EE6FE22B48,OTHER,N/A,N/A,N/A,No,NO APPARENT INJURY,N/A,39.04766167,-77.10837833,"(39.04766167, -77.10837833)"
HA2389000D,15001213,MCPARK,Injury Crash,11/02/2015 05:46:00 PM,,,,"OCCURRED ON NE CAPITAL CRESCENT TRAIL, APPROXIMATELY 50 FEET PRIOR TO DORSET AVENUE INTERSECTION.",,BICYCLIST,HEAD ON,CLEAR,,DARK -- UNKNOWN LIGHTING,N/A,,N/A,5856E3E8-B376-430B-8F51-92580E238F2D,BICYCLIST,Other,NO IMPROPER ACTIONS,SHARED USE PATH OR TRAILS,No,SUSPECTED MINOR INJURY,MC/BIKE HELMET,38.96842663,-77.10256577,"(38.96842663, -77.10256577)"
EJ7869002Y,190026072,Gaithersburg Police Depar,Fatal Crash,05/31/2019 09:24:00 PM,Maryland (State),FREDERICK RD,TRAVIS AVE,,GAITHERSBURG,PEDESTRIAN,OTHER,CLEAR,DRY,DARK LIGHTS ON,NO CONTROLS,NONE DETECTED,NONE DETECTED,0888FF5C-5DA3-4547-BC35-BC429A3C64E7,PEDESTRIAN,Cross/Enter not at Intersection,IN ROADWAY IMPROPERLY,ON ROADWAY NOT AT CROSSWALK,Yes,FATAL INJURY,N/A,39.16128577,-77.22282999,"(39.16128577, -77.22282999)"
MCP2845005M,190048420,Montgomery County Police,Injury Crash,10/09/2019 06:45:00 AM,County,DENNIS AVE,UNIVERSITY BLVD W,,N/A,BICYCLIST,SINGLE VEHICLE,CLEAR,WET,DARK LIGHTS ON,TRAFFIC SIGNAL,NONE DETECTED,NONE DETECTED,A7BBBAF5-0DFE-4272-BCE1-B9DFAE7E39B4,BICYCLIST,Cross/Enter at Intersection,NO IMPROPER ACTIONS,AT INTERSECTION MARKED CROSSWALK,No,POSSIBLE INJURY,NONE,39.02594927,-77.02031117,"(39.02594927, -77.02031117)"
MCP3058003W,200046633,Montgomery County Police,Injury Crash,11/25/2020 08:22:00 PM,Maryland (State),ROCKVILLE PIKE,HOYA ST,,N/A,BICYCLIST,SAME DIRECTION RIGHT TURN,CLOUDY,DRY,DARK LIGHTS ON,NO CONTROLS,NONE DETECTED,NONE DETECTED,5A4A2E92-1F4F-497A-B576-82A2D8DF4146,BICYCLIST,Cross/Enter at Intersection,NOT VISIBLE,ON ROADWAY AT CROSSWALK,Yes,SUSPECTED MINOR INJURY,MC/BIKE HELMET,39.05411333,-77.11813667,"(39.05411333, -77.11813667)"
MCP3211001Z,210003853,Montgomery County Police,Injury Crash,01/30/2021 11:39:00 AM,County,TUCKERMAN LA,GROSVENOR PL,,N/A,BICYCLIST,SINGLE VEHICLE,CLEAR,DRY,DAYLIGHT,NO CONTROLS,NONE DETECTED,NONE DETECTED,4FD128EC-4791-481B-B8AB-B76C2221A1B2,BICYCLIST,Cross/Enter at Intersection,NO IMPROPER ACTIONS,ON ROADWAY NOT AT CROSSWALK,No,POSSIBLE INJURY,MC/BIKE HELMET,39.02759634,-77.10739224,"(39.02759634, -77.10739224)"
MCP3403000B,230070456,Montgomery County Police,Injury Crash,12/07/2023 05:40:00 PM,County,BRIGGS CHANEY RD,ENT TO SHOPPING CENTER,,N/A,PEDESTRIAN,STRAIGHT MOVEMENT ANGLE,CLEAR,DRY,DARK LIGHTS ON,TRAFFIC SIGNAL,NONE DETECTED,NONE DETECTED,7985F4F2-8FC1-4549-A406-493BEC7E2B8A,PEDESTRIAN,Cross/Enter at Intersection,INATTENTIVE,ON ROADWAY AT CROSSWALK,Unknown,SUSPECTED MINOR INJURY,NONE,39.0823322,-76.94716118,"(39.0823322, -76.94716118)"
MCP3200009P,230063524,Montgomery County Police,Injury Crash,10/31/2023 07:51:00 AM,County,GREYSWOOD RD,INGLEMERE DR,,N/A,PEDESTRIAN,OTHER,CLEAR,DRY,DAYLIGHT,NO CONTROLS,NONE DETECTED,NONE DETECTED,98B43272-8573-43A2-A567-B16D6AE27F84,PEDESTRIAN,Cross/Enter not at Intersection,DART DASH,OUTSIDE RIGHT OF WAY,Yes,SUSPECTED MINOR INJURY,NONE,39.01833783,-77.13647233,"(39.01833783, -77.13647233)"
EJ77470022,16033848,Gaithersburg Police Depar,Injury Crash,07/04/2016 07:02:00 PM,Municipality,WASHINGTONIAN BLVD,BOARDWALK PL,,N/A,PEDESTRIAN,SAME DIR REAR END,RAINING,WET,DAYLIGHT,OTHER,NONE DETECTED,NONE DETECTED,51FC4F60-C974-4690-B6F6-3EF2771CCB42,PEDESTRIAN,Cross/Enter at Intersection,NO IMPROPER ACTIONS,AT INTERSECTION MARKED CROSSWALK,No,NO APPARENT INJURY,N/A,39.116595,-77.19954,"(39.116595, -77.19954)"
MCP2991004J,200032494,Montgomery County Police,Injury Crash,08/20/2020 09:00:00 AM,,OLD BALTIMORE ROAD,WINTER MORNING WAY,,N/A,PEDESTRIAN,SINGLE VEHICLE,N/A,DRY,DAYLIGHT,NO CONTROLS,NONE DETECTED,NONE DETECTED,090BA119-7EE3-41AD-80DD-DC71673C8034,PEDESTRIAN,Cross/Enter at Intersection,NO IMPROPER ACTIONS,ON ROADWAY AT CROSSWALK,No,POSSIBLE INJURY,N/A,39.1422915,-77.05742067,"(39.1422915, -77.05742067)"
MCP21820010,170529342,Montgomery County Police,Injury Crash,09/08/2017 07:53:00 AM,,,,"GLENMONT METRO GARAGE
LEVEL 2, BY ROW 2C
12501 GEORGIA AVE. SILVER SPRING, MD 20902.",,BICYCLIST,STRAIGHT MOVEMENT ANGLE,CLEAR,,DAYLIGHT,NO CONTROLS,NONE DETECTED,NONE DETECTED,C042C543-E6AC-4107-9277-D47757465856,BICYCLIST,Cross/Enter at Intersection,NO IMPROPER ACTIONS,INSIDE BUILDING,No,SUSPECTED MINOR INJURY,NONE,39.06579,-77.15987333,"(39.06579, -77.15987333)"
DM84890012,210050804,Takoma Park Police Depart,Injury Crash,12/14/2021 11:23:00 AM,Municipality,BRIGHTON AVE,HOUSTON AVE,,TAKOMA PARK,PEDESTRIAN,OTHER,CLEAR,DRY,DAYLIGHT,NO CONTROLS,N/A,N/A,4843BC48-43D3-4A64-B2C5-F8AE96455165,PEDESTRIAN,Standing,N/A,SHOULDER,No,POSSIBLE INJURY,N/A,38.99072,-77.0042035,"(38.99072, -77.0042035)"
MCP3154002J,210039108,Montgomery County Police,Injury Crash,10/02/2021 07:45:00 AM,,,,"13501 RICHTER FARM ROAD, GERMANTOWN, MD 20874",,BICYCLIST,SINGLE VEHICLE,CLEAR,,DAYLIGHT,STOP SIGN,NONE DETECTED,NONE DETECTED,FAED652B-B00D-452B-8900-D66FDC052B1E,BICYCLIST,Walking/Cycling on Sidewalk,UNKNOWN,DRIVEWAY ACCESS MARKED CROSSWALK,No,SUSPECTED MINOR INJURY,MC/BIKE HELMET,39.15162364,-77.28244287,"(39.15162364, -77.28244287)"
MCP2991008Y,230065911,Montgomery County Police,Injury Crash,11/12/2023 11:50:00 AM,,,,SIDE WALK INFRONT OF 18200 GEORGIA AVE,,BICYCLIST,STRAIGHT MOVEMENT ANGLE,CLEAR,,DAYLIGHT,N/A,NONE DETECTED,NONE DETECTED,C778560A-AF0D-4798-94BA-AE573CB8E535,BICYCLIST,Other,NO IMPROPER ACTIONS,CURB,No,POSSIBLE INJURY,NONE,39.15517,-77.06697167,"(39.15517, -77.06697167)"
MCP27520074,250022783,MONTGOMERY,Injury Crash,05/22/2025 08:38:00 PM,County Route,SEVEN LOCKS RD,TUCKERMAN LA,,,Pedestrian,Single Vehicle,Rain,Wet,Daylight,Traffic Control Signal,"Not Suspect of Alcohol Use, Not Suspect of Drug Use","Not Suspect of Alcohol Use, Not Suspect of Drug Use",93F0AB03-FBE3-4003-967C-3524511CA6A3,Pedestrian,Cross/Enter at Intersection,Dart/Dash,Intersection Marked Crosswalk,No,Suspected Minor Injury,None,39.04090039,-77.15924,"(39.04090039, -77.15924)"
MCP2353009R,220008992,Montgomery County Police,Injury Crash,03/02/2022 11:50:00 AM,County,CHESHIRE DR,OLD GEORGETOWN RD,,N/A,PEDESTRIAN,SINGLE VEHICLE,CLOUDY,DRY,DAYLIGHT,PERSON,NONE DETECTED,NONE DETECTED,0C01E97D-0186-4594-B17A-CAE59F067250,PEDESTRIAN,Cross/Enter at Intersection,NO IMPROPER ACTIONS,ON ROADWAY AT CROSSWALK,No,SUSPECTED MINOR INJURY,NONE,39.0225,-77.12341833,"(39.0225, -77.12341833)"
MCP233900BC,250014573,MONTGOMERY,Injury Crash,04/03/2025 06:20:00 PM,County Route,BALTIMORE RD,,,,Pedestrian,Single Vehicle,Clear,Dry,Daylight,Pedestrian Crossing Sign,"Not Suspect of Alcohol Use, Not Suspect of Drug Use","Not Suspect of Alcohol Use, Not Suspect of Drug Use",64CE10ED-1449-4ACE-94E9-C207BE26AF44,Pedestrian,Other,None (No Improper Action),Intersection Marked Crosswalk,No,Suspected Minor Injury,None,39.09070356,-77.11494712,"(39.09070356, -77.11494712)"
DD562000BW,240051499,ROCKVILLE,Injury Crash,10/27/2024 04:00:00 PM,,,,Parking Lot Way        15108 FREDERICK RD,,Pedestrian,Single Vehicle,Clear,,Daylight,,"Not Suspect of Alcohol Use, Not Suspect of Drug Use","Not Suspect of Alcohol Use, Not Suspect of Drug Use",D07A4B00-0B6E-493F-876B-D9DC91146249,Pedestrian,Other,None (No Improper Action),Other,No,Suspected Minor Injury,None,39.09734302,-77.15831097,"(39.09734302, -77.15831097)"
MCP2969007R,190056238,Montgomery County Police,Injury Crash,11/21/2019 12:05:00 PM,Maryland (State),LAYHILL RD,SULLIVAN LA,,N/A,PEDESTRIAN,OTHER,CLEAR,DRY,DAYLIGHT,STOP SIGN,NONE DETECTED,NONE DETECTED,50CB6663-A5F1-4FB1-AF2F-FAA92CE88D60,PEDESTRIAN,Cross/Enter at Intersection,NO IMPROPER ACTIONS,ON ROADWAY AT CROSSWALK,No,POSSIBLE INJURY,NONE,39.08509833,-77.04577833,"(39.08509833, -77.04577833)"
MCP22980149,230056887,Montgomery County Police,Injury Crash,09/26/2023 06:36:00 AM,,,,"13100 SHAWNEE LN 
CLARKSBURG BUS DEPOT",,PEDESTRIAN,SINGLE VEHICLE,RAINING,,DAWN,NO CONTROLS,NONE DETECTED,NONE DETECTED,225B0867-66D5-4C26-8E89-7C388691566D,PEDESTRIAN,Other Working,NOT VISIBLE,OTHER,Unknown,SUSPECTED MINOR INJURY,NONE,39.226275,-77.27242833,"(39.226275, -77.27242833)"
MCP1227000K,16054657,Montgomery County Police,Fatal Crash,10/24/2016 06:54:00 AM,Maryland (State),GEORGIA AVE,REGINA DR,,N/A,PEDESTRIAN,SINGLE VEHICLE,CLOUDY,DRY,DARK -- UNKNOWN LIGHTING,NO CONTROLS,NONE DETECTED,NONE DETECTED,0D9AA61B-7405-4034-B274-E5206B3C58A7,PEDESTRIAN,Cross/Enter not at Intersection,UNKNOWN,ON ROADWAY NOT AT CROSSWALK,Unknown,FATAL INJURY,NONE,39.07359011,-77.06593752,"(39.07359011, -77.06593752)"
DD559500FM,240003113,ROCKVILLE,Injury Crash,01/20/2024 04:40:00 PM,,,,Private Road        DRIVE LANE FOR THE FLAGSHIP CAR WASH LOCATED AT 2100 CHAPMAN AVE,,Pedestrian,Single Vehicle,Clear,,Daylight,,,"Not Suspect of Alcohol Use, Not Suspect of Drug Use",CFF3E07A-8AED-49B6-A585-91406B11A4BD,Pedestrian,Other,Other,Driveway Access,Yes,Suspected Minor Injury,None,39.05784781,-77.11721447,"(39.05784781, -77.11721447)"
DM8207000F,15039378,TAKOMA,Injury Crash,08/07/2015 11:32:00 PM,Maryland (State),UNIVERSITY BLVD E,PRINCE GEORGES CO/L,,N/A,PEDESTRIAN,SINGLE VEHICLE,CLEAR,DRY,DARK LIGHTS ON,NO CONTROLS,NONE DETECTED,ALCOHOL CONTRIBUTED,60A8DE91-863E-4535-934C-F0EEFDA36052,PEDESTRIAN,Cross/Enter not at Intersection,IN ROADWAY IMPROPERLY,ON ROADWAY NOT AT CROSSWALK,Yes,POSSIBLE INJURY,N/A,38.98825,-76.98681667,"(38.98825, -76.98681667)"
MCP31980038,210039908,Montgomery County Police,Injury Crash,10/06/2021 08:21:00 PM,County,HUGGINS DR,COLLEGE VIEW DR,,N/A,PEDESTRIAN,OTHER,CLEAR,DRY,DARK NO LIGHTS,N/A,UNKNOWN,N/A,46F1EE01-58A3-48E1-8446-3E5B4D31177F,PEDESTRIAN,Unknown,UNKNOWN,ON ROADWAY NOT AT CROSSWALK,No,SUSPECTED MINOR INJURY,N/A,39.05003458,-77.07280643,"(39.05003458, -77.07280643)"
MCP2818003F,180004247,Montgomery County Police,Injury Crash,01/25/2018 12:40:00 PM,County,FENTON ST,CAMERON ST,,N/A,BICYCLIST,OTHER,CLEAR,DRY,DAYLIGHT,N/A,NONE DETECTED,NONE DETECTED,25215552-59BB-4434-A407-945FE0EB9473,BICYCLIST,Other,NO IMPROPER ACTIONS,SIDEWALK,No,POSSIBLE INJURY,N/A,38.99934333,-77.03268,"(38.99934333, -77.03268)"
MCP32000050,220005997,Montgomery County Police,Injury Crash,02/11/2022 11:50:00 AM,Maryland (State),WISCONSIN AVE,DORSET AVE,,SOMERSET,PEDESTRIAN,OTHER,CLEAR,DRY,DAYLIGHT,TRAFFIC SIGNAL,NONE DETECTED,NONE DETECTED,2AD12B4E-310A-4603-BDA4-F9556EB1D379,PEDESTRIAN,Cross/Enter at Intersection,NO IMPROPER ACTIONS,ON ROADWAY AT CROSSWALK,No,SUSPECTED MINOR INJURY,NONE,38.9672009,-77.08865523,"(38.9672009, -77.08865523)"
MCP2928000S,15036245,MONTGOMERY,Injury Crash,07/23/2015 08:11:00 AM,County,BONIFANT ST,GEORGIA AVE,,N/A,PEDESTRIAN,SINGLE VEHICLE,CLEAR,DRY,DAYLIGHT,NO CONTROLS,NONE DETECTED,NONE DETECTED,A6B1D709-9B06-4685-BD08-849AE0236358,PEDESTRIAN,Cross/Enter not at Intersection,NOT VISIBLE,ON ROADWAY NOT AT CROSSWALK,Yes,POSSIBLE INJURY,NONE,38.99373333,-77.025875,"(38.99373333, -77.025875)"