Report Number,Local Case Number,Agency Name,ACRS Report Type,Crash Date/Time,Route Type,Road Name,Cross-Street Name,Off-Road Description,Municipality,Related Non-Motorist,Collision Type,Weather,Surface Condition,Light,Traffic Control,Driver Substance Abuse,Non-Motorist Substance Abuse,Person ID,Pedestrian Type,Pedestrian Movement,Pedestrian Actions,Pedestrian Location,At Fault,Injury Severity,Safety Equipment,Latitude,Longitude,Location
MCP23300042,230001065,Montgomery County Police,Injury Crash,01/07/2023 01:14:00 PM,,VALLEY VIEW RD,ENTRANCE TO MALL,,N/A,PEDESTRIAN,OTHER,CLEAR,DRY,DAYLIGHT,STOP SIGN,NONE DETECTED,NONE DETECTED,8B62610F-F2D2-4D92-9053-A7024E6C9EE7,PEDESTRIAN,Cross/Enter at Intersection,NO IMPROPER ACTIONS,ON ROADWAY AT CROSSWALK,No,SUSPECTED SERIOUS INJURY,NONE,39.036815,-77.05769667,"(39.036815, -77.05769667)"
MCP30050009,16001307,Montgomery County Police,Injury Crash,01/08/2016 06:51:00 AM,County,FLACK ST,WELLER RD,,N/A,PEDESTRIAN,OTHER,CLOUDY,N/A,DAWN,NO CONTROLS,UNKNOWN,NONE DETECTED,2EC90A5A-E967-4589-84B1-4871A7AA6D2E,PEDESTRIAN,Cross/Enter at Intersection,IN ROADWAY IMPROPERLY,AT INTERSECTION BUT NO CROSSWALK,Yes,POSSIBLE INJURY,N/A,39.06619131,-77.06094325,"(39.06619131, -77.06094325)"
MCP2723005F,210013011,Montgomery County Police,Injury Crash,04/07/2021 03:35:00 PM,,N LEISURE WORLD BLVD,NORBECK BLVD,,N/A,BICYCLIST,STRAIGHT MOVEMENT ANGLE,CLEAR,DRY,DAYLIGHT,STOP SIGN,NONE DETECTED,NONE DETECTED,7F1DF040-A7D8-402B-831A-B30AAE9C3890,BICYCLIST,Walking/Riding w/Traffic,NO IMPROPER ACTIONS,ON ROADWAY NOT AT CROSSWALK,No,SUSPECTED SERIOUS INJURY,UNKNOWN,39.10908667,-77.06872333,"(39.10908667, -77.06872333)"
MCP2001000K,16053275,Montgomery County Police,Fatal Crash,10/16/2016 08:49:00 PM,Maryland (State),NORBECK RD,BALTIMORE RD,,N/A,PEDESTRIAN,SINGLE VEHICLE,CLEAR,DRY,DARK LIGHTS ON,TRAFFIC SIGNAL,NONE DETECTED,ALCOHOL PRESENT,90C3335F-C3EF-4E26-90ED-619899FCD0DF,PEDESTRIAN,Cross/Enter at Intersection,DART DASH,ON ROADWAY NOT AT CROSSWALK,Yes,FATAL INJURY,NONE,39.09517243,-77.11253889,"(39.09517243, -77.11253889)"
MCP2766003P,180021755,Montgomery County Police,Injury Crash,05/03/2018 04:48:00 PM,,,,PRIVATE PASSAGEWAY WITHIN THE PRIVATE PROPERTY OF LEISURE WORLD.,,PEDESTRIAN,SINGLE VEHICLE,CLEAR,,DAYLIGHT,STOP SIGN,NONE DETECTED,NONE DETECTED,03EC2751-87C2-4D38-81A1-7131E2E04798,PEDESTRIAN,Cross/Enter at Intersection,NO IMPROPER ACTIONS,AT INTERSECTION MARKED CROSSWALK,No,POSSIBLE INJURY,NONE,39.104905,-77.07269833,"(39.104905, -77.07269833)"
MCP2917009M,220023874,Montgomery County Police,Fatal Crash,06/03/2022 10:00:00 PM,County,GRIDLEY RD,SELFRIDGE RD,,N/A,PEDESTRIAN,OTHER,CLEAR,DRY,DARK NO LIGHTS,STOP SIGN,NONE DETECTED,NONE DETECTED,E73AA02B-A59E-4561-ACCF-0780DA6409FF,PEDESTRIAN,Cross/Enter at Intersection,NO IMPROPER ACTIONS,ON ROADWAY AT CROSSWALK,No,NO APPARENT INJURY,NONE,39.05656167,-77.08530333,"(39.05656167, -77.08530333)"
MCP229800B9,16057493,Montgomery County Police,Injury Crash,11/07/2016 08:01:00 PM,Maryland (State),CLOPPER RD,LIBERTY MILL RD,,N/A,BICYCLIST,OTHER,CLEAR,N/A,DARK LIGHTS ON,NO CONTROLS,NONE DETECTED,ILLEGAL DRUG PRESENT,1BE559DC-EAE2-4CD8-AF04-54880E437CB8,BICYCLIST,Cross/Enter at Intersection,NO IMPROPER ACTIONS,AT INTERSECTION BUT NO CROSSWALK,No,NO APPARENT INJURY,NONE,39.16217474,-77.28160657,"(39.16217474, -77.28160657)"
MCP3197002J,210035920,Montgomery County Police,Injury Crash,09/12/2021 05:45:00 PM,,,,13729 CONNECTICUT AVENUE,,PEDESTRIAN,SINGLE VEHICLE,CLEAR,,DAYLIGHT,NO CONTROLS,,NONE DETECTED,F3735CFC-305A-4F0E-9DD4-84C8A3D1A2DA,PEDESTRIAN,Standing,NO IMPROPER ACTIONS,CURB,No,SUSPECTED MINOR INJURY,N/A,39.07717733,-77.07945983,"(39.07717733, -77.07945983)"
MCP3268000X,210022095,Montgomery County Police,Injury Crash,06/10/2021 10:17:00 AM,Maryland (State),NEW HAMPSHIRE AVE,LOCKWOOD DR,,N/A,OTHER,STRAIGHT MOVEMENT ANGLE,N/A,DRY,DAYLIGHT,N/A,N/A,NONE DETECTED,03CE9803-DCB5-4F31-9806-A1E5951CFCA1,OTHER,Cross/Enter at Intersection,FAILURE TO OBEY TRAFFIC SIGNS SIGNALS OR OFFICER,MEDIAN,Yes,SUSPECTED SERIOUS INJURY,N/A,39.03978967,-76.99066067,"(39.03978967, -76.99066067)"
MCP2846001Z,16031511,Montgomery County Police,Injury Crash,05/03/2016 02:00:00 PM,Maryland (State),VEIRS MILL RD,CENTERHILL ST,,N/A,BICYCLIST,OTHER,UNKNOWN,DRY,DAYLIGHT,STOP SIGN,UNKNOWN,NONE DETECTED,BFB725AF-109C-413F-A373-B20074FF1E63,BICYCLIST,Cross/Enter at Intersection,NO IMPROPER ACTIONS,AT INTERSECTION MARKED CROSSWALK,No,POSSIBLE INJURY,NONE,39.05956,-77.047535,"(39.05956, -77.047535)"
MCP3078003B,200024075,Montgomery County Police,Injury Crash,06/19/2020 09:00:00 PM,County,BLUHILL RD,CENTERHILL ST,,N/A,BICYCLIST,SAME DIRECTION SIDESWIPE,RAINING,WET,DUSK,STOP SIGN,UNKNOWN,NONE DETECTED,06BEAB1C-C42F-413B-A6AF-FB9CD4D3425E,BICYCLIST,Cross/Enter at Intersection,NO IMPROPER ACTIONS,AT INTERSECTION BUT NO CROSSWALK,No,SUSPECTED MINOR INJURY,NONE,39.05286,-77.069679,"(39.05286, -77.069679)"
MCP31210055,220058047,Montgomery County Police,Injury Crash,12/31/2022 05:34:00 PM,County,STEDWICK RD,WATKINS MILL RD,,N/A,PEDESTRIAN,SINGLE VEHICLE,RAINING,WET,DARK LIGHTS ON,TRAFFIC SIGNAL,NONE DETECTED,NONE DETECTED,1D548159-AB6B-4D95-862A-920CE54726A3,PEDESTRIAN,Cross/Enter at Intersection,NO IMPROPER ACTIONS,AT INTERSECTION MARKED CROSSWALK,No,POSSIBLE INJURY,NONE,39.17063469,-77.20885412,"(39.17063469, -77.20885412)"
MCP2723006D,220023464,Montgomery County Police,Injury Crash,06/01/2022 04:10:00 PM,County,DRAKE DR,RUSSETT RD,,N/A,BICYCLIST,SINGLE VEHICLE,CLEAR,DRY,DAYLIGHT,NO CONTROLS,N/A,N/A,513F5D3E-BC46-44B2-8835-C1D8BAC9D69B,BICYCLIST,Cross/Enter at Intersection,NO IMPROPER ACTIONS,SIDEWALK,No,SUSPECTED MINOR INJURY,UNKNOWN,39.08466833,-77.10403,"(39.08466833, -77.10403)"
MCP2664003X,170549210,Montgomery County Police,Injury Crash,12/18/2017 07:40:00 AM,County,VALLEYWOOD DR,VEIRS MILL RD,,N/A,PEDESTRIAN,SINGLE VEHICLE,CLEAR,WET,DAYLIGHT,STOP SIGN,NONE DETECTED,NONE DETECTED,D2DC6816-E25D-43B4-96A5-A97D621C22F2,PEDESTRIAN,Cross/Enter at Intersection,NO IMPROPER ACTIONS,ON ROADWAY AT CROSSWALK,No,POSSIBLE INJURY,NONE,39.049585,-77.07058333,"(39.049585, -77.07058333)"
MCP2982001X,170503149,Montgomery County Police,Injury Crash,04/20/2017 02:22:00 PM,Maryland (State),GEORGIA AVE,CAMERON ST,,N/A,PEDESTRIAN,OTHER,CLEAR,DRY,DAYLIGHT,TRAFFIC SIGNAL,UNKNOWN,NONE DETECTED,4FBEB9F2-7BE0-4412-B482-041D66EF8658,PEDESTRIAN,Cross/Enter at Intersection,NO IMPROPER ACTIONS,ON ROADWAY AT CROSSWALK,No,SUSPECTED MINOR INJURY,NONE,38.99761097,-77.02974513,"(38.99761097, -77.02974513)"
MCP3218001R,210026879,Montgomery County Police,Injury Crash,07/12/2021 07:22:00 PM,Maryland (State),GEORGIA AVE,RANDOLPH RD,,N/A,PEDESTRIAN,STRAIGHT MOVEMENT ANGLE,CLEAR,DRY,DAYLIGHT,TRAFFIC SIGNAL,NONE DETECTED,NONE DETECTED,E792B15C-FBD7-42C9-8026-3E8111B9474F,PEDESTRIAN,Cross/Enter not at Intersection,IN ROADWAY IMPROPERLY,ON ROADWAY NOT AT CROSSWALK,Unknown,SUSPECTED SERIOUS INJURY,NONE,39.05770717,-77.050085,"(39.05770717, -77.050085)"
MCP31360044,210009735,Montgomery County Police,Injury Crash,03/12/2021 07:30:00 PM,,,,ENTRANCE TO SHOPPING CENTER,,PEDESTRIAN,OTHER,N/A,,N/A,N/A,N/A,N/A,EE7E0B01-B8A6-4978-B25E-EBED3F3E4487,PEDESTRIAN,Walking/Cycling on Sidewalk,UNKNOWN,DRIVEWAY ACCESS MARKED CROSSWALK,No,POSSIBLE INJURY,N/A,38.99842547,-77.00105105,"(38.99842547, -77.00105105)"
MCP3232004L,240001987,MONTGOMERY,Injury Crash,01/12/2024 05:41:00 PM,,,,Parking Aisle        13490 NEW HAMPSHIRE AVE SILVER SPRING MD 20904,,Pedestrian,Single Vehicle,Clear,,Dark - Lighted,,"Not Suspect of Alcohol Use, Not Suspect of Drug Use","Not Suspect of Alcohol Use, Not Suspect of Drug Use",86F6D8E4-43C1-445D-AC38-2722AE0F18B7,Pedestrian,Other,Unknown,Other,No,Suspected Minor Injury,None,39.07701012,-77.00368684,"(39.07701012, -77.00368684)"
MCP1099004Q,220041114,Montgomery County Police,Injury Crash,09/21/2022 12:50:00 PM,,,,RED MILL SHOPPING CENTER 7200 MUNCASTER MILL ROAD DERWOOD,,PEDESTRIAN,OTHER,CLEAR,,DAYLIGHT,NO CONTROLS,NONE DETECTED,NONE DETECTED,720124E7-2EAB-4E4E-AD9F-AA100357F663,PEDESTRIAN,Standing,N/A,OTHER,No,POSSIBLE INJURY,N/A,39.145555,-77.145145,"(39.145555, -77.145145)"
MCP23720033,200030807,Montgomery County Police,Injury Crash,08/08/2020 11:08:00 AM,County,MACARTHUR BLVD,BEGIN BRIDGE,,N/A,BICYCLIST,SAME DIR REAR END,CLEAR,DRY,DAYLIGHT,NO CONTROLS,NONE DETECTED,NONE DETECTED,1673091D-E553-410D-B2E8-C1B0472DD625,BICYCLIST,Walking/Riding w/Traffic,NO IMPROPER ACTIONS,ON ROADWAY NOT AT CROSSWALK,No,SUSPECTED MINOR INJURY,MC/BIKE HELMET,38.97277283,-77.14873267,"(38.97277283, -77.14873267)"
MCP28810063,240002647,MONTGOMERY,Injury Crash,01/17/2024 01:14:00 PM,,,,Parking Lot Way        21030 FREDERICK RD,,Pedestrian,Single Vehicle,Clear,,Daylight,No Controls,"Not Suspect of Alcohol Use, Not Suspect of Drug Use","Not Suspect of Alcohol Use, Not Suspect of Drug Use",C84278EA-41ED-4EAB-A2D2-ED4C8B3DECDC,Pedestrian,Standing,None (No Improper Action),NonTrafficway Area,No,Suspected Minor Injury,None,39.20158825,-77.24670089,"(39.20158825, -77.24670089)"
MCP27890026,16003701,Montgomery County Police,Injury Crash,01/20/2016 07:20:00 PM,Maryland (State),GEORGIA AVE,AUGUST DR,,N/A,PEDESTRIAN,SINGLE VEHICLE,SNOW,SNOW,DARK LIGHTS ON,NO CONTROLS,N/A,N/A,ECD282E3-9D31-4663-B0CF-88F845E4C89E,PEDESTRIAN,Walking/Cycling on Sidewalk,OTHER,OTHER,Yes,SUSPECTED MINOR INJURY,N/A,39.02171333,-77.04463,"(39.02171333, -77.04463)"
MCP3170001H,200031418,Montgomery County Police,Property Damage Crash,08/12/2020 06:04:00 PM,,,,PARKING LOT IN FRONT OF 12807 SAGE TER,,BICYCLIST,OTHER,CLOUDY,,DAYLIGHT,NO CONTROLS,NONE DETECTED,NONE DETECTED,3133DE36-2CAB-415B-A376-C2F9A3FDCE79,BICYCLIST,Cross/Enter not at Intersection,DART DASH,OTHER,Yes,NO APPARENT INJURY,NONE,39.16072223,-77.26600841,"(39.16072223, -77.26600841)"
MCP2055000L,15035859,MONTGOMERY,Property Damage Crash,07/22/2015 09:30:00 AM,,,,"Abandoned Auto Parking lot, 305 Metropolitan Grove Road Gaithersburg MD 20878",,OTHER,N/A,CLEAR,,DAYLIGHT,N/A,,NONE DETECTED,49FEAB0B-73F1-4ED5-9E4C-FCA3BB30CD99,OTHER,Push/Work on Vehicle,NO IMPROPER ACTIONS,N/A,Yes,NO APPARENT INJURY,N/A,39.14896648,-77.22641945,"(39.14896648, -77.22641945)"
MCP3205000T,200000859,Montgomery County Police,Injury Crash,01/06/2020 10:38:00 AM,,,,"DRIVEWAY OF 413 DENNIS AVE SILVER SPRING, MD 20901",,OTHER,SINGLE VEHICLE,N/A,,DAYLIGHT,N/A,,NONE DETECTED,B026062D-7E2A-4D0A-866D-2653D6B99E31,OTHER,Other,NO IMPROPER ACTIONS,OTHER,Unknown,SUSPECTED SERIOUS INJURY,N/A,39.027372,-77.01802633,"(39.027372, -77.01802633)"
MCP3044006C,220057586,Montgomery County Police,Injury Crash,12/28/2022 05:44:00 PM,Maryland (State),PINEY BRANCH RD,UNIVERSITY BLVD E,,N/A,PEDESTRIAN,OTHER,CLEAR,DRY,DARK NO LIGHTS,TRAFFIC SIGNAL,NONE DETECTED,NONE DETECTED,CC70CBD4-68F9-41E6-880C-7FEBD7E861F6,PEDESTRIAN,Cross/Enter not at Intersection,FAILURE TO YIELD RIGHT OF WAY,ON ROADWAY NOT AT CROSSWALK,Yes,POSSIBLE INJURY,NONE,38.99941732,-76.99638024,"(38.99941732, -76.99638024)"
MCP2016002G,170547724,Montgomery County Police,Injury Crash,12/10/2017 01:22:00 PM,,,,KIELBASA FACTORY BUILDING AND PARKING LOT LOCATED AT 1065 ROCKVILLE PIKE,,PEDESTRIAN,OTHER,CLEAR,,DAYLIGHT,N/A,NONE DETECTED,N/A,3211E150-9986-4E0A-AFD2-E1D20D4ECDF7,PEDESTRIAN,Other,NO IMPROPER ACTIONS,INSIDE BUILDING,No,SUSPECTED MINOR INJURY,N/A,39.07099833,-77.13331833,"(39.07099833, -77.13331833)"
MCP29050013,15030009,Montgomery County Police,Property Damage Crash,06/19/2015 05:25:00 PM,County,ROCKING HORSE RD,BOILING BROOK PKWY,,N/A,BICYCLIST,STRAIGHT MOVEMENT ANGLE,CLOUDY,DRY,DAYLIGHT,STOP SIGN,NONE DETECTED,ALCOHOL PRESENT,443DE02C-B11F-4DF2-A3C6-EB5068747281,BICYCLIST,Cross/Enter at Intersection,FAILURE TO YIELD RIGHT OF WAY,ON ROADWAY AT CROSSWALK,,NO APPARENT INJURY,NONE,39.04771698,-77.09821656,"(39.04771698, -77.09821656)"
MCP3200005L,220019858,Montgomery County Police,Injury Crash,05/10/2022 01:45:00 PM,County,NEILWOOD DR,LUXMANOR RD,,N/A,PEDESTRIAN,OTHER,CLEAR,DRY,DAYLIGHT,NO CONTROLS,,NONE DETECTED,EDA9CF4A-10DF-4D13-90E9-5844F2C73522,PEDESTRIAN,Other Working,ENTERING EXITING PARKED STANDING VEHICLE,ON ROADWAY NOT AT CROSSWALK,Yes,SUSPECTED MINOR INJURY,NONE,39.04576333,-77.12315283,"(39.04576333, -77.12315283)"
MCP1323001H,210038560,Montgomery County Police,Injury Crash,09/29/2021 11:14:00 AM,US (State),GEORGIA AVE,BLAIR RD,,N/A,BICYCLIST,SAME DIRECTION SIDESWIPE,CLEAR,DRY,DAYLIGHT,TRAFFIC SIGNAL,NONE DETECTED,NONE DETECTED,6F12AE92-464F-4C92-B812-E06E1152E146,BICYCLIST,Walking/Riding w/Traffic,ENTERING EXITING PARKED STANDING VEHICLE,CURB,Yes,SUSPECTED MINOR INJURY,MC/BIKE HELMET,38.98482,-77.02689333,"(38.98482, -77.02689333)"
MCP2594001M,16029781,Montgomery County Police,Injury Crash,06/13/2016 02:01:00 PM,Maryland (State),OLNEY SANDY SPRING RD,VILLAGE CENTER DR,,N/A,BICYCLIST,OTHER,CLEAR,DRY,DAYLIGHT,TRAFFIC SIGNAL,NONE DETECTED,NONE DETECTED,AE41D62D-86BB-400A-8AF0-10C8889B07AF,BICYCLIST,Cross/Enter at Intersection,NO IMPROPER ACTIONS,ON ROADWAY AT CROSSWALK,No,SUSPECTED MINOR INJURY,NONE,39.15214892,-77.06449851,"(39.15214892, -77.06449851)"
MCP3320000V,220021711,Montgomery County Police,Injury Crash,05/21/2022 04:00:00 PM,County,FENTON ST,THAYER AVE,,N/A,PEDESTRIAN,SINGLE VEHICLE,CLEAR,DRY,DAYLIGHT,TRAFFIC SIGNAL,NONE DETECTED,NONE DETECTED,93E2C2FC-B5DB-4F08-9E50-5D7B83F7E93C,PEDESTRIAN,Cross/Enter at Intersection,N/A,AT INTERSECTION MARKED CROSSWALK,No,SUSPECTED MINOR INJURY,N/A,38.99304768,-77.02408693,"(38.99304768, -77.02408693)"
MCP3160003B,220007043,Montgomery County Police,Injury Crash,02/17/2022 07:30:00 PM,Maryland (State),CONNECTICUT AVE,WOODBINE ST,,CHEVY CHASE #4,PEDESTRIAN,SINGLE VEHICLE,CLEAR,DRY,DARK LIGHTS ON,NO CONTROLS,UNKNOWN,ALCOHOL PRESENT,9339E048-1E8C-44D6-8BD1-D8FEF9F2F8D0,PEDESTRIAN,Cross/Enter at Intersection,NOT VISIBLE,MEDIAN,Yes,POSSIBLE INJURY,NONE,38.99143,-77.09789167,"(38.99143, -77.09789167)"
MCP3455000C,250018582,MONTGOMERY,Property Damage Crash,04/28/2025 08:00:00 AM,Maryland (State) Route,GEORGIA AVE (SB/L),UNIVERSITY BLVD W,,,Cyclist (Electric),Single Vehicle,Clear,Dry,Daylight,Traffic Control Signal,"Not Suspect of Alcohol Use, Not Suspect of Drug Use","Not Suspect of Alcohol Use, Not Suspect of Drug Use",7F1152D8-906F-45F3-B1B6-BDBE84F983B3,Cyclist (Electric),Cross/Enter at Intersection,"Failure to Obey Traffic Signs, Signals, or Officer",Intersection Other,Yes,No Apparent Injury,None,39.04149693,-77.05177486,"(39.04149693, -77.05177486)"
MCP2535000S,16067231,Montgomery County Police,Injury Crash,12/30/2016 09:56:00 PM,County,REEDIE DR,GEORGIA AVE,,N/A,PEDESTRIAN,SINGLE VEHICLE,CLEAR,DRY,DARK LIGHTS ON,TRAFFIC SIGNAL,ALCOHOL PRESENT,NONE DETECTED,E4AABC64-83DD-414D-988E-629A34C960FF,PEDESTRIAN,Cross/Enter at Intersection,NO IMPROPER ACTIONS,AT INTERSECTION MARKED CROSSWALK,No,SUSPECTED MINOR INJURY,NONE,39.03866,-77.05161167,"(39.03866, -77.05161167)"
MCP271700D7,170531533,Montgomery County Police,Injury Crash,09/19/2017 02:45:00 PM,Maryland (State),WISCONSIN AVE,BETHESDA AVE,,N/A,BICYCLIST,OTHER,CLEAR,DRY,DAYLIGHT,TRAFFIC SIGNAL,NONE DETECTED,NONE DETECTED,1A509883-B370-4859-83E2-8F39949305B2,BICYCLIST,Cross/Enter at Intersection,NO IMPROPER ACTIONS,ON ROADWAY AT CROSSWALK,No,SUSPECTED MINOR INJURY,OTHER,38.98086817,-77.0926465,"(38.98086817, -77.0926465)"
MCP25040026,170503962,Montgomery County Police,Injury Crash,04/24/2017 06:35:00 PM,,PARK POTOMAC AVENUE,CADBURY AVENUE,,N/A,PEDESTRIAN,STRAIGHT MOVEMENT ANGLE,RAINING,WET,DAYLIGHT,STOP SIGN,NONE DETECTED,NONE DETECTED,938F15C5-AEF4-4766-8C71-934613559B48,PEDESTRIAN,Cross/Enter at Intersection,NO IMPROPER ACTIONS,ON ROADWAY AT CROSSWALK,No,SUSPECTED MINOR INJURY,N/A,39.06017167,-77.15780833,"(39.06017167, -77.15780833)"
MCP2554000S,15017312,Montgomery County Police,Injury Crash,04/14/2015 02:00:00 PM,Maryland (State),MONTGOMERY AVE,PEARL ST,,N/A,PEDESTRIAN,OTHER,RAINING,WET,DAYLIGHT,TRAFFIC SIGNAL,NONE DETECTED,NONE DETECTED,09D9CF4A-68F9-4F97-9C79-FE423FC3A047,PEDESTRIAN,Cross/Enter at Intersection,NO IMPROPER ACTIONS,ON ROADWAY AT CROSSWALK,,POSSIBLE INJURY,N/A,38.98417667,-77.09098833,"(38.98417667, -77.09098833)"
MCP9428005F,240052242,MONTGOMERY,Injury Crash,10/31/2024 12:18:00 PM,,,,Parking Aisle        STAFF PARKING LOT AT DAMASCUS HIGH SCHOOL,,Pedestrian,Single Vehicle,Clear,,Daylight,,"Not Suspect of Alcohol Use, Not Suspect of Drug Use","Not Suspect of Alcohol Use, Not Suspect of Drug Use",D5AE3957-2768-487C-BF86-A2558EE35A8A,Pedestrian,Getting Off/On Vehicle,None (No Improper Action),Travel Lane Other Location,No,Suspected Minor Injury,None,39.28207833,-77.21086833,"(39.28207833, -77.21086833)"
MCP3044005X,220046657,Montgomery County Police,Injury Crash,10/24/2022 04:04:00 PM,County,ROBEY RD,PALMER HOUSE WAY,,N/A,PEDESTRIAN,OTHER,CLEAR,DRY,DAYLIGHT,NO CONTROLS,NONE DETECTED,NONE DETECTED,32338FCB-5F7D-4A92-994E-7A5AF46329C7,PEDESTRIAN,Cross/Enter not at Intersection,DART DASH,ON ROADWAY NOT AT CROSSWALK,Yes,SUSPECTED MINOR INJURY,NONE,39.08166168,-76.94116653,"(39.08166168, -76.94116653)"
MCP28660071,210022763,Montgomery County Police,Injury Crash,06/14/2021 06:15:00 PM,,,,"BETHESDA METRO CENTER BUS LOOP, 3 BETHESDA METRO CENTER, BETHESDA, MD, 20814",,PEDESTRIAN,SINGLE VEHICLE,CLEAR,,DAYLIGHT,NO CONTROLS,NONE DETECTED,NONE DETECTED,6BE6567C-7F32-45B8-944B-F1748AD443D4,PEDESTRIAN,Getting off/on Vehicle,NO IMPROPER ACTIONS,CURB,No,SUSPECTED MINOR INJURY,NONE,38.98458873,-77.09433653,"(38.98458873, -77.09433653)"
MCP137800RB,190031757,Montgomery County Police,Injury Crash,07/03/2019 05:27:00 PM,County,STRATOS LA,AIRPARK RD,,N/A,BICYCLIST,STRAIGHT MOVEMENT ANGLE,CLEAR,DRY,DAYLIGHT,TRAFFIC SIGNAL,NONE DETECTED,NONE DETECTED,E591D81C-AC5A-4E79-A543-8B63DD715F78,BICYCLIST,Cross/Enter at Intersection,NO IMPROPER ACTIONS,ON ROADWAY AT CROSSWALK,Unknown,SUSPECTED MINOR INJURY,NONE,39.16099,-77.1448,"(39.16099, -77.1448)"
MCP94420023,210025732,Montgomery County Police,Injury Crash,06/23/2021 07:00:00 AM,,,,PARKING LOT OF 19351 DUNBRIDGE WAY,,PEDESTRIAN,OTHER,CLEAR,,DAYLIGHT,N/A,N/A,N/A,6D99C991-8713-476D-856B-902B8AFA6F69,PEDESTRIAN,Other,NO IMPROPER ACTIONS,OTHER,No,SUSPECTED MINOR INJURY,N/A,39.17341333,-77.212455,"(39.17341333, -77.212455)"
MCP2835000Z,15066183,MONTGOMERY,Injury Crash,12/25/2015 11:00:00 PM,,,,PARKING LOT BEHIND 8105 EAST WEST HWY,,PEDESTRIAN,HEAD ON,CLEAR,,DARK LIGHTS ON,NO CONTROLS,NONE DETECTED,NONE DETECTED,9EB27A18-61F3-4C3E-886A-97F777D6AF88,PEDESTRIAN,Other,NO IMPROPER ACTIONS,OTHER,No,SUSPECTED MINOR INJURY,NONE,38.99828114,-77.0416005,"(38.99828114, -77.0416005)"
MCP2347001Z,180048866,Montgomery County Police,Injury Crash,09/30/2018 02:51:00 PM,,CHERRY HILL ROAD,PROSPERITY DRIVE,,N/A,BICYCLIST,SAME DIRECTION LEFT TURN,CLEAR,DRY,DAYLIGHT,NO CONTROLS,NONE DETECTED,NONE DETECTED,4299F155-AD13-448E-A478-93BBF258F56D,BICYCLIST,Other,OTHER,ON ROADWAY NOT AT CROSSWALK,Yes,SUSPECTED MINOR INJURY,MC/BIKE HELMET,39.06115333,-76.95790333,"(39.06115333, -76.95790333)"
MCP3165002G,200039752,Montgomery County Police,Injury Crash,10/09/2020 09:30:00 AM,County,MCKNEW RD,SANDY SPRING RD,,N/A,PEDESTRIAN,SAME DIR REAR END,CLEAR,DRY,DAYLIGHT,N/A,NONE DETECTED,NONE DETECTED,BE3131D8-88B4-4473-95CD-023996A26891,PEDESTRIAN,Walking/Riding w/Traffic,NO IMPROPER ACTIONS,SHOULDER,No,POSSIBLE INJURY,NONE,39.10522,-76.91962833,"(39.10522, -76.91962833)"
MCP3119003N,220036233,Montgomery County Police,Injury Crash,08/22/2022 01:40:00 PM,Other Public Roadway,APPLE RIDGE RD,BUHRSTONE DR,,N/A,PEDESTRIAN,SINGLE VEHICLE,CLEAR,DRY,DAYLIGHT,NO CONTROLS,NONE DETECTED,NONE DETECTED,887E4E56-3389-4CD3-9383-27E0EFED5DBB,PEDESTRIAN,Cross/Enter at Intersection,NO IMPROPER ACTIONS,ON ROADWAY AT CROSSWALK,No,SUSPECTED MINOR INJURY,NONE,39.18265076,-77.21346754,"(39.18265076, -77.21346754)"
MCP0487000J,15035567,MONTGOMERY,Injury Crash,07/19/2015 12:23:00 PM,County,MIDCOUNTY HWY,WASHINGTON GROVE LA,,N/A,PEDESTRIAN,OTHER,CLEAR,DRY,DAYLIGHT,TRAFFIC SIGNAL,NONE DETECTED,NONE DETECTED,F89BD89E-5651-4C9A-BB98-73A3C854E4A2,PEDESTRIAN,Cross/Enter at Intersection,FAILURE TO YIELD RIGHT OF WAY,ON ROADWAY AT CROSSWALK,Yes,SUSPECTED MINOR INJURY,NONE,39.147685,-77.16892667,"(39.147685, -77.16892667)"
MCP2738002T,180031492,Montgomery County Police,Injury Crash,06/26/2018 05:55:00 PM,County,BRIGGS CHANEY RD,ROBEY RD,,N/A,PEDESTRIAN,N/A,N/A,N/A,DAYLIGHT,NO CONTROLS,N/A,N/A,D8790231-2FE4-42D2-8376-0085280E68C3,PEDESTRIAN,N/A,NOT VISIBLE,N/A,Unknown,SUSPECTED MINOR INJURY,NONE,39.07774667,-76.944295,"(39.07774667, -76.944295)"
MCP2291003D,180064385,Montgomery County Police,Injury Crash,12/24/2018 06:15:00 PM,County,BETHESDA AVE,WOODMONT AVE,,N/A,BICYCLIST,SINGLE VEHICLE,CLEAR,DRY,DARK LIGHTS ON,NO CONTROLS,UNKNOWN,UNKNOWN,1FF44DE5-22A9-44AD-9BA8-E7D5589EEF10,BICYCLIST,Cross/Enter at Intersection,NO IMPROPER ACTIONS,SIDEWALK,No,SUSPECTED MINOR INJURY,UNKNOWN,38.99124433,-77.097848,"(38.99124433, -77.097848)"
MCP1366006M,170539753,Montgomery County Police,Injury Crash,10/30/2017 09:55:00 AM,,,,"SHADY GROVE METRO 

15903 SOMMERVILLE DR
 ROCKVILLE, MD 20855",,PEDESTRIAN,SINGLE VEHICLE,CLEAR,,DAYLIGHT,NO CONTROLS,UNKNOWN,N/A,6008042E-D5F3-435C-83F2-4556970F8BBC,PEDESTRIAN,Other,NO IMPROPER ACTIONS,OTHER,No,SUSPECTED MINOR INJURY,N/A,39.11896,-77.16729333,"(39.11896, -77.16729333)"