Report Number,Local Case Number,Agency Name,ACRS Report Type,Crash Date/Time,Route Type,Road Name,Cross-Street Name,Off-Road Description,Municipality,Related Non-Motorist,Collision Type,Weather,Surface Condition,Light,Traffic Control,Driver Substance Abuse,Non-Motorist Substance Abuse,Person ID,Pedestrian Type,Pedestrian Movement,Pedestrian Actions,Pedestrian Location,At Fault,Injury Severity,Safety Equipment,Latitude,Longitude,Location
HA2449001J,24002271,MCPARK,Injury Crash,10/26/2024 08:45:00 AM,,,,"Parking Lot Way        BROOKSIDE GARDENS VISTOR CENTER PARKING LOT (1800 GLENALLALLAN AVE, SILVER SPRING, MD 20902)",,Pedestrian,Single Vehicle,Clear,,Daylight,,"Not Suspect of Alcohol Use, Not Suspect of Drug Use","Not Suspect of Alcohol Use, Not Suspect of Drug Use",DDCB5EF8-4860-4D5E-A9B4-35D8856E573D,Pedestrian,Other,"Inattentive (Talking, Eating, etc.)",Driveway Access,No,Suspected Serious Injury,None,39.05794856,-77.0378417,"(39.05794856, -77.0378417)"
MCP3117002N,200032718,Montgomery County Police,Property Damage Crash,08/21/2020 06:43:00 PM,,,,PARKING LOT OF HILTON HOTEL AT 1750 ROCKVILLE PIKE,,PEDESTRIAN,OTHER,CLEAR,,DAYLIGHT,NO CONTROLS,NONE DETECTED,NONE DETECTED,9F96F2C6-8878-401B-941A-0E87E5C349A9,PEDESTRIAN,Walking/Cycling on Sidewalk,IMPROPER PASSING,SIDEWALK,No,NO APPARENT INJURY,NONE,39.06135819,-77.12347747,"(39.06135819, -77.12347747)"
MCP2940000W,16048893,Montgomery County Police,Injury Crash,09/23/2016 08:31:00 AM,Maryland (State),WISCONSIN AVE,BETHESDA AVE,,N/A,PEDESTRIAN,OTHER,CLEAR,DRY,DAYLIGHT,TRAFFIC SIGNAL,NONE DETECTED,NONE DETECTED,C1CB4330-3F61-4945-8D6F-B6F749F23562,PEDESTRIAN,Cross/Enter at Intersection,NO IMPROPER ACTIONS,AT INTERSECTION MARKED CROSSWALK,No,POSSIBLE INJURY,NONE,38.98105467,-77.09281325,"(38.98105467, -77.09281325)"
MCP26660052,210027462,Montgomery County Police,Injury Crash,07/16/2021 09:00:00 AM,Maryland (State),UNIVERSITY BLVD E,PINEY BRANCH RD,,N/A,PEDESTRIAN,SINGLE VEHICLE,CLEAR,DRY,DAYLIGHT,TRAFFIC SIGNAL,NONE DETECTED,NONE DETECTED,F1CDBFDB-2E1D-41AD-B71D-F2F05A5BC240,PEDESTRIAN,Cross/Enter not at Intersection,IN ROADWAY IMPROPERLY,ON ROADWAY NOT AT CROSSWALK,Yes,SUSPECTED MINOR INJURY,NONE,39.00025383,-76.995517,"(39.00025383, -76.995517)"
MCP2394001V,16001446,Montgomery County Police,Injury Crash,01/08/2016 06:02:00 PM,Municipality,MARYLAND AVE,E MONTGOMERY AVE AT COURTHOUSE SQ,,ROCKVILLE,PEDESTRIAN,OTHER,RAINING,WET,DARK LIGHTS ON,STOP SIGN,NONE DETECTED,NONE DETECTED,6EDEA387-E028-4B32-809D-867F6DBC586B,PEDESTRIAN,Cross/Enter at Intersection,NOT VISIBLE,UNKNOWN,Yes,POSSIBLE INJURY,NONE,39.08402667,-77.15109667,"(39.08402667, -77.15109667)"
EJ7866009J,200048190,Gaithersburg Police Depar,Injury Crash,12/07/2020 12:08:00 PM,Municipality,RUSSELL AVE,MARYLAND AVE,,GAITHERSBURG,PEDESTRIAN,OTHER,CLEAR,DRY,DAYLIGHT,STOP SIGN,NONE DETECTED,NONE DETECTED,29B0A4BF-B709-4E3B-A6EA-AB3CD92501ED,PEDESTRIAN,Cross/Enter at Intersection,NO IMPROPER ACTIONS,ON ROADWAY AT CROSSWALK,No,POSSIBLE INJURY,NONE,39.14851765,-77.19946173,"(39.14851765, -77.19946173)"
MCP9386004T,170513166,Montgomery County Police,Injury Crash,06/12/2017 08:23:00 AM,County,MARYKNOLL AVE,WILSON LA,,N/A,BICYCLIST,STRAIGHT MOVEMENT ANGLE,CLEAR,DRY,DAYLIGHT,STOP SIGN,NONE DETECTED,NONE DETECTED,73BFF3CF-0223-46FC-A8F2-34DD14E56FC2,BICYCLIST,Walking/Cycling on Sidewalk,FAILURE TO YIELD RIGHT OF WAY,SIDEWALK,Yes,SUSPECTED MINOR INJURY,UNKNOWN,38.98655267,-77.13406831,"(38.98655267, -77.13406831)"
MCP2637005Y,250012815,MONTGOMERY,Injury Crash,03/24/2025 11:22:00 AM,County Route,TRAVILAH RD,,,,Pedestrian,Single Vehicle,Rain,Wet,Daylight,Stop Sign,"Not Suspect of Alcohol Use, Not Suspect of Drug Use","Not Suspect of Alcohol Use, Not Suspect of Drug Use",961AE0F6-780E-4EA7-BE0B-D54F4DF5456C,Pedestrian,Cross/Enter at Intersection,None (No Improper Action),Intersection Marked Crosswalk,No,Suspected Minor Injury,None,39.08299151,-77.23209954,"(39.08299151, -77.23209954)"
DD56140045,180052503,Rockville Police Departme,Injury Crash,10/20/2018 04:53:00 PM,Municipality,N WASHINGTON ST,BEALL AVE #2,,ROCKVILLE,PEDESTRIAN,HEAD ON LEFT TURN,CLEAR,DRY,DAYLIGHT,TRAFFIC SIGNAL,NONE DETECTED,NONE DETECTED,057C41B7-57D0-4A8D-A5DA-0440DF1B6F74,PEDESTRIAN,Cross/Enter at Intersection,NO IMPROPER ACTIONS,ON ROADWAY AT CROSSWALK,No,POSSIBLE INJURY,NONE,39.08719883,-77.15308633,"(39.08719883, -77.15308633)"
MCP2116006P,170522772,Montgomery County Police,Injury Crash,08/03/2017 03:32:00 PM,,,,DRIVE WAY AND SIDEWALK OF 1111 EDMONSTON DRIVE,,BICYCLIST,STRAIGHT MOVEMENT ANGLE,CLEAR,,DAYLIGHT,N/A,NONE DETECTED,NONE DETECTED,FEC49B82-D363-43FE-81E8-13C85DD8ABE1,BICYCLIST,Other,INATTENTIVE,SIDEWALK,Yes,POSSIBLE INJURY,NONE,39.07544667,-77.132775,"(39.07544667, -77.132775)"
MCP91300018,15034205,MONTGOMERY,Injury Crash,07/12/2015 01:29:00 PM,County,ALLEY,DOMER AVE,,N/A,PEDESTRIAN,STRAIGHT MOVEMENT ANGLE,CLEAR,DRY,DAYLIGHT,NO CONTROLS,NONE DETECTED,NONE DETECTED,76FAA8A9-8A7E-4FA2-8CC6-85418F8DCF46,PEDESTRIAN,Standing,NO IMPROPER ACTIONS,CURB,No,SUSPECTED SERIOUS INJURY,NONE,38.99673667,-77.00256333,"(38.99673667, -77.00256333)"
MCP2678004H,230060993,Montgomery County Police,Injury Crash,10/17/2023 07:47:00 AM,Maryland (State),UNIVERSITY BLVD W,CADDINGTON AVE,,N/A,PEDESTRIAN,STRAIGHT MOVEMENT ANGLE,CLEAR,DRY,DAYLIGHT,TRAFFIC SIGNAL,NONE DETECTED,NONE DETECTED,4E4091C9-A471-4FC7-8ADA-5107F810A57F,PEDESTRIAN,Cross/Enter not at Intersection,DART DASH,ON ROADWAY NOT AT CROSSWALK,Yes,SUSPECTED MINOR INJURY,NONE,39.03368227,-77.02376056,"(39.03368227, -77.02376056)"
EJ78260034,180011319,Gaithersburg Police Depar,Injury Crash,03/06/2018 07:20:00 AM,,TEACHERS WAY,N SUMMIT AVE,,N/A,PEDESTRIAN,OTHER,CLOUDY,DRY,DAYLIGHT,STOP SIGN,N/A,N/A,AB9F4CD6-8A11-49D9-B805-C2C5429574A8,PEDESTRIAN,Cross/Enter at Intersection,NO IMPROPER ACTIONS,AT INTERSECTION MARKED CROSSWALK,No,POSSIBLE INJURY,NONE,39.14313995,-77.19301924,"(39.14313995, -77.19301924)"
MCP3242000F,190050913,Montgomery County Police,Injury Crash,10/23/2019 12:17:00 PM,Maryland (State),GEORGIA AVE,CAMERON ST,,N/A,PEDESTRIAN,SINGLE VEHICLE,CLEAR,DRY,DAYLIGHT,TRAFFIC SIGNAL,NONE DETECTED,NONE DETECTED,CF100AD6-8D4C-4F10-89A4-0E8F0C18BFB1,PEDESTRIAN,Cross/Enter at Intersection,NO IMPROPER ACTIONS,AT INTERSECTION MARKED CROSSWALK,No,SUSPECTED MINOR INJURY,NONE,38.99746913,-77.02971603,"(38.99746913, -77.02971603)"
MCP0539001G,15012440,Montgomery County Police,Injury Crash,03/18/2015 07:05:00 AM,Maryland (State),GEORGIA AVE,ATLANTA DR,,N/A,BICYCLIST,SINGLE VEHICLE,CLEAR,DRY,DAWN,NO CONTROLS,NONE DETECTED,NONE DETECTED,164291DD-2CD3-4775-BAA5-4FA6437941CD,BICYCLIST,Walking/Riding against Traffic,NO IMPROPER ACTIONS,SIDEWALK,,SUSPECTED SERIOUS INJURY,MC/BIKE HELMET,39.065665,-77.05803167,"(39.065665, -77.05803167)"
MCP2753005N,220031949,Montgomery County Police,Injury Crash,07/25/2022 05:17:00 AM,County,GOOD HOPE RD,RAINBOW DR,,N/A,PEDESTRIAN,OTHER,CLEAR,DRY,DARK LIGHTS ON,STOP SIGN,NONE DETECTED,NONE DETECTED,08047BB8-5175-48A0-9795-220CA0357FC7,PEDESTRIAN,Standing,OTHER,AT INTERSECTION BUT NO CROSSWALK,Unknown,SUSPECTED MINOR INJURY,NONE,39.11042167,-76.979125,"(39.11042167, -76.979125)"
MCP23390081,230012269,Montgomery County Police,Injury Crash,03/14/2023 03:12:00 PM,,,,PARKING LOT OF 12085 ROCKVILLE PK,,PEDESTRIAN,HEAD ON,CLEAR,,DAYLIGHT,NO CONTROLS,NONE DETECTED,NONE DETECTED,CCF158D6-CE30-45FB-BBF4-A8FB78DAB9D5,PEDESTRIAN,Getting off/on Vehicle,OTHER,OTHER,Yes,SUSPECTED SERIOUS INJURY,N/A,39.05478663,-77.11541242,"(39.05478663, -77.11541242)"
MCP2077001S,170518841,Montgomery County Police,Injury Crash,07/21/2017 10:02:00 AM,,,,"PARKING LOT OF SUNOCO STATION; 14031 GEORGIA AVE, SILVER SPRING, MD",,PEDESTRIAN,OTHER,CLEAR,,DAYLIGHT,NO CONTROLS,N/A,NONE DETECTED,4E376801-EA3C-42CD-A353-22AE5735EBAC,PEDESTRIAN,Other,NO IMPROPER ACTIONS,OTHER,No,POSSIBLE INJURY,N/A,39.085032,-77.078111,"(39.085032, -77.078111)"
MCP30750014,180019184,Montgomery County Police,Injury Crash,04/19/2018 04:55:00 PM,Maryland (State),FREDERICK RD,GERMANTOWN RD,,N/A,BICYCLIST,OTHER,CLEAR,DRY,DAYLIGHT,TRAFFIC SIGNAL,UNKNOWN,N/A,DFB598CF-5696-48AA-98F6-C472AFE508BE,BICYCLIST,Cross/Enter at Intersection,NO IMPROPER ACTIONS,AT INTERSECTION MARKED CROSSWALK,No,SUSPECTED MINOR INJURY,UNKNOWN,39.19225194,-77.24285603,"(39.19225194, -77.24285603)"
MCP2777004C,180006738,Montgomery County Police,Injury Crash,02/08/2018 06:32:00 PM,County,WOODMONT AVE,LELAND ST,,N/A,PEDESTRIAN,OTHER,CLEAR,DRY,DARK LIGHTS ON,NO CONTROLS,NONE DETECTED,NONE DETECTED,2BDE1849-F487-4AE9-A4A4-63A243CE1848,PEDESTRIAN,Cross/Enter not at Intersection,NO IMPROPER ACTIONS,MIDBLOCK MARKED CROSSWALK,No,SUSPECTED MINOR INJURY,NONE,38.98009667,-77.093525,"(38.98009667, -77.093525)"
MCP32550022,210028107,Montgomery County Police,Injury Crash,07/20/2021 08:00:00 PM,,,,PARKING LOT IN FRONT OF BIG LOTS LOCATED AT 19142 MONTGOMERY VILLAGE AVE,,PEDESTRIAN,SINGLE VEHICLE,CLEAR,,DAYLIGHT,N/A,N/A,N/A,BE49E906-9545-480F-B4B4-B09245CE52F4,PEDESTRIAN,Other,NOT VISIBLE,OTHER,No,SUSPECTED MINOR INJURY,NONE,39.15664333,-77.22447833,"(39.15664333, -77.22447833)"
MCP29680035,190035150,Montgomery County Police,Property Damage Crash,07/24/2019 10:19:00 AM,Municipality,SEVEN LOCKS RD,WOOTTON PKWY,,ROCKVILLE,BICYCLIST,OTHER,CLEAR,DRY,DAYLIGHT,NO CONTROLS,N/A,N/A,7C1F6415-8BC1-47F8-AD54-6DC581810137,BICYCLIST,Cross/Enter at Intersection,N/A,ON ROADWAY AT CROSSWALK,No,NO APPARENT INJURY,NONE,39.06590833,-77.16065,"(39.06590833, -77.16065)"
MCP271700QX,190050876,Montgomery County Police,Injury Crash,10/23/2019 09:22:00 AM,Maryland (State),WISCONSIN AVE,BRADLEY LA,,N/A,PEDESTRIAN,OTHER,CLEAR,DRY,DAYLIGHT,TRAFFIC SIGNAL,NONE DETECTED,NONE DETECTED,DB176B04-50CE-4751-A99A-4B9D993CBC43,PEDESTRIAN,Cross/Enter at Intersection,NO IMPROPER ACTIONS,ON ROADWAY AT CROSSWALK,No,SUSPECTED MINOR INJURY,NONE,38.97695,-77.09067933,"(38.97695, -77.09067933)"
MCP32320027,210043862,Montgomery County Police,Injury Crash,10/30/2021 05:28:00 PM,Maryland (State),OLNEY SANDY SPRING RD,VILLAGE CENTER DR,,N/A,PEDESTRIAN,OTHER,CLEAR,DRY,DAYLIGHT,TRAFFIC SIGNAL,NONE DETECTED,NONE DETECTED,5416F9B7-70C8-42D1-B45A-FD789E9EBCF5,PEDESTRIAN,Cross/Enter at Intersection,NO IMPROPER ACTIONS,AT INTERSECTION MARKED CROSSWALK,No,POSSIBLE INJURY,N/A,39.15154033,-77.0651425,"(39.15154033, -77.0651425)"
MCP3006007G,220031975,Montgomery County Police,Injury Crash,07/25/2022 09:03:00 AM,,,,"12510 VEIRS MILL ROAD, ROCKVILLE, MD 20853 ON ROCKCREEK TERRACE DRIVEWAY",,BICYCLIST,STRAIGHT MOVEMENT ANGLE,CLEAR,,DAYLIGHT,NO CONTROLS,NONE DETECTED,NONE DETECTED,954A3E1C-32A4-42C6-89EA-4E23FD44A21A,BICYCLIST,Walking/Cycling on Sidewalk,WRONG WAY RIDING OR WALKING,SIDEWALK,Yes,POSSIBLE INJURY,MC/BIKE HELMET,39.06200167,-77.09347,"(39.06200167, -77.09347)"
MCP27650028,16023211,Montgomery County Police,Injury Crash,05/10/2016 04:18:00 PM,County,GAITHER RD,SHADY GROVE RD,,N/A,PEDESTRIAN,SINGLE VEHICLE,CLEAR,DRY,DAYLIGHT,TRAFFIC SIGNAL,NONE DETECTED,NONE DETECTED,7E883F1D-BB67-44B2-822C-B3F722888199,PEDESTRIAN,Cross/Enter at Intersection,DART DASH,ON ROADWAY AT CROSSWALK,No,POSSIBLE INJURY,NONE,39.11387,-77.18640833,"(39.11387, -77.18640833)"
MCP235800BX,230062660,Montgomery County Police,Injury Crash,10/26/2023 10:59:00 AM,County,SEVEN LOCKS RD,MACARTHUR BLVD,,N/A,PEDESTRIAN,OTHER,CLEAR,DRY,DAYLIGHT,STOP SIGN,NONE DETECTED,NONE DETECTED,9704BCBF-5EB8-415F-B318-AE696698D9FC,PEDESTRIAN,Cross/Enter at Intersection,UNKNOWN,ON ROADWAY AT CROSSWALK,Unknown,SUSPECTED SERIOUS INJURY,NONE,38.97446,-77.1616,"(38.97446, -77.1616)"
MCP2546002H,180040021,Montgomery County Police,Fatal Crash,08/11/2018 11:30:00 PM,Maryland (State),GEORGIA AVE,VEIRS MILL RD,,N/A,PEDESTRIAN,SINGLE VEHICLE,CLEAR,DRY,DARK LIGHTS ON,NO CONTROLS,NONE DETECTED,UNKNOWN,09BA6EF6-0D38-47E2-B63D-7E73FDF55718,PEDESTRIAN,Cross/Enter not at Intersection,UNKNOWN,ON ROADWAY NOT AT CROSSWALK,Unknown,FATAL INJURY,NONE,39.03765,-77.05047333,"(39.03765, -77.05047333)"
MCP2546002K,180050432,Montgomery County Police,Injury Crash,10/09/2018 06:56:00 AM,Maryland (State),GEORGIA AVE,WENDY LA,,N/A,PEDESTRIAN,ANGLE MEETS RIGHT TURN,CLEAR,DRY,DAWN,NO CONTROLS,NONE DETECTED,NONE DETECTED,EF09384E-517A-4BA0-9ACA-FC1CF80671BF,PEDESTRIAN,Standing,NO IMPROPER ACTIONS,SIDEWALK,No,POSSIBLE INJURY,N/A,39.078979,-77.07256,"(39.078979, -77.07256)"
MCP3290003N,240050175,MONTGOMERY,Injury Crash,10/20/2024 01:57:00 PM,Local Route,SILVER SPRING AVE,,,,Scooter (electric),Single Vehicle,Clear,Dry,Daylight,Traffic Control Signal,"Not Suspect of Alcohol Use, Not Suspect of Drug Use","Not Suspect of Alcohol Use, Not Suspect of Drug Use",421C4682-F1AA-42D3-A0E2-442A36ABE3EB,Scooter (electric),Walking/Cycling on Sidewalk,"Failure to Obey Traffic Signs, Signals, or Officer, Failure to Yield Right-Of-Way, Inattentive (Talking, Eating, etc.)",Intersection Unmarked Crosswalk,Yes,Possible Injury,None,38.99156083,-77.02682555,"(38.99156083, -77.02682555)"
MCP3423001D,250010989,MONTGOMERY,Injury Crash,03/13/2025 07:50:00 AM,County Route,FEATHERWOOD ST,,,,Pedestrian,Single Vehicle,Clear,Dry,Daylight,No Controls,"Not Suspect of Alcohol Use, Not Suspect of Drug Use","Not Suspect of Alcohol Use, Not Suspect of Drug Use",1E312939-A106-4EE0-908D-A2FBC7E69A6A,Pedestrian,Getting Off/On Vehicle,None (No Improper Action),Travel Lane Other Location,No,Possible Injury,"Lighting, Reflective Wear (backpack, triangles, etc.)",39.05773683,-76.9712545,"(39.05773683, -76.9712545)"
MCP3051006G,230010623,Montgomery County Police,Injury Crash,03/03/2023 08:25:00 PM,Maryland (State),WISCONSIN AVE,BRADLEY LA,,N/A,PEDESTRIAN,OTHER,RAINING,WET,DARK LIGHTS ON,OTHER,ALCOHOL PRESENT,NONE DETECTED,A915F1C4-9C72-45FC-8674-4062734F33BF,PEDESTRIAN,Cross/Enter at Intersection,NO IMPROPER ACTIONS,ON ROADWAY AT CROSSWALK,No,SUSPECTED MINOR INJURY,NONE,38.977025,-77.09094833,"(38.977025, -77.09094833)"
HA2388000S,19001829,Maryland-National Capital,Injury Crash,07/18/2019 10:11:00 AM,Government,BEACH DR,E STANHOPE RD,,N/A,BICYCLIST,SAME DIRECTION SIDESWIPE,CLEAR,DRY,DAYLIGHT,STOP SIGN,NONE DETECTED,NONE DETECTED,756BA778-071A-4EAB-8D30-23D622D9F9DB,BICYCLIST,Cross/Enter at Intersection,FAILURE TO OBEY TRAFFIC SIGNS SIGNALS OR OFFICER,AT INTERSECTION MARKED CROSSWALK,Yes,SUSPECTED SERIOUS INJURY,MC/BIKE HELMET,39.00942333,-77.07756333,"(39.00942333, -77.07756333)"
MCP3058002Q,190017277,Montgomery County Police,Injury Crash,04/13/2019 03:31:00 PM,County,CAVANAUGH DR,DEERBROOK DR,,N/A,BICYCLIST,HEAD ON LEFT TURN,CLOUDY,DRY,DAYLIGHT,NO CONTROLS,NONE DETECTED,NONE DETECTED,8D835E82-1DDC-4654-91B0-8E955EA5B06C,BICYCLIST,Cross/Enter at Intersection,NO IMPROPER ACTIONS,AT INTERSECTION BUT NO CROSSWALK,No,SUSPECTED MINOR INJURY,MC/BIKE HELMET,39.08053333,-77.21493333,"(39.08053333, -77.21493333)"
MCP25880023,16063188,Montgomery County Police,Injury Crash,12/09/2016 11:51:00 AM,,,,PARKING LOT OF ASPEN HILL SHOPPING CENTER  (13729 CONNECTICUT AVE),,PEDESTRIAN,OTHER,CLEAR,,DAYLIGHT,N/A,NONE DETECTED,NONE DETECTED,8BDABFAE-4574-40F3-8BCF-1F3ADDE94ACD,PEDESTRIAN,Other,NO IMPROPER ACTIONS,ON ROADWAY AT CROSSWALK,No,SUSPECTED SERIOUS INJURY,N/A,39.05842667,-77.04802833,"(39.05842667, -77.04802833)"
MCP2160000C,16004056,Montgomery County Police,Injury Crash,01/23/2016 04:54:00 PM,,,,PARKING LOT OF 24 MONTGOMERY VILLAGE AVE,,PEDESTRIAN,SINGLE VEHICLE,BLOWING SNOW,,DAYLIGHT,N/A,NONE DETECTED,NONE DETECTED,B9F679B9-108E-4191-82E2-6DDE72CCF9FE,PEDESTRIAN,Other,NOT VISIBLE,OTHER,No,POSSIBLE INJURY,N/A,39.15543936,-77.2082448,"(39.15543936, -77.2082448)"
MCP2487002S,220045804,Montgomery County Police,Injury Crash,10/19/2022 07:16:00 AM,Maryland (State),FISHER AVE,WOOTTON AVE,,POOLESVILLE,PEDESTRIAN,SINGLE VEHICLE,CLOUDY,DRY,DAWN,NO CONTROLS,NONE DETECTED,N/A,C9A7101B-E096-4163-A837-50ABCFEE1388,PEDESTRIAN,Cross/Enter at Intersection,NO IMPROPER ACTIONS,ON ROADWAY AT CROSSWALK,No,SUSPECTED SERIOUS INJURY,NONE,39.14208282,-77.40739193,"(39.14208282, -77.40739193)"
MCP15630070,210038220,Montgomery County Police,Injury Crash,09/27/2021 11:23:00 AM,,,,PARKING LOT OF 2450 LYTTONSVILLE RD,,PEDESTRIAN,SINGLE VEHICLE,CLEAR,,DAYLIGHT,NO CONTROLS,NONE DETECTED,NONE DETECTED,96EFA1D0-56A3-4B11-87AC-5745CD7913BF,PEDESTRIAN,Other,NO IMPROPER ACTIONS,OTHER,No,POSSIBLE INJURY,N/A,38.9987267,-77.05132741,"(38.9987267, -77.05132741)"
MCP2445003N,220016587,Montgomery County Police,Injury Crash,04/19/2022 12:51:00 PM,,,,IN THE CAR WASH BAY OF 20440 GERMANTOWN RD,,PEDESTRIAN,SAME DIR REAR END,CLOUDY,,DAYLIGHT,NO CONTROLS,NONE DETECTED,NONE DETECTED,371CEB44-45F2-4A67-8988-16791A4B215B,PEDESTRIAN,Standing,OTHER,OTHER,No,POSSIBLE INJURY,NONE,39.1921695,-77.24407583,"(39.1921695, -77.24407583)"
MCP2675000N,15010679,Montgomery County Police,Injury Crash,03/08/2015 03:30:00 AM,,,,"11219 Grandview Ave
Montgomery County Public Parking Lot 13",,PEDESTRIAN,N/A,CLEAR,,DARK LIGHTS ON,NO CONTROLS,ALCOHOL PRESENT,ALCOHOL PRESENT,283C0567-8779-4A7F-B0A5-740102130239,PEDESTRIAN,Standing,NO IMPROPER ACTIONS,OTHER,,SUSPECTED SERIOUS INJURY,N/A,39.0396,-77.05226833,"(39.0396, -77.05226833)"
MCP2991000N,16012108,MONTGOMERY,Injury Crash,03/11/2016 11:30:00 AM,Maryland (State),UNIVERSITY BLVD W,GRANDVIEW AVE,,N/A,PEDESTRIAN,SINGLE VEHICLE,N/A,N/A,DAYLIGHT,TRAFFIC SIGNAL,NONE DETECTED,NONE DETECTED,666A22C5-51DD-4126-B30B-73251BD3832F,PEDESTRIAN,Cross/Enter at Intersection,NO IMPROPER ACTIONS,ON ROADWAY AT CROSSWALK,No,SUSPECTED MINOR INJURY,N/A,39.04119253,-77.05307499,"(39.04119253, -77.05307499)"
MCP25490051,16036515,Montgomery County Police,Injury Crash,07/19/2016 11:50:00 AM,County,MACARTHUR BLVD,WILSON LA,,N/A,BICYCLIST,SAME DIRECTION SIDESWIPE,CLEAR,DRY,DAYLIGHT,NO CONTROLS,NONE DETECTED,NONE DETECTED,1503840F-C64E-45D2-9156-365BDDFADFF9,BICYCLIST,Walking/Riding w/Traffic,IN ROADWAY IMPROPERLY,OUTSIDE RIGHT OF WAY,Yes,SUSPECTED MINOR INJURY,MC/BIKE HELMET,38.97283085,-77.1460712,"(38.97283085, -77.1460712)"
MCP1342002N,190040667,Montgomery County Police,Injury Crash,08/25/2019 01:27:00 PM,County,RIVER RD,SENECA RD,,N/A,BICYCLIST,SAME DIR REAR END,CLEAR,DRY,DAYLIGHT,NO CONTROLS,NONE DETECTED,NONE DETECTED,CEBAFD94-95F3-4537-B164-72EC6B159771,BICYCLIST,Walking/Riding w/Traffic,NO IMPROPER ACTIONS,ON ROADWAY NOT AT CROSSWALK,No,SUSPECTED MINOR INJURY,MC/BIKE HELMET,39.07809333,-77.33474167,"(39.07809333, -77.33474167)"
MCP2116003Q,16006064,Montgomery County Police,Injury Crash,02/05/2016 05:11:00 PM,Municipality,W GUDE DR,PICCARD DR,,ROCKVILLE,PEDESTRIAN,STRAIGHT MOVEMENT ANGLE,CLEAR,DRY,DUSK,TRAFFIC SIGNAL,N/A,NONE DETECTED,D92DD21D-ABA4-4FF7-B86B-278C0FD1A294,PEDESTRIAN,Cross/Enter at Intersection,NO IMPROPER ACTIONS,ON ROADWAY AT CROSSWALK,No,SUSPECTED MINOR INJURY,NONE,39.101867,-77.177141,"(39.101867, -77.177141)"
MCP3130003V,210033180,Montgomery County Police,Property Damage Crash,08/25/2021 02:00:00 PM,,,,STRUCK BUILDING 3402 HEWITT AVE. SILVER SPRING MD 20906,,OTHER,SINGLE VEHICLE,CLEAR,,DAYLIGHT,N/A,NONE DETECTED,N/A,C9506193-923B-453C-9C2E-4681089ECD31,OTHER,N/A,N/A,N/A,No,NO APPARENT INJURY,N/A,39.07843833,-77.06838333,"(39.07843833, -77.06838333)"
EJ7889001N,210049729,Gaithersburg Police Depar,Injury Crash,12/07/2021 04:40:00 PM,County,EMORY GROVE RD,CUL DE SAC,,N/A,PEDESTRIAN,OTHER,CLEAR,DRY,DUSK,NO CONTROLS,NONE DETECTED,NONE DETECTED,94C668F7-497B-47F1-9AA5-00C48CCBFFFA,PEDESTRIAN,Getting off/on Vehicle,NO IMPROPER ACTIONS,N/A,No,SUSPECTED MINOR INJURY,NONE,39.15288863,-77.17652322,"(39.15288863, -77.17652322)"
MCP3268000K,200040192,Montgomery County Police,Injury Crash,10/12/2020 05:00:00 PM,Maryland (State),COLESVILLE RD,EAST WEST HWY,,N/A,OTHER,STRAIGHT MOVEMENT ANGLE,CLEAR,DRY,DAYLIGHT,STOP SIGN,N/A,N/A,70839808-DDEC-4427-924C-E3D42ED6B47B,OTHER,Cross/Enter at Intersection,NO IMPROPER ACTIONS,ON ROADWAY AT CROSSWALK,No,SUSPECTED MINOR INJURY,N/A,38.9935873,-77.03225235,"(38.9935873, -77.03225235)"
MCP3163002J,200003614,Montgomery County Police,Injury Crash,01/22/2020 03:30:00 PM,County,WESTBARD AVE,RIDGEFIELD RD,,N/A,PEDESTRIAN,HEAD ON LEFT TURN,N/A,DRY,DAYLIGHT,TRAFFIC SIGNAL,NONE DETECTED,N/A,7D721C70-8453-454C-957A-E67F5B548A46,PEDESTRIAN,Cross/Enter at Intersection,N/A,ON ROADWAY AT CROSSWALK,No,POSSIBLE INJURY,N/A,38.961452,-77.106857,"(38.961452, -77.106857)"
MCP2895002L,220045245,Montgomery County Police,Injury Crash,10/15/2022 04:30:00 PM,County,CENTURY BLVD,PINNACLE DR,,N/A,PEDESTRIAN,OTHER,CLEAR,DRY,DAYLIGHT,NO CONTROLS,UNKNOWN,NONE DETECTED,911D7207-0EF5-4EC1-ADD8-FE2B8ABF2AF2,PEDESTRIAN,Cross/Enter not at Intersection,NO IMPROPER ACTIONS,ON ROADWAY NOT AT CROSSWALK,Yes,SUSPECTED MINOR INJURY,NONE,39.18207333,-77.26526833,"(39.18207333, -77.26526833)"
DD55670015,230062313,Rockville Police Departme,Injury Crash,10/24/2023 01:34:00 PM,,,,PARKING LOT OF 45 W GUDE DR,,PEDESTRIAN,SINGLE VEHICLE,CLEAR,,DAYLIGHT,N/A,NONE DETECTED,NONE DETECTED,C2B1224B-6C17-4367-9B7E-CAB438695372,PEDESTRIAN,Other,OTHER,OTHER,No,SUSPECTED MINOR INJURY,NONE,39.10780605,-77.16144929,"(39.10780605, -77.16144929)"
MCP2765001J,15039834,MONTGOMERY,Injury Crash,08/10/2015 06:49:00 PM,County,GAINSBOROUGH RD,TUCKERMAN LA,,N/A,PEDESTRIAN,SINGLE VEHICLE,CLEAR,DRY,DAYLIGHT,TRAFFIC SIGNAL,NONE DETECTED,NONE DETECTED,1235B49F-C91B-4057-A1A2-3BF40BD54118,PEDESTRIAN,Cross/Enter at Intersection,INATTENTIVE,ON ROADWAY AT CROSSWALK,No,POSSIBLE INJURY,N/A,39.040995,-77.17249833,"(39.040995, -77.17249833)"