Report Number,Local Case Number,Agency Name,ACRS Report Type,Crash Date/Time,Route Type,Road Name,Cross-Street Name,Off-Road Description,Municipality,Related Non-Motorist,Collision Type,Weather,Surface Condition,Light,Traffic Control,Driver Substance Abuse,Non-Motorist Substance Abuse,Person ID,Pedestrian Type,Pedestrian Movement,Pedestrian Actions,Pedestrian Location,At Fault,Injury Severity,Safety Equipment,Latitude,Longitude,Location
MCP27520015,15062939,MONTGOMERY,Injury Crash,12/09/2015 06:28:00 PM,County,BROOKDALE RD,RIVER RD,,N/A,BICYCLIST,STRAIGHT MOVEMENT ANGLE,CLEAR,DRY,DARK LIGHTS ON,STOP SIGN,NONE DETECTED,NONE DETECTED,6A04F885-D91A-4972-ADA2-DC8E1760D21E,BICYCLIST,Cross/Enter at Intersection,NO IMPROPER ACTIONS,SIDEWALK,No,SUSPECTED MINOR INJURY,MC/BIKE HELMET,38.96303167,-77.09431667,"(38.96303167, -77.09431667)"
MCP2935001Y,190030710,Montgomery County Police,Injury Crash,06/27/2019 05:45:00 PM,County,WAYNE AVE,GEORGIA AVE,,N/A,PEDESTRIAN,OTHER,N/A,N/A,DAYLIGHT,TRAFFIC SIGNAL,NONE DETECTED,NONE DETECTED,12065FCF-DECA-4239-9406-2CF66D47AA25,PEDESTRIAN,Cross/Enter at Intersection,NO IMPROPER ACTIONS,ON ROADWAY AT CROSSWALK,No,SUSPECTED MINOR INJURY,NONE,38.99456497,-77.02715324,"(38.99456497, -77.02715324)"
MCP3019005B,220044739,Montgomery County Police,Injury Crash,10/12/2022 08:45:00 PM,Maryland (State),WISCONSIN AVE,LELAND ST,,N/A,PEDESTRIAN,SINGLE VEHICLE,CLEAR,DRY,DARK LIGHTS ON,TRAFFIC SIGNAL,N/A,N/A,3D80BE30-83EA-4DCC-92E2-AA175BE692BC,PEDESTRIAN,Cross/Enter at Intersection,NO IMPROPER ACTIONS,ON ROADWAY AT CROSSWALK,No,SUSPECTED MINOR INJURY,N/A,38.98020833,-77.091825,"(38.98020833, -77.091825)"
MCP2422001F,16038233,Montgomery County Police,Injury Crash,07/28/2016 05:42:00 PM,Maryland (State),WOODFIELD RD,AIRPARK RD,,N/A,BICYCLIST,OTHER,RAINING,WET,DAYLIGHT,YIELD SIGN,N/A,NONE DETECTED,C9E7C8D3-5EB2-4F34-9AD8-789DBFF3176D,BICYCLIST,Cross/Enter at Intersection,NO IMPROPER ACTIONS,AT INTERSECTION MARKED CROSSWALK,No,SUSPECTED MINOR INJURY,N/A,39.168425,-77.155045,"(39.168425, -77.155045)"
MCP3225000F,200016839,Montgomery County Police,Injury Crash,04/22/2020 07:03:00 PM,County,RANDOLPH RD,COLIE DR,,N/A,PEDESTRIAN,SINGLE VEHICLE,CLEAR,DRY,DAYLIGHT,N/A,NONE DETECTED,NONE DETECTED,7C63DC7F-5740-45D9-8DDB-44C3768DF042,PEDESTRIAN,Walking/Cycling on Sidewalk,NO IMPROPER ACTIONS,SIDEWALK,No,SUSPECTED MINOR INJURY,NONE,39.05763712,-77.07974648,"(39.05763712, -77.07974648)"
MCP2671002D,20004484,Montgomery County Police,Property Damage Crash,01/27/2020 04:50:00 PM,Maryland (State),EAST WEST HWY,COLESVILLE RD,,N/A,PEDESTRIAN,SAME DIR REAR END,N/A,DRY,DAYLIGHT,NO CONTROLS,NONE DETECTED,NONE DETECTED,8DDD9188-4EE5-487D-98ED-F85B5B73B74E,PEDESTRIAN,Playing,DART DASH,SIDEWALK,Yes,NO APPARENT INJURY,NONE,39.11418,-77.19300667,"(39.11418, -77.19300667)"
MCP2689009L,230024062,Montgomery County Police,Injury Crash,05/19/2023 02:41:00 PM,County,TUCKERMAN LA,GAINSBOROUGH RD,,N/A,PEDESTRIAN,SINGLE VEHICLE,CLEAR,DRY,DAYLIGHT,NO CONTROLS,NONE DETECTED,NONE DETECTED,84D09930-BD56-4985-B208-9A5D18A7FC8F,PEDESTRIAN,Cross/Enter not at Intersection,FAILURE TO YIELD RIGHT OF WAY,ON ROADWAY NOT AT CROSSWALK,Yes,SUSPECTED MINOR INJURY,NONE,39.0408405,-77.1747445,"(39.0408405, -77.1747445)"
MCP2339006S,220008272,Montgomery County Police,Injury Crash,02/25/2022 04:06:00 PM,Municipality,PICCARD DR,GAITHER RD,,ROCKVILLE,"OTHER, PEDESTRIAN",OTHER,CLEAR,DRY,DAYLIGHT,TRAFFIC SIGNAL,NONE DETECTED,NONE DETECTED,4850C407-E0CF-4AA3-9D41-3447CC487744,PEDESTRIAN,Cross/Enter at Intersection,NO IMPROPER ACTIONS,ON ROADWAY AT CROSSWALK,No,POSSIBLE INJURY,NONE,39.115235,-77.17854167,"(39.115235, -77.17854167)"
MCP3156000C,180041721,Montgomery County Police,Injury Crash,08/22/2018 05:39:00 AM,Maryland (State),PINEY BRANCH RD,DALE DR,,N/A,PEDESTRIAN,OTHER,CLEAR,DRY,DAWN,TRAFFIC SIGNAL,NONE DETECTED,NONE DETECTED,9C0E9226-04D0-4B42-95CA-FFB7B70E04A3,PEDESTRIAN,Cross/Enter at Intersection,DART DASH,ON ROADWAY AT CROSSWALK,Yes,SUSPECTED SERIOUS INJURY,N/A,38.99367,-77.009205,"(38.99367, -77.009205)"
MCP30260088,220039789,Montgomery County Police,Property Damage Crash,09/13/2022 02:09:00 PM,,,,PARKING LOT OF 2201 COLSTON DR,,OTHER,SINGLE VEHICLE,CLEAR,,DAYLIGHT,N/A,NONE DETECTED,NONE DETECTED,349AA3D3-CE3B-451B-8A09-54249AF49F26,OTHER,N/A,N/A,INSIDE BUILDING,No,NO APPARENT INJURY,N/A,38.99475167,-77.04674167,"(38.99475167, -77.04674167)"
MCP302600BQ,230055212,Montgomery County Police,Property Damage Crash,09/16/2023 10:51:00 AM,Maryland (State),OLD GEORGETOWN RD,RAMP 6 FR IS 495 EB TO MD 187 SB,,N/A,PEDESTRIAN,SAME DIRECTION SIDESWIPE,CLEAR,DRY,DAYLIGHT,TRAFFIC SIGNAL,NONE DETECTED,NONE DETECTED,DBE8A96A-58AA-4182-B2DB-7D4BE9746423,PEDESTRIAN,Getting off/on Vehicle,IN ROADWAY IMPROPERLY,ON ROADWAY NOT AT CROSSWALK,No,NO APPARENT INJURY,NONE,39.01735406,-77.12018279,"(39.01735406, -77.12018279)"
MCP31990020,200025808,Montgomery County Police,Injury Crash,07/03/2020 10:48:00 AM,Other Public Roadway,GEORGIAN WOODS PL,GEORGIA AVE,,N/A,PEDESTRIAN,OPPOSITE DIRECTION SIDESWIPE,CLEAR,DRY,DAYLIGHT,NO CONTROLS,NONE DETECTED,NONE DETECTED,5183E680-D4C4-458D-B70A-D74F2D3C31CC,PEDESTRIAN,Walking/Cycling on Sidewalk,NO IMPROPER ACTIONS,SIDEWALK,No,SUSPECTED MINOR INJURY,N/A,39.05581306,-77.04831466,"(39.05581306, -77.04831466)"
MCP1550005X,250012025,MONTGOMERY,Injury Crash,03/19/2025 12:55:00 PM,County Route,WOODGLEN DR (NB/L),SECURITY LA,,,Pedestrian,Single Vehicle,Clear,Dry,Daylight,Stop Sign,"Not Suspect of Alcohol Use, Not Suspect of Drug Use","Not Suspect of Alcohol Use, Not Suspect of Drug Use",D1B762A2-CDF6-489D-973F-56E1B38D2B54,Pedestrian,Cross/Enter at Intersection,None (No Improper Action),Intersection Marked Crosswalk,No,Suspected Minor Injury,None,39.04194967,-77.11322117,"(39.04194967, -77.11322117)"
MCP28820023,170525535,Montgomery County Police,Injury Crash,08/18/2017 02:55:00 PM,,,,PARKING LOT IN FRONT OF 19552 CRYSTAL ROCK DRIVE,,BICYCLIST,SINGLE VEHICLE,CLEAR,,DAYLIGHT,N/A,NONE DETECTED,NONE DETECTED,ED97011A-C539-43C8-8CE1-E640E8DCF638,BICYCLIST,Playing,INATTENTIVE,OTHER,Yes,SUSPECTED MINOR INJURY,NONE,39.17810167,-77.26309833,"(39.17810167, -77.26309833)"
MCP2891008Y,200007244,Montgomery County Police,Injury Crash,02/13/2020 06:06:00 AM,County,DENNIS AVE,GEORGIA AVE,,N/A,PEDESTRIAN,SINGLE VEHICLE,RAINING,WET,DARK LIGHTS ON,TRAFFIC SIGNAL,NONE DETECTED,NONE DETECTED,8C1876F4-F07E-4AF7-B854-FC90A4EDAB2D,PEDESTRIAN,Cross/Enter at Intersection,NO IMPROPER ACTIONS,ON ROADWAY AT CROSSWALK,No,SUSPECTED MINOR INJURY,N/A,39.02510167,-77.04468333,"(39.02510167, -77.04468333)"
MCP3258003J,230069448,Montgomery County Police,Injury Crash,12/02/2023 10:21:00 AM,,,,PARKING LOT OF 16227 BATCHELLORS FOREST RD,,PEDESTRIAN,OTHER,FOGGY,,DAYLIGHT,N/A,NONE DETECTED,NONE DETECTED,20A55BEB-C020-4FBC-9265-D75BFF816B86,PEDESTRIAN,Standing,NO IMPROPER ACTIONS,OTHER,No,POSSIBLE INJURY,N/A,39.12034667,-77.06979,"(39.12034667, -77.06979)"
MCP304800BL,230057465,Montgomery County Police,Property Damage Crash,09/29/2023 12:00:00 PM,Maryland (State),CONNECTICUT AVE,TAYLOR ST,,CHEVY CHASE #3,OTHER,SAME DIRECTION SIDESWIPE,CLOUDY,DRY,DAYLIGHT,NO CONTROLS,N/A,N/A,35759F61-1EED-4D2C-A09C-339597767B6C,OTHER,Other,N/A,N/A,No,NO APPARENT INJURY,N/A,38.97973783,-77.077215,"(38.97973783, -77.077215)"
EJ78350002,16021016,Gaithersburg Police Depar,Injury Crash,04/28/2016 10:02:00 PM,Municipality,N SUMMIT AVE,BROOKS AVE,,GAITHERSBURG,PEDESTRIAN,SAME DIRECTION LEFT TURN,OTHER,WET,DARK LIGHTS ON,TRAFFIC SIGNAL,N/A,NONE DETECTED,2961D03A-E3F1-4E6D-9649-9836D3DF08C0,PEDESTRIAN,Cross/Enter at Intersection,DART DASH,ON ROADWAY AT CROSSWALK,No,SUSPECTED MINOR INJURY,N/A,39.14427667,-77.19286167,"(39.14427667, -77.19286167)"
DD56280015,180052350,Rockville Police Departme,Injury Crash,10/19/2018 10:45:00 AM,Maryland (State),FREDERICK RD,RIDGEMONT AVE,,ROCKVILLE,OTHER,ANGLE MEETS LEFT TURN,CLEAR,DRY,DAYLIGHT,TRAFFIC SIGNAL,NONE DETECTED,N/A,DE5CB616-5780-488F-AA94-F70828E3A67F,OTHER,N/A,NO IMPROPER ACTIONS,N/A,No,NO APPARENT INJURY,N/A,39.11906755,-77.17191204,"(39.11906755, -77.17191204)"
HA2372001K,24002019,MCPARK,Injury Crash,09/22/2024 03:54:00 PM,Local Route,LAKE RIDGE DR,,,,Scooter (non-Electric),Single Vehicle,Clear,Dry,Daylight,No Controls,"Not Suspect of Alcohol Use, Not Suspect of Drug Use","Not Suspect of Alcohol Use, Not Suspect of Drug Use",32E1735F-F04E-42D9-89B0-2CE530FDA20B,Scooter (non-Electric),Other,Failure to Yield Right-Of-Way,Travel Lane Other Location,No,Suspected Minor Injury,None,39.1926428,-77.29502308,"(39.1926428, -77.29502308)"
MCP9318003L,250000746,MONTGOMERY,Injury Crash,01/06/2025 04:56:00 PM,Maryland (State) Route,NEW HAMPSHIRE AVE,,,,Pedestrian,Single Vehicle,Blowing Snow,Ice/Frost,Dusk,Traffic Control Signal,"Suspect of Alcohol Use, Unknown","Not Suspect of Alcohol Use, Not Suspect of Drug Use",17991FC0-C7EE-4FE5-993C-EABCAF82721B,Pedestrian,Walking/Cycling on Sidewalk,None (No Improper Action),Sidewalk,No,Suspected Serious Injury,None,39.01547538,-76.97754218,"(39.01547538, -76.97754218)"
DD5649003W,240047597,ROCKVILLE,Injury Crash,10/05/2024 07:25:00 PM,Maryland (State) Route,ROCKVILLE PIKE (SB/L),,,,Pedestrian,Unknown,Clear,Dry,Dark - Lighted,No Controls,"Not Suspect of Alcohol Use, Not Suspect of Drug Use","Not Suspect of Alcohol Use, Not Suspect of Drug Use",47426DC1-889D-4650-A137-D9B0E6AF1711,Pedestrian,Cross/Enter Not at Intersection,None (No Improper Action),Midblock Marked Crosswalk,No,Suspected Minor Injury,None,39.05972847,-77.12235105,"(39.05972847, -77.12235105)"
MCP3400001L,240041121,MONTGOMERY,Injury Crash,08/30/2024 04:04:00 PM,US (State),COLESVILLE RD,CRESTMOOR DR,,,Scooter (electric),Single Vehicle,Cloudy,Dry,Daylight,Stop Sign,"Not Suspect of Alcohol Use, Not Suspect of Drug Use","Not Suspect of Alcohol Use, Not Suspect of Drug Use",2D88A823-CEC3-46AF-968B-3FFB6E9E0D11,Scooter (electric),Cross/Enter at Intersection,None (No Improper Action),Intersection Unmarked Crosswalk,No,Suspected Minor Injury,None,39.02793225,-77.00900529,"(39.02793225, -77.00900529)"
MCP20610005,15061920,Montgomery County Police,Injury Crash,11/12/2015 07:30:00 AM,Municipality,NORRIS RD,FISHER AVE,,N/A,PEDESTRIAN,STRAIGHT MOVEMENT ANGLE,CLEAR,DRY,DAWN,STOP SIGN,N/A,N/A,0B3B1321-2B1E-46E3-84B4-FA167BB1684F,PEDESTRIAN,Cross/Enter at Intersection,NO IMPROPER ACTIONS,ON ROADWAY AT CROSSWALK,Unknown,SUSPECTED MINOR INJURY,NONE,39.14544691,-77.41474271,"(39.14544691, -77.41474271)"
MCP3129006B,230007320,Montgomery County Police,Injury Crash,02/13/2023 03:49:00 PM,County,RANDOLPH RD,VEIRS MILL RD,,N/A,PEDESTRIAN,SINGLE VEHICLE,CLEAR,DRY,DAYLIGHT,TRAFFIC SIGNAL,NONE DETECTED,NONE DETECTED,F891A954-344C-4048-8F39-3F2447D00440,PEDESTRIAN,Cross/Enter at Intersection,NO IMPROPER ACTIONS,ON ROADWAY AT CROSSWALK,No,SUSPECTED MINOR INJURY,N/A,39.05625874,-77.0825617,"(39.05625874, -77.0825617)"
MCP23990095,240041558,MONTGOMERY,Injury Crash,09/02/2024 02:54:00 PM,County Route,WIGHTMAN RD,ASPENWOOD LA,,,Cyclist (Electric),Single Vehicle,Clear,Dry,Daylight,Stop Sign,"Not Suspect of Alcohol Use, Not Suspect of Drug Use","Not Suspect of Alcohol Use, Not Suspect of Drug Use",B852944F-F3EB-4F17-9F7F-FB8FEC03F721,Cyclist (Electric),Walking/Cycling Along Roadway With Traffic (In or Adjacent to Travel Lane),None (No Improper Action),Shoulder/Roadside,No,Possible Injury,Unknown,39.19406525,-77.19494219,"(39.19406525, -77.19494219)"
MCP1210005Y,230019807,Montgomery County Police,Injury Crash,04/25/2023 04:37:00 PM,,,,EXXON PARKING LOT AT 16425 S FREDERICK AVE,,PEDESTRIAN,SINGLE VEHICLE,CLEAR,,DAYLIGHT,N/A,NONE DETECTED,NONE DETECTED,23B4D228-4360-4CFA-B6D5-D2AEE91DAF3D,PEDESTRIAN,Standing,NO IMPROPER ACTIONS,OTHER,No,SUSPECTED MINOR INJURY,NONE,39.1261727,-77.18230353,"(39.1261727, -77.18230353)"
MCP2422000S,15037992,MONTGOMERY,Injury Crash,07/31/2015 09:16:00 PM,County,AMHERST AVE,UNIVERSITY BLVD W,,N/A,PEDESTRIAN,OTHER,CLEAR,DRY,DARK LIGHTS ON,N/A,N/A,ALCOHOL PRESENT,53BE940C-9C39-4656-958D-C777F68DF608,PEDESTRIAN,Cross/Enter not at Intersection,IN ROADWAY IMPROPERLY,ON ROADWAY NOT AT CROSSWALK,Yes,POSSIBLE INJURY,N/A,39.04106961,-77.04837441,"(39.04106961, -77.04837441)"
MCP3410000H,240049388,MONTGOMERY,Property Damage Crash,10/16/2024 07:53:00 AM,,,,Private Road        SCHOOL BUS DROP OFF LANE.,,Pedestrian,Single Vehicle,Clear,,Daylight,,"Not Suspect of Alcohol Use, Not Suspect of Drug Use","Not Suspect of Alcohol Use, Not Suspect of Drug Use",2EF075D3-23A8-4856-B12C-47EE1C8DC7B3,Pedestrian,Cross/Enter Not at Intersection,None (No Improper Action),Other,No,No Apparent Injury,None,39.06486013,-77.03897102,"(39.06486013, -77.03897102)"
MCP1151002C,15006874,Montgomery County Police,Injury Crash,02/11/2015 07:45:00 AM,Maryland (State),FREDERICK RD,HIGH POINT DR,,N/A,PEDESTRIAN,OTHER,CLEAR,DRY,DAYLIGHT,NO CONTROLS,NONE DETECTED,NONE DETECTED,5B78D3B8-D9D9-4896-9B6E-90AED8348B3C,PEDESTRIAN,Cross/Enter not at Intersection,DART DASH,ON ROADWAY NOT AT CROSSWALK,,SUSPECTED SERIOUS INJURY,N/A,39.16927333,-77.23471833,"(39.16927333, -77.23471833)"
MCP33520023,240041163,MONTGOMERY,Property Damage Crash,08/30/2024 08:18:00 PM,,,,Parking Lot Way        PARKING LOT OF MONTGOMERY VILLAGE SHOPPING CENTER,,Pedestrian,Single Vehicle,Clear,,Dark - Lighted,,"Unknown, Unknown","Not Suspect of Alcohol Use, Not Suspect of Drug Use",AD72E5B7-3CC0-4E27-9EFC-86E61A0FD485,Pedestrian,Cross/Enter at Intersection,None (No Improper Action),Intersection Marked Crosswalk,No,No Apparent Injury,None,39.17096881,-77.20523324,"(39.17096881, -77.20523324)"
EJ7888002C,220023231,Gaithersburg Police Depar,Injury Crash,05/31/2022 08:00:00 AM,County,MONTGOMERY VILLAGE AVE,CENTERWAY RD,,N/A,BICYCLIST,SAME DIRECTION SIDESWIPE,CLEAR,DRY,DAYLIGHT,UNKNOWN,UNKNOWN,NONE DETECTED,0BA6B6AB-4E2F-46A2-8755-0B9A55C1A24A,BICYCLIST,Walking/Riding w/Traffic,NO IMPROPER ACTIONS,ON ROADWAY NOT AT CROSSWALK,No,SUSPECTED SERIOUS INJURY,MC/BIKE HELMET,39.17209209,-77.2035929,"(39.17209209, -77.2035929)"
MCP2881006K,240047797,MONTGOMERY,Property Damage Crash,10/07/2024 07:50:00 AM,County Route,ETERNITY RD,AMARILLO DR HOPKINS RD,,,Pedestrian,Single Vehicle,Clear,Dry,Daylight,Stop Sign,"Not Suspect of Alcohol Use, Not Suspect of Drug Use","Not Suspect of Alcohol Use, Not Suspect of Drug Use",BAA214DB-5B43-4C97-B68A-876FED2E7258,Pedestrian,Cross/Enter at Intersection,None (No Improper Action),Intersection Unmarked Crosswalk,No,No Apparent Injury,None,39.16879435,-77.29062071,"(39.16879435, -77.29062071)"
MCP3129005Z,230001275,Montgomery County Police,Injury Crash,01/09/2023 08:31:00 AM,,,,"ENTRANCE TO 12901 GEORGIA AVE, SILVER SPRING MD, 20906",,PEDESTRIAN,SINGLE VEHICLE,CLEAR,,DAYLIGHT,NO CONTROLS,NONE DETECTED,NONE DETECTED,9F1CCA84-7202-4497-BBC2-0F148EDB9202,PEDESTRIAN,Walking/Cycling on Sidewalk,INATTENTIVE,OTHER,No,SUSPECTED MINOR INJURY,N/A,39.0675126,-77.06024901,"(39.0675126, -77.06024901)"
MCP25980022,180058978,Montgomery County Police,Injury Crash,11/25/2018 05:01:00 PM,County,BONIFANT ST,GEORGIA AVE,,N/A,PEDESTRIAN,STRAIGHT MOVEMENT ANGLE,CLEAR,DRY,DARK LIGHTS ON,NO CONTROLS,NONE DETECTED,NONE DETECTED,05032B3E-FEC6-4EC7-B089-C4375E9BA1D4,PEDESTRIAN,Cross/Enter not at Intersection,INATTENTIVE,ON ROADWAY NOT AT CROSSWALK,Yes,POSSIBLE INJURY,NONE,38.99346635,-77.0261458,"(38.99346635, -77.0261458)"
MCP2766006N,210050029,Montgomery County Police,Injury Crash,12/09/2021 03:22:00 PM,County,WIMBLEDON DR,LONGMEAD CROSSING DR,,N/A,PEDESTRIAN,SINGLE VEHICLE,CLEAR,DRY,DAYLIGHT,STOP SIGN,NONE DETECTED,NONE DETECTED,BD24B073-C388-4597-ACCA-C6AFE3342B01,PEDESTRIAN,Cross/Enter at Intersection,NO IMPROPER ACTIONS,ON ROADWAY AT CROSSWALK,No,POSSIBLE INJURY,NONE,39.099425,-77.04786833,"(39.099425, -77.04786833)"
MCP3039002K,180026788,Montgomery County Police,Injury Crash,05/31/2018 04:30:00 PM,,,,"PARKING LOT OF 10225 FREDERICK AVENUE, KENSINGTON, 20895",,PEDESTRIAN,OTHER,CLEAR,,DAYLIGHT,NO CONTROLS,NONE DETECTED,NONE DETECTED,22891409-7761-4F85-8EE7-0741D023FB1C,PEDESTRIAN,Other Working,NO IMPROPER ACTIONS,CURB,No,SUSPECTED MINOR INJURY,N/A,39.02828667,-77.07524833,"(39.02828667, -77.07524833)"
EJ7885003T,230067666,Gaithersburg Police Depar,Injury Crash,11/21/2023 04:41:00 PM,Municipality,W DEER PARK RD,BRIGHTON DR,,GAITHERSBURG,PEDESTRIAN,OTHER,RAINING,WET,DARK LIGHTS ON,NO CONTROLS,NONE DETECTED,NONE DETECTED,36CC16F8-73E6-4F68-9FB6-1E15E03FF6C3,PEDESTRIAN,Cross/Enter at Intersection,NO IMPROPER ACTIONS,ON ROADWAY AT CROSSWALK,No,POSSIBLE INJURY,NONE,39.130494,-77.20112133,"(39.130494, -77.20112133)"
MCP31300026,200004280,Montgomery County Police,Property Damage Crash,01/26/2020 11:15:00 AM,,,,"14030 CONNECTICUT AVE SILVER SPRING MD 20906
US POST OFFICE",,OTHER,SINGLE VEHICLE,CLOUDY,,DAYLIGHT,NO CONTROLS,NONE DETECTED,N/A,3FD0BA78-3CEF-4E01-9714-C77929064AF1,OTHER,N/A,N/A,OTHER,No,NO APPARENT INJURY,N/A,39.08646667,-77.07441167,"(39.08646667, -77.07441167)"
MCP3264000T,200039478,Montgomery County Police,Injury Crash,10/13/2020 10:52:00 AM,County,RANDOLPH RD,SELFRIDGE RD,,N/A,PEDESTRIAN,OTHER,CLEAR,UNKNOWN,DAYLIGHT,TRAFFIC SIGNAL,UNKNOWN,NONE DETECTED,C8D94281-C790-45FE-9A62-5030A40CAB11,PEDESTRIAN,Cross/Enter at Intersection,NO IMPROPER ACTIONS,ON ROADWAY AT CROSSWALK,No,SUSPECTED SERIOUS INJURY,NONE,39.05544307,-77.08376165,"(39.05544307, -77.08376165)"
MCP2298009X,16046223,Montgomery County Police,Injury Crash,09/09/2016 02:54:00 PM,County,GUNNERS BRANCH RD,ARCHDALE RD,,N/A,PEDESTRIAN,OTHER,CLEAR,DRY,DAYLIGHT,NO CONTROLS,NONE DETECTED,NONE DETECTED,A21FE666-CB04-4A45-9097-BF475781289E,PEDESTRIAN,Cross/Enter at Intersection,NO IMPROPER ACTIONS,ON ROADWAY AT CROSSWALK,No,POSSIBLE INJURY,NONE,39.17523704,-77.24095501,"(39.17523704, -77.24095501)"
DD55080040,170536479,Rockville Police Departme,Injury Crash,10/13/2017 04:22:00 PM,Maryland (State),ROCKVILLE PIKE,HALPINE RD,,ROCKVILLE,OTHER CONVEYANCE,OTHER,CLOUDY,DRY,DAYLIGHT,NO CONTROLS,NONE DETECTED,NONE DETECTED,FABBE64A-9DD1-470B-8669-638B2634390B,OTHER CONVEYANCE,Other,FAILURE TO YIELD RIGHT OF WAY,SIDEWALK,Yes,POSSIBLE INJURY,N/A,39.06152833,-77.12358167,"(39.06152833, -77.12358167)"
MCP271700N1,190015706,Montgomery County Police,Property Damage Crash,04/04/2019 06:00:00 PM,Maryland (State),BRADLEY BLVD,KENTSDALE DR,,N/A,BICYCLIST,OTHER,CLEAR,DRY,DAYLIGHT,NO CONTROLS,NONE DETECTED,NONE DETECTED,E5A06DE1-5EA5-4756-85DE-C632CE7F21C0,BICYCLIST,Walking/Riding w/Traffic,NO IMPROPER ACTIONS,ON ROADWAY NOT AT CROSSWALK,No,NO APPARENT INJURY,MC/BIKE HELMET,39.005084,-77.17620017,"(39.005084, -77.17620017)"
MCP0942001M,180005987,Montgomery County Police,Injury Crash,02/04/2018 08:35:00 AM,,,,"PARKING LOT-BETHESDA ELEMENTARY
7600 ARLINGTON RD.",,PEDESTRIAN,OTHER,CLOUDY,,DAYLIGHT,N/A,NONE DETECTED,NONE DETECTED,E868156F-9C6A-450C-85F5-380287134677,PEDESTRIAN,Other Working,NO IMPROPER ACTIONS,OTHER,No,SUSPECTED MINOR INJURY,N/A,38.9860995,-77.09893583,"(38.9860995, -77.09893583)"
MCP3026001C,170527011,Montgomery County Police,Injury Crash,08/26/2017 12:47:00 PM,County,CEDAR LA,ROCKVILLE PIKE,,N/A,BICYCLIST,OTHER,CLEAR,DRY,DAYLIGHT,TRAFFIC SIGNAL,NONE DETECTED,NONE DETECTED,9D40D505-53C0-4661-8B8C-6E91B3E6BFB0,BICYCLIST,Walking/Riding against Traffic,FAILURE TO OBEY TRAFFIC SIGNS SIGNALS OR OFFICER,ON ROADWAY AT CROSSWALK,Yes,SUSPECTED MINOR INJURY,MC/BIKE HELMET,39.00646918,-77.09745012,"(39.00646918, -77.09745012)"
MCP30390069,230024261,Montgomery County Police,Property Damage Crash,05/20/2023 06:16:00 PM,County,DENNIS AVE,INWOOD AVE,,N/A,BICYCLIST,STRAIGHT MOVEMENT ANGLE,CLEAR,DRY,DAYLIGHT,TRAFFIC SIGNAL,UNKNOWN,NONE DETECTED,5D9D708B-0019-4125-B58C-6EE8F7E336E7,BICYCLIST,Cross/Enter at Intersection,NO IMPROPER ACTIONS,AT INTERSECTION BUT NO CROSSWALK,No,NO APPARENT INJURY,MC/BIKE HELMET,39.02623569,-77.03543627,"(39.02623569, -77.03543627)"
MCP3209001N,200036775,Montgomery County Police,Injury Crash,09/19/2020 05:58:00 PM,US (State),GEORGIA AVE,BONIFANT ST,,N/A,MACHINE OPERATOR/RIDER,OTHER,CLEAR,DRY,DAYLIGHT,TRAFFIC SIGNAL,NONE DETECTED,NONE DETECTED,63D83084-BA21-42FD-8F83-4BC89EF9EB32,MACHINE OPERATOR/RIDER,Cross/Enter not at Intersection,IN ROADWAY IMPROPERLY,ON ROADWAY NOT AT CROSSWALK,Yes,POSSIBLE INJURY,NONE,38.995595,-77.02453,"(38.995595, -77.02453)"
MCP30790054,230026320,Montgomery County Police,Injury Crash,06/01/2023 03:28:00 PM,County,CRICKET HILL DR,STONEBRIDGE TERR,,N/A,BICYCLIST,HEAD ON LEFT TURN,CLEAR,DRY,DAYLIGHT,NO CONTROLS,NONE DETECTED,NONE DETECTED,DAACF9F0-8DC7-4968-82C2-7C80761DE058,BICYCLIST,Cross/Enter at Intersection,NO IMPROPER ACTIONS,ON ROADWAY AT CROSSWALK,No,SUSPECTED SERIOUS INJURY,MC/BIKE HELMET,39.14721291,-77.28389889,"(39.14721291, -77.28389889)"
MCP3134003B,220009059,Montgomery County Police,Injury Crash,02/23/2022 04:29:00 PM,County,GREENCASTLE RD,COLUMBIA PIKE,,N/A,PEDESTRIAN,SINGLE VEHICLE,CLEAR,DRY,DAYLIGHT,TRAFFIC SIGNAL,N/A,N/A,F7F132FE-A153-4E0E-BB00-754D2180AE97,PEDESTRIAN,Cross/Enter at Intersection,FAILURE TO YIELD RIGHT OF WAY,ON ROADWAY AT CROSSWALK,No,SUSPECTED MINOR INJURY,NONE,39.09563444,-76.93811154,"(39.09563444, -76.93811154)"
MCP26710014,16030090,Montgomery County Police,Injury Crash,06/14/2016 06:25:00 PM,Maryland (State),GEORGIA AVE,FENWICK LA,,N/A,PEDESTRIAN,SINGLE VEHICLE,CLEAR,DRY,DAYLIGHT,NO CONTROLS,NONE DETECTED,NONE DETECTED,59371504-8DDA-4A7B-9CBF-F2B60B8CA4F3,PEDESTRIAN,Cross/Enter at Intersection,IN ROADWAY IMPROPERLY,ON ROADWAY NOT AT CROSSWALK,Yes,SUSPECTED MINOR INJURY,NONE,38.99830824,-77.0306021,"(38.99830824, -77.0306021)"