Report Number,Local Case Number,Agency Name,ACRS Report Type,Crash Date/Time,Route Type,Road Name,Cross-Street Name,Off-Road Description,Municipality,Related Non-Motorist,Collision Type,Weather,Surface Condition,Light,Traffic Control,Driver Substance Abuse,Non-Motorist Substance Abuse,Person ID,Pedestrian Type,Pedestrian Movement,Pedestrian Actions,Pedestrian Location,At Fault,Injury Severity,Safety Equipment,Latitude,Longitude,Location
MCP2722002Y,180008000,Montgomery County Police,Injury Crash,02/15/2018 04:32:00 PM,,,,PARKING LOT OF 5566 NORBECK RD,,PEDESTRIAN,SINGLE VEHICLE,CLEAR,,DAYLIGHT,NO CONTROLS,N/A,N/A,3E5A492E-A47F-401F-BBEB-0FF852549FD3,PEDESTRIAN,Cross/Enter not at Intersection,NO IMPROPER ACTIONS,ON ROADWAY NOT AT CROSSWALK,No,SUSPECTED MINOR INJURY,NONE,39.095125,-77.11114167,"(39.095125, -77.11114167)"
MCP27840028,16004095,Montgomery County Police,Injury Crash,01/24/2016 06:34:00 PM,,REDSPIRE DRIVE,DEER HIGHLANDS WAY,,N/A,PEDESTRIAN,SINGLE VEHICLE,SNOW,N/A,DARK LIGHTS ON,NO CONTROLS,UNKNOWN,NONE DETECTED,6D109FD5-78B7-4AE7-B96F-A7C0CA728AFA,PEDESTRIAN,Standing,IN ROADWAY IMPROPERLY,ON ROADWAY NOT AT CROSSWALK,Yes,POSSIBLE INJURY,N/A,39.0039,-77.036485,"(39.0039, -77.036485)"
MCP2493000Q,15061008,MONTGOMERY,Injury Crash,11/29/2015 07:54:00 PM,Maryland (State),FREDERICK RD,MIDDLEBROOK RD,,N/A,PEDESTRIAN,OTHER,CLEAR,DRY,DARK NO LIGHTS,NO CONTROLS,NONE DETECTED,UNKNOWN,6A65C822-90FF-403A-8C3A-52BA7AECD544,PEDESTRIAN,Cross/Enter not at Intersection,IN ROADWAY IMPROPERLY,ON ROADWAY NOT AT CROSSWALK,Yes,SUSPECTED SERIOUS INJURY,N/A,39.178895,-77.23851,"(39.178895, -77.23851)"
MCP20940053,15027227,MONTGOMERY,Injury Crash,06/05/2015 12:15:00 PM,County,FRIENDSHIP BLVD,WILLARD AVE,,N/A,PEDESTRIAN,OTHER,CLOUDY,DRY,DAYLIGHT,TRAFFIC SIGNAL,NONE DETECTED,NONE DETECTED,A155F515-E3D1-40FE-BB01-E97C96E0B90B,PEDESTRIAN,Cross/Enter at Intersection,NO IMPROPER ACTIONS,ON ROADWAY AT CROSSWALK,No,SUSPECTED SERIOUS INJURY,N/A,38.96178167,-77.08873833,"(38.96178167, -77.08873833)"
MCP2695000T,16042284,Montgomery County Police,Injury Crash,08/20/2016 12:40:00 PM,Maryland (State),NEW HAMPSHIRE AVE,ADELPHI RD,,N/A,PEDESTRIAN,OTHER,CLEAR,DRY,DAYLIGHT,TRAFFIC SIGNAL,N/A,N/A,7060BB8F-8823-4688-90BA-F920971E4602,PEDESTRIAN,Cross/Enter at Intersection,NO IMPROPER ACTIONS,ON ROADWAY AT CROSSWALK,No,POSSIBLE INJURY,N/A,39.01136446,-76.97909832,"(39.01136446, -76.97909832)"
MCP24920014,190018949,Montgomery County Police,Injury Crash,04/23/2019 07:30:00 AM,Maryland (State),GREAT SENECA HWY,MIDDLEBROOK RD,,N/A,PEDESTRIAN,OTHER,CLEAR,DRY,DAYLIGHT,TRAFFIC SIGNAL,NONE DETECTED,NONE DETECTED,01BDAC8E-A031-4488-B756-C53AEE4A001F,PEDESTRIAN,Cross/Enter at Intersection,FAILURE TO OBEY TRAFFIC SIGNS SIGNALS OR OFFICER,ON ROADWAY AT CROSSWALK,Yes,POSSIBLE INJURY,NONE,39.17482667,-77.26058,"(39.17482667, -77.26058)"
DD561500D8,220047000,Rockville Police Departme,Property Damage Crash,10/26/2022 01:45:00 PM,,,,"PARKING LOT OF 155 ROLLINS AVE, ROCKVILLE, MARYLAND.",,OTHER,SINGLE VEHICLE,N/A,,DAYLIGHT,NO CONTROLS,NONE DETECTED,NONE DETECTED,7A7C7860-0E29-4EB4-B240-1EBABCD133DB,OTHER,Other,NO IMPROPER ACTIONS,OTHER,No,NO APPARENT INJURY,NONE,39.05878197,-77.124726,"(39.05878197, -77.124726)"
MCP3130001R,190039432,Montgomery County Police,Property Damage Crash,08/18/2019 12:00:00 PM,County,CONNECTICUT AVE,GRAND PRE RD,,N/A,BICYCLIST,STRAIGHT MOVEMENT ANGLE,CLEAR,DRY,DAYLIGHT,NO CONTROLS,NONE DETECTED,NONE DETECTED,C32A4CA5-DFC3-47DB-8D3A-4D7A18C37465,BICYCLIST,Walking/Riding w/Traffic,NO IMPROPER ACTIONS,OTHER,No,NO APPARENT INJURY,MC/BIKE HELMET,39.08485833,-77.07600833,"(39.08485833, -77.07600833)"
DD5643002V,230030322,Rockville Police Departme,Injury Crash,06/24/2023 10:50:00 PM,Municipality,MONROE ST,E JEFFERSON ST,,N/A,"OTHER, PEDESTRIAN",OTHER,CLEAR,DRY,DARK LIGHTS ON,TRAFFIC SIGNAL,NONE DETECTED,N/A,A2AB0E6C-AD55-49E1-A114-1B86B5285AC8,OTHER,N/A,N/A,N/A,No,NO APPARENT INJURY,N/A,39.08198033,-77.14913469,"(39.08198033, -77.14913469)"
MCP26570017,16053266,Montgomery County Police,Injury Crash,10/16/2016 11:00:00 PM,,,,PARKING LOT OF ENCLAVE APARTMENTS IN AREA BETWEEN 11235 OAK LEAF DRIVE/11200 LOCKWOOD DRIVE,,BICYCLIST,SAME DIR REND RIGHT TURN,CLEAR,,DARK NO LIGHTS,NO CONTROLS,ALCOHOL PRESENT,N/A,75846781-470B-4F8A-B93C-FF7051705958,BICYCLIST,Walking/Riding w/Traffic,NOT VISIBLE,OTHER,No,POSSIBLE INJURY,NONE,39.03919674,-76.9922626,"(39.03919674, -76.9922626)"
EJ7809000W,17007620,Gaithersburg Police Depar,Injury Crash,02/12/2017 03:34:00 AM,,,,"117 E. DIAMOND AVE. GAITHERSBURG, MD. 20877 (CANCUN RESTAURANT / REAR PARKING LOT)",,PEDESTRIAN,SINGLE VEHICLE,CLEAR,,DARK LIGHTS ON,NO CONTROLS,ALCOHOL CONTRIBUTED,ALCOHOL PRESENT,5C03597E-91BA-46E1-92EB-24EA8930EF08,PEDESTRIAN,Unknown,UNKNOWN,OTHER,No,SUSPECTED MINOR INJURY,N/A,39.14187307,-77.19475061,"(39.14187307, -77.19475061)"
MCP2732001D,250007657,MONTGOMERY,Injury Crash,02/21/2025 09:31:00 AM,County Route,MILLS AVE,,,,Pedestrian,Single Vehicle,Clear,Dry,Daylight,No Controls,"Not Suspect of Alcohol Use, Not Suspect of Drug Use","Not Suspect of Alcohol Use, Not Suspect of Drug Use",3E1C5FEC-9D67-4CA8-AF83-68142E21019D,Pedestrian,Other,Unknown,Other,No,Possible Injury,None,39.08109727,-77.01465716,"(39.08109727, -77.01465716)"
MCP27480016,190018590,Montgomery County Police,Injury Crash,04/20/2019 09:52:00 PM,Maryland (State),OLD GEORGETOWN RD,ROCKVILLE PIKE,,N/A,PEDESTRIAN,SINGLE VEHICLE,CLEAR,N/A,DARK LIGHTS ON,N/A,N/A,NONE DETECTED,1B3F0161-4558-4290-8F09-989002CACA9C,PEDESTRIAN,Cross/Enter not at Intersection,IN ROADWAY IMPROPERLY,ON ROADWAY NOT AT CROSSWALK,Yes,SUSPECTED SERIOUS INJURY,N/A,39.04508167,-77.1204155,"(39.04508167, -77.1204155)"
MCP1086000B,210042474,Montgomery County Police,Injury Crash,10/22/2021 07:30:00 AM,County,RICHTER FARM RD,MOLASSES RUN DR,,N/A,BICYCLIST,OTHER,N/A,DRY,DAYLIGHT,STOP SIGN,NONE DETECTED,N/A,CC1A6065-745D-4B78-8FA5-5AE9EBF1E02E,BICYCLIST,Walking/Cycling on Sidewalk,INATTENTIVE,SIDEWALK,Yes,SUSPECTED MINOR INJURY,NONE,39.15318326,-77.28550537,"(39.15318326, -77.28550537)"
MCP2656006W,230024263,Montgomery County Police,Injury Crash,05/20/2023 06:45:00 PM,Maryland (State),CLOPPER RD,VILLAGE FOUNTAIN DR,,N/A,PEDESTRIAN,OTHER,RAINING,WET,DAYLIGHT,TRAFFIC SIGNAL,N/A,N/A,269F5EAF-A293-4AE8-9A87-61D764B0AF67,PEDESTRIAN,Other,OTHER,AT INTERSECTION MARKED CROSSWALK,No,SUSPECTED SERIOUS INJURY,N/A,39.1603645,-77.27999867,"(39.1603645, -77.27999867)"
MCP3109001S,180063350,Montgomery County Police,Injury Crash,12/19/2018 11:45:00 AM,Maryland (State),EAST WEST HWY,16TH ST,,N/A,PEDESTRIAN,SAME DIR REAR END,CLEAR,DRY,DAYLIGHT,TRAFFIC SIGNAL,NONE DETECTED,NONE DETECTED,9C9CB870-5BB6-4277-B76C-AF4DD0EBFA2C,PEDESTRIAN,Cross/Enter at Intersection,IN ROADWAY IMPROPERLY,ON ROADWAY AT CROSSWALK,No,POSSIBLE INJURY,N/A,38.994154,-77.03639133,"(38.994154, -77.03639133)"
EJ7895000D,220004216,Gaithersburg Police Depar,Injury Crash,01/31/2022 06:30:00 PM,Municipality,E DIAMOND AVE,E DIAMOND AVE,,GAITHERSBURG,BICYCLIST,STRAIGHT MOVEMENT ANGLE,CLEAR,DRY,DARK LIGHTS ON,NO CONTROLS,N/A,N/A,CB7634EF-A687-414B-A19F-E0905765D671,BICYCLIST,Cross/Enter not at Intersection,IMPROPER TURN MERGE,ON ROADWAY NOT AT CROSSWALK,Yes,POSSIBLE INJURY,NONE,39.14201479,-77.1888905,"(39.14201479, -77.1888905)"
MCP2783004L,220046704,Montgomery County Police,Property Damage Crash,12/13/2022 06:58:00 PM,County,MARIGOLD LA,CAMELLIA DR,,N/A,PEDESTRIAN,OPPOSITE DIRECTION SIDESWIPE,CLEAR,DRY,DARK NO LIGHTS,NO CONTROLS,N/A,N/A,6FBFF1EB-8C15-480E-9B59-68381CEF9D21,PEDESTRIAN,Standing,NO IMPROPER ACTIONS,OUTSIDE RIGHT OF WAY,Unknown,NO APPARENT INJURY,N/A,39.0712178,-77.0437098,"(39.0712178, -77.0437098)"
MCP2512004Q,190054414,Montgomery County Police,Injury Crash,11/11/2019 07:11:00 PM,County,WASHINGTON GROVE LA,TOWNE CREST DR,,N/A,PEDESTRIAN,STRAIGHT MOVEMENT ANGLE,CLEAR,DRY,DARK LIGHTS ON,OTHER,NONE DETECTED,ALCOHOL PRESENT,8701791A-A4E5-4FE9-8D68-CEC8473D52EF,PEDESTRIAN,Other,INATTENTIVE,OTHER,Yes,POSSIBLE INJURY,NONE,39.14385789,-77.17320853,"(39.14385789, -77.17320853)"
DD56060047,170500798,Rockville Police Departme,Injury Crash,04/06/2017 10:19:00 AM,County,SHADY GROVE RD,GAITHER RD,,ROCKVILLE,PEDESTRIAN,SINGLE VEHICLE,CLOUDY,DRY,DARK LIGHTS ON,TRAFFIC SIGNAL,NONE DETECTED,NONE DETECTED,685758F6-FB79-4740-A4B3-E87F288FCC8A,PEDESTRIAN,Cross/Enter at Intersection,FAILURE TO OBEY TRAFFIC SIGNS SIGNALS OR OFFICER,ON ROADWAY AT CROSSWALK,Yes,POSSIBLE INJURY,NONE,39.11744113,-77.18345717,"(39.11744113, -77.18345717)"
MCP3182001J,210048951,Montgomery County Police,Injury Crash,12/07/2021 04:04:00 PM,,,,PARKINGLOT OF 3905 BLACKBURN LN,,PEDESTRIAN,OTHER,CLEAR,,DAYLIGHT,NO CONTROLS,NONE DETECTED,NONE DETECTED,AF255521-E9B3-4327-A078-CB41711FC5DA,PEDESTRIAN,Walking to/from school,NOT VISIBLE,ON ROADWAY NOT AT CROSSWALK,Yes,SUSPECTED MINOR INJURY,NONE,39.10493404,-76.93170185,"(39.10493404, -76.93170185)"
MCP158000DZ,210024895,Montgomery County Police,Injury Crash,06/29/2021 09:30:00 AM,Municipality,CHRISTOPHER AVE,RUSSELL AVE,,GAITHERSBURG,MACHINE OPERATOR/RIDER,SINGLE VEHICLE,CLEAR,DRY,DAYLIGHT,NO CONTROLS,NONE DETECTED,NONE DETECTED,39C04AD9-623B-4162-89D5-CA1DE4CF2240,MACHINE OPERATOR/RIDER,Walking/Riding against Traffic,OTHER,ON ROADWAY NOT AT CROSSWALK,Yes,SUSPECTED MINOR INJURY,NONE,39.15837833,-77.21249,"(39.15837833, -77.21249)"
MCP295200DT,230030880,Montgomery County Police,Injury Crash,06/28/2023 10:47:00 AM,Maryland (State),EAST WEST HWY,COLESVILLE RD,,N/A,PEDESTRIAN,SINGLE VEHICLE,CLOUDY,DRY,DAYLIGHT,TRAFFIC SIGNAL,NONE DETECTED,NONE DETECTED,3DA635D7-64A5-4873-85D4-51E41A1E884C,PEDESTRIAN,Cross/Enter at Intersection,NO IMPROPER ACTIONS,ON ROADWAY AT CROSSWALK,No,POSSIBLE INJURY,N/A,38.99377984,-77.03230618,"(38.99377984, -77.03230618)"
MCP271700RV,200009595,Montgomery County Police,Injury Crash,02/26/2020 04:22:00 PM,County,WILLARD AVE,SHOEMAKER FARM LA,,FRIENDSHIP HEIGHTS,PEDESTRIAN,OTHER,CLEAR,DRY,DAYLIGHT,OTHER,NONE DETECTED,NONE DETECTED,8834AC6A-2AB8-42A4-9C81-26D4ED83249E,PEDESTRIAN,Cross/Enter at Intersection,NO IMPROPER ACTIONS,ON ROADWAY AT CROSSWALK,No,SUSPECTED SERIOUS INJURY,NONE,38.96250683,-77.09145617,"(38.96250683, -77.09145617)"
MCP2563000S,180042134,Montgomery County Police,Fatal Crash,08/24/2018 04:05:00 AM,Maryland (State),GEORGIA AVE,REEDIE DR,,N/A,PEDESTRIAN,SINGLE VEHICLE,CLEAR,DRY,DARK LIGHTS ON,NO CONTROLS,NONE DETECTED,UNKNOWN,5573539D-F220-48D3-B518-F685AE9FECFE,PEDESTRIAN,Cross/Enter not at Intersection,DART DASH,ON ROADWAY NOT AT CROSSWALK,Unknown,FATAL INJURY,NONE,39.03912635,-77.05113669,"(39.03912635, -77.05113669)"
DD56100084,230033390,Rockville Police Departme,Injury Crash,07/13/2023 03:29:00 PM,,,,403 REDLAND BLVD PARKING LOT OF (SAFEWAY),,PEDESTRIAN,OTHER,CLEAR,,DAYLIGHT,NO CONTROLS,N/A,N/A,E37F230B-8ADF-42ED-9462-C1DDB3FB350A,PEDESTRIAN,Other,UNKNOWN,DRIVEWAY ACCESS MARKED CROSSWALK,No,POSSIBLE INJURY,N/A,39.11302717,-77.1727655,"(39.11302717, -77.1727655)"
MCP2921000T,15054868,MONTGOMERY,Injury Crash,10/28/2015 07:21:00 PM,,,,"ROAD IN MILESTONE SHOPPING CENTER
 IN FRONT OF THE PETSMART",,PEDESTRIAN,SINGLE VEHICLE,RAINING,,DARK LIGHTS ON,N/A,NONE DETECTED,NONE DETECTED,39494EC5-273E-484E-AC36-587B0F1124B5,PEDESTRIAN,Cross/Enter at Intersection,NO IMPROPER ACTIONS,ON ROADWAY AT CROSSWALK,No,SUSPECTED MINOR INJURY,NONE,39.20164333,-77.24978667,"(39.20164333, -77.24978667)"
MCP9419000X,16063681,Montgomery County Police,Injury Crash,12/12/2016 06:25:00 AM,County,REDLAND RD,SOMERVILLE DR,,N/A,PEDESTRIAN,N/A,RAINING,WET,DARK LIGHTS ON,TRAFFIC SIGNAL,NONE DETECTED,NONE DETECTED,F3CCC322-0872-4E56-81E4-55D1B68E4B11,PEDESTRIAN,Cross/Enter at Intersection,UNKNOWN,AT INTERSECTION MARKED CROSSWALK,Unknown,SUSPECTED MINOR INJURY,N/A,39.11713418,-77.164675,"(39.11713418, -77.164675)"
MCP24370015,15054551,MONTGOMERY,Injury Crash,10/27/2015 03:48:00 PM,County,LIVINGSTON ST,TERRAPIN RD,,N/A,PEDESTRIAN,SINGLE VEHICLE,CLOUDY,DRY,DAYLIGHT,NO CONTROLS,NONE DETECTED,NONE DETECTED,25FFAC2F-5BBD-4CA0-A206-24DDE78AACE5,PEDESTRIAN,Playing,DART DASH,ON ROADWAY NOT AT CROSSWALK,Yes,SUSPECTED MINOR INJURY,NONE,39.06034833,-77.05446833,"(39.06034833, -77.05446833)"
MCP2882000Q,15006301,Montgomery County Police,Injury Crash,02/07/2015 05:00:00 PM,,,,Driveway of 21100 Slidell Rd. Boyds MD 20841,,PEDESTRIAN,SINGLE VEHICLE,CLEAR,,DAYLIGHT,N/A,NONE DETECTED,NONE DETECTED,CCA4EFB4-F43F-402B-97D0-45BF5F98D1C9,PEDESTRIAN,Playing,NOT VISIBLE,N/A,,SUSPECTED MINOR INJURY,N/A,39.20210472,-77.32660532,"(39.20210472, -77.32660532)"
DD56100022,16053860,Rockville Police Departme,Injury Crash,10/19/2016 06:43:00 PM,Municipality,ASTER BLVD,NELSON ST,,ROCKVILLE,OTHER,SAME DIR REAR END,N/A,DRY,DARK LIGHTS ON,NO CONTROLS,N/A,N/A,8AF156C3-D7ED-4B60-8F19-86055C12599D,OTHER,Other,UNKNOWN,OTHER,No,NO APPARENT INJURY,N/A,39.09565533,-77.170941,"(39.09565533, -77.170941)"
MCP2981003M,210001872,Montgomery County Police,Property Damage Crash,01/15/2021 04:03:00 PM,County,PARKER AVE,JUDSON RD,,N/A,PEDESTRIAN,SINGLE VEHICLE,CLEAR,DRY,DAYLIGHT,NO CONTROLS,NONE DETECTED,NONE DETECTED,2211FADC-2C18-49A6-BF5C-ACB3FCE61E55,PEDESTRIAN,Walking/Cycling on Sidewalk,NO IMPROPER ACTIONS,SIDEWALK,No,NO APPARENT INJURY,NONE,39.0488811,-77.0592769,"(39.0488811, -77.0592769)"
MCP3257000S,200035612,Montgomery County Police,Injury Crash,09/11/2020 08:50:00 AM,County,ROCK SPRING DR,OLD GEORGETOWN RD,,N/A,BICYCLIST,OTHER,CLEAR,DRY,DAYLIGHT,STOP SIGN,N/A,N/A,9CABB090-DFB4-4244-93A9-0A9B8EAE326D,BICYCLIST,Walking/Riding against Traffic,IN ROADWAY IMPROPERLY,ON ROADWAY NOT AT CROSSWALK,Yes,SUSPECTED MINOR INJURY,NONE,39.02669833,-77.12793,"(39.02669833, -77.12793)"
MCP289200F0,230034624,Montgomery County Police,Injury Crash,07/20/2023 06:01:00 PM,County,THAYER AVE,FENTON ST,,N/A,PEDESTRIAN,SINGLE VEHICLE,CLEAR,DRY,DAYLIGHT,NO CONTROLS,NONE DETECTED,NONE DETECTED,0AAE1CD2-5C7A-409E-AADA-1DE7D542C16A,PEDESTRIAN,Cross/Enter not at Intersection,IN ROADWAY IMPROPERLY,ON ROADWAY NOT AT CROSSWALK,Yes,POSSIBLE INJURY,NONE,38.99308191,-77.02331513,"(38.99308191, -77.02331513)"
MCP2965000T,16005619,Montgomery County Police,Injury Crash,02/03/2016 09:58:00 AM,,,,STARBUCKS PARKING LOT @ 16806 GEROGIA AVE,,PEDESTRIAN,SINGLE VEHICLE,RAINING,,DAYLIGHT,N/A,NONE DETECTED,NONE DETECTED,17E7D7BD-75EC-4749-A72F-B37D1A4CF421,PEDESTRIAN,Other,OTHER,SHARED USE PATH OR TRAILS,No,SUSPECTED MINOR INJURY,N/A,39.15964684,-77.07727119,"(39.15964684, -77.07727119)"
MCP2215001Z,220050696,Montgomery County Police,Property Damage Crash,11/16/2022 03:27:00 PM,,,,PARKING LOT OF 20910 FREDERICK RD,,PEDESTRIAN,OTHER,CLEAR,,DAYLIGHT,N/A,NONE DETECTED,NONE DETECTED,08246468-79FD-4B5A-9B31-F2C8886D3519,PEDESTRIAN,Other,OTHER,OTHER,Unknown,NO APPARENT INJURY,N/A,39.19994084,-77.2506863,"(39.19994084, -77.2506863)"
MCP32690010,210040769,Montgomery County Police,Property Damage Crash,10/12/2021 09:47:00 AM,,,,IN PARKING LOT OF URGETN CARE LOCATED AT 15648 OLD COLUMBIA PIKE,,BICYCLIST,HEAD ON LEFT TURN,RAINING,,DAYLIGHT,NO CONTROLS,NONE DETECTED,NONE DETECTED,D556D528-412D-48C3-B077-D508DD7A1C12,BICYCLIST,Cross/Enter not at Intersection,NO IMPROPER ACTIONS,SIDEWALK,No,NO APPARENT INJURY,NONE,39.11293117,-76.9336825,"(39.11293117, -76.9336825)"
MCP26900011,15038336,MONTGOMERY,Property Damage Crash,08/02/2015 06:17:00 PM,,,,"Parking lot of 12015 Georgia Ave. Silver Spring, MD 20902 (H Mart)",,PEDESTRIAN,SINGLE VEHICLE,CLEAR,,DAYLIGHT,NO CONTROLS,NONE DETECTED,NONE DETECTED,BCA93E48-00E8-4CE8-ACB4-6BCCC537B183,PEDESTRIAN,Other,NO IMPROPER ACTIONS,OTHER,No,NO APPARENT INJURY,NONE,39.052185,-77.05019832,"(39.052185, -77.05019832)"
MCP27470011,15007153,Montgomery County Police,Injury Crash,02/12/2015 03:29:00 PM,,,,Parking lot of 141-1 Georgia Ave,,PEDESTRIAN,OTHER,CLEAR,,DAYLIGHT,NO CONTROLS,NONE DETECTED,NONE DETECTED,C005B639-5550-45DD-A521-3651D3331D46,PEDESTRIAN,Walking/Cycling on Sidewalk,NO IMPROPER ACTIONS,SIDEWALK,,SUSPECTED MINOR INJURY,N/A,39.08538333,-77.07814667,"(39.08538333, -77.07814667)"
MCP3139002P,210030134,Montgomery County Police,Injury Crash,08/03/2021 03:15:00 PM,,,,10113 NEW HAMPSHIRE AVE PARKING LOT,,PEDESTRIAN,SINGLE VEHICLE,CLEAR,,DAYLIGHT,STOP SIGN,N/A,N/A,82BB03D1-A371-4111-B560-1D28C6C36A16,PEDESTRIAN,Cross/Enter not at Intersection,NO IMPROPER ACTIONS,DRIVEWAY ACCESS MARKED CROSSWALK,No,POSSIBLE INJURY,NONE,39.02086126,-76.97547974,"(39.02086126, -76.97547974)"
MCP3438000P,250026404,MONTGOMERY,Injury Crash,06/13/2025 01:05:00 PM,County Route,STRATHMORE ST,WOODMONT AVE,,,Pedestrian,Single Vehicle,Clear,Dry,Daylight,Stop Sign,"Not Suspect of Alcohol Use, Not Suspect of Drug Use","Not Suspect of Alcohol Use, Not Suspect of Drug Use",7FC8118C-A3FE-478E-88E3-148F5E1B1E95,Pedestrian,Cross/Enter at Intersection,None (No Improper Action),Intersection Marked Crosswalk,No,Suspected Minor Injury,None,38.97993183,-77.09324767,"(38.97993183, -77.09324767)"
MCP30940031,230027004,Montgomery County Police,Injury Crash,06/05/2023 03:56:00 PM,County,WHETSTONE DR,MONTGOMERY VILLAGE AVE,,N/A,PEDESTRIAN,OTHER,N/A,DRY,DAYLIGHT,STOP SIGN,NONE DETECTED,NONE DETECTED,2CFF8B81-70DC-41A0-88A6-B87DEDB8FDBD,PEDESTRIAN,Cross/Enter at Intersection,FAILURE TO YIELD RIGHT OF WAY,CURB,Yes,POSSIBLE INJURY,NONE,39.17101,-77.20410333,"(39.17101, -77.20410333)"
MCP3244002F,230016925,Montgomery County Police,Property Damage Crash,04/09/2023 01:07:00 PM,,,,PARKING LOT OF 1290 EAST WEST HWY,,PEDESTRIAN,OTHER,CLEAR,,DAYLIGHT,NO CONTROLS,NONE DETECTED,NONE DETECTED,AFFDF0EC-64FA-4A7E-8B18-76F41CB11BC3,PEDESTRIAN,Cross/Enter at Intersection,NO IMPROPER ACTIONS,ON ROADWAY AT CROSSWALK,No,NO APPARENT INJURY,NONE,38.99175733,-77.03182517,"(38.99175733, -77.03182517)"
MCP29390040,190038065,Montgomery County Police,Injury Crash,08/08/2019 05:40:00 PM,Maryland (State),WOODFIELD RD,MOYER RD,,N/A,PEDESTRIAN,OTHER,CLEAR,DRY,DAYLIGHT,NO CONTROLS,N/A,N/A,0F0A9BAB-59EE-468E-9539-D922BAEE767E,PEDESTRIAN,Getting off/on Vehicle,NO IMPROPER ACTIONS,OTHER,No,SUSPECTED MINOR INJURY,NONE,39.26709833,-77.20514667,"(39.26709833, -77.20514667)"
MCP2286006C,240032219,MONTGOMERY,Injury Crash,07/06/2024 11:45:00 AM,Maryland (State) Route,MONTROSE PKWY,,,,Cyclist (non-electric),Single Vehicle,Clear,Dry,Daylight,Traffic Control Signal,"Not Suspect of Alcohol Use, Not Suspect of Drug Use","Not Suspect of Alcohol Use, Not Suspect of Drug Use",50126DA3-10AC-4F38-AD84-8893E616FC41,Cyclist (non-electric),Cross/Enter at Intersection,None (No Improper Action),Intersection Marked Crosswalk,No,Suspected Minor Injury,Helmet,39.05275733,-77.11540621,"(39.05275733, -77.11540621)"
MCP31540029,210023699,Montgomery County Police,Injury Crash,06/21/2021 10:26:00 AM,,,,"19228 CIRCLE GATE DRIVE, GERMANTOWN, MD (APARTMENT COMPLEX T INTERSECTION)",,OTHER CONVEYANCE,HEAD ON LEFT TURN,CLEAR,,DAYLIGHT,STOP SIGN,NONE DETECTED,NONE DETECTED,38C9C4C4-4FA8-4889-BB43-6042E6E614D6,OTHER CONVEYANCE,Other,NO IMPROPER ACTIONS,AT INTERSECTION BUT NO CROSSWALK,No,SUSPECTED MINOR INJURY,N/A,39.17153833,-77.26378833,"(39.17153833, -77.26378833)"
MCP3348003D,240041593,MONTGOMERY,Injury Crash,09/02/2024 06:22:00 PM,County Route,ASPEN HILL RD,PARKLAND DR,,,Pedestrian,Single Vehicle,Clear,Dry,Daylight,Traffic Control Signal,"Not Suspect of Alcohol Use, Not Suspect of Drug Use","Not Suspect of Alcohol Use, Not Suspect of Drug Use",8DF4A5C5-1E7B-45BC-86BC-8A7719E4A4BB,Pedestrian,Cross/Enter at Intersection,Dart/Dash,Intersection Marked Crosswalk,No,Suspected Serious Injury,None,39.07915718,-77.08712813,"(39.07915718, -77.08712813)"
DD55080043,170541807,Rockville Police Departme,Injury Crash,11/09/2017 09:57:00 AM,Maryland (State),VEIRS MILL RD,TWINBROOK PKWY,,N/A,PEDESTRIAN,OTHER,RAINING,WET,DAYLIGHT,TRAFFIC SIGNAL,NONE DETECTED,UNKNOWN,BEB28B90-AF65-4A9B-B2A3-232FF2D06225,PEDESTRIAN,Cross/Enter at Intersection,IN ROADWAY IMPROPERLY,ON ROADWAY NOT AT CROSSWALK,Yes,SUSPECTED SERIOUS INJURY,N/A,39.07349901,-77.11182877,"(39.07349901, -77.11182877)"
MCP9379000G,15000697,Montgomery County Police,Injury Crash,01/05/2015 12:23:00 PM,Maryland (State),FREDERICK RD,KING FARM BLVD,,ROCKVILLE,PEDESTRIAN,HEAD ON LEFT TURN,CLEAR,DRY,DAYLIGHT,TRAFFIC SIGNAL,N/A,NONE DETECTED,FDEDF7D9-E358-49EC-9552-FA61069E098A,PEDESTRIAN,Cross/Enter at Intersection,NO IMPROPER ACTIONS,ON ROADWAY AT CROSSWALK,,POSSIBLE INJURY,N/A,39.116905,-77.16849167,"(39.116905, -77.16849167)"
MCP3387002T,250030033,MONTGOMERY,Injury Crash,07/06/2025 11:36:00 AM,,,,Parking Lot Way        FORCEY BIBLE CHURCH PARKING LOT,,Pedestrian,Single Vehicle,Clear,,Daylight,,"Not Suspect of Alcohol Use, Not Suspect of Drug Use","Not Suspect of Alcohol Use, Not Suspect of Drug Use",FB9697BC-A29F-4223-92F2-55BE1EB1D53B,Pedestrian,Standing,None (No Improper Action),Other,No,Suspected Minor Injury,None,39.06436898,-76.96644317,"(39.06436898, -76.96644317)"
MCP2719000P,15052179,MONTGOMERY,Injury Crash,10/14/2015 03:38:00 PM,County,KERSEY RD,MONTICELLO AVE,,N/A,BICYCLIST,STRAIGHT MOVEMENT ANGLE,CLEAR,DRY,DAYLIGHT,STOP SIGN,NONE DETECTED,N/A,69B28BFC-74D6-4F69-99AA-584F8A0F82E5,BICYCLIST,Cross/Enter at Intersection,FAILURE TO YIELD RIGHT OF WAY,ON ROADWAY NOT AT CROSSWALK,Yes,SUSPECTED MINOR INJURY,MC/BIKE HELMET,39.04408,-77.02973833,"(39.04408, -77.02973833)"
MCP3230003F,220044308,Montgomery County Police,Injury Crash,10/10/2022 05:15:00 PM,Maryland (State),LAYHILL RD,BRIGGS RD,,N/A,PEDESTRIAN,OTHER,CLEAR,DRY,DAYLIGHT,TRAFFIC SIGNAL,NONE DETECTED,NONE DETECTED,83700679-C697-4095-B793-26E934E8FCE4,PEDESTRIAN,Cross/Enter at Intersection,NO IMPROPER ACTIONS,AT INTERSECTION MARKED CROSSWALK,No,SUSPECTED MINOR INJURY,N/A,39.0688025,-77.04611233,"(39.0688025, -77.04611233)"