Report Number,Local Case Number,Agency Name,ACRS Report Type,Crash Date/Time,Route Type,Road Name,Cross-Street Name,Off-Road Description,Municipality,Related Non-Motorist,Collision Type,Weather,Surface Condition,Light,Traffic Control,Driver Substance Abuse,Non-Motorist Substance Abuse,Person ID,Pedestrian Type,Pedestrian Movement,Pedestrian Actions,Pedestrian Location,At Fault,Injury Severity,Safety Equipment,Latitude,Longitude,Location
MCP2608002X,210044397,Montgomery County Police,Injury Crash,11/02/2021 08:15:00 PM,Maryland (State),UNIVERSITY BLVD E,PINEY BRANCH RD,,N/A,PEDESTRIAN,SINGLE VEHICLE,RAINING,WET,DARK LIGHTS ON,TRAFFIC SIGNAL,NONE DETECTED,NONE DETECTED,4114B3ED-B84B-48D2-80BC-5F132B9F6608,PEDESTRIAN,Cross/Enter at Intersection,NO IMPROPER ACTIONS,ON ROADWAY AT CROSSWALK,No,POSSIBLE INJURY,N/A,39.00010833,-76.995005,"(39.00010833, -76.995005)"
MCP3078005L,240030725,MONTGOMERY,Injury Crash,06/29/2024 11:22:00 AM,,,,Parking Aisle        13701 GEORGIA AVENUE SILVER SPRING MD,,Pedestrian,Single Vehicle,Clear,,Daylight,,"Unknown, Unknown","Not Suspect of Alcohol Use, Not Suspect of Drug Use",1818E51F-CC7E-4717-AF85-AA1794768377,Pedestrian,Cross/Enter Not at Intersection,None (No Improper Action),Travel Lane Other Location,No,Suspected Minor Injury,None,39.08025277,-77.07335497,"(39.08025277, -77.07335497)"
MCP24750011,16029229,Montgomery County Police,Injury Crash,06/10/2016 03:50:00 PM,US (State),COLESVILLE RD,TIMBERWOOD AVE,,N/A,BICYCLIST,STRAIGHT MOVEMENT ANGLE,CLEAR,DRY,DAYLIGHT,STOP SIGN,N/A,N/A,AB616E78-5F3C-416C-B0C0-77821EC272EC,BICYCLIST,Cross/Enter at Intersection,FAILURE TO YIELD RIGHT OF WAY,OUTSIDE RIGHT OF WAY,Yes,SUSPECTED MINOR INJURY,MC/BIKE HELMET,39.02163432,-77.01216459,"(39.02163432, -77.01216459)"
MCP3255005V,240031418,MONTGOMERY,Injury Crash,07/03/2024 04:50:00 AM,County Route,NEW HAMPSHIRE AVE SER RD,,,,Pedestrian,Single Vehicle,Clear,,Dawn,No Controls,"Unknown, Unknown","Not Suspect of Alcohol Use, Not Suspect of Drug Use",6651DC0D-4A59-4419-BFAB-E6899B5A06D7,Pedestrian,Other Working,None (No Improper Action),Intersection Marked Crosswalk,No,Suspected Minor Injury,None,39.01542333,-76.97791332,"(39.01542333, -76.97791332)"
MCP1035000B,16021376,Montgomery County Police,Fatal Crash,04/30/2016 11:02:00 PM,County,E GUDE DR,CALHOUN DR,,N/A,OTHER CONVEYANCE,SINGLE VEHICLE,RAINING,WET,DARK NO LIGHTS,FLASHING TRAFFIC SIGNAL,NONE DETECTED,ALCOHOL PRESENT,0183822A-1745-4CBC-836E-8BB89D283078,OTHER CONVEYANCE,Cross/Enter at Intersection,UNKNOWN,UNKNOWN,Unknown,FATAL INJURY,NONE,39.105695,-77.14482,"(39.105695, -77.14482)"
DM83390009,16000721,Takoma Park Police Depart,Injury Crash,01/05/2016 09:03:00 AM,Maryland (State),ETHAN ALLEN AVE,ALLEY,,N/A,PEDESTRIAN,SAME DIRECTION RIGHT TURN,CLEAR,DRY,DAYLIGHT,NO CONTROLS,NONE DETECTED,NONE DETECTED,F8328DD1-5E75-4B01-B064-6A08DB52275E,PEDESTRIAN,Other,UNKNOWN,OTHER,No,SUSPECTED MINOR INJURY,N/A,38.97534167,-76.99543667,"(38.97534167, -76.99543667)"
MCP2936002R,180036865,Montgomery County Police,Injury Crash,07/25/2018 04:36:00 PM,County,WOODGLEN DR,NICHOLSON LA,,N/A,BICYCLIST,OTHER,CLEAR,DRY,DAYLIGHT,OTHER,UNKNOWN,NONE DETECTED,F77DD49F-1B22-4D91-B879-9922B2609D36,BICYCLIST,Other,NO IMPROPER ACTIONS,ON ROADWAY AT CROSSWALK,No,POSSIBLE INJURY,NONE,39.04398667,-77.11339667,"(39.04398667, -77.11339667)"
EJ7829004Z,180043349,Gaithersburg Police Depar,Property Damage Crash,08/30/2018 08:30:00 PM,Municipality,GIRARD ST,N SUMMIT AVE,,N/A,BICYCLIST,OTHER,CLEAR,DRY,DARK LIGHTS ON,NO CONTROLS,NONE DETECTED,NONE DETECTED,D51138C1-0D93-4BDE-A0DA-A14D31B7A788,BICYCLIST,Cross/Enter not at Intersection,NO IMPROPER ACTIONS,OTHER,Unknown,NO APPARENT INJURY,NONE,39.147655,-77.19084167,"(39.147655, -77.19084167)"
EJ78760045,220007194,Gaithersburg Police Depar,Injury Crash,02/18/2022 04:30:00 PM,,,,229 KENTLANDS BLVD,,PEDESTRIAN,N/A,CLEAR,,DAYLIGHT,NO CONTROLS,NONE DETECTED,NONE DETECTED,23426D55-A9B6-4DF5-A4DB-0F3BDA253D69,PEDESTRIAN,Other,NO IMPROPER ACTIONS,DRIVEWAY ACCESS MARKED CROSSWALK,No,POSSIBLE INJURY,N/A,39.1251866,-77.23845782,"(39.1251866, -77.23845782)"
HA2372001L,25000768,MCPARK,Injury Crash,04/29/2025 07:15:00 PM,Government Route,BEACH DR,OLD SPRING RD,,,Cyclist (non-electric),Single Vehicle,Clear,Dry,Daylight,No Controls,"Not Suspect of Alcohol Use, Not Suspect of Drug Use","Not Suspect of Alcohol Use, Not Suspect of Drug Use",93558175-7163-4E07-9A06-A2C1FFD479A7,Cyclist (non-electric),Cross/Enter at Intersection,Unknown,Intersection Marked Crosswalk,No,Suspected Minor Injury,Helmet,39.01179769,-77.06792851,"(39.01179769, -77.06792851)"
MCP2754000K,16008202,Montgomery County Police,Injury Crash,02/18/2016 06:18:00 PM,Maryland (State),PINEY BRANCH RD,ENT TO APTS,,N/A,PEDESTRIAN,SINGLE VEHICLE,CLEAR,DRY,DARK LIGHTS ON,NO CONTROLS,NONE DETECTED,N/A,B9158FFD-CD2E-4629-8CEE-5FF98C4D05F3,PEDESTRIAN,Cross/Enter not at Intersection,DART DASH,AT INTERSECTION BUT NO CROSSWALK,Yes,POSSIBLE INJURY,NONE,39.045515,-76.99096333,"(39.045515, -76.99096333)"
MCP25660011,190007371,Montgomery County Police,Injury Crash,02/06/2019 09:30:00 AM,,,,"PARKING LOT OF 
8615 EAST VILLAGE AVENUE
MONTGOMERY VILLAGE MD 20886",,PEDESTRIAN,SINGLE VEHICLE,N/A,,DAYLIGHT,NO CONTROLS,UNKNOWN,N/A,DC631581-C891-4804-A81A-968BB473CE99,PEDESTRIAN,Other,NO IMPROPER ACTIONS,OTHER,No,SUSPECTED MINOR INJURY,N/A,39.18508109,-77.17499303,"(39.18508109, -77.17499303)"
EJ7889000J,210008835,Gaithersburg Police Depar,Property Damage Crash,03/09/2021 08:15:00 AM,,,,"15740 SHADY GROVE ROAD, GAITHERSBURG, MD 20877 IN THE HOME DEPOT PAKING LOT.",,PEDESTRIAN,SINGLE VEHICLE,N/A,,DAYLIGHT,NO CONTROLS,NONE DETECTED,NONE DETECTED,F8B96DE6-A0AD-49C2-8C83-5D96E616518A,PEDESTRIAN,Standing,N/A,OUTSIDE RIGHT OF WAY,No,NO APPARENT INJURY,NONE,39.11484788,-77.18680825,"(39.11484788, -77.18680825)"
MCP3019002D,190019917,Montgomery County Police,Injury Crash,03/23/2019 08:00:00 PM,County,WOODMONT AVE,BETHESDA AVE,,N/A,PEDESTRIAN,OTHER,CLEAR,DRY,DUSK,NO CONTROLS,NONE DETECTED,UNKNOWN,E92A3F94-9E87-418E-B4CE-64E01821AD66,PEDESTRIAN,Other,IN ROADWAY IMPROPERLY,ON ROADWAY NOT AT CROSSWALK,Yes,POSSIBLE INJURY,NONE,38.98125078,-77.09545621,"(38.98125078, -77.09545621)"
DD56210001,16044450,Rockville Police Departme,Injury Crash,08/31/2016 03:35:00 PM,Maryland (State),ROCKVILLE PIKE,DIRECTIONAL CROSSOVER,,N/A,PEDESTRIAN,OTHER,CLEAR,DRY,DAYLIGHT,NO CONTROLS,NONE DETECTED,NONE DETECTED,E442BD0B-44FF-4E01-B85B-782F2CCCF5CF,PEDESTRIAN,Cross/Enter not at Intersection,IN ROADWAY IMPROPERLY,ON ROADWAY NOT AT CROSSWALK,Yes,SUSPECTED MINOR INJURY,N/A,39.05963317,-77.12222636,"(39.05963317, -77.12222636)"
MCP3137000H,180047741,Montgomery County Police,Property Damage Crash,09/24/2018 04:30:00 PM,Maryland (State),BURLINGTON AVE,SPUR FR FENTON ST,,N/A,BICYCLIST,STRAIGHT MOVEMENT ANGLE,RAINING,WET,DAYLIGHT,TRAFFIC SIGNAL,NONE DETECTED,NONE DETECTED,BB442834-C962-487A-98DE-22D5B908A71D,BICYCLIST,Walking/Riding w/Traffic,INATTENTIVE,AT INTERSECTION MARKED CROSSWALK,Yes,NO APPARENT INJURY,MC/BIKE HELMET,38.9879514,-77.0235577,"(38.9879514, -77.0235577)"
DD56500025,220041161,Rockville Police Departme,Injury Crash,09/21/2022 04:49:00 PM,Other Public Roadway,ELMCROFT BLVD,CORK TREE LA,,N/A,OTHER PEDALCYCLIST,OTHER,CLEAR,DRY,DAYLIGHT,NO CONTROLS,NONE DETECTED,NONE DETECTED,867ADBA8-AE4F-4AC2-9526-BB9FB64A52D9,OTHER PEDALCYCLIST,Cross/Enter at Intersection,FAILURE TO YIELD RIGHT OF WAY,ON ROADWAY NOT AT CROSSWALK,Yes,SUSPECTED MINOR INJURY,NONE,39.113888,-77.16621283,"(39.113888, -77.16621283)"
MCP3244002W,23006974,Montgomery County Police,Property Damage Crash,12/05/2023 12:07:00 PM,Maryland (State),EAST WEST HWY,COLESVILLE RD,,N/A,BICYCLIST,STRAIGHT MOVEMENT ANGLE,CLEAR,DRY,DAYLIGHT,TRAFFIC SIGNAL,NONE DETECTED,NONE DETECTED,724E4C2F-B940-49D8-9DED-D68DF06CD369,BICYCLIST,Walking/Cycling on Sidewalk,FAILURE TO YIELD RIGHT OF WAY,ON ROADWAY AT CROSSWALK,Yes,NO APPARENT INJURY,NONE,38.99388637,-77.03252315,"(38.99388637, -77.03252315)"
MCP3079007B,250026687,MONTGOMERY,Injury Crash,06/15/2025 11:00:00 AM,County Route,MIDDLEBROOK RD,GERMANTOWN RD (SB/L),,,Cyclist (non-electric),Single Vehicle,Clear,Dry,Daylight,Traffic Control Signal,"Not Suspect of Alcohol Use, Not Suspect of Drug Use","Not Suspect of Alcohol Use, Not Suspect of Drug Use",53FD185B-6151-439C-91D7-5EB477FB26E8,Cyclist (non-electric),Cross/Enter at Intersection,None (No Improper Action),Intersection Marked Crosswalk,No,Possible Injury,None,39.17882657,-77.26751501,"(39.17882657, -77.26751501)"
MCP28290034,170507166,Montgomery County Police,Injury Crash,05/11/2017 05:08:00 AM,Maryland (State),PINEY BRANCH RD,UNIVERSITY BLVD E,,N/A,BICYCLIST,OTHER,CLOUDY,DRY,DARK LIGHTS ON,N/A,UNKNOWN,NONE DETECTED,FFA78389-F251-43A3-8891-A0DE8EC2B311,BICYCLIST,Walking/Riding w/Traffic,NO IMPROPER ACTIONS,ON ROADWAY NOT AT CROSSWALK,No,SUSPECTED SERIOUS INJURY,MC/BIKE HELMET,38.99609,-77.11640667,"(38.99609, -77.11640667)"
MCP27080012,16016278,Montgomery County Police,Injury Crash,04/03/2016 03:58:00 PM,Maryland (State),PINEY BRANCH RD,ENT TO APTS,,N/A,BICYCLIST,STRAIGHT MOVEMENT ANGLE,CLEAR,DRY,DAYLIGHT,NO CONTROLS,NONE DETECTED,NONE DETECTED,1FA2E4C8-2AB7-4D6E-8C76-C13BC2CC7EF3,BICYCLIST,Walking/Riding against Traffic,WRONG WAY RIDING OR WALKING,ON ROADWAY NOT AT CROSSWALK,Yes,POSSIBLE INJURY,NONE,38.99974863,-76.99305989,"(38.99974863, -76.99305989)"
MCP30020030,180061734,Montgomery County Police,Injury Crash,12/10/2018 05:20:00 PM,Government,LITTLE FALLS PKWY,ARLINGTON RD,,N/A,PEDESTRIAN,OTHER,CLEAR,DRY,DARK LIGHTS ON,NO CONTROLS,NONE DETECTED,NONE DETECTED,EF4FEA7C-2502-40EA-8234-FE6B876B3F19,PEDESTRIAN,Cross/Enter not at Intersection,FAILURE TO YIELD RIGHT OF WAY,ON ROADWAY AT CROSSWALK,Yes,SUSPECTED MINOR INJURY,NONE,38.97350833,-77.10131167,"(38.97350833, -77.10131167)"
MCP3126000C,180012207,Montgomery County Police,Injury Crash,03/10/2018 04:30:00 PM,,,,PARKING LOT AT 19411 BRASSIE PLACE,,PEDESTRIAN,SINGLE VEHICLE,UNKNOWN,,DAYLIGHT,N/A,UNKNOWN,UNKNOWN,DC126F32-ECF9-4464-97DE-3EE1903A9524,PEDESTRIAN,Other,UNKNOWN,SIDEWALK,No,POSSIBLE INJURY,N/A,39.17836,-77.23833,"(39.17836, -77.23833)"
MCP3068004N,230019306,Montgomery County Police,Injury Crash,04/22/2023 08:15:00 PM,Maryland (State),OLD GEORGETOWN RD,GLENBROOK RD,,N/A,OTHER CONVEYANCE,STRAIGHT MOVEMENT ANGLE,CLEAR,DRY,DARK LIGHTS ON,STOP SIGN,N/A,N/A,E3BCB7CF-BF98-4E11-A20F-9A7D25D07CE0,OTHER CONVEYANCE,Cross/Enter at Intersection,FAILURE TO YIELD RIGHT OF WAY,ON ROADWAY AT CROSSWALK,Yes,SUSPECTED MINOR INJURY,NONE,38.98929133,-77.10160883,"(38.98929133, -77.10160883)"
MCP31290057,220046225,Montgomery County Police,Injury Crash,10/21/2022 02:10:00 PM,,,,"PARKING LOT OF USPS 14030 CONNECTICUT AVE, SILVER SPRING MD, 20906",,PEDESTRIAN,SINGLE VEHICLE,CLEAR,,DAYLIGHT,N/A,NONE DETECTED,NONE DETECTED,9DE5B024-EA1E-4364-8022-3EFD2260964F,PEDESTRIAN,Standing,NO IMPROPER ACTIONS,INSIDE BUILDING,No,SUSPECTED MINOR INJURY,N/A,39.08613198,-77.07458404,"(39.08613198, -77.07458404)"
MCP3039007G,250005339,MONTGOMERY,Injury Crash,02/05/2025 03:30:00 PM,County Route,GROVE ST,SLIGO AVE,,,Pedestrian,Single Vehicle,Clear,Dry,Daylight,Pedestrian Crossing,"Not Suspect of Alcohol Use, Not Suspect of Drug Use","Not Suspect of Alcohol Use, Not Suspect of Drug Use",EBB07B05-A989-4E33-AA08-E910810E24B4,Pedestrian,None,None (No Improper Action),Intersection Marked Crosswalk,No,Possible Injury,None,38.9901908,-77.02193564,"(38.9901908, -77.02193564)"
MCP1227001R,220049219,Montgomery County Police,Fatal Crash,11/08/2022 07:20:00 AM,Municipality,SCHOOL DR,BIG ACRE SQUARE,,N/A,PEDESTRIAN,SINGLE VEHICLE,CLEAR,DRY,DAYLIGHT,NO CONTROLS,ALCOHOL CONTRIBUTED,NONE DETECTED,E65D7BCC-4D46-4BDA-B433-55FCD59AD8D0,PEDESTRIAN,Walking to/from school,FAILURE TO YIELD RIGHT OF WAY,AT INTERSECTION BUT NO CROSSWALK,No,FATAL INJURY,N/A,39.11820121,-77.21493809,"(39.11820121, -77.21493809)"
MCP3209001T,200042007,Montgomery County Police,Injury Crash,10/30/2020 06:14:00 PM,County,BLAIR RD,JUNIPER ST,,N/A,BICYCLIST,STRAIGHT MOVEMENT ANGLE,CLEAR,DRY,DUSK,STOP SIGN,UNKNOWN,NONE DETECTED,A046A21D-8CB8-4161-8EC8-7B62431A41D8,BICYCLIST,Cross/Enter at Intersection,FAILURE TO YIELD RIGHT OF WAY,AT INTERSECTION BUT NO CROSSWALK,No,POSSIBLE INJURY,NONE,38.98272912,-77.02240396,"(38.98272912, -77.02240396)"
MCP9386007P,200039447,Montgomery County Police,Injury Crash,10/07/2020 08:30:00 AM,County,MICHAELS DR,FERNWOOD RD,,N/A,PEDESTRIAN,OTHER,CLEAR,DRY,DAYLIGHT,NO CONTROLS,NONE DETECTED,NONE DETECTED,B27BE46E-E672-4334-B359-930700679E80,PEDESTRIAN,Getting off/on Vehicle,DART DASH,ON ROADWAY NOT AT CROSSWALK,Yes,SUSPECTED MINOR INJURY,N/A,39.01041167,-77.13343833,"(39.01041167, -77.13343833)"
MCP271700K4,180041691,Montgomery County Police,Injury Crash,08/21/2018 09:40:00 PM,County,SOUTHAMPTON DR,BEACON RD,,N/A,PEDESTRIAN,OTHER,CLEAR,WET,DARK LIGHTS ON,NO CONTROLS,UNKNOWN,NONE DETECTED,A31B1A79-C237-4CB6-88B4-DCFF2517D0BE,PEDESTRIAN,Cross/Enter not at Intersection,IN ROADWAY IMPROPERLY,ON ROADWAY NOT AT CROSSWALK,No,SUSPECTED MINOR INJURY,NONE,39.00533483,-76.98210633,"(39.00533483, -76.98210633)"
MCP3311000M,220012213,Montgomery County Police,Injury Crash,03/21/2022 05:48:00 PM,Maryland (State),OLD GEORGETOWN RD,RAMP 6 FR RAMP 10 (FR IS270) TO MD 187,,N/A,PEDESTRIAN,OTHER,CLEAR,N/A,DAYLIGHT,N/A,N/A,N/A,3460186D-8C2E-437E-82BF-8BEB522651A7,PEDESTRIAN,Cross/Enter at Intersection,NO IMPROPER ACTIONS,ON ROADWAY AT CROSSWALK,No,SUSPECTED MINOR INJURY,N/A,39.03145229,-77.1259336,"(39.03145229, -77.1259336)"
MCP2031001J,180039341,Montgomery County Police,Property Damage Crash,08/08/2018 12:21:00 PM,Maryland (State),RIDGE RD,SUNSET DR,,N/A,OTHER,SAME DIR REAR END,N/A,DRY,DAYLIGHT,NO CONTROLS,NONE DETECTED,NONE DETECTED,28D3746F-FBE2-4780-819E-49935BE99492,OTHER,Other Working,NO IMPROPER ACTIONS,OTHER,No,NO APPARENT INJURY,NONE,39.277808,-77.21266783,"(39.277808, -77.21266783)"
MCP32570052,220026008,Montgomery County Police,Injury Crash,06/16/2022 09:25:00 PM,,,,PARKING LOT OF 11601 BOILING BROOK PL,,PEDESTRIAN,SINGLE VEHICLE,CLEAR,,DARK LIGHTS ON,NO CONTROLS,NONE DETECTED,NONE DETECTED,B6FF466E-EC54-4B1A-A96E-D58DC1015322,PEDESTRIAN,Other,OTHER,OTHER,No,SUSPECTED MINOR INJURY,NONE,39.04673924,-77.09930908,"(39.04673924, -77.09930908)"
MCP3031000S,170503973,Montgomery County Police,Injury Crash,04/24/2017 06:17:00 PM,County,RANDOLPH RD,GLENMONT CIR #1,,N/A,PEDESTRIAN,SINGLE VEHICLE,CLOUDY,WET,DAYLIGHT,TRAFFIC SIGNAL,NONE DETECTED,NONE DETECTED,219E28DD-7D9E-4AD2-AE7C-CEC7778E5864,PEDESTRIAN,Cross/Enter at Intersection,DART DASH,AT INTERSECTION BUT NO CROSSWALK,Yes,POSSIBLE INJURY,NONE,39.05928333,-77.04705833,"(39.05928333, -77.04705833)"
MCP3161004L,220055236,Montgomery County Police,Injury Crash,12/13/2022 09:09:00 PM,Municipality,WEYMOUTH ST,KNOWLES AVE,,N/A,PEDESTRIAN,SINGLE VEHICLE,CLEAR,DRY,DARK LIGHTS ON,NO CONTROLS,NONE DETECTED,NONE DETECTED,2A9B3E3A-0A78-4BF7-BA69-CADBD54FE609,PEDESTRIAN,Cross/Enter at Intersection,NO IMPROPER ACTIONS,ON ROADWAY AT CROSSWALK,No,POSSIBLE INJURY,NONE,39.032693,-77.088495,"(39.032693, -77.088495)"
MCP2848003C,16046174,Montgomery County Police,Injury Crash,09/09/2016 08:30:00 AM,Municipality,WILLIAMS LA,CONNECTICUT AVE,,N/A,PEDESTRIAN,SINGLE VEHICLE,N/A,DRY,DAYLIGHT,STOP SIGN,NONE DETECTED,NONE DETECTED,C50AEF03-ADB4-48D8-B772-3160F42EF47B,PEDESTRIAN,Cross/Enter at Intersection,NO IMPROPER ACTIONS,ON ROADWAY AT CROSSWALK,No,POSSIBLE INJURY,NONE,38.98374013,-77.07703114,"(38.98374013, -77.07703114)"
DD56310038,190059546,Rockville Police Departme,Injury Crash,12/10/2019 05:30:00 PM,Municipality,MARYLAND AVE,E MIDDLE LA,,ROCKVILLE,PEDESTRIAN,OTHER,RAINING,WET,DARK -- UNKNOWN LIGHTING,TRAFFIC SIGNAL,NONE DETECTED,NONE DETECTED,FFDC30FE-55F1-4085-8D8E-007B7150AF91,PEDESTRIAN,Cross/Enter at Intersection,NO IMPROPER ACTIONS,SIDEWALK,No,SUSPECTED MINOR INJURY,NONE,39.085,-77.15128167,"(39.085, -77.15128167)"
MCP3358001V,240037202,MONTGOMERY,Injury Crash,08/07/2024 12:03:00 PM,County Route,W GREENVALE PKWY,,,,Cyclist (non-electric),Single Vehicle,Clear,Dry,Daylight,No Controls,"Not Suspect of Alcohol Use, Not Suspect of Drug Use","Not Suspect of Alcohol Use, Not Suspect of Drug Use",2B6563CB-50B3-4AFC-8E20-09E3DC373C7E,Cyclist (non-electric),Walking/Cycling Along Roadway Against Traffic (In or Adjacent to Travel Lane),None (No Improper Action),Shoulder/Roadside,No,Possible Injury,"Helmet, Protective Pads (elbows, knees, shins, etc.)",38.98281107,-77.06055932,"(38.98281107, -77.06055932)"
DD5508002D,16047169,Rockville Police Departme,Injury Crash,09/14/2016 05:05:00 PM,County,SOUTHLAWN LA,E GUDE DR,,N/A,BICYCLIST,STRAIGHT MOVEMENT ANGLE,CLEAR,DRY,DAYLIGHT,TRAFFIC SIGNAL,NONE DETECTED,NONE DETECTED,1C26C7F5-4078-40A0-8032-FB0622D4E31E,BICYCLIST,Cross/Enter at Intersection,NO IMPROPER ACTIONS,ON ROADWAY AT CROSSWALK,No,POSSIBLE INJURY,MC/BIKE HELMET,39.09735,-77.13649167,"(39.09735, -77.13649167)"
EJ7907001T,250013081,GAITHERSBURG,Property Damage Crash,03/25/2025 05:09:00 PM,Municipality Route,SPECTRUM BLVD SB/L,W WATKINS MILL RD (SB/L),,,Pedestrian,Single Vehicle,Clear,Dry,Daylight,Traffic Control Signal,"Not Suspect of Alcohol Use, Not Suspect of Drug Use","Not Suspect of Alcohol Use, Not Suspect of Drug Use",18B3DC83-4E7E-477E-8AB1-A6C84AA750FA,Pedestrian,Cross/Enter at Intersection,None (No Improper Action),Intersection Marked Crosswalk,No,No Apparent Injury,None,39.15813055,-77.22193192,"(39.15813055, -77.22193192)"
MCP3283000V,210029277,Montgomery County Police,Injury Crash,07/28/2021 03:22:00 PM,,,,"PARKING LOT EXIT OF CABIN JOHN SHOPPING CENTER - 11325 SEVEN LOCKS ROAD, POTOMAC MD 20854",,BICYCLIST,SINGLE VEHICLE,CLEAR,,DAYLIGHT,NO CONTROLS,NONE DETECTED,NONE DETECTED,759A66D7-530A-458F-B06A-175E2B9A2372,BICYCLIST,Cross/Enter at Intersection,NO IMPROPER ACTIONS,DRIVEWAY ACCESS MARKED CROSSWALK,No,SUSPECTED MINOR INJURY,NONE,39.04145509,-77.15919123,"(39.04145509, -77.15919123)"
MCP271700BM,170502817,Montgomery County Police,Property Damage Crash,04/18/2017 04:45:00 PM,,,,4707 HIGHLAND AVENUE (MONTGOMERY COUNTY PUBLIC PARKING LOT),,PEDESTRIAN,SINGLE VEHICLE,CLEAR,,DAYLIGHT,NO CONTROLS,NONE DETECTED,NONE DETECTED,BED5F0AE-C8C9-404A-A7FE-90691CA3E33C,PEDESTRIAN,Standing,OTHER,OTHER,No,NO APPARENT INJURY,NONE,38.991755,-77.09430183,"(38.991755, -77.09430183)"
DD5527002C,190032022,Rockville Police Departme,Injury Crash,07/05/2019 05:39:00 PM,Maryland (State),ROCKVILLE PIKE,RICHARD MONTGOMERY DR,,ROCKVILLE,PEDESTRIAN,OTHER,CLEAR,DRY,DAYLIGHT,TRAFFIC SIGNAL,NONE DETECTED,NONE DETECTED,7EF70D20-CF0A-4472-93A1-DC310B7B08C7,PEDESTRIAN,Cross/Enter at Intersection,NO IMPROPER ACTIONS,ON ROADWAY AT CROSSWALK,No,SUSPECTED MINOR INJURY,NONE,39.08034822,-77.14412258,"(39.08034822, -77.14412258)"
MCP2456006P,220033646,Montgomery County Police,Injury Crash,08/05/2022 01:45:00 PM,County,GLENVIEW AVE,DOMER AVE,,N/A,PEDESTRIAN,OTHER,CLEAR,DRY,DAYLIGHT,STOP SIGN,NONE DETECTED,NONE DETECTED,8C8DB942-0E25-46F6-A6EC-C34259A416DC,PEDESTRIAN,Cross/Enter at Intersection,UNKNOWN,AT INTERSECTION BUT NO CROSSWALK,No,SUSPECTED MINOR INJURY,N/A,38.99680667,-77.00039,"(38.99680667, -77.00039)"
MCP2868001J,15047916,MONTGOMERY,Injury Crash,09/21/2015 08:51:00 PM,Maryland (State),OLD GEORGETOWN RD,BEECH AVE,,N/A,PEDESTRIAN,OTHER,RAINING,WET,DARK LIGHTS ON,NO CONTROLS,NONE DETECTED,NONE DETECTED,7378C447-6FB1-4E2B-B4C6-5A2A643CECD2,PEDESTRIAN,Cross/Enter not at Intersection,IN ROADWAY IMPROPERLY,OUTSIDE RIGHT OF WAY,Yes,POSSIBLE INJURY,NONE,39.009605,-77.11462167,"(39.009605, -77.11462167)"
MCP3208006W,250021341,MONTGOMERY,Injury Crash,05/14/2025 11:00:00 PM,County Route,FENTON ST,SLIGO AVE,,,Pedestrian,Single Vehicle,Clear,,Unknown,Traffic Control Signal,"Unknown, Unknown","Suspect of Alcohol Use, Not Suspect of Drug Use",8E5F4660-66C0-4D1D-A24C-8C7CDEB8C1A6,Pedestrian,Cross/Enter at Intersection,Unknown,Intersection Marked Crosswalk,No,Suspected Minor Injury,None,38.99019397,-77.02389503,"(38.99019397, -77.02389503)"
MCP3396001N,250006833,MONTGOMERY,Injury Crash,02/15/2025 08:10:00 PM,Maryland (State) Route,CONNECTICUT AVE,WELLER RD,,,Pedestrian,Single Vehicle,Rain,Wet,Dark - Lighted,Traffic Control Signal,"Not Suspect of Alcohol Use, Not Suspect of Drug Use","Not Suspect of Alcohol Use, Not Suspect of Drug Use",2509405C-77D8-442D-870F-16EF27C12E4C,Pedestrian,Cross/Enter at Intersection,Unknown,Intersection Marked Crosswalk,No,Possible Injury,None,39.06309851,-77.07340257,"(39.06309851, -77.07340257)"
EJ7856009G,210029737,Gaithersburg Police Depar,Property Damage Crash,07/31/2021 06:37:00 PM,Municipality,SCHOOL DR,STORY DR,,GAITHERSBURG,BICYCLIST,OTHER,CLEAR,DRY,DAYLIGHT,N/A,N/A,N/A,43C0F0C0-BF2A-42AA-946A-26DEE5D308C3,BICYCLIST,Cross/Enter at Intersection,FAILURE TO YIELD RIGHT OF WAY,OTHER,Yes,NO APPARENT INJURY,NONE,39.11889078,-77.2139064,"(39.11889078, -77.2139064)"
MCP3330001W,240004023,MONTGOMERY,Injury Crash,01/25/2024 09:27:00 PM,County Route,ASPEN HILL RD,IRIS ST,,,Pedestrian,Single Vehicle,Rain,Wet,Dark - Not Lighted,No Controls,"Not Suspect of Alcohol Use, Not Suspect of Drug Use, Not Suspect of Alcohol Use, Not Suspect of Drug Use","Suspect of Alcohol Use, Unknown",FEBFC173-B900-4490-9513-2EDA45128A18,Pedestrian,Cross/Enter Not at Intersection,"In Roadway Improperly (Standing, Lying, Working, Playing), Inattentive (Talking, Eating, etc.), Not Visible (Dark Clothing, No Lighting, etc.), Other, Wrong-Way Riding or Walking",Travel Lane Other Location,Yes,Suspected Minor Injury,None,39.0753445,-77.09380633,"(39.0753445, -77.09380633)"