Report Number,Local Case Number,Agency Name,ACRS Report Type,Crash Date/Time,Route Type,Road Name,Cross-Street Name,Off-Road Description,Municipality,Related Non-Motorist,Collision Type,Weather,Surface Condition,Light,Traffic Control,Driver Substance Abuse,Non-Motorist Substance Abuse,Person ID,Pedestrian Type,Pedestrian Movement,Pedestrian Actions,Pedestrian Location,At Fault,Injury Severity,Safety Equipment,Latitude,Longitude,Location
MCP2358007X,200046475,Montgomery County Police,Property Damage Crash,11/24/2020 01:10:00 PM,Maryland (State),RIVER RD,NORTON RD,,N/A,BICYCLIST,SAME DIR REAR END,CLEAR,DRY,DAYLIGHT,NO CONTROLS,UNKNOWN,NONE DETECTED,5486DE50-CE97-4CB8-82D1-7829AD0EF48F,BICYCLIST,Walking/Riding w/Traffic,NO IMPROPER ACTIONS,ON ROADWAY NOT AT CROSSWALK,No,NO APPARENT INJURY,UNKNOWN,39.0256895,-77.21929867,"(39.0256895, -77.21929867)"
MCP31090045,200010517,Montgomery County Police,Injury Crash,03/03/2020 08:05:00 AM,Maryland (State),EAST WEST HWY,NOAA BUILDING 1,,N/A,BICYCLIST,STRAIGHT MOVEMENT ANGLE,CLEAR,DRY,DAYLIGHT,NO CONTROLS,NONE DETECTED,NONE DETECTED,E476A92E-C922-47AB-B530-3496FEC05C62,BICYCLIST,Walking/Riding w/Traffic,NO IMPROPER ACTIONS,SHOULDER,No,POSSIBLE INJURY,MC/BIKE HELMET,38.9920205,-77.03062467,"(38.9920205, -77.03062467)"
MCP0899001Z,17013122,Montgomery County Police,Injury Crash,03/13/2017 03:22:00 PM,County,ARLINGTON RD,EDGEMOOR LA,,N/A,PEDESTRIAN,OTHER,CLOUDY,DRY,DAYLIGHT,TRAFFIC SIGNAL,NONE DETECTED,NONE DETECTED,D3947630-E932-4C6D-84A7-A9A0A1265387,PEDESTRIAN,Cross/Enter at Intersection,NO IMPROPER ACTIONS,AT INTERSECTION MARKED CROSSWALK,No,SUSPECTED MINOR INJURY,NONE,38.9846992,-77.09866047,"(38.9846992, -77.09866047)"
MCP2565004G,170516450,Montgomery County Police,Injury Crash,06/29/2017 03:37:00 PM,Maryland (State),MONTGOMERY AVE,PEARL ST,,N/A,PEDESTRIAN,STRAIGHT MOVEMENT ANGLE,CLEAR,DRY,DAYLIGHT,NO CONTROLS,NONE DETECTED,NONE DETECTED,15886DF1-3371-4749-A017-CCFB6259BBE7,PEDESTRIAN,Walking/Cycling on Sidewalk,NO IMPROPER ACTIONS,OTHER,No,POSSIBLE INJURY,NONE,38.98397573,-77.09136084,"(38.98397573, -77.09136084)"
HA2386001H,230000953,Maryland-National Capital,Injury Crash,05/20/2023 03:00:00 PM,,,,PARKING LOT AT RIDGE ROAD RECREATIONAL PARK,,PEDESTRIAN,N/A,CLEAR,,DAYLIGHT,N/A,N/A,N/A,BBE057B1-639C-4598-8815-278BFFB15627,PEDESTRIAN,Other,NO IMPROPER ACTIONS,OTHER,Unknown,SUSPECTED MINOR INJURY,N/A,39.20949217,-77.24475033,"(39.20949217, -77.24475033)"
MCP26100014,170547922,Montgomery County Police,Injury Crash,12/11/2017 03:17:00 PM,County,MUDDY BRANCH RD,HARMONY HALL RD,,N/A,PEDESTRIAN,OTHER,CLEAR,DRY,DAYLIGHT,NO CONTROLS,NONE DETECTED,NONE DETECTED,D5A607F3-FA72-4E77-BC4C-ADA59367C476,PEDESTRIAN,Cross/Enter not at Intersection,DART DASH,ON ROADWAY NOT AT CROSSWALK,Yes,SUSPECTED MINOR INJURY,NONE,39.13700833,-77.20542833,"(39.13700833, -77.20542833)"
MCP31640044,210007828,Montgomery County Police,Injury Crash,03/02/2021 07:50:00 AM,Maryland (State),GEORGIA AVE,RANDOLPH RD,,N/A,PEDESTRIAN,SINGLE VEHICLE,CLEAR,DRY,DAYLIGHT,TRAFFIC SIGNAL,NONE DETECTED,NONE DETECTED,C720A46A-A27B-4944-ABE1-C264238746EC,PEDESTRIAN,Cross/Enter at Intersection,UNKNOWN,ON ROADWAY AT CROSSWALK,Unknown,POSSIBLE INJURY,NONE,39.05779333,-77.04981667,"(39.05779333, -77.04981667)"
MCP3061000L,170539614,Montgomery County Police,Property Damage Crash,10/29/2017 10:10:00 AM,County,CLARKSBURG RD,BARNES RD,,N/A,OTHER,SINGLE VEHICLE,CLOUDY,WET,DAYLIGHT,NO CONTROLS,NONE DETECTED,N/A,D57108B8-B3A2-421E-A34F-ED15F77E7FEE,OTHER,N/A,N/A,N/A,No,NO APPARENT INJURY,N/A,39.18431102,-77.3125425,"(39.18431102, -77.3125425)"
MCP3255000H,200034151,Montgomery County Police,Injury Crash,09/01/2020 10:30:00 AM,,,,PARKING LOT OF MCDONALDS AT 19388 MONTGOMERY VILLAGE AVE,,BICYCLIST,SINGLE VEHICLE,CLOUDY,,DAYLIGHT,NO CONTROLS,NONE DETECTED,NONE DETECTED,86A3D50B-DF58-44F3-9066-23CDB76F6B81,BICYCLIST,Walking/Cycling on Sidewalk,NO IMPROPER ACTIONS,OTHER,No,SUSPECTED MINOR INJURY,NONE,39.17381667,-77.20373833,"(39.17381667, -77.20373833)"
MCP0672000J,170508227,Montgomery County Police,Injury Crash,05/17/2017 04:26:00 AM,Maryland (State),W MONTGOMERY AVE,SHADY GROVE RD,,N/A,PEDESTRIAN,N/A,CLEAR,DRY,DARK LIGHTS ON,TRAFFIC SIGNAL,NONE DETECTED,UNKNOWN,0688A3A7-1D6C-4982-891D-A16AA86F95A7,PEDESTRIAN,Cross/Enter at Intersection,FAILURE TO YIELD RIGHT OF WAY,AT INTERSECTION MARKED CROSSWALK,Yes,SUSPECTED SERIOUS INJURY,N/A,39.10350847,-77.19058245,"(39.10350847, -77.19058245)"
MCP2846002T,170505454,Montgomery County Police,Injury Crash,05/02/2017 02:02:00 PM,Maryland (State),UNIVERSITY BLVD W,EAST AVE,,N/A,PEDESTRIAN,HEAD ON LEFT TURN,CLEAR,DRY,DAYLIGHT,OTHER,NONE DETECTED,NONE DETECTED,BA9F621C-C69E-416F-9D44-4B9DA4D7C3FA,PEDESTRIAN,Standing,NO IMPROPER ACTIONS,SIDEWALK,No,SUSPECTED SERIOUS INJURY,NONE,39.058355,-77.04861667,"(39.058355, -77.04861667)"
MCP27190017,16047966,Montgomery County Police,Injury Crash,09/18/2016 05:41:00 PM,County,PRICE AVE,FERN ST,,N/A,PEDESTRIAN,OTHER,CLEAR,DRY,DAYLIGHT,NO CONTROLS,NONE DETECTED,NONE DETECTED,7D5A9ECA-05FC-4276-9DEF-97E20AB3B73D,PEDESTRIAN,Cross/Enter at Intersection,NO IMPROPER ACTIONS,AT INTERSECTION MARKED CROSSWALK,No,SUSPECTED SERIOUS INJURY,NONE,39.0414,-77.048655,"(39.0414, -77.048655)"
MCP2891002Z,16060748,Montgomery County Police,Injury Crash,11/26/2016 02:58:00 PM,Maryland (State),GEORGIA AVE,AUGUST DR,,N/A,PEDESTRIAN,SINGLE VEHICLE,CLEAR,DRY,DAYLIGHT,TRAFFIC SIGNAL,NONE DETECTED,NONE DETECTED,95EAD03C-F76E-4DBE-A42F-68F165F45774,PEDESTRIAN,Cross/Enter at Intersection,NO IMPROPER ACTIONS,AT INTERSECTION MARKED CROSSWALK,No,SUSPECTED MINOR INJURY,N/A,39.02143,-77.04466,"(39.02143, -77.04466)"
MCP3031002D,180021142,Montgomery County Police,Property Damage Crash,04/30/2018 12:00:00 AM,County,TIVOLI LAKE BLVD,TIVOLI LAKE CT,,N/A,OTHER,HEAD ON LEFT TURN,CLEAR,DRY,UNKNOWN,NO CONTROLS,UNKNOWN,N/A,68C64E06-4E80-4DCB-806F-B234C0E61B82,OTHER,N/A,NO IMPROPER ACTIONS,OTHER,No,NO APPARENT INJURY,N/A,39.06948833,-77.03499167,"(39.06948833, -77.03499167)"
DD56440029,220003614,Rockville Police Departme,Injury Crash,01/27/2022 04:10:00 PM,Municipality,CHAPMAN AVE,BOUIC AVE,,ROCKVILLE,PEDESTRIAN,OTHER,CLEAR,DRY,DAYLIGHT,STOP SIGN,NONE DETECTED,NONE DETECTED,5E40EFB2-828F-4AD3-BC11-84649440F2DE,PEDESTRIAN,Cross/Enter at Intersection,NO IMPROPER ACTIONS,ON ROADWAY AT CROSSWALK,No,SUSPECTED MINOR INJURY,NONE,39.06108889,-77.12089636,"(39.06108889, -77.12089636)"
MCP2866005S,190049843,Montgomery County Police,Injury Crash,10/17/2019 04:19:00 PM,County,MONTROSE AVE,WEYMOUTH ST,,N/A,PEDESTRIAN,SINGLE VEHICLE,CLEAR,DRY,DAYLIGHT,NO CONTROLS,NONE DETECTED,NONE DETECTED,4620236A-EB75-4841-BA12-0EC10A11833C,PEDESTRIAN,Cross/Enter not at Intersection,DART DASH,ON ROADWAY NOT AT CROSSWALK,Yes,SUSPECTED MINOR INJURY,NONE,39.02835348,-77.09771704,"(39.02835348, -77.09771704)"
MCP2353002Z,16050932,Montgomery County Police,Injury Crash,10/04/2016 11:40:00 AM,Maryland (State),RIVER RD,CAPITOL CRESCENT TRAIL BRIDGE,,N/A,PEDESTRIAN,SINGLE VEHICLE,CLEAR,DRY,DAYLIGHT,OTHER,NONE DETECTED,NONE DETECTED,00DC94D2-5F27-499D-85DD-D39EC5E150DB,PEDESTRIAN,Cross/Enter not at Intersection,NO IMPROPER ACTIONS,ON ROADWAY AT CROSSWALK,No,SUSPECTED SERIOUS INJURY,NONE,38.96444833,-77.10323833,"(38.96444833, -77.10323833)"
EJ7873005M,2200012634,Gaithersburg Police Depar,Injury Crash,03/24/2022 08:49:00 AM,,,,"PARKING LOT OF 220 GIRARD STREET GAITHERSBURG, MD 20877",,PEDESTRIAN,OTHER,CLOUDY,,DAYLIGHT,NO CONTROLS,UNKNOWN,NONE DETECTED,FEEB918E-01A9-49FE-BDDF-0105D5E559E0,PEDESTRIAN,Other,DART DASH,OTHER,Yes,POSSIBLE INJURY,N/A,39.14171512,-77.18314614,"(39.14171512, -77.18314614)"
MCP27660016,15014009,Montgomery County Police,Injury Crash,03/26/2015 07:49:00 PM,Maryland (State),GEORGIA AVE,CONNECTICUT AVE,,N/A,PEDESTRIAN,STRAIGHT MOVEMENT ANGLE,RAINING,WET,DARK NO LIGHTS,NO CONTROLS,NONE DETECTED,NONE DETECTED,2EFC3F8E-01FE-4223-A942-F2CB88CD40F2,PEDESTRIAN,Cross/Enter not at Intersection,NOT VISIBLE,ON ROADWAY AT CROSSWALK,,POSSIBLE INJURY,NONE,39.08396833,-77.07845,"(39.08396833, -77.07845)"
MCP27360054,170542631,Montgomery County Police,Injury Crash,11/13/2017 09:39:00 PM,County,DORSET AVE,KENNEDY DR,,N/A,BICYCLIST,STRAIGHT MOVEMENT ANGLE,CLEAR,DRY,DARK LIGHTS ON,STOP SIGN,NONE DETECTED,NONE DETECTED,878A5ADC-218C-4688-85B9-4F70E4F4EE9F,BICYCLIST,Cross/Enter at Intersection,NO IMPROPER ACTIONS,AT INTERSECTION MARKED CROSSWALK,No,POSSIBLE INJURY,MC/BIKE HELMET,38.96882383,-77.10263967,"(38.96882383, -77.10263967)"
MCP21210015,170537380,Montgomery County Police,Property Damage Crash,10/19/2017 01:55:00 PM,,,,"PARKING LOT OF 18911 PEACH TREE RD DICKERSON, MD 20842",,OTHER,OTHER,CLEAR,,DAYLIGHT,N/A,NONE DETECTED,NONE DETECTED,060AA460-5030-4CC7-9BAF-5E9F0AC24576,OTHER,Other,N/A,INSIDE BUILDING,No,NO APPARENT INJURY,N/A,39.16642236,-77.38878429,"(39.16642236, -77.38878429)"
MCP2898005B,240048961,MONTGOMERY,Injury Crash,10/13/2024 06:28:00 PM,,,,Parking Lot Way        PARKING LOT OF 211117 FREDERICK RD,,Pedestrian,Single Vehicle,Clear,,Dusk,,"Not Suspect of Alcohol Use, Not Suspect of Drug Use","Not Suspect of Alcohol Use, Not Suspect of Drug Use",AB800D0D-F54F-4D9E-8589-52EE18EB52AB,Pedestrian,Other,None (No Improper Action),Other,No,Possible Injury,None,39.20445793,-77.24508927,"(39.20445793, -77.24508927)"
MCP28460064,200028872,Montgomery County Police,Injury Crash,07/25/2020 12:24:00 PM,,,,12041 GEORGIA AVE (M&T BANK PARKING LOT),,BICYCLIST,SINGLE VEHICLE,CLEAR,,DAYLIGHT,NO CONTROLS,UNKNOWN,NONE DETECTED,15A645A6-516A-48F4-A27E-468D122B72C1,BICYCLIST,Walking/Cycling on Sidewalk,NO IMPROPER ACTIONS,SIDEWALK,No,SUSPECTED MINOR INJURY,NONE,39.05258193,-77.05031596,"(39.05258193, -77.05031596)"
MCP26030038,200024788,Montgomery County Police,Injury Crash,06/25/2020 11:18:00 AM,Maryland (State),MONTGOMERY VILLAGE AVE,SPUR TO CHRISTOPHER AVE,,N/A,PEDESTRIAN,SINGLE VEHICLE,CLOUDY,DRY,DAYLIGHT,OTHER,N/A,N/A,735CE29E-D4AE-4B18-A944-A7507464C61C,PEDESTRIAN,Cross/Enter at Intersection,NO IMPROPER ACTIONS,ON ROADWAY AT CROSSWALK,No,POSSIBLE INJURY,NONE,39.15834667,-77.204405,"(39.15834667, -77.204405)"
EJ7864000F,16051641,Gaithersburg Police Depar,Injury Crash,10/07/2016 06:10:00 AM,Municipality,FIRSTFIELD RD,CLOPPER RD,,N/A,PEDESTRIAN,SINGLE VEHICLE,CLEAR,DRY,N/A,TRAFFIC SIGNAL,NONE DETECTED,NONE DETECTED,4AFB7ABF-0328-452B-9979-3A4FE79D3D4B,PEDESTRIAN,Cross/Enter at Intersection,DART DASH,ON ROADWAY NOT AT CROSSWALK,Yes,SUSPECTED MINOR INJURY,NONE,39.1437661,-77.22377881,"(39.1437661, -77.22377881)"
MCP2635008X,240061584,MONTGOMERY,Fatal Crash,12/26/2024 11:13:00 AM,,,,Parking Stall        PARKING LOT OF 15618 OLD COLUMBIA PIKE.,,Pedestrian,Other,Cloudy,,Daylight,,"Not Suspect of Alcohol Use, Not Suspect of Drug Use","Unknown, Unknown",014B98E9-31BC-4BE8-B963-068F2AC52DCC,Pedestrian,Standing,Unknown,NonTrafficway Area,No,Fatal Injury,Unknown,39.11294203,-76.93497632,"(39.11294203, -76.93497632)"
MCP2546002K,180050432,Montgomery County Police,Injury Crash,10/09/2018 06:56:00 AM,Maryland (State),GEORGIA AVE,WENDY LA,,N/A,PEDESTRIAN,ANGLE MEETS RIGHT TURN,CLEAR,DRY,DAWN,NO CONTROLS,NONE DETECTED,NONE DETECTED,FB6D6D1B-BB93-45B8-B6FB-829294B67442,PEDESTRIAN,Standing,NO IMPROPER ACTIONS,SIDEWALK,No,POSSIBLE INJURY,N/A,39.078979,-77.07256,"(39.078979, -77.07256)"
EJ7854002Q,180064002,Gaithersburg Police Depar,Injury Crash,12/22/2018 12:27:00 PM,,,,880 RUSSELL AVE GAITHERSBURG MD PARKING LOT( COSTCO),,PEDESTRIAN,OTHER,N/A,,DAYLIGHT,NO CONTROLS,N/A,NONE DETECTED,E515D529-A666-4209-BF16-A6CCBF55D7F8,PEDESTRIAN,Getting off/on Vehicle,NO IMPROPER ACTIONS,OTHER,No,SUSPECTED MINOR INJURY,N/A,39.15531,-77.21383667,"(39.15531, -77.21383667)"
MCP2592004N,250009625,MONTGOMERY,Injury Crash,03/05/2025 09:45:00 AM,,,,Parking Lot Way        PARKING LOT IN FRONT OF GAITHERSBURG LIBRARY 18330 MONTGOMERY VILLAGE AVE,,Pedestrian,Single Vehicle,Clear,,Daylight,,"Not Suspect of Alcohol Use, Not Suspect of Drug Use","Not Suspect of Alcohol Use, Not Suspect of Drug Use",FE7246AC-FFEE-44D5-A4D0-CCCED3474C9D,Pedestrian,Cross/Enter Not at Intersection,Unknown,Other,No,Possible Injury,None,39.15842918,-77.20562344,"(39.15842918, -77.20562344)"
MCP1251000T,16021786,Montgomery County Police,Injury Crash,05/03/2016 09:04:00 AM,County,MACARTHUR BLVD,CLARA BARTON PKWY,,N/A,BICYCLIST,SINGLE VEHICLE,CLOUDY,WET,DAYLIGHT,TRAFFIC SIGNAL,NONE DETECTED,NONE DETECTED,8ACB5DDB-41E2-4659-ACE1-89E7E4D4281D,BICYCLIST,Cross/Enter at Intersection,NO IMPROPER ACTIONS,IN BIKEWAY,No,SUSPECTED MINOR INJURY,MC/BIKE HELMET,38.96449763,-77.13603973,"(38.96449763, -77.13603973)"
MCP2675001N,180011131,Montgomery County Police,Injury Crash,03/05/2018 05:34:00 AM,Maryland (State),UNIVERSITY BLVD W,AMHERST AVE,,N/A,PEDESTRIAN,STRAIGHT MOVEMENT ANGLE,N/A,DRY,DARK LIGHTS ON,FLASHING TRAFFIC SIGNAL,NONE DETECTED,NONE DETECTED,26F28AE7-2B58-4FA8-B741-D05E7EEC807C,PEDESTRIAN,Cross/Enter at Intersection,DART DASH,ON ROADWAY AT CROSSWALK,Yes,SUSPECTED SERIOUS INJURY,N/A,39.04130667,-77.04821833,"(39.04130667, -77.04821833)"
MCP2765001D,15022170,Montgomery County Police,Injury Crash,05/09/2015 08:42:00 PM,Maryland (State),DARNESTOWN RD,CROSSOVER,,N/A,PEDESTRIAN,SINGLE VEHICLE,CLEAR,DRY,DARK LIGHTS ON,TRAFFIC SIGNAL,NONE DETECTED,UNKNOWN,1238DAB5-A6B1-420B-B31D-6E0C5B55B552,PEDESTRIAN,Cross/Enter at Intersection,DART DASH,ON ROADWAY AT CROSSWALK,,POSSIBLE INJURY,NONE,39.11727152,-77.25116551,"(39.11727152, -77.25116551)"
MCP3111001P,190048267,Montgomery County Police,Property Damage Crash,10/08/2019 10:11:00 AM,Maryland (State),ROCKVILLE PIKE,CENTER DR,,N/A,PEDESTRIAN,SAME DIR REAR END,CLEAR,DRY,DAYLIGHT,TRAFFIC SIGNAL,NONE DETECTED,NONE DETECTED,1562C393-14B9-44AA-BB7B-6C8309B641FB,PEDESTRIAN,Cross/Enter at Intersection,NO IMPROPER ACTIONS,AT INTERSECTION MARKED CROSSWALK,No,NO APPARENT INJURY,NONE,38.99693893,-77.09671783,"(38.99693893, -77.09671783)"
MCP2395002W,240059767,MONTGOMERY,Injury Crash,12/14/2024 10:20:00 AM,Maryland (State) Route,COLESVILLE RD,GEORGIA AVE (SB/L),,,Pedestrian,Single Vehicle,Clear,Dry,Daylight,Traffic Control Signal,"Not Suspect of Alcohol Use, Not Suspect of Drug Use","Not Suspect of Alcohol Use, Not Suspect of Drug Use",E556D2F9-CF36-4604-A09B-0297635E015C,Pedestrian,Cross/Enter at Intersection,None (No Improper Action),Intersection Marked Crosswalk,No,Possible Injury,None,38.99596183,-77.02825132,"(38.99596183, -77.02825132)"
MCP29540032,17010663,Montgomery County Police,Injury Crash,02/28/2017 09:31:00 AM,US (State),COLESVILLE RD,UNIVERSITY BLVD E,,N/A,PEDESTRIAN,SINGLE VEHICLE,CLEAR,DRY,DAYLIGHT,TRAFFIC SIGNAL,UNKNOWN,NONE DETECTED,F8689B85-1B5E-49F6-B20C-1A45D7D0BED1,PEDESTRIAN,Cross/Enter at Intersection,NO IMPROPER ACTIONS,ON ROADWAY AT CROSSWALK,No,POSSIBLE INJURY,N/A,39.01980052,-77.01337695,"(39.01980052, -77.01337695)"
MCP3303001S,230073589,Montgomery County Police,Injury Crash,12/25/2023 09:27:00 PM,County,GUNNERS BRANCH RD,FREDERICK RD,,N/A,PEDESTRIAN,SINGLE VEHICLE,CLEAR,DRY,DARK LIGHTS ON,NO CONTROLS,NONE DETECTED,NONE DETECTED,58FA60E1-F52A-4D43-AD67-3BC1BCA40242,PEDESTRIAN,Cross/Enter at Intersection,NO IMPROPER ACTIONS,ON ROADWAY AT CROSSWALK,No,NO APPARENT INJURY,NONE,39.17799305,-77.24060511,"(39.17799305, -77.24060511)"
DD561500F8,230014198,Rockville Police Departme,Injury Crash,03/24/2023 07:45:00 AM,Municipality,FLEET ST,PARK AVE,,ROCKVILLE,PEDESTRIAN,SINGLE VEHICLE,RAINING,WET,DAWN,NO CONTROLS,NONE DETECTED,NONE DETECTED,979A3F00-9E54-4D87-872C-69CCA738F786,PEDESTRIAN,Walking to/from school,NO IMPROPER ACTIONS,ON ROADWAY AT CROSSWALK,No,POSSIBLE INJURY,NONE,39.0800635,-77.14846033,"(39.0800635, -77.14846033)"
DD5641000Y,200021098,Rockville Police Departme,Injury Crash,05/28/2020 06:38:00 AM,Municipality,FALLSGROVE BLVD,PRETTYMAN DR,,ROCKVILLE,PEDESTRIAN,SINGLE VEHICLE,RAINING,WET,DUSK,STOP SIGN,NONE DETECTED,NONE DETECTED,FCE0D3BD-7D73-4FB1-9DE4-0E9B5D4E04AE,PEDESTRIAN,Cross/Enter at Intersection,NO IMPROPER ACTIONS,ON ROADWAY AT CROSSWALK,No,SUSPECTED MINOR INJURY,NONE,39.09632978,-77.19286117,"(39.09632978, -77.19286117)"
MCP289200FK,230066526,Montgomery County Police,Injury Crash,11/15/2023 04:05:00 PM,County,MANCHESTER RD,SCHUYLER RD,,N/A,PEDESTRIAN,SINGLE VEHICLE,CLEAR,DRY,DAYLIGHT,NO CONTROLS,NONE DETECTED,NONE DETECTED,259C7011-C181-4718-B7F8-5CC2069603C6,PEDESTRIAN,Playing,OTHER,ON ROADWAY NOT AT CROSSWALK,Unknown,SUSPECTED MINOR INJURY,NONE,39.00338,-77.01125667,"(39.00338, -77.01125667)"
DD5611004W,180027001,Rockville Police Departme,Injury Crash,06/01/2018 06:00:00 PM,Maryland (State),ROCKVILLE PIKE,TEMPLETON PL,,ROCKVILLE,PEDESTRIAN,SINGLE VEHICLE,CLEAR,DRY,DAYLIGHT,TRAFFIC SIGNAL,NONE DETECTED,NONE DETECTED,0721C381-9125-438C-938F-36784D329BE3,PEDESTRIAN,Cross/Enter at Intersection,IN ROADWAY IMPROPERLY,ON ROADWAY AT CROSSWALK,Yes,SUSPECTED SERIOUS INJURY,N/A,39.06671833,-77.12826333,"(39.06671833, -77.12826333)"
MCP2008000Y,15014625,Montgomery County Police,Injury Crash,03/30/2015 04:25:00 PM,Maryland (State),WISCONSIN AVE,LELAND ST,,N/A,PEDESTRIAN,OTHER,CLEAR,DRY,DAYLIGHT,N/A,N/A,NONE DETECTED,6D516516-1268-452B-822D-9BB1AB1CABF5,PEDESTRIAN,Standing,OTHER,ON ROADWAY NOT AT CROSSWALK,,POSSIBLE INJURY,N/A,38.97980167,-77.09194667,"(38.97980167, -77.09194667)"
DM8388003W,220013424,Takoma Park Police Depart,Injury Crash,03/29/2022 04:24:00 PM,Maryland (State),UNIVERSITY BLVD E,PRINCE GEORGES CO/L,,N/A,PEDESTRIAN,OTHER,N/A,DRY,DAYLIGHT,TRAFFIC SIGNAL,NONE DETECTED,NONE DETECTED,CDA2F307-4FE4-4A8D-AD8F-AB1118A2FC65,PEDESTRIAN,Cross/Enter at Intersection,NO IMPROPER ACTIONS,ON ROADWAY AT CROSSWALK,No,POSSIBLE INJURY,NONE,38.98797353,-76.9864275,"(38.98797353, -76.9864275)"
MCP2372000Z,180051937,Montgomery County Police,Injury Crash,10/17/2018 06:38:00 AM,County,SANGAMORE RD,BROOKES LA,,N/A,PEDESTRIAN,STRAIGHT MOVEMENT ANGLE,CLEAR,DRY,DARK LIGHTS ON,STOP SIGN,NONE DETECTED,NONE DETECTED,05DE2142-1360-4ABF-97A6-E9BEC15E6325,PEDESTRIAN,Cross/Enter at Intersection,IN ROADWAY IMPROPERLY,ON ROADWAY NOT AT CROSSWALK,Yes,SUSPECTED MINOR INJURY,NONE,38.94876833,-77.12023167,"(38.94876833, -77.12023167)"
MCP1205000Y,15009601,Montgomery County Police,Injury Crash,02/28/2015 09:21:00 AM,Maryland (State),CONNECTICUT AVE,KNOWLES AVE,,N/A,PEDESTRIAN,SINGLE VEHICLE,CLEAR,DRY,DAYLIGHT,N/A,NONE DETECTED,N/A,87764BF4-D4E3-4D32-BC2A-222C99B26B5B,PEDESTRIAN,Standing,NO IMPROPER ACTIONS,OTHER,,SUSPECTED SERIOUS INJURY,N/A,39.02763549,-77.07640886,"(39.02763549, -77.07640886)"
MCP1048000Z,15050991,MONTGOMERY,Injury Crash,10/08/2015 10:30:00 AM,County,E GUDE DR,CRABBS BRANCH WAY,,N/A,OTHER,SAME DIR REAR END,CLEAR,DRY,DAYLIGHT,OTHER,N/A,N/A,96A8B40E-E918-4F95-AD35-52297F912725,OTHER,Other Working,NO IMPROPER ACTIONS,INSIDE BUILDING,No,POSSIBLE INJURY,N/A,39.10644667,-77.14993167,"(39.10644667, -77.14993167)"
DD56050073,190049295,Rockville Police Departme,Injury Crash,10/14/2019 02:00:00 PM,Maryland (State),ROCKVILLE PIKE,EDMONSTON DR,,ROCKVILLE,PEDESTRIAN,STRAIGHT MOVEMENT ANGLE,CLEAR,DRY,DAYLIGHT,TRAFFIC SIGNAL,NONE DETECTED,NONE DETECTED,13DF6548-8ACA-48EA-8075-35A1F3D056B2,PEDESTRIAN,Standing,NO IMPROPER ACTIONS,SIDEWALK,No,SUSPECTED SERIOUS INJURY,N/A,39.07450917,-77.13577483,"(39.07450917, -77.13577483)"
MCP10220054,16033362,Montgomery County Police,Injury Crash,07/01/2016 05:24:00 PM,County,LEAMAN FARM RD,ENT TO SHOPPING CTR,,N/A,PEDESTRIAN,SINGLE VEHICLE,CLEAR,DRY,DAYLIGHT,NO CONTROLS,NONE DETECTED,NONE DETECTED,5EB759FB-DD38-486B-BC09-844912E1B459,PEDESTRIAN,Cross/Enter not at Intersection,DART DASH,ON ROADWAY NOT AT CROSSWALK,Yes,SUSPECTED MINOR INJURY,N/A,39.15874667,-77.27947333,"(39.15874667, -77.27947333)"
MCP2687001M,16033547,Montgomery County Police,Injury Crash,07/02/2016 04:33:00 PM,Maryland (State),WILSON LA,CORDELL AVE,,N/A,PEDESTRIAN,OTHER,N/A,DRY,DAYLIGHT,NO CONTROLS,NONE DETECTED,NONE DETECTED,DA1C00DD-B9D8-4E50-990C-605EB5B98465,PEDESTRIAN,Cross/Enter not at Intersection,IN ROADWAY IMPROPERLY,ON ROADWAY NOT AT CROSSWALK,Yes,POSSIBLE INJURY,NONE,38.98731781,-77.0994705,"(38.98731781, -77.0994705)"
MCP3143000H,180050750,Montgomery County Police,Injury Crash,10/10/2018 04:51:00 PM,Maryland (State),ROCKVILLE PIKE,WILSON DR,,N/A,BICYCLIST,STRAIGHT MOVEMENT ANGLE,CLEAR,N/A,DAYLIGHT,TRAFFIC SIGNAL,NONE DETECTED,NONE DETECTED,2D98DA36-0581-49C7-A9F6-78BFD6B0CD35,BICYCLIST,Walking/Cycling on Sidewalk,NO IMPROPER ACTIONS,AT INTERSECTION MARKED CROSSWALK,No,SUSPECTED MINOR INJURY,MC/BIKE HELMET,39.002625,-77.097675,"(39.002625, -77.097675)"
MCP3030005J,230052692,Montgomery County Police,Injury Crash,09/01/2023 06:30:00 PM,County,SANGAMORE RD,BROOKES LA,,N/A,PEDESTRIAN,OTHER,CLEAR,DRY,DAYLIGHT,STOP SIGN,N/A,N/A,14FFAD0B-8EA0-4579-94A0-D4DF3F028D20,PEDESTRIAN,Cross/Enter at Intersection,NO IMPROPER ACTIONS,AT INTERSECTION MARKED CROSSWALK,No,SUSPECTED MINOR INJURY,N/A,38.94859333,-77.11984833,"(38.94859333, -77.11984833)"
MCP3206001Q,200010739,Montgomery County Police,Injury Crash,03/04/2020 08:05:00 AM,Maryland (State),PINEY BRANCH RD,POTOMAC AVE,,N/A,PEDESTRIAN,SINGLE VEHICLE,CLEAR,DRY,DAYLIGHT,OTHER,UNKNOWN,N/A,735F95E1-F824-4BE1-801D-33BB7C1613B6,PEDESTRIAN,Walking to/from school,N/A,ON ROADWAY AT CROSSWALK,No,POSSIBLE INJURY,N/A,38.98662524,-77.01347558,"(38.98662524, -77.01347558)"