Report Number,Local Case Number,Agency Name,ACRS Report Type,Crash Date/Time,Route Type,Road Name,Cross-Street Name,Off-Road Description,Municipality,Related Non-Motorist,Collision Type,Weather,Surface Condition,Light,Traffic Control,Driver Substance Abuse,Non-Motorist Substance Abuse,Person ID,Pedestrian Type,Pedestrian Movement,Pedestrian Actions,Pedestrian Location,At Fault,Injury Severity,Safety Equipment,Latitude,Longitude,Location
MCP2970001Q,16033110,Montgomery County Police,Injury Crash,06/30/2016 01:34:00 PM,Maryland (State),UNIVERSITY BLVD W,DRUMM AVE,,N/A,PEDESTRIAN,SINGLE VEHICLE,CLEAR,DRY,DAYLIGHT,YIELD SIGN,N/A,N/A,27E55E3F-BAFE-410B-B967-D5CD24AC1A1A,PEDESTRIAN,Cross/Enter at Intersection,NO IMPROPER ACTIONS,ON ROADWAY AT CROSSWALK,No,NO APPARENT INJURY,N/A,39.03668,-77.06152,"(39.03668, -77.06152)"
MCP2212002F,170522534,Montgomery County Police,Injury Crash,08/02/2017 02:36:00 PM,County,PLUM ORCHARD DR,BROADBIRCH DR,,N/A,PEDESTRIAN,OTHER,CLEAR,DRY,DAYLIGHT,STOP SIGN,NONE DETECTED,NONE DETECTED,A035EDE6-ADB7-48DB-B7B4-9E8EB30792D5,PEDESTRIAN,Cross/Enter at Intersection,NO IMPROPER ACTIONS,MIDBLOCK MARKED CROSSWALK,No,SUSPECTED MINOR INJURY,N/A,39.05551761,-76.95732951,"(39.05551761, -76.95732951)"
MCP3050006T,250032542,MONTGOMERY,Property Damage Crash,07/21/2025 05:14:00 PM,Maryland (State) Route,GEORGIA AVE (SB/L),HEATHFIELD RD,,,Cyclist (non-electric),Single Vehicle,Clear,Dry,Daylight,Traffic Control Signal,"Not Suspect of Alcohol Use, Not Suspect of Drug Use","Not Suspect of Alcohol Use, Not Suspect of Drug Use",5FA76DF2-E135-4D6A-80EF-B34C35D85FB2,Cyclist (non-electric),Cross/Enter at Intersection,None (No Improper Action),Intersection Marked Crosswalk,No,No Apparent Injury,None,39.08761658,-77.0797224,"(39.08761658, -77.0797224)"
EJ78470011,15035006,GAITHERSBURG,Injury Crash,07/17/2015 12:33:00 AM,Maryland (State),S FREDERICK RD,W DEER PARK RD,,GAITHERSBURG,PEDESTRIAN,SINGLE VEHICLE,CLEAR,DRY,DARK LIGHTS ON,TRAFFIC SIGNAL,N/A,ILLEGAL DRUG PRESENT,450EFED1-3AE8-4E49-8CEA-AD5B037B0B44,PEDESTRIAN,Cross/Enter at Intersection,IN ROADWAY IMPROPERLY,ON ROADWAY NOT AT CROSSWALK,Yes,POSSIBLE INJURY,NONE,39.13183333,-77.188705,"(39.13183333, -77.188705)"
MCP27520053,230013065,Montgomery County Police,Injury Crash,03/17/2023 07:56:00 PM,,,,"9718 PLEASANT GATE LANE, POTOMAC, MD",,PEDESTRIAN,SINGLE VEHICLE,CLEAR,,DARK LIGHTS ON,NO CONTROLS,NONE DETECTED,N/A,5D8B0780-A550-4D92-B967-3984A4493014,PEDESTRIAN,Playing,DART DASH,OTHER,Yes,SUSPECTED MINOR INJURY,NONE,38.99953537,-77.20114463,"(38.99953537, -77.20114463)"
MCP3125003G,220003457,Montgomery County Police,Injury Crash,01/26/2022 04:40:00 PM,Maryland (State),DARNESTOWN RD,MUDDY BRANCH RD,,N/A,PEDESTRIAN,SINGLE VEHICLE,CLEAR,DRY,DAYLIGHT,TRAFFIC SIGNAL,N/A,N/A,9FF9D603-5681-4BA8-A0E3-BED6D00D4183,PEDESTRIAN,Cross/Enter at Intersection,NO IMPROPER ACTIONS,ON ROADWAY AT CROSSWALK,No,POSSIBLE INJURY,NONE,39.10288,-77.220805,"(39.10288, -77.220805)"
MCP3039004Y,200023798,Montgomery County Police,Property Damage Crash,06/17/2020 06:00:00 PM,US (State),GEORGIA AVE,NW EASTERN AVE (DC MAINT),,N/A,PEDESTRIAN,OTHER,RAINING,WET,DAYLIGHT,TRAFFIC SIGNAL,UNKNOWN,NONE DETECTED,B7BD4AA3-489E-4D20-90B6-226F4C70048A,PEDESTRIAN,Cross/Enter at Intersection,NO IMPROPER ACTIONS,AT INTERSECTION BUT NO CROSSWALK,No,NO APPARENT INJURY,N/A,38.99099,-77.028035,"(38.99099, -77.028035)"
MCP27980050,220021583,Montgomery County Police,Injury Crash,05/20/2022 06:40:00 PM,County,MIDDLEBROOK RD,CELEBRATION WAY,,N/A,PEDESTRIAN,OTHER,CLEAR,DRY,DAYLIGHT,OTHER,NONE DETECTED,NONE DETECTED,CE0DF1C3-CEB1-4634-87BD-B72BDD67125B,PEDESTRIAN,Cross/Enter not at Intersection,DART DASH,ON ROADWAY NOT AT CROSSWALK,Yes,POSSIBLE INJURY,NONE,39.18164167,-77.26942333,"(39.18164167, -77.26942333)"
MCP26370015,16058857,Montgomery County Police,Injury Crash,11/15/2016 02:33:00 PM,County,OWENS GLEN WAY,OWENS GLEN TERR,,N/A,OTHER,SINGLE VEHICLE,N/A,DRY,DAYLIGHT,NO CONTROLS,,NONE DETECTED,51CF42EB-0614-4E4C-918A-D61E2E0CAD8C,OTHER,Other,OTHER,OTHER,Yes,POSSIBLE INJURY,NONE,39.11015333,-77.24271333,"(39.11015333, -77.24271333)"
MCP2492000V,170541937,Montgomery County Police,Fatal Crash,11/09/2017 06:40:00 PM,US (State),COLUMBIA PIKE,HILLWOOD DR,,N/A,PEDESTRIAN,OTHER,RAINING,WET,DARK LIGHTS ON,NO CONTROLS,NONE DETECTED,UNKNOWN,6C326AE8-EF66-4D76-8785-0A8ADB303CD9,PEDESTRIAN,Unknown,UNKNOWN,ON ROADWAY NOT AT CROSSWALK,Unknown,FATAL INJURY,NONE,39.03231522,-77.00382024,"(39.03231522, -77.00382024)"
MCP2639009T,200039284,Montgomery County Police,Injury Crash,10/06/2020 07:30:00 AM,Maryland (State),LAYHILL RD,BRIGGS RD,,N/A,PEDESTRIAN,STRAIGHT MOVEMENT ANGLE,CLEAR,DRY,DAYLIGHT,TRAFFIC SIGNAL,NONE DETECTED,NONE DETECTED,E3E61B0E-2248-4358-8D5C-27193EB97CC6,PEDESTRIAN,Cross/Enter at Intersection,NO IMPROPER ACTIONS,SIDEWALK,No,POSSIBLE INJURY,NONE,39.06889333,-77.045155,"(39.06889333, -77.045155)"
MCP3372001M,230061088,Montgomery County Police,Injury Crash,10/17/2023 03:21:00 PM,County,VEIRS MILL RD,GAYNOR RD,,N/A,PEDESTRIAN,N/A,CLEAR,DRY,DAYLIGHT,WARNING SIGN,NONE DETECTED,NONE DETECTED,9A0AC4C4-B095-4526-A74E-B1DD159B1562,PEDESTRIAN,Cross/Enter at Intersection,N/A,ON ROADWAY AT CROSSWALK,No,SUSPECTED MINOR INJURY,N/A,39.06165063,-77.09202394,"(39.06165063, -77.09202394)"
MCP1168000G,16005415,Montgomery County Police,Injury Crash,02/02/2016 10:01:00 AM,Maryland (State),GEORGIA AVE,CONNECTICUT AVE,,N/A,PEDESTRIAN,OTHER,CLEAR,WET,DAYLIGHT,NO CONTROLS,NONE DETECTED,ALCOHOL PRESENT,04B97FBF-6168-468E-B920-D06C512B47E1,PEDESTRIAN,Other,IN ROADWAY IMPROPERLY,ON ROADWAY NOT AT CROSSWALK,Yes,SUSPECTED MINOR INJURY,N/A,39.08397741,-77.07787201,"(39.08397741, -77.07787201)"
MCP1128003Y,15024362,Montgomery County Police,Injury Crash,05/21/2015 08:32:00 AM,,,,PARKING LOT OF 8600 OLD GEORGETOWN RD SUBURBAN HOSPITAL,,PEDESTRIAN,OTHER,CLOUDY,,DAYLIGHT,NO CONTROLS,NONE DETECTED,N/A,0FC83401-D3C2-4C11-B04B-9CCC414E1557,PEDESTRIAN,Standing,NO IMPROPER ACTIONS,OTHER,,SUSPECTED MINOR INJURY,N/A,38.99807167,-77.10923667,"(38.99807167, -77.10923667)"
MCP137800S9,190046402,Montgomery County Police,Injury Crash,09/27/2019 05:31:00 PM,Municipality,ODENDHAL AVE,FREDERICK RD,,N/A,PEDESTRIAN,SINGLE VEHICLE,CLEAR,DRY,DAYLIGHT,NO CONTROLS,NONE DETECTED,NONE DETECTED,7A588CBC-E0F0-4103-BA5B-A612F4C7D9C9,PEDESTRIAN,Cross/Enter at Intersection,NO IMPROPER ACTIONS,SIDEWALK,No,POSSIBLE INJURY,N/A,39.14905667,-77.20646333,"(39.14905667, -77.20646333)"
MCP1221004S,180013625,Montgomery County Police,Injury Crash,03/19/2018 08:48:00 AM,,,,PARKING LOT OF 100 TSCHIFFELY SQUARE RD,,PEDESTRIAN,SINGLE VEHICLE,CLEAR,,DAYLIGHT,NO CONTROLS,NONE DETECTED,NONE DETECTED,C6EBDEAA-6365-4BF8-82DB-C73A9E3EEFF7,PEDESTRIAN,Walking to/from school,NO IMPROPER ACTIONS,OTHER,No,SUSPECTED MINOR INJURY,N/A,39.11766833,-77.24671667,"(39.11766833, -77.24671667)"
MCP2813000V,15000853,Montgomery County Police,Injury Crash,01/06/2015 08:04:00 AM,County,CENTERHILL ST,BLUHILL RD,,N/A,PEDESTRIAN,SINGLE VEHICLE,SNOW,ICE,DAYLIGHT,STOP SIGN,NONE DETECTED,NONE DETECTED,CE10B1E5-9766-48E1-8B9E-8E1ACDF21810,PEDESTRIAN,Getting off/on Vehicle,NO IMPROPER ACTIONS,OTHER,,SUSPECTED SERIOUS INJURY,N/A,39.05038833,-77.07255167,"(39.05038833, -77.07255167)"
MCP2358002G,16059235,Montgomery County Police,Injury Crash,11/17/2016 02:37:00 PM,Maryland (State),RIVER RD,COUNSELMAN RD,,N/A,BICYCLIST,STRAIGHT MOVEMENT ANGLE,CLEAR,DRY,DAYLIGHT,TRAFFIC SIGNAL,NONE DETECTED,NONE DETECTED,54290F89-19F4-490E-826D-7F373C768303,BICYCLIST,Walking/Riding w/Traffic,NO IMPROPER ACTIONS,ON ROADWAY NOT AT CROSSWALK,No,SUSPECTED MINOR INJURY,MC/BIKE HELMET,39.01725833,-77.207855,"(39.01725833, -77.207855)"
MCP2764000V,15051049,MONTGOMERY,Injury Crash,10/08/2015 04:11:00 PM,Maryland (State),VEIRS MILL RD,CONNECTICUT AVE,,N/A,PEDESTRIAN,OTHER,CLEAR,DRY,DAYLIGHT,TRAFFIC SIGNAL,NONE DETECTED,NONE DETECTED,6606008F-EDA3-4AFA-BC98-687673EA242A,PEDESTRIAN,Cross/Enter at Intersection,DART DASH,ON ROADWAY AT CROSSWALK,No,POSSIBLE INJURY,NONE,39.05165333,-77.07509,"(39.05165333, -77.07509)"
MCP271700DG,170535666,Montgomery County Police,Injury Crash,10/09/2017 04:20:00 PM,County,DECATUR AVE,UNIVERSITY BLVD W,,N/A,PEDESTRIAN,SINGLE VEHICLE,CLEAR,DRY,DAYLIGHT,NO CONTROLS,NONE DETECTED,NONE DETECTED,6AF615B2-2EE8-405C-92D3-02F4004D3EFB,PEDESTRIAN,Cross/Enter not at Intersection,DART DASH,ON ROADWAY NOT AT CROSSWALK,Yes,SUSPECTED MINOR INJURY,NONE,39.0338525,-77.07308983,"(39.0338525, -77.07308983)"
MCP23530036,16059188,Montgomery County Police,Injury Crash,11/17/2016 10:05:00 AM,Maryland (State),ROCKVILLE PIKE,EDSON LA,,N/A,PEDESTRIAN,SINGLE VEHICLE,N/A,DRY,DAYLIGHT,PERSON,NONE DETECTED,NONE DETECTED,64AFB968-E313-4409-8DDF-93DFA53AF9BF,PEDESTRIAN,Cross/Enter at Intersection,NO IMPROPER ACTIONS,ON ROADWAY AT CROSSWALK,No,POSSIBLE INJURY,NONE,39.04076833,-77.10961167,"(39.04076833, -77.10961167)"
DD5645000M,200044339,Rockville Police Departme,Injury Crash,11/10/2020 09:32:00 AM,Maryland (State),ROCKVILLE PIKE,CONGRESSIONAL LA,,N/A,PEDESTRIAN,SINGLE VEHICLE,CLEAR,DRY,DAYLIGHT,TRAFFIC SIGNAL,NONE DETECTED,NONE DETECTED,CEB65C9B-3A09-4381-A614-222D8DA7941B,PEDESTRIAN,Cross/Enter at Intersection,FAILURE TO OBEY TRAFFIC SIGNS SIGNALS OR OFFICER,ON ROADWAY AT CROSSWALK,Yes,SUSPECTED MINOR INJURY,NONE,39.06440333,-77.12626833,"(39.06440333, -77.12626833)"
MCP2531000H,16019244,Montgomery County Police,Property Damage Crash,04/19/2016 05:40:00 PM,County,MEDICAL CENTER DR,KEY WEST AVE,,N/A,BICYCLIST,STRAIGHT MOVEMENT ANGLE,CLEAR,DRY,DAYLIGHT,TRAFFIC SIGNAL,N/A,N/A,8A8CE7D5-A5EB-495E-B6E0-3C22F2810EA9,BICYCLIST,Cross/Enter at Intersection,FAILURE TO OBEY TRAFFIC SIGNS SIGNALS OR OFFICER,AT INTERSECTION MARKED CROSSWALK,Yes,NO APPARENT INJURY,NONE,39.10509333,-77.19660167,"(39.10509333, -77.19660167)"
MCP2766000W,15000959,Montgomery County Police,Injury Crash,01/06/2015 06:35:00 PM,Maryland (State),GEORGIA AVE,RALPH RD,,N/A,PEDESTRIAN,SINGLE VEHICLE,SNOW,SLUSH,DARK LIGHTS ON,NO CONTROLS,NONE DETECTED,NONE DETECTED,AFF3220E-A364-4CA0-9AF8-3D8532DC71F1,PEDESTRIAN,Cross/Enter not at Intersection,N/A,MEDIAN,,POSSIBLE INJURY,N/A,39.07908,-77.07245167,"(39.07908, -77.07245167)"
MCP33000017,210049817,Montgomery County Police,Injury Crash,12/08/2021 10:45:00 AM,,,,2519 ENNALS AVE WHEATON MD 20902,,PEDESTRIAN,SINGLE VEHICLE,CLOUDY,,DAYLIGHT,NO CONTROLS,NONE DETECTED,NONE DETECTED,53293DF6-5B3B-41EC-A735-B620FB66C225,PEDESTRIAN,Standing,NO IMPROPER ACTIONS,INSIDE BUILDING,No,POSSIBLE INJURY,NONE,39.03986433,-77.05333083,"(39.03986433, -77.05333083)"
MCP24550045,210003421,Montgomery County Police,Injury Crash,01/27/2021 03:12:00 PM,,,,PARKING LOT OF 12305 VILLAGE SQUARE TER,,PEDESTRIAN,OTHER,CLOUDY,,DAYLIGHT,N/A,NONE DETECTED,NONE DETECTED,964BFAEE-AA60-43DC-8861-0C8BCFEFD8AF,PEDESTRIAN,Unknown,UNKNOWN,OTHER,Yes,SUSPECTED MINOR INJURY,N/A,39.05945721,-77.10910044,"(39.05945721, -77.10910044)"
MCP33840018,250012047,MONTGOMERY,Injury Crash,03/19/2025 02:20:00 PM,Maryland (State) Route,COLESVILLE RD,WMATA ENT,,,Pedestrian,Single Vehicle,Clear,Dry,Daylight,Flashing Traffic Control Signal,"Unknown, Unknown","Unknown, Unknown",3CD8804D-66BF-4311-87FF-772AED0EEF39,Pedestrian,Cross/Enter at Intersection,Unknown,Unknown,No,Suspected Minor Injury,None,38.99420706,-77.03103005,"(38.99420706, -77.03103005)"
MCP31930031,220003615,Montgomery County Police,Property Damage Crash,01/25/2022 03:00:00 PM,,,,IN THE PARKING LOT NORTHWOOD HIGH SCHOOL LOCATED AT 919 UNIVERSITY BLVD W SILVER SPRING MD 20901,,PEDESTRIAN,OTHER,CLEAR,,DAYLIGHT,NO CONTROLS,N/A,NONE DETECTED,6CAA799C-A373-48FC-B062-A9100CD83AFF,PEDESTRIAN,Cross/Enter not at Intersection,UNKNOWN,ON ROADWAY NOT AT CROSSWALK,No,NO APPARENT INJURY,NONE,39.03473253,-77.02358179,"(39.03473253, -77.02358179)"
MCP1205003Y,180007498,Montgomery County Police,Injury Crash,02/13/2018 10:35:00 AM,County,BROOKVILLE RD,ENT ARMY MED CTR,,N/A,BICYCLIST,HEAD ON LEFT TURN,CLEAR,DRY,DAYLIGHT,TRAFFIC SIGNAL,NONE DETECTED,NONE DETECTED,4E751561-8EF4-4DBC-8D45-0987CBBB6212,BICYCLIST,Walking/Riding w/Traffic,NO IMPROPER ACTIONS,ON ROADWAY AT CROSSWALK,No,SUSPECTED MINOR INJURY,MC/BIKE HELMET,39.00247,-77.05305333,"(39.00247, -77.05305333)"
MCP27990053,190026189,Montgomery County Police,Injury Crash,06/01/2019 06:35:00 PM,County,PRINCE PHILIP DR,SPARTAN RD,,N/A,BICYCLIST,STRAIGHT MOVEMENT ANGLE,CLEAR,DRY,DAYLIGHT,NO CONTROLS,NONE DETECTED,NONE DETECTED,90DAD80A-F7B0-4283-854F-032E2A72C2A4,BICYCLIST,Walking/Riding w/Traffic,NO IMPROPER ACTIONS,ON ROADWAY NOT AT CROSSWALK,No,SUSPECTED MINOR INJURY,NONE,39.15452301,-77.05705246,"(39.15452301, -77.05705246)"
MCP11230021,180036808,Montgomery County Police,Injury Crash,07/25/2018 11:08:00 AM,Maryland (State),LAYHILL RD,MIDDLEBRIDGE DR,,N/A,PEDESTRIAN,SINGLE VEHICLE,CLOUDY,DRY,DAYLIGHT,NO CONTROLS,NONE DETECTED,NONE DETECTED,C507E5CD-8691-4C97-A621-CC5561811C07,PEDESTRIAN,Cross/Enter at Intersection,DART DASH,AT INTERSECTION BUT NO CROSSWALK,Unknown,SUSPECTED MINOR INJURY,NONE,39.072865,-77.0455,"(39.072865, -77.0455)"
MCP2967001J,16040037,Montgomery County Police,Injury Crash,08/07/2016 04:46:00 PM,County,GROSVENOR LA,ROCKVILLE PIKE,,N/A,BICYCLIST,HEAD ON,CLEAR,DRY,DAYLIGHT,TRAFFIC SIGNAL,N/A,N/A,F733B27E-F2AD-41D6-88C4-B4285CD43513,BICYCLIST,Walking/Riding against Traffic,IN ROADWAY IMPROPERLY,ON ROADWAY NOT AT CROSSWALK,Yes,POSSIBLE INJURY,MC/BIKE HELMET,39.022385,-77.10254167,"(39.022385, -77.10254167)"
MCP26890023,16043493,Montgomery County Police,Injury Crash,08/26/2016 06:27:00 PM,County,NEEDWOOD RD,REDLAND RD,,N/A,BICYCLIST,STRAIGHT MOVEMENT ANGLE,CLEAR,DRY,DAYLIGHT,STOP SIGN,NONE DETECTED,NONE DETECTED,09FE3146-3615-4749-845C-A148691B52BD,BICYCLIST,Cross/Enter at Intersection,NO IMPROPER ACTIONS,ON ROADWAY AT CROSSWALK,No,SUSPECTED MINOR INJURY,MC/BIKE HELMET,39.12307833,-77.15676167,"(39.12307833, -77.15676167)"
MCP27180018,15036367,MONTGOMERY,Injury Crash,07/23/2015 06:19:00 PM,County,TWINBROOK PKWY,PARKLAWN DR,,N/A,BICYCLIST,OTHER,CLEAR,DRY,DAYLIGHT,TRAFFIC SIGNAL,N/A,N/A,C5DD4A55-457D-4350-ADA2-631FA3686883,BICYCLIST,Cross/Enter at Intersection,NO IMPROPER ACTIONS,AT INTERSECTION MARKED CROSSWALK,No,POSSIBLE INJURY,NONE,39.061535,-77.11639667,"(39.061535, -77.11639667)"
MCP33010037,250030983,MONTGOMERY,Property Damage Crash,07/11/2025 10:15:00 PM,County Route,NEW HAMPSHIRE AVE SER RD,,,,Pedestrian,Single Vehicle,Clear,Dry,Dark - Lighted,No Controls,"Unknown, Unknown","Not Suspect of Alcohol Use, Not Suspect of Drug Use",5E05F944-8B35-4218-95A6-078EE2F56901,Pedestrian,Getting Off/On Vehicle,Other,OffStreet Trails or Sidepaths,No,No Apparent Injury,None,39.01174409,-76.97866377,"(39.01174409, -76.97866377)"
MCP32580020,220012119,Montgomery County Police,Injury Crash,03/21/2022 11:02:00 AM,Maryland (State),UNIVERSITY BLVD W,VEIRS MILL RD,,N/A,PEDESTRIAN,STRAIGHT MOVEMENT ANGLE,CLEAR,DRY,DAYLIGHT,TRAFFIC SIGNAL,NONE DETECTED,NONE DETECTED,E3542493-6C5F-41FE-B9E6-7A0544E08872,PEDESTRIAN,Cross/Enter at Intersection,N/A,AT INTERSECTION MARKED CROSSWALK,No,SUSPECTED MINOR INJURY,N/A,39.04006667,-77.05507667,"(39.04006667, -77.05507667)"
MCP284800BX,220049624,Montgomery County Police,Injury Crash,11/10/2022 07:20:00 AM,County,RICHTER FARM RD,CRICKET HILL DR,,N/A,PEDESTRIAN,SINGLE VEHICLE,N/A,DRY,DAYLIGHT,STOP SIGN,UNKNOWN,NONE DETECTED,BB24A932-7FF4-4552-BEEE-5D6A233BAD6B,PEDESTRIAN,Cross/Enter at Intersection,NO IMPROPER ACTIONS,AT INTERSECTION MARKED CROSSWALK,No,POSSIBLE INJURY,N/A,39.151581,-77.281184,"(39.151581, -77.281184)"
MCP2539001S,210033537,Montgomery County Police,Property Damage Crash,08/27/2021 09:15:00 PM,County,BATTERY LA,KEYSTONE AVE,,N/A,PEDESTRIAN,OTHER,CLOUDY,DRY,DARK LIGHTS ON,NO CONTROLS,UNKNOWN,NONE DETECTED,E730705F-83D1-49EA-A592-5961363A2E53,PEDESTRIAN,Cross/Enter not at Intersection,N/A,ON ROADWAY AT CROSSWALK,No,NO APPARENT INJURY,N/A,38.99194433,-77.09801817,"(38.99194433, -77.09801817)"
DD5593001W,16004967,Rockville Police Departme,Injury Crash,01/30/2016 07:15:00 PM,,,,"PARKING LOT OF 15136 FREDERICK RD (ADVANCE AUTO), ROCKVILLE, MD",,PEDESTRIAN,HEAD ON LEFT TURN,CLEAR,,DARK LIGHTS ON,N/A,UNKNOWN,NONE DETECTED,85943060-F96A-446D-BD1C-E4C02AE4D87B,PEDESTRIAN,Other,NO IMPROPER ACTIONS,OTHER,No,POSSIBLE INJURY,NONE,39.10419167,-77.15767333,"(39.10419167, -77.15767333)"
MCP2450002C,180062847,Montgomery County Police,Injury Crash,12/16/2018 08:55:00 PM,Maryland (State),UNIVERSITY BLVD E,LANGLEY DR,,N/A,PEDESTRIAN,OTHER,N/A,DRY,DARK NO LIGHTS,NO CONTROLS,NONE DETECTED,UNKNOWN,2072C8A0-98F5-4A8D-86F4-D650291DA5AE,PEDESTRIAN,Cross/Enter not at Intersection,IN ROADWAY IMPROPERLY,MEDIAN,Yes,POSSIBLE INJURY,N/A,39.00148167,-76.99569333,"(39.00148167, -76.99569333)"
MCP27980038,170517119,Montgomery County Police,Injury Crash,07/03/2017 03:43:00 PM,Maryland (State),NEW HAMPSHIRE AVE,ENT TO WHITE OAK SHOPPING CENTER,,N/A,BICYCLIST,OTHER,CLEAR,DRY,DAYLIGHT,NO CONTROLS,NONE DETECTED,NONE DETECTED,F1B24995-0268-4ECA-AE66-38536050D41F,BICYCLIST,Walking/Riding against Traffic,WRONG WAY RIDING OR WALKING,SIDEWALK,Yes,POSSIBLE INJURY,NONE,39.03917695,-76.99018523,"(39.03917695, -76.99018523)"
MCP3181000F,190021974,Montgomery County Police,Injury Crash,05/09/2019 10:10:00 PM,Maryland (State),GEORGIA AVE,REEDIE DR,,N/A,PEDESTRIAN,HEAD ON LEFT TURN,CLOUDY,DRY,DARK LIGHTS ON,TRAFFIC SIGNAL,UNKNOWN,N/A,E83A5495-8CD8-427C-A392-560E77AC8727,PEDESTRIAN,Cross/Enter at Intersection,NO IMPROPER ACTIONS,AT INTERSECTION MARKED CROSSWALK,No,SUSPECTED SERIOUS INJURY,N/A,39.03871263,-77.05079018,"(39.03871263, -77.05079018)"
MCP15540041,190007886,Montgomery County Police,Injury Crash,02/18/2019 05:27:00 PM,County,CRABBS BRANCH WAY,ENT TO MONT CO DEPT OF TRANS,,N/A,PEDESTRIAN,SINGLE VEHICLE,CLEAR,DRY,DAYLIGHT,TRAFFIC SIGNAL,NONE DETECTED,NONE DETECTED,EF5D11DC-6906-4B6D-8C08-77FEC5C5F63B,PEDESTRIAN,Other,NO IMPROPER ACTIONS,INSIDE BUILDING,No,POSSIBLE INJURY,N/A,39.12444333,-77.16421167,"(39.12444333, -77.16421167)"
MCP1382001X,15004447,Montgomery County Police,Injury Crash,01/28/2015 08:56:00 AM,,,,PARKING LOT OF 710 BEACON ROAD SILVER SPRING MD,,PEDESTRIAN,SINGLE VEHICLE,CLEAR,,DAYLIGHT,N/A,NONE DETECTED,NONE DETECTED,DF70982B-FC42-411A-8209-5B53588B64C6,PEDESTRIAN,Walking to/from school,IN ROADWAY IMPROPERLY,OTHER,,SUSPECTED SERIOUS INJURY,N/A,39.00903833,-76.98453833,"(39.00903833, -76.98453833)"
MCP1334006Y,180044660,Montgomery County Police,Injury Crash,09/07/2018 06:26:00 AM,Maryland (State),S FREDERICK RD,N WESTLAND DR,,N/A,BICYCLIST,STRAIGHT MOVEMENT ANGLE,CLEAR,DRY,DAWN,NO CONTROLS,NONE DETECTED,NONE DETECTED,1C5367CB-9952-45DB-891D-77EB4974985D,BICYCLIST,Walking/Riding w/Traffic,NO IMPROPER ACTIONS,OTHER,No,SUSPECTED SERIOUS INJURY,MC/BIKE HELMET,39.12796591,-77.18509472,"(39.12796591, -77.18509472)"
MCP3161001S,190048151,Montgomery County Police,Injury Crash,10/07/2019 03:39:00 PM,Maryland (State),UNIVERSITY BLVD W,PERRY AVE,,KENSINGTON,PEDESTRIAN,SAME DIR REAR END,CLEAR,DRY,DAYLIGHT,N/A,NONE DETECTED,NONE DETECTED,7B8D538E-C5E5-4982-8B40-5AD24E079F91,PEDESTRIAN,Cross/Enter at Intersection,UNKNOWN,ON ROADWAY AT CROSSWALK,No,NO APPARENT INJURY,NONE,39.03274833,-77.07378833,"(39.03274833, -77.07378833)"
MCP3139000F,180028408,Montgomery County Police,Injury Crash,06/08/2018 09:26:00 PM,Maryland (State),UNIVERSITY BLVD E,EXIT #29,,N/A,"BICYCLIST, OTHER",OTHER,CLEAR,N/A,DARK LIGHTS ON,TRAFFIC SIGNAL,N/A,N/A,1DA153F6-DF35-4A5F-9AB6-B8B6D1C3DCE6,BICYCLIST,Cross/Enter at Intersection,UNKNOWN,ON ROADWAY AT CROSSWALK,Yes,POSSIBLE INJURY,MC/BIKE HELMET,39.01608167,-77.00529833,"(39.01608167, -77.00529833)"
MCP24200050,230052397,Montgomery County Police,Injury Crash,08/31/2023 10:15:00 AM,Maryland (State),NEW HAMPSHIRE AVE,SPENCERVILLE RD,,N/A,BICYCLIST,OTHER,CLEAR,DRY,DAYLIGHT,NO CONTROLS,NONE DETECTED,N/A,B572D316-14E4-4365-9668-E6E40EDA2590,BICYCLIST,Walking/Riding w/Traffic,NO IMPROPER ACTIONS,OTHER,No,SUSPECTED MINOR INJURY,MC/BIKE HELMET,39.120183,-76.98884333,"(39.120183, -76.98884333)"
MCP2975000W,15061429,MONTGOMERY,Injury Crash,12/01/2015 09:05:00 PM,County,HARBOUR TOWN DR,HILTON HEAD CT,,N/A,PEDESTRIAN,OTHER,CLOUDY,WET,DARK LIGHTS ON,OTHER,NONE DETECTED,NONE DETECTED,7358FECB-5C03-49EA-9711-78AC9F0F6A61,PEDESTRIAN,Walking/Cycling on Sidewalk,NO IMPROPER ACTIONS,SIDEWALK,No,SUSPECTED MINOR INJURY,NONE,39.130925,-77.00749833,"(39.130925, -77.00749833)"
MCP32270039,220004178,Montgomery County Police,Injury Crash,01/31/2022 03:47:00 PM,US (State),COLUMBIA PIKE,ENT TO BURNT MILLS SHOPPING CENTER,,N/A,PEDESTRIAN,SINGLE VEHICLE,CLEAR,DRY,DAYLIGHT,TRAFFIC SIGNAL,NONE DETECTED,NONE DETECTED,03540B9E-BE08-460D-BD70-F855307A9B04,PEDESTRIAN,Cross/Enter at Intersection,NO IMPROPER ACTIONS,ON ROADWAY AT CROSSWALK,No,SUSPECTED MINOR INJURY,NONE,39.03101133,-77.0043415,"(39.03101133, -77.0043415)"
MCP271700QJ,190045681,Montgomery County Police,Injury Crash,09/24/2019 07:55:00 AM,Maryland (State),ROCKVILLE PIKE,NICHOLSON LA,,N/A,PEDESTRIAN,OTHER,CLEAR,DRY,DAYLIGHT,TRAFFIC SIGNAL,NONE DETECTED,NONE DETECTED,9336540B-2A30-449B-BA97-82238310B209,PEDESTRIAN,Cross/Enter at Intersection,NO IMPROPER ACTIONS,ON ROADWAY AT CROSSWALK,No,SUSPECTED MINOR INJURY,NONE,39.04454217,-77.11185467,"(39.04454217, -77.11185467)"
DM83860023,230054156,Takoma Park Police Depart,Injury Crash,09/10/2023 11:30:00 PM,Maryland (State),NEW HAMPSHIRE AVE,MERWOOD DR,,TAKOMA PARK,PEDESTRIAN,SINGLE VEHICLE,RAINING,WET,DARK LIGHTS ON,TRAFFIC SIGNAL,NONE DETECTED,NONE DETECTED,FAA7D0AF-CED7-4714-8200-6E1E99DC7194,PEDESTRIAN,Cross/Enter at Intersection,FAILURE TO YIELD RIGHT OF WAY,AT INTERSECTION MARKED CROSSWALK,Unknown,POSSIBLE INJURY,N/A,38.98333164,-76.98836341,"(38.98333164, -76.98836341)"