Report Number,Local Case Number,Agency Name,ACRS Report Type,Crash Date/Time,Route Type,Road Name,Cross-Street Name,Off-Road Description,Municipality,Related Non-Motorist,Collision Type,Weather,Surface Condition,Light,Traffic Control,Driver Substance Abuse,Non-Motorist Substance Abuse,Person ID,Pedestrian Type,Pedestrian Movement,Pedestrian Actions,Pedestrian Location,At Fault,Injury Severity,Safety Equipment,Latitude,Longitude,Location
MCP1233005G,230073906,Montgomery County Police,Injury Crash,12/27/2023 07:42:00 PM,County,HAMPDEN LA,ARLINGTON RD,,N/A,PEDESTRIAN,N/A,RAINING,WET,DARK NO LIGHTS,STOP SIGN,NONE DETECTED,NONE DETECTED,58565E61-5C4A-43E2-A654-4147B21F44E1,PEDESTRIAN,Cross/Enter at Intersection,INATTENTIVE,CURB,No,POSSIBLE INJURY,N/A,38.98285333,-77.09823333,"(38.98285333, -77.09823333)"
MCP137800WG,210005062,Montgomery County Police,Injury Crash,02/08/2021 06:58:00 PM,County,CONTOUR RD,ODENDHAL AVE,,N/A,PEDESTRIAN,SINGLE VEHICLE,CLOUDY,DRY,DARK LIGHTS ON,TRAFFIC SIGNAL,UNKNOWN,NONE DETECTED,13591EB5-8BD6-480C-AD13-20EAC453C7D9,PEDESTRIAN,Cross/Enter at Intersection,NO IMPROPER ACTIONS,ON ROADWAY AT CROSSWALK,No,SUSPECTED MINOR INJURY,NONE,39.15243628,-77.19602164,"(39.15243628, -77.19602164)"
MCP3061001D,190033682,Montgomery County Police,Injury Crash,07/15/2019 07:30:00 PM,Maryland (State),FREDERICK RD,MIDDLEBROOK RD,,N/A,BICYCLIST,STRAIGHT MOVEMENT ANGLE,CLEAR,DRY,DAYLIGHT,TRAFFIC SIGNAL,UNKNOWN,NONE DETECTED,23C57303-DE02-4223-A619-5E008F547D23,BICYCLIST,Cross/Enter at Intersection,NO IMPROPER ACTIONS,ON ROADWAY AT CROSSWALK,No,SUSPECTED MINOR INJURY,MC/BIKE HELMET,39.18140438,-77.23826041,"(39.18140438, -77.23826041)"
MCP1378009T,16027391,Montgomery County Police,Injury Crash,06/01/2016 05:10:00 PM,County,BLACKWELL RD,GREAT SENECA HWY,,N/A,BICYCLIST,STRAIGHT MOVEMENT ANGLE,CLEAR,DRY,DAYLIGHT,STOP SIGN,NONE DETECTED,NONE DETECTED,3D94E185-8F4F-4F4D-8B60-6E3BC1A9A58C,BICYCLIST,Cross/Enter at Intersection,NO IMPROPER ACTIONS,ON ROADWAY NOT AT CROSSWALK,Yes,POSSIBLE INJURY,MC/BIKE HELMET,39.10165667,-77.20517,"(39.10165667, -77.20517)"
MCP3039004X,200012439,Montgomery County Police,Injury Crash,03/13/2020 04:30:00 PM,,,,CAR WASH LOCATED AT 9500 GEORGIA AVENUE,,PEDESTRIAN,OTHER,CLEAR,,DAYLIGHT,N/A,NONE DETECTED,NONE DETECTED,D4F5FABE-FD18-4FF5-AA2B-34374C45D2EA,PEDESTRIAN,Push/Work on Vehicle,ENTERING EXITING PARKED STANDING VEHICLE,OTHER,No,SUSPECTED MINOR INJURY,NONE,39.23341833,-77.28181167,"(39.23341833, -77.28181167)"
MCP3337002V,240035968,MONTGOMERY,Injury Crash,07/30/2024 08:40:00 PM,County Route,DALEWOOD DR,RANDOLPH RD,,,Pedestrian,Single Vehicle,Clear,Dry,Dark - Lighted,Traffic Control Signal,"Not Suspect of Alcohol Use, Not Suspect of Drug Use","Not Suspect of Alcohol Use, Not Suspect of Drug Use",9E525CB2-3528-4579-834B-52FB9C2E983E,Pedestrian,Cross/Enter at Intersection,"Not Visible (Dark Clothing, No Lighting, etc.)",Intersection Other,Yes,Suspected Minor Injury,None,39.05910446,-77.06910479,"(39.05910446, -77.06910479)"
DD5681000C,250017274,ROCKVILLE,Injury Crash,04/21/2025 01:47:00 PM,,,,Parking Lot Way        METRO BUS PARKING CIRCLE,,Pedestrian,Single Vehicle,Cloudy,,Daylight,,"Not Suspect of Alcohol Use, Not Suspect of Drug Use","Not Suspect of Alcohol Use, Not Suspect of Drug Use",EE26371E-A70F-4793-A77B-2F78D372821F,Pedestrian,Walking/Cycling on Sidewalk,None (No Improper Action),Driveway Access,Yes,Possible Injury,None,39.08527163,-77.14660449,"(39.08527163, -77.14660449)"
MCP23990098,240049491,MONTGOMERY,Injury Crash,10/16/2024 04:49:00 PM,County Route,,APPLE RIDGE RD,,,Pedestrian,Single Vehicle,Clear,Dry,Daylight,Traffic Control Signal,"Not Suspect of Alcohol Use, Not Suspect of Drug Use","Not Suspect of Alcohol Use, Not Suspect of Drug Use",52FA99AC-7757-44A5-85FB-38AD5C6C957A,Pedestrian,Cross/Enter at Intersection,Unknown,Unknown,Yes,Possible Injury,None,39.18421462,-77.21094197,"(39.18421462, -77.21094197)"
MCP3264003W,230034745,Montgomery County Police,Injury Crash,07/21/2023 01:24:00 PM,Maryland (State),GEORGIA AVE,FENWICK LA,,N/A,BICYCLIST,STRAIGHT MOVEMENT ANGLE,CLEAR,DRY,DAYLIGHT,NO CONTROLS,NONE DETECTED,NONE DETECTED,CC204678-3AA1-41EE-976B-62AC3E32EE34,BICYCLIST,Cross/Enter at Intersection,UNKNOWN,ON ROADWAY AT CROSSWALK,Unknown,SUSPECTED MINOR INJURY,NONE,38.99828526,-77.03064861,"(38.99828526, -77.03064861)"
MCP27830044,210043191,Montgomery County Police,Injury Crash,10/27/2021 07:01:00 AM,County,RANDOLPH RD,COLIE DR,,N/A,PEDESTRIAN,OTHER,CLEAR,DRY,N/A,OTHER,N/A,N/A,D707230B-B6D4-4A31-9589-5F8ABCE6755D,PEDESTRIAN,Cross/Enter at Intersection,NO IMPROPER ACTIONS,ON ROADWAY AT CROSSWALK,No,POSSIBLE INJURY,N/A,39.05750968,-77.08004686,"(39.05750968, -77.08004686)"
MCP102200D2,190046106,Montgomery County Police,Injury Crash,09/26/2019 07:04:00 AM,County,STEEPLE RD,HIGHSTREAM DR,,N/A,PEDESTRIAN,SINGLE VEHICLE,CLEAR,DRY,DAWN,NO CONTROLS,NONE DETECTED,NONE DETECTED,0E4F7E30-E915-4419-BE7A-5E20646AC01A,PEDESTRIAN,Cross/Enter at Intersection,NO IMPROPER ACTIONS,AT INTERSECTION BUT NO CROSSWALK,No,SUSPECTED SERIOUS INJURY,NONE,39.17207833,-77.28908833,"(39.17207833, -77.28908833)"
MCP3355000Q,230026404,Montgomery County Police,Injury Crash,05/31/2023 10:35:00 PM,Maryland (State),UNIVERSITY BLVD E,E FRANKLIN AVE,,N/A,PEDESTRIAN,SINGLE VEHICLE,CLEAR,DRY,DARK LIGHTS ON,TRAFFIC SIGNAL,NONE DETECTED,NONE DETECTED,221C1F91-E8F1-4BC5-AAD8-821C7151D29A,PEDESTRIAN,Cross/Enter at Intersection,FAILURE TO OBEY TRAFFIC SIGNS SIGNALS OR OFFICER,ON ROADWAY AT CROSSWALK,Yes,SUSPECTED SERIOUS INJURY,NONE,39.01217242,-77.00241689,"(39.01217242, -77.00241689)"
MCP23950030,250010491,MONTGOMERY,Injury Crash,03/10/2025 02:41:00 PM,County Route,MILBERN DR,POSTOAK RD,,,Pedestrian,Single Vehicle,Clear,Dry,Daylight,No Controls,"Not Suspect of Alcohol Use, Not Suspect of Drug Use","Unknown, Unknown",465D80FE-919A-440B-896C-11EB345029A7,Pedestrian,Cross/Enter at Intersection,Unknown,Intersection Marked Crosswalk,No,Suspected Serious Injury,None,39.05090721,-77.1772632,"(39.05090721, -77.1772632)"
MCP3230006J,250005375,MONTGOMERY,Injury Crash,02/05/2025 03:10:00 PM,County Route,BAUER DR,,,,Pedestrian,Single Vehicle,Clear,Dry,Daylight,Pedestrian Crossing,"Unknown, Unknown","Not Suspect of Alcohol Use, Not Suspect of Drug Use",3A5A95D7-E84D-4061-9161-E153A6B7F288,Pedestrian,Cross/Enter at Intersection,None (No Improper Action),Midblock Marked Crosswalk,No,Suspected Minor Injury,None,39.08972404,-77.10537829,"(39.08972404, -77.10537829)"
EJ7826002C,170523488,Gaithersburg Police Depar,Injury Crash,08/07/2017 01:37:00 PM,County,LOST KNIFE RD,ODENDHAL AVE,,N/A,PEDESTRIAN,OTHER,RAINING,WET,DAYLIGHT,NO CONTROLS,N/A,N/A,D66587A8-FBFF-4C69-BAE3-03917FA19271,PEDESTRIAN,Cross/Enter not at Intersection,NO IMPROPER ACTIONS,ON ROADWAY AT CROSSWALK,No,POSSIBLE INJURY,NONE,39.15290833,-77.19897667,"(39.15290833, -77.19897667)"
MCP913000B6,200040911,Montgomery County Police,Injury Crash,10/17/2020 10:27:00 AM,Maryland (State),NEW HAMPSHIRE AVE,DILSTON RD,,N/A,PEDESTRIAN,SINGLE VEHICLE,CLEAR,DRY,DAYLIGHT,TRAFFIC SIGNAL,NONE DETECTED,NONE DETECTED,F04A547C-9FCD-4D50-BDA6-5780FF215312,PEDESTRIAN,Cross/Enter at Intersection,NO IMPROPER ACTIONS,ON ROADWAY AT CROSSWALK,No,POSSIBLE INJURY,NONE,39.01138699,-76.97903723,"(39.01138699, -76.97903723)"
MCP3004001P,170518567,Montgomery County Police,Property Damage Crash,07/11/2017 09:19:00 PM,Municipality,ROSEMARY ST #2,CONNECTICUT AVE,,N/A,BICYCLIST,OTHER,CLEAR,DRY,DARK LIGHTS ON,TRAFFIC SIGNAL,UNKNOWN,NONE DETECTED,D72A766C-5E81-4AB6-B02D-3AF84C7106C9,BICYCLIST,Cross/Enter at Intersection,NO IMPROPER ACTIONS,AT INTERSECTION MARKED CROSSWALK,No,NO APPARENT INJURY,NONE,38.97785721,-77.07724303,"(38.97785721, -77.07724303)"
DM8339000J,16044435,Takoma Park Police Depart,Injury Crash,08/31/2016 01:55:00 PM,Maryland (State),UNIVERSITY BLVD,ENT TO BUSINESS,,N/A,PEDESTRIAN,SINGLE VEHICLE,CLEAR,DRY,DAYLIGHT,TRAFFIC SIGNAL,NONE DETECTED,NONE DETECTED,3CAC4982-4C1F-457F-8EE2-514274909C68,PEDESTRIAN,Cross/Enter not at Intersection,IN ROADWAY IMPROPERLY,ON ROADWAY NOT AT CROSSWALK,Yes,SUSPECTED MINOR INJURY,N/A,38.99062116,-76.98955894,"(38.99062116, -76.98955894)"
MCP29050052,210040154,Montgomery County Police,Injury Crash,10/08/2021 10:38:00 AM,County,TUCKERMAN LA,KINGS RIDING WAY,,N/A,BICYCLIST,STRAIGHT MOVEMENT ANGLE,CLEAR,DRY,DAYLIGHT,NO CONTROLS,N/A,N/A,8B86765E-0DBA-4B49-B110-1394DF8AB126,BICYCLIST,Cross/Enter at Intersection,NO IMPROPER ACTIONS,SIDEWALK,Yes,SUSPECTED MINOR INJURY,MC/BIKE HELMET,39.02916167,-77.110775,"(39.02916167, -77.110775)"
MCP1220003G,16009604,Montgomery County Police,Injury Crash,02/26/2016 01:27:00 PM,County,MOUNTAIN QUAIL RD,EASTWOOD AVE,,N/A,PEDESTRIAN,SINGLE VEHICLE,CLEAR,DRY,DAYLIGHT,N/A,NONE DETECTED,NONE DETECTED,3547BEA4-7559-472D-BEFF-185281B85F3B,PEDESTRIAN,Cross/Enter not at Intersection,FAILURE TO YIELD RIGHT OF WAY,OUTSIDE RIGHT OF WAY,Yes,POSSIBLE INJURY,NONE,39.02651333,-77.01141833,"(39.02651333, -77.01141833)"
MCP2947000J,15027847,Montgomery County Police,Injury Crash,06/09/2015 07:38:00 AM,County,FRANKFORT DR,MARIANNA DR,,N/A,PEDESTRIAN,SINGLE VEHICLE,CLEAR,DRY,DAYLIGHT,STOP SIGN,NONE DETECTED,NONE DETECTED,59389F67-7F8E-44BC-ABA9-DB9F4D3BC9E8,PEDESTRIAN,Cross/Enter at Intersection,NO IMPROPER ACTIONS,ON ROADWAY AT CROSSWALK,,POSSIBLE INJURY,N/A,39.08461293,-77.08991647,"(39.08461293, -77.08991647)"
MCP30660021,220026432,Montgomery County Police,Injury Crash,06/19/2022 07:00:00 AM,Maryland (State),EAST WEST HWY,GRUBB RD,,N/A,PEDESTRIAN,OTHER,CLEAR,DRY,DAYLIGHT,TRAFFIC SIGNAL,N/A,N/A,940A01F0-9941-42D2-98E3-9D1A234E64EC,PEDESTRIAN,Cross/Enter at Intersection,NO IMPROPER ACTIONS,ON ROADWAY AT CROSSWALK,No,SUSPECTED SERIOUS INJURY,N/A,38.99374076,-77.05190853,"(38.99374076, -77.05190853)"
MCP2182002C,200015489,Montgomery County Police,Injury Crash,04/09/2020 06:30:00 AM,County,BEL PRE RD,CONNECTICUT AVE,,N/A,PEDESTRIAN,N/A,RAINING,WET,DAWN,TRAFFIC SIGNAL,NONE DETECTED,NONE DETECTED,4A1116D7-5886-4B02-986B-2CF4E53F7D11,PEDESTRIAN,Cross/Enter at Intersection,NO IMPROPER ACTIONS,ON ROADWAY AT CROSSWALK,Unknown,POSSIBLE INJURY,NONE,39.09193329,-77.07034303,"(39.09193329, -77.07034303)"
MCP3059003X,190044082,Montgomery County Police,Injury Crash,09/14/2019 07:26:00 PM,Maryland (State),GEORGIA AVE,ASPEN HILL RD,,N/A,"BICYCLIST, PEDESTRIAN",OTHER,CLEAR,DRY,DARK LIGHTS ON,N/A,NONE DETECTED,NONE DETECTED,8FBEFCD7-2747-450B-9F2E-61BC38071B95,BICYCLIST,Walking/Cycling on Sidewalk,IN ROADWAY IMPROPERLY,SIDEWALK,Yes,SUSPECTED MINOR INJURY,NONE,39.080315,-77.07443833,"(39.080315, -77.07443833)"
MCP9110000C,15035789,MONTGOMERY,Injury Crash,07/20/2015 08:40:00 PM,Maryland (State),FREDERICK RD,RIDGE RD,,N/A,PEDESTRIAN,STRAIGHT MOVEMENT ANGLE,CLEAR,DRY,DARK LIGHTS ON,NO CONTROLS,NONE DETECTED,NONE DETECTED,7A8B002D-6189-43F2-B7AC-807C977A9B36,PEDESTRIAN,Cross/Enter not at Intersection,DART DASH,ON ROADWAY NOT AT CROSSWALK,Yes,SUSPECTED SERIOUS INJURY,NONE,39.2035264,-77.24562407,"(39.2035264, -77.24562407)"
MCP2971005F,200010438,Montgomery County Police,Property Damage Crash,03/02/2020 04:00:00 PM,,,,"PARKING LOT IN FRONT OF 18418 STONE HOLLOW DRIVE, GERMANTOWN, MD 20874",,PEDESTRIAN,SAME DIRECTION SIDESWIPE,CLOUDY,,DAYLIGHT,NO CONTROLS,ALCOHOL PRESENT,NONE DETECTED,B576D6FE-4571-4370-BB6D-185FA92EFD31,PEDESTRIAN,Standing,ENTERING EXITING PARKED STANDING VEHICLE,OTHER,No,NO APPARENT INJURY,NONE,39.15820167,-77.2683,"(39.15820167, -77.2683)"
MCP2770001B,16055350,Montgomery County Police,Injury Crash,10/27/2016 11:00:00 AM,County,SHADY GROVE RD,BRIARDALE RD,,N/A,PEDESTRIAN,OTHER,CLOUDY,N/A,DAYLIGHT,TRAFFIC SIGNAL,N/A,N/A,821C5D67-1D1D-497C-9B70-733960989313,PEDESTRIAN,Other,OTHER,ON ROADWAY NOT AT CROSSWALK,Unknown,SUSPECTED MINOR INJURY,NONE,39.13375951,-77.15832889,"(39.13375951, -77.15832889)"
MCP2831002G,170548149,Montgomery County Police,Injury Crash,12/12/2017 02:13:00 PM,,,,PARKING LOT OF 20944 FREDERICK ROAD (GIANT SUPERMARKET),,PEDESTRIAN,SINGLE VEHICLE,CLEAR,,DAYLIGHT,NO CONTROLS,N/A,NONE DETECTED,30A61293-C3B5-4DAB-9A14-ACE9F3CF94AF,PEDESTRIAN,Other,N/A,OTHER,No,POSSIBLE INJURY,NONE,39.18349833,-77.275365,"(39.18349833, -77.275365)"
MCP3109001C,180053981,Montgomery County Police,Property Damage Crash,10/28/2018 12:15:00 PM,Maryland (State),EAST WEST HWY,BLAIR MILL RD,,N/A,PEDESTRIAN,SAME DIR REAR END,CLEAR,DRY,DAYLIGHT,NO CONTROLS,NONE DETECTED,NONE DETECTED,1FAF08C5-D8DE-4B64-BF67-200BB8475BB2,PEDESTRIAN,Cross/Enter not at Intersection,NO IMPROPER ACTIONS,ON ROADWAY AT CROSSWALK,No,NO APPARENT INJURY,NONE,38.99169317,-77.03045817,"(38.99169317, -77.03045817)"
MCP2369000P,16021573,Montgomery County Police,Property Damage Crash,05/02/2016 08:48:00 AM,County,EDEN RD,KATHRYN RD,,N/A,OTHER,OTHER,RAINING,N/A,DAYLIGHT,STOP SIGN,NONE DETECTED,N/A,06B985E2-B9D4-49E2-BA2A-D8690E430D74,OTHER,N/A,N/A,N/A,No,NO APPARENT INJURY,N/A,39.04995,-76.98717833,"(39.04995, -76.98717833)"
MCP3038006Q,230072234,Montgomery County Police,Injury Crash,12/17/2023 04:49:00 PM,US (State),GEORGIA AVE,BLAIR RD,,N/A,BICYCLIST,OTHER,RAINING,WET,DARK LIGHTS ON,TRAFFIC SIGNAL,NONE DETECTED,NONE DETECTED,60A80480-5079-47A3-AF92-5F7DA368FE8B,BICYCLIST,Cross/Enter at Intersection,NO IMPROPER ACTIONS,ON ROADWAY AT CROSSWALK,No,SUSPECTED MINOR INJURY,NONE,38.98484527,-77.02658531,"(38.98484527, -77.02658531)"
MCP2689003J,170523840,Montgomery County Police,Injury Crash,08/09/2017 10:24:00 AM,Maryland (State),VEIRS MILL RD,ATLANTIC AVE,,ROCKVILLE,PEDESTRIAN,SINGLE VEHICLE,CLEAR,DRY,DAYLIGHT,TRAFFIC SIGNAL,NONE DETECTED,NONE DETECTED,63C2D5ED-5B17-4DAC-B4ED-2D72DFF813F0,PEDESTRIAN,Cross/Enter at Intersection,NO IMPROPER ACTIONS,ON ROADWAY AT CROSSWALK,No,SUSPECTED MINOR INJURY,NONE,39.07487539,-77.11544976,"(39.07487539, -77.11544976)"
MCP1205000X,15007751,Montgomery County Police,Injury Crash,02/16/2015 02:38:00 PM,,,,PARKING LOT OF 7809 WISCONSIN AVENUE.,,PEDESTRIAN,OTHER,SNOW,,DAYLIGHT,NO CONTROLS,NONE DETECTED,NONE DETECTED,E084AFBE-5A57-461E-9EF1-B15BD4F35470,PEDESTRIAN,Other,OTHER,OTHER,,SUSPECTED SERIOUS INJURY,N/A,38.98441833,-77.09423667,"(38.98441833, -77.09423667)"
MCP13660027,15003123,Montgomery County Police,Injury Crash,01/20/2015 06:40:00 AM,County,CENTERWAY RD,GOSHEN RD,,N/A,PEDESTRIAN,SINGLE VEHICLE,CLEAR,UNKNOWN,DARK LIGHTS ON,TRAFFIC SIGNAL,UNKNOWN,NONE DETECTED,C123231A-D5E9-4C34-B677-1D15373709EE,PEDESTRIAN,Cross/Enter at Intersection,NO IMPROPER ACTIONS,AT INTERSECTION MARKED CROSSWALK,,SUSPECTED MINOR INJURY,NONE,39.16943141,-77.19063878,"(39.16943141, -77.19063878)"
MCP2475000Q,15054234,MONTGOMERY,Injury Crash,10/25/2015 08:27:00 PM,County,BRUNETT AVE,UNIVERSITY BLVD W,,N/A,BICYCLIST,STRAIGHT MOVEMENT ANGLE,CLEAR,DRY,DARK LIGHTS ON,STOP SIGN,NONE DETECTED,NONE DETECTED,9D9033FE-832A-48A6-BAF1-D368999FEE9D,BICYCLIST,Walking/Riding against Traffic,WRONG WAY RIDING OR WALKING,ON ROADWAY AT CROSSWALK,Yes,POSSIBLE INJURY,UNKNOWN,39.02295129,-77.01679945,"(39.02295129, -77.01679945)"
MCP0113000J,15058620,MONTGOMERY,Injury Crash,11/17/2015 09:22:00 AM,County,CEDAR LA,ELMHIRST PKWY,,N/A,PEDESTRIAN,SINGLE VEHICLE,CLOUDY,DRY,DAYLIGHT,TRAFFIC SIGNAL,NONE DETECTED,NONE DETECTED,E3A56A20-5FDA-4828-89F7-8366BF9AC3CD,PEDESTRIAN,Cross/Enter at Intersection,DART DASH,AT INTERSECTION MARKED CROSSWALK,Yes,SUSPECTED MINOR INJURY,NONE,39.00792,-77.09456167,"(39.00792, -77.09456167)"
MCP3021006G,230019681,Montgomery County Police,Injury Crash,04/23/2023 08:00:00 PM,County,SPRING ST,FIRST AVE,,N/A,PEDESTRIAN,SINGLE VEHICLE,N/A,DRY,DUSK,NO CONTROLS,N/A,N/A,C6F7D976-06AC-43AC-A195-51DDEA02CA2B,PEDESTRIAN,Cross/Enter not at Intersection,DART DASH,OUTSIDE RIGHT OF WAY,No,SUSPECTED MINOR INJURY,NONE,38.99861071,-77.03323805,"(38.99861071, -77.03323805)"
MCP2291008W,250033014,MONTGOMERY,Injury Crash,07/24/2025 01:43:00 PM,,,,Parking Aisle        PARKING LOT OF 7111 DEMOCRACY BOULEVARD (NORDSTROMS),,Pedestrian,Single Vehicle,Clear,,Daylight,,"Not Suspect of Alcohol Use, Not Suspect of Drug Use","Not Suspect of Alcohol Use, Not Suspect of Drug Use",29F63FA0-F2D3-449C-980B-C469F1BD694C,Pedestrian,Other,None (No Improper Action),Other,No,Suspected Minor Injury,None,39.02362743,-77.14408679,"(39.02362743, -77.14408679)"
DM84230017,16063766,Takoma Park Police Depart,Injury Crash,12/12/2016 03:20:00 PM,Maryland (State),PHILADELPHIA AVE,CHICAGO AVE,,TAKOMA PARK,PEDESTRIAN,OTHER,CLEAR,DRY,DAYLIGHT,NO CONTROLS,NONE DETECTED,NONE DETECTED,A3381A24-7657-43F1-9485-9E25874ECF92,PEDESTRIAN,Cross/Enter at Intersection,INATTENTIVE,AT INTERSECTION MARKED CROSSWALK,Unknown,SUSPECTED MINOR INJURY,N/A,38.98651333,-77.02152333,"(38.98651333, -77.02152333)"
MCP3230004J,230033597,Montgomery County Police,Injury Crash,07/14/2023 04:50:00 PM,County,ASPEN HILL RD,PARKLAND DR,,N/A,OTHER,OTHER,CLEAR,DRY,DAYLIGHT,TRAFFIC SIGNAL,NONE DETECTED,NONE DETECTED,B7AFD0CB-A221-4B5A-B1AA-F1E09E2D05AD,OTHER,Cross/Enter at Intersection,UNKNOWN,ON ROADWAY NOT AT CROSSWALK,Unknown,SUSPECTED MINOR INJURY,NONE,39.07909683,-77.08717517,"(39.07909683, -77.08717517)"
MCP1453002D,16000517,Montgomery County Police,Injury Crash,01/04/2016 08:19:00 AM,,,,PARKING LOT OF 20910 FREDERICK RD (WALMART),,PEDESTRIAN,SINGLE VEHICLE,CLEAR,,DAYLIGHT,STOP SIGN,NONE DETECTED,NONE DETECTED,4B1C641C-875E-4C59-9B0B-3AD7C4CBB578,PEDESTRIAN,Cross/Enter at Intersection,NO IMPROPER ACTIONS,DRIVEWAY ACCESS MARKED CROSSWALK,No,SUSPECTED MINOR INJURY,NONE,39.197795,-77.25234333,"(39.197795, -77.25234333)"
MCP2948005X,230002189,Montgomery County Police,Injury Crash,01/13/2023 11:15:00 PM,Maryland (State),GEORGIA AVE,REEDIE DR,,N/A,PEDESTRIAN,OTHER,CLEAR,DRY,DARK LIGHTS ON,TRAFFIC SIGNAL,NONE DETECTED,N/A,DD5635F5-2133-47F2-8683-48066FA45D8C,PEDESTRIAN,Cross/Enter at Intersection,UNKNOWN,ON ROADWAY AT CROSSWALK,Unknown,NO APPARENT INJURY,N/A,39.03881,-77.05091167,"(39.03881, -77.05091167)"
DD5508000L,15000253,Rockville Police Departme,Injury Crash,01/02/2015 11:51:00 AM,,,,Parking Lot of 14939 Shady Grove Rd,,PEDESTRIAN,SINGLE VEHICLE,CLEAR,,DAYLIGHT,NO CONTROLS,NONE DETECTED,UNKNOWN,23EB05DF-B752-4D50-95A1-3E5A0371D899,PEDESTRIAN,Cross/Enter not at Intersection,IN ROADWAY IMPROPERLY,ON ROADWAY NOT AT CROSSWALK,,POSSIBLE INJURY,NONE,39.09749501,-77.19245195,"(39.09749501, -77.19245195)"
MCP26250016,210027603,Montgomery County Police,Injury Crash,07/17/2021 08:10:00 AM,County,FALLS RD,RIVER RD,,N/A,BICYCLIST,SAME DIRECTION RIGHT TURN,CLEAR,DRY,DAYLIGHT,TRAFFIC SIGNAL,NONE DETECTED,N/A,3E0C75D3-6BE0-4899-8490-EAB560E4B909,BICYCLIST,Walking/Riding w/Traffic,NO IMPROPER ACTIONS,IN BIKEWAY,No,SUSPECTED MINOR INJURY,N/A,39.019295,-77.210385,"(39.019295, -77.210385)"
MCP24920017,190049226,Montgomery County Police,Fatal Crash,10/13/2019 07:40:00 PM,Maryland (State),UNIVERSITY BLVD E,SEEK LA,,N/A,PEDESTRIAN,OTHER,CLEAR,DRY,DARK LIGHTS ON,NO CONTROLS,"COMBINED SUBSTANCE PRESENT, NONE DETECTED",ALCOHOL PRESENT,0546D6C8-ADB1-4234-A0BE-03E925DF03D1,PEDESTRIAN,Cross/Enter not at Intersection,UNKNOWN,N/A,No,FATAL INJURY,NONE,38.99723,-76.99353667,"(38.99723, -76.99353667)"
MCP2353003P,17011782,Montgomery County Police,Injury Crash,03/06/2017 10:58:00 AM,County,WILLARD AVE,THE HILLS PLAZA,,FRIENDSHIP HEIGHTS,PEDESTRIAN,SINGLE VEHICLE,CLEAR,DRY,DAYLIGHT,STOP SIGN,NONE DETECTED,NONE DETECTED,94C19C64-4004-4460-BA2B-D2EF2A6DA43B,PEDESTRIAN,Cross/Enter at Intersection,NO IMPROPER ACTIONS,ON ROADWAY AT CROSSWALK,No,SUSPECTED SERIOUS INJURY,NONE,38.961785,-77.08775167,"(38.961785, -77.08775167)"
MCP2756006S,250022742,MONTGOMERY,Injury Crash,05/22/2025 04:48:00 PM,,,,Parking Lot Way        REAR PARKING LOT OF 11135 NEWPORT MILL RD.,,Pedestrian,Single Vehicle,Rain,,Daylight,,"Not Suspect of Alcohol Use, Not Suspect of Drug Use","Not Suspect of Alcohol Use, Not Suspect of Drug Use",ED8B3616-BD39-40ED-8DB6-6C2BD39B536D,Pedestrian,Other,None (No Improper Action),Other,No,Possible Injury,None,39.04001893,-77.06655832,"(39.04001893, -77.06655832)"
MCP271700HP,180026454,Montgomery County Police,Injury Crash,05/29/2018 08:10:00 PM,County,LOCKWOOD DR,LOCKWOOD DR,,N/A,BICYCLIST,OTHER,CLEAR,DRY,DARK LIGHTS ON,NO CONTROLS,NONE DETECTED,NONE DETECTED,721DF811-037E-4B4A-B3B0-3BAD36865D9B,BICYCLIST,Walking/Riding w/Traffic,NO IMPROPER ACTIONS,ON ROADWAY NOT AT CROSSWALK,No,SUSPECTED MINOR INJURY,MC/BIKE HELMET,39.04246367,-76.9859235,"(39.04246367, -76.9859235)"
DD5616000K,15065670,ROCKVILLE,Injury Crash,12/23/2015 07:20:00 AM,Municipality,MONROE PL,ROCKVILLE PIKE,,N/A,PEDESTRIAN,N/A,FOGGY,WET,DAWN,TRAFFIC SIGNAL,NONE DETECTED,NONE DETECTED,8317457E-E69A-4421-930F-A67503F477C7,PEDESTRIAN,Cross/Enter at Intersection,NO IMPROPER ACTIONS,AT INTERSECTION MARKED CROSSWALK,No,POSSIBLE INJURY,N/A,39.08353863,-77.14712262,"(39.08353863, -77.14712262)"
MCP209400JH,220012302,Montgomery County Police,Injury Crash,03/22/2022 09:20:00 AM,County,FALLS RD,OAKLYN DR,,N/A,"OTHER, PEDESTRIAN",SAME DIR REAR END,CLEAR,DRY,DAYLIGHT,NO CONTROLS,NONE DETECTED,NONE DETECTED,F344969C-0DF3-419F-BB5C-BF88E82B5986,PEDESTRIAN,Other Working,OTHER,ON ROADWAY NOT AT CROSSWALK,No,SUSPECTED SERIOUS INJURY,REFLECTIVE CLOTHING,39.010215,-77.219505,"(39.010215, -77.219505)"