Report Number,Local Case Number,Agency Name,ACRS Report Type,Crash Date/Time,Route Type,Road Name,Cross-Street Name,Off-Road Description,Municipality,Related Non-Motorist,Collision Type,Weather,Surface Condition,Light,Traffic Control,Driver Substance Abuse,Non-Motorist Substance Abuse,Person ID,Pedestrian Type,Pedestrian Movement,Pedestrian Actions,Pedestrian Location,At Fault,Injury Severity,Safety Equipment,Latitude,Longitude,Location
MCP91300020,16006234,Montgomery County Police,Injury Crash,02/06/2016 01:33:00 PM,County,FLOWER AVE,ARLISS ST,,N/A,PEDESTRIAN,SINGLE VEHICLE,CLEAR,DRY,DAYLIGHT,NO CONTROLS,NONE DETECTED,NONE DETECTED,0118D18F-AC1D-4CC9-B51E-BF367320ED58,PEDESTRIAN,Cross/Enter not at Intersection,NO IMPROPER ACTIONS,ON ROADWAY AT CROSSWALK,No,SUSPECTED MINOR INJURY,NONE,38.999505,-77.00393333,"(38.999505, -77.00393333)"
DM8456000F,17015267,Takoma Park Police Depart,Injury Crash,03/25/2017 03:30:00 PM,Municipality,BOYD AVE,JACKSON AVE,,TAKOMA PARK,BICYCLIST,N/A,CLEAR,DRY,DAYLIGHT,NO CONTROLS,NONE DETECTED,NONE DETECTED,1A4A86B8-8FDE-4AC3-98FC-6B87D0B9CB5A,BICYCLIST,Walking/Riding w/Traffic,NO IMPROPER ACTIONS,ON ROADWAY NOT AT CROSSWALK,Unknown,SUSPECTED MINOR INJURY,MC/BIKE HELMET,38.97849167,-77.001665,"(38.97849167, -77.001665)"
DD5615002Q,16056048,Rockville Police Departme,Injury Crash,10/31/2016 11:41:00 AM,Municipality,WOOTTON PKWY,ROCKVILLE PIKE,,N/A,PEDESTRIAN,SINGLE VEHICLE,CLEAR,DRY,DAYLIGHT,NO CONTROLS,NONE DETECTED,NONE DETECTED,25D61784-FD7C-4580-8F90-EB99937EF3CB,PEDESTRIAN,Walking to/from school,IN ROADWAY IMPROPERLY,ON ROADWAY NOT AT CROSSWALK,Yes,POSSIBLE INJURY,NONE,39.076525,-77.13979167,"(39.076525, -77.13979167)"
MCP9442001B,170542181,Montgomery County Police,Injury Crash,11/11/2017 07:43:00 AM,,,,PARKING LOT IN 2000 BLOCK OF PRUITT COURT,,PEDESTRIAN,OTHER,CLEAR,,DAYLIGHT,N/A,NONE DETECTED,NONE DETECTED,646EB879-2946-43B0-9FA9-5AF0EC8E5206,PEDESTRIAN,Other,N/A,OTHER,No,POSSIBLE INJURY,N/A,39.193585,-77.19216667,"(39.193585, -77.19216667)"
MCP2347004G,230066410,Montgomery County Police,Injury Crash,11/15/2023 06:29:00 AM,Maryland (State),SANDY SPRING RD,RIDING STABLE RD,,N/A,BICYCLIST,STRAIGHT MOVEMENT ANGLE,CLEAR,DRY,DARK NO LIGHTS,STOP SIGN,NONE DETECTED,NONE DETECTED,C7DAF4E6-9ECB-46AA-8F7B-EA2A56327913,BICYCLIST,Walking/Riding w/Traffic,NO IMPROPER ACTIONS,IN BIKEWAY,No,SUSPECTED MINOR INJURY,NONE,39.10559616,-76.91067981,"(39.10559616, -76.91067981)"
MCP209400K9,220037173,Montgomery County Police,Injury Crash,08/28/2022 09:17:00 AM,County,OAKLYN DR,POTOMAC STATION LA,,N/A,BICYCLIST,HEAD ON LEFT TURN,CLEAR,DRY,DAYLIGHT,NO CONTROLS,NONE DETECTED,NONE DETECTED,C52C2D0D-7F2A-4C69-86E3-D4F763FE187F,BICYCLIST,Walking/Riding w/Traffic,NO IMPROPER ACTIONS,ON ROADWAY NOT AT CROSSWALK,No,SUSPECTED SERIOUS INJURY,MC/BIKE HELMET,39.00102,-77.21083,"(39.00102, -77.21083)"
MCP27260033,180065335,Montgomery County Police,Injury Crash,12/31/2018 12:58:00 PM,,,,"PARKING LOT OF 15807 FREDERICK RD, ROCKVILLE, MD 20855",,PEDESTRIAN,OTHER,RAINING,,DAYLIGHT,NO CONTROLS,N/A,N/A,9F0E99EA-A86B-42DA-A821-EAFB7CF511A8,PEDESTRIAN,Walking/Cycling on Sidewalk,NO IMPROPER ACTIONS,SIDEWALK,No,SUSPECTED MINOR INJURY,N/A,39.1163393,-77.2049379,"(39.1163393, -77.2049379)"
MCP242500BX,180006810,Montgomery County Police,Injury Crash,02/09/2018 07:05:00 AM,County,11TH AVE,QUEBEC ST,,N/A,PEDESTRIAN,OTHER,CLEAR,DRY,DAYLIGHT,NO CONTROLS,UNKNOWN,NONE DETECTED,27BE7955-E585-40BE-9FD7-A746D0D13556,PEDESTRIAN,Cross/Enter at Intersection,NO IMPROPER ACTIONS,ON ROADWAY NOT AT CROSSWALK,No,SUSPECTED MINOR INJURY,NONE,38.99847333,-76.98876,"(38.99847333, -76.98876)"
MCP2723006P,220042149,Montgomery County Police,Injury Crash,09/27/2022 04:00:00 PM,Maryland (State),VEIRS MILL RD,RANDOLPH RD,,N/A,PEDESTRIAN,SINGLE VEHICLE,N/A,DRY,DAYLIGHT,TRAFFIC SIGNAL,NONE DETECTED,NONE DETECTED,A5CB311D-7E7A-4BA5-AB6F-71308CCBA752,PEDESTRIAN,Cross/Enter at Intersection,DART DASH,ON ROADWAY AT CROSSWALK,Yes,SUSPECTED MINOR INJURY,NONE,39.05615,-77.08281667,"(39.05615, -77.08281667)"
MCP2726008M,240003654,MONTGOMERY,Injury Crash,01/24/2024 06:25:00 AM,County Route,CRABBS BRANCH WAY,,,,Pedestrian,Single Vehicle,Rain,Wet,Dark - Lighted,No Controls,"Not Suspect of Alcohol Use, Not Suspect of Drug Use","Not Suspect of Alcohol Use, Not Suspect of Drug Use",68887B60-20AE-44C2-AFF6-D332C50BEB89,Pedestrian,Cross/Enter at Intersection,None (No Improper Action),Median/Crossing Island,No,Suspected Minor Injury,None,39.11931225,-77.15678466,"(39.11931225, -77.15678466)"
MCP1020001F,16007210,Montgomery County Police,Injury Crash,02/12/2016 06:45:00 AM,,PINE RIDGE LN,TRAILSIDE WAY,,N/A,PEDESTRIAN,OTHER,CLEAR,DRY,DARK LIGHTS ON,STOP SIGN,UNKNOWN,NONE DETECTED,616E01EC-2C25-443B-83AF-3AF0E6B0C3B2,PEDESTRIAN,Cross/Enter at Intersection,NO IMPROPER ACTIONS,ON ROADWAY NOT AT CROSSWALK,No,SUSPECTED MINOR INJURY,N/A,39.16432,-77.27047333,"(39.16432, -77.27047333)"
MCP2938000C,15029220,Montgomery County Police,Injury Crash,06/15/2015 09:34:00 PM,County,WOODMONT AVE,HAMPDEN LA,,N/A,BICYCLIST,OTHER,CLEAR,DRY,DARK LIGHTS ON,TRAFFIC SIGNAL,NONE DETECTED,NONE DETECTED,0F29061B-783B-4771-B024-C2A69E65E82E,BICYCLIST,Cross/Enter at Intersection,NO IMPROPER ACTIONS,ON ROADWAY AT CROSSWALK,,POSSIBLE INJURY,UNKNOWN,38.98270599,-77.09604263,"(38.98270599, -77.09604263)"
MCP1181000W,19001952,Montgomery County Police,Injury Crash,04/28/2019 07:52:00 PM,County,MEADOW MIST RD,MEADOW MIST RD (BACK),,N/A,PEDESTRIAN,OTHER,CLEAR,DRY,DAYLIGHT,NO CONTROLS,NONE DETECTED,NONE DETECTED,48D32FF4-D1BC-43D1-ABD5-D48773652D1D,PEDESTRIAN,Playing,DART DASH,OTHER,Yes,SUSPECTED MINOR INJURY,N/A,39.23093667,-77.243555,"(39.23093667, -77.243555)"
MCP2997000T,170516335,Montgomery County Police,Injury Crash,06/28/2017 10:24:00 PM,County,MACDUFF AVE,GALLAGHER WAY,,N/A,PEDESTRIAN,SAME DIRECTION LEFT TURN,CLEAR,DRY,DARK LIGHTS ON,NO CONTROLS,NONE DETECTED,ALCOHOL PRESENT,286F205A-D57F-49EE-8D29-9BC8BA4337B5,PEDESTRIAN,Cross/Enter at Intersection,NO IMPROPER ACTIONS,AT INTERSECTION BUT NO CROSSWALK,No,POSSIBLE INJURY,NONE,39.14389404,-77.08900586,"(39.14389404, -77.08900586)"
MCP2831001K,16053095,Montgomery County Police,Injury Crash,10/15/2016 08:26:00 PM,,WHITE SADDLE DRIVE,MIDDLEBROOK ROAD,,N/A,PEDESTRIAN,SINGLE VEHICLE,CLEAR,DRY,DARK LIGHTS ON,NO CONTROLS,N/A,NONE DETECTED,83336781-F456-4499-8ABB-AA6DA81DAA92,PEDESTRIAN,Playing,DART DASH,ON ROADWAY NOT AT CROSSWALK,Yes,POSSIBLE INJURY,NONE,39.17671833,-77.25850667,"(39.17671833, -77.25850667)"
MCP3300001P,220016529,Montgomery County Police,Injury Crash,04/19/2022 07:40:00 AM,Maryland (State),UNIVERSITY BLVD W,GRANDVIEW AVE,,N/A,PEDESTRIAN,OTHER,CLEAR,DRY,DAYLIGHT,NO CONTROLS,NONE DETECTED,NONE DETECTED,6EC6C4D2-C78D-4BFA-BE94-4C87920BED5D,PEDESTRIAN,Cross/Enter not at Intersection,IN ROADWAY IMPROPERLY,OTHER,Yes,SUSPECTED SERIOUS INJURY,NONE,39.04067067,-77.05456733,"(39.04067067, -77.05456733)"
DD5646002F,220047443,Rockville Police Departme,Fatal Crash,10/28/2022 08:59:00 PM,Maryland (State),ROCKVILLE PIKE,TALBOTT ST,,ROCKVILLE,PEDESTRIAN,OTHER,CLEAR,DRY,DARK LIGHTS ON,NO CONTROLS,NONE DETECTED,NONE DETECTED,F41CB861-1540-46CA-BEDD-809867250E61,PEDESTRIAN,Cross/Enter not at Intersection,IN ROADWAY IMPROPERLY,ON ROADWAY NOT AT CROSSWALK,Unknown,FATAL INJURY,NONE,39.07306591,-77.13410315,"(39.07306591, -77.13410315)"
MCP3016003F,210053339,Montgomery County Police,Injury Crash,12/31/2021 01:57:00 PM,,,,PARKING LOT 12949 WISTERIA DRIVE (7-11),,PEDESTRIAN,OTHER,CLEAR,,DAYLIGHT,STOP SIGN,N/A,N/A,44672A1C-E062-4094-B6EB-E2F1C9D195EA,PEDESTRIAN,Cross/Enter at Intersection,UNKNOWN,AT INTERSECTION BUT NO CROSSWALK,Unknown,POSSIBLE INJURY,N/A,39.17845739,-77.2702738,"(39.17845739, -77.2702738)"
MCP137800GZ,170507982,Montgomery County Police,Injury Crash,05/15/2017 08:51:00 PM,Maryland (State),FREDERICK RD,MARYLAND AVE,,GAITHERSBURG,BICYCLIST,SINGLE VEHICLE,CLEAR,DRY,DARK LIGHTS ON,NO CONTROLS,NONE DETECTED,NONE DETECTED,38A18412-C2FF-42A7-861B-495EA098428E,BICYCLIST,Cross/Enter not at Intersection,IN ROADWAY IMPROPERLY,ON ROADWAY NOT AT CROSSWALK,Yes,SUSPECTED SERIOUS INJURY,NONE,39.14518272,-77.20309764,"(39.14518272, -77.20309764)"
MCP2656001D,16051276,Montgomery County Police,Injury Crash,10/05/2016 08:49:00 PM,County,ROBEY RD,BRIGGS CHANEY RD,,N/A,PEDESTRIAN,N/A,CLEAR,DRY,DARK LIGHTS ON,NO CONTROLS,NONE DETECTED,NONE DETECTED,DC57CEE3-58F3-4C30-90CC-8C9AB0C34CB8,PEDESTRIAN,Cross/Enter at Intersection,NO IMPROPER ACTIONS,AT INTERSECTION MARKED CROSSWALK,No,NO APPARENT INJURY,N/A,39.07956333,-76.94503167,"(39.07956333, -76.94503167)"
MCP3089002H,190026932,Montgomery County Police,Injury Crash,06/05/2019 07:33:00 PM,County,WAYNE AVE,CEDAR ST,,N/A,PEDESTRIAN,SINGLE VEHICLE,CLEAR,DRY,DAYLIGHT,TRAFFIC SIGNAL,N/A,N/A,20A11CBF-0128-46D2-868C-B93B3CAEC2D2,PEDESTRIAN,Cross/Enter at Intersection,NO IMPROPER ACTIONS,ON ROADWAY AT CROSSWALK,No,POSSIBLE INJURY,N/A,38.99725667,-77.02167667,"(38.99725667, -77.02167667)"
MCP2724002N,220016604,Montgomery County Police,Injury Crash,04/20/2022 08:40:00 AM,Maryland (State),NEW HAMPSHIRE AVE,HILLENDALE FIRE DEPARTMENT,,N/A,PEDESTRIAN,OTHER,CLOUDY,N/A,DAYLIGHT,TRAFFIC SIGNAL,UNKNOWN,NONE DETECTED,F7C3DD70-8FC4-4753-BF85-3FE9223289D2,PEDESTRIAN,Walking to/from school,FAILURE TO OBEY TRAFFIC SIGNS SIGNALS OR OFFICER,MEDIAN,Yes,SUSPECTED MINOR INJURY,NONE,39.02970992,-76.98335105,"(39.02970992, -76.98335105)"
MCP3218001H,210012867,Montgomery County Police,Injury Crash,04/06/2021 05:30:00 PM,County,DEWEY RD,DAHILL RD,,N/A,BICYCLIST,STRAIGHT MOVEMENT ANGLE,CLEAR,DRY,DAYLIGHT,STOP SIGN,NONE DETECTED,NONE DETECTED,7C50C05A-5987-4CBB-BC02-9C43A6B0A516,BICYCLIST,Cross/Enter at Intersection,NO IMPROPER ACTIONS,ON ROADWAY NOT AT CROSSWALK,No,SUSPECTED MINOR INJURY,MC/BIKE HELMET,39.048628,-77.088574,"(39.048628, -77.088574)"
DD5663001S,250003282,ROCKVILLE,Injury Crash,01/23/2025 05:45:00 PM,Maryland (State) Route,ROCKVILLE PIKE,THOMPSON AVE,,,Pedestrian,Single Vehicle,Clear,Dry,Dark - Lighted,Stop Sign,"Not Suspect of Alcohol Use, Not Suspect of Drug Use","Not Suspect of Alcohol Use, Not Suspect of Drug Use",4F57714A-C84E-4D85-BA3B-C0F5193E1712,Pedestrian,Cross/Enter at Intersection,None (No Improper Action),Intersection Marked Crosswalk,No,Suspected Minor Injury,None,39.05935745,-77.12167285,"(39.05935745, -77.12167285)"
MCP2353009P,220006367,Montgomery County Police,Injury Crash,02/14/2022 07:19:00 AM,Maryland (State),OLD GEORGETOWN RD,BEECH AVE,,N/A,PEDESTRIAN,SINGLE VEHICLE,CLOUDY,DRY,DAYLIGHT,PERSON,NONE DETECTED,NONE DETECTED,50E4DB99-42DA-45DD-9562-E44A2A5232D3,PEDESTRIAN,Cross/Enter at Intersection,NO IMPROPER ACTIONS,ON ROADWAY AT CROSSWALK,No,SUSPECTED MINOR INJURY,NONE,39.009995,-77.11493667,"(39.009995, -77.11493667)"
MCP2861001V,16017730,Montgomery County Police,Injury Crash,04/11/2016 05:00:00 PM,County,RIDGEFIELD RD,NEWINGTON RD,,N/A,PEDESTRIAN,OTHER,CLEAR,DRY,DAYLIGHT,NO CONTROLS,N/A,NONE DETECTED,BC6710C9-66AC-4190-BEEB-C870D3151504,PEDESTRIAN,Other Working,ENTERING EXITING PARKED STANDING VEHICLE,ON ROADWAY NOT AT CROSSWALK,No,POSSIBLE INJURY,NONE,38.96633167,-77.10915167,"(38.96633167, -77.10915167)"
MCP3020004G,190056885,Montgomery County Police,Property Damage Crash,11/25/2019 10:52:00 AM,,,,PARKING LOT IN FRONT OF 3860 INTERNATIONAL DR,,PEDESTRIAN,SINGLE VEHICLE,CLEAR,,DAYLIGHT,NO CONTROLS,NONE DETECTED,NONE DETECTED,92BE3C8B-4C96-479E-9F4D-CBA1B3D324CA,PEDESTRIAN,Walking/Riding w/Traffic,NO IMPROPER ACTIONS,OTHER,No,NO APPARENT INJURY,NONE,39.10195718,-77.07546937,"(39.10195718, -77.07546937)"
HA23680008,16000440,Maryland-National Capital,Injury Crash,04/16/2016 11:00:00 AM,Government,LITTLE FALLS PKWY,HILLANDALE RD,,N/A,BICYCLIST,STRAIGHT MOVEMENT ANGLE,CLEAR,DRY,DAYLIGHT,OTHER,NONE DETECTED,NONE DETECTED,371634CF-EE91-44E7-9241-8DE7758A79A3,BICYCLIST,Other,NO IMPROPER ACTIONS,ON ROADWAY AT CROSSWALK,No,POSSIBLE INJURY,NONE,38.9733897,-77.10132122,"(38.9733897, -77.10132122)"
DD5523000D,17014350,Rockville Police Departme,Injury Crash,03/20/2017 09:45:00 PM,,,,PARKING LOT OF 1750 ROCKVILLE PIKE,,PEDESTRIAN,SINGLE VEHICLE,CLEAR,,DARK NO LIGHTS,N/A,NONE DETECTED,NONE DETECTED,10DD9551-8A28-4C0A-80F2-957F1AE0CC91,PEDESTRIAN,N/A,NOT VISIBLE,OTHER,Unknown,SUSPECTED MINOR INJURY,N/A,39.06103167,-77.122645,"(39.06103167, -77.122645)"
DM8494003Z,250027409,TAKOMA,Injury Crash,06/19/2025 09:11:00 PM,Maryland (State) Route,PINEY BRANCH RD,,,,Pedestrian,Unknown,Clear,Wet,Dark - Lighted,Flashing Traffic Control Signal,"Unknown, Unknown","Not Suspect of Alcohol Use, Not Suspect of Drug Use",3D06753C-52EC-4B4E-8A88-75CAA99B51E8,Pedestrian,Cross/Enter at Intersection,Unknown,Intersection Marked Crosswalk,No,Suspected Minor Injury,None,38.98314894,-77.01551686,"(38.98314894, -77.01551686)"
MCP11740020,17013679,Montgomery County Police,Injury Crash,03/17/2017 09:25:00 AM,Maryland (State),WISCONSIN AVE,BETHESDA AVE,,N/A,PEDESTRIAN,OTHER,CLEAR,DRY,DAYLIGHT,TRAFFIC SIGNAL,UNKNOWN,N/A,95F6080D-29A3-4E2F-BAEA-94C0415E9F73,PEDESTRIAN,Cross/Enter at Intersection,NO IMPROPER ACTIONS,AT INTERSECTION MARKED CROSSWALK,No,SUSPECTED MINOR INJURY,NONE,38.98103486,-77.09271938,"(38.98103486, -77.09271938)"
DD5603003K,17003541,Rockville Police Departme,Injury Crash,01/20/2017 08:45:00 PM,Municipality,WOOTTON PKWY,FLEET ST,,ROCKVILLE,PEDESTRIAN,STRAIGHT MOVEMENT ANGLE,RAINING,WET,DARK LIGHTS ON,NO CONTROLS,NONE DETECTED,ALCOHOL PRESENT,122EF475-F3AF-43D0-AC39-DD06C9D7F92B,PEDESTRIAN,Walking/Riding against Traffic,IN ROADWAY IMPROPERLY,ON ROADWAY NOT AT CROSSWALK,Yes,POSSIBLE INJURY,NONE,39.07531839,-77.14011669,"(39.07531839, -77.14011669)"
EJ7913000K,250026302,GAITHERSBURG,Injury Crash,06/12/2025 09:13:00 PM,Municipality Route,E DIAMOND AVE,N SUMMIT AVE S SUMMIT AVE,,,Pedestrian,Single Vehicle,Clear,Dry,Dark - Lighted,Traffic Control Signal,"Not Suspect of Alcohol Use, Not Suspect of Drug Use","Not Suspect of Alcohol Use, Not Suspect of Drug Use",F39EDF62-83D0-485A-9F4F-B85141A5F4F7,Pedestrian,Cross/Enter at Intersection,Failure to Yield Right-Of-Way,Intersection Marked Crosswalk,Yes,Possible Injury,None,39.14222414,-77.19334541,"(39.14222414, -77.19334541)"
MCP2639000T,15021005,Montgomery County Police,Injury Crash,05/03/2015 11:41:00 PM,Maryland (State),GEORGIA AVE,REEDIE DR,,N/A,PEDESTRIAN,STRAIGHT MOVEMENT ANGLE,CLEAR,DRY,DARK LIGHTS ON,NO CONTROLS,NONE DETECTED,NONE DETECTED,ACDCCFCE-699A-492C-AFC0-29E0A22F7EF3,PEDESTRIAN,Cross/Enter not at Intersection,FAILURE TO YIELD RIGHT OF WAY,ON ROADWAY NOT AT CROSSWALK,,SUSPECTED SERIOUS INJURY,N/A,39.03910167,-77.05091,"(39.03910167, -77.05091)"
MCP28660077,210037086,Montgomery County Police,Injury Crash,09/20/2021 12:05:00 PM,,,,"SECOND LEVEL PARKING GARAGE 7725 WISCONSIN AVE, BETHESDA, MD, 20814",,PEDESTRIAN,SINGLE VEHICLE,CLEAR,,DAYLIGHT,NO CONTROLS,NONE DETECTED,NONE DETECTED,E443788E-4F22-4740-8F5C-5E3AC43C0F16,PEDESTRIAN,Other Working,OTHER,OTHER,No,SUSPECTED SERIOUS INJURY,NONE,38.98820397,-77.09430048,"(38.98820397, -77.09430048)"
MCP3010003X,190029658,Montgomery County Police,Injury Crash,06/21/2019 12:59:00 PM,Maryland (State),ROCKVILLE PIKE,NICHOLSON LA,,N/A,PEDESTRIAN,OTHER,CLEAR,DRY,DAYLIGHT,TRAFFIC SIGNAL,N/A,N/A,7A2F9845-E281-405F-B93B-70C7E1B0E638,PEDESTRIAN,Walking/Riding against Traffic,NO IMPROPER ACTIONS,SIDEWALK,No,SUSPECTED MINOR INJURY,NONE,39.04444,-77.11192667,"(39.04444, -77.11192667)"
MCP2973000N,15048402,MONTGOMERY,Injury Crash,09/24/2015 09:55:00 AM,,,,PARKING LOT OF WEST EXIT OF MCDONALDS AT 13701 CONNECTICUT AVENUE IN ASPEN HILL SHOPPING CENTER,,PEDESTRIAN,STRAIGHT MOVEMENT ANGLE,CLEAR,,DAYLIGHT,NO CONTROLS,NONE DETECTED,NONE DETECTED,F48F0E26-349C-4D42-8D15-2F2D81029446,PEDESTRIAN,Other,NO IMPROPER ACTIONS,OTHER,No,POSSIBLE INJURY,N/A,39.07869155,-77.08052069,"(39.07869155, -77.08052069)"
MCP2723003R,180048829,Montgomery County Police,Injury Crash,09/30/2018 10:20:00 AM,County,BOWIE MILL RD,WICKHAM DR,,N/A,BICYCLIST,OTHER,CLEAR,DRY,DAYLIGHT,TRAFFIC SIGNAL,N/A,N/A,AA52ED37-ED07-4F88-9232-086E398FC9BF,BICYCLIST,Cross/Enter at Intersection,NO IMPROPER ACTIONS,ON ROADWAY AT CROSSWALK,No,SUSPECTED MINOR INJURY,MC/BIKE HELMET,39.15492167,-77.09483333,"(39.15492167, -77.09483333)"
MCP9147000F,15027487,Montgomery County Police,Injury Crash,06/06/2015 10:59:00 PM,,,,PARKING LOT FOR 8541 GEORGIA AVENUE,,BICYCLIST,STRAIGHT MOVEMENT ANGLE,CLEAR,,DARK LIGHTS ON,N/A,NONE DETECTED,NONE DETECTED,104ABB9C-1844-4B80-B1D4-3DD0D6260025,BICYCLIST,Cross/Enter at Intersection,FAILURE TO YIELD RIGHT OF WAY,DRIVEWAY ACCESS MARKED CROSSWALK,,SUSPECTED MINOR INJURY,NONE,38.99615333,-77.02771667,"(38.99615333, -77.02771667)"
MCP2978000T,15058952,MONTGOMERY,Injury Crash,11/18/2015 10:00:00 PM,County,PLATINUM DR,OUTPOST DR,,N/A,PEDESTRIAN,SINGLE VEHICLE,CLEAR,DRY,DARK LIGHTS ON,STOP SIGN,NONE DETECTED,NONE DETECTED,B12627B4-2935-4228-AED2-4B4BAC35E24F,PEDESTRIAN,Cross/Enter at Intersection,FAILURE TO YIELD RIGHT OF WAY,ON ROADWAY NOT AT CROSSWALK,Yes,SUSPECTED MINOR INJURY,NONE,39.09175374,-77.21927136,"(39.09175374, -77.21927136)"
MCP29360049,200047862,Montgomery County Police,Injury Crash,12/04/2020 07:50:00 PM,County,NICHOLSON LA,WOODGLEN DR,,N/A,PEDESTRIAN,OTHER,RAINING,WET,DARK LIGHTS ON,TRAFFIC SIGNAL,NONE DETECTED,NONE DETECTED,4029F7BB-D91C-445D-AF83-064D1E44A4B1,PEDESTRIAN,Cross/Enter at Intersection,NO IMPROPER ACTIONS,AT INTERSECTION MARKED CROSSWALK,No,SUSPECTED MINOR INJURY,NONE,39.04512833,-77.11329333,"(39.04512833, -77.11329333)"
MCP26370013,16056842,Montgomery County Police,Injury Crash,11/04/2016 08:49:00 AM,County,CAVANAUGH DR,PINEY MEETINGHOUSE RD,,N/A,PEDESTRIAN,OTHER,CLEAR,DRY,DAYLIGHT,NO CONTROLS,NONE DETECTED,NONE DETECTED,A5B7931D-8B7C-4DDC-BAA7-C46DE49A1624,PEDESTRIAN,Unknown,UNKNOWN,ON ROADWAY NOT AT CROSSWALK,Yes,POSSIBLE INJURY,NONE,39.08221,-77.216605,"(39.08221, -77.216605)"
DD56280044,210014844,Rockville Police Departme,Injury Crash,04/21/2021 12:02:00 PM,,,,DRIVEWAY OF 761 HUNGERFORD DR.,,BICYCLIST,STRAIGHT MOVEMENT ANGLE,CLOUDY,,DAYLIGHT,NO CONTROLS,NONE DETECTED,NONE DETECTED,A88E3760-6C8E-4D82-BE53-272E255BB304,BICYCLIST,Walking/Cycling on Sidewalk,NO IMPROPER ACTIONS,SIDEWALK,No,SUSPECTED MINOR INJURY,NONE,39.09351715,-77.15323946,"(39.09351715, -77.15323946)"
MCP20160014,16036660,Montgomery County Police,Injury Crash,07/20/2016 07:39:00 AM,County,MONTROSE RD,E JEFFERSON ST,,N/A,PEDESTRIAN,OTHER,CLEAR,DRY,DAYLIGHT,TRAFFIC SIGNAL,NONE DETECTED,N/A,0AFEB629-C149-4FD1-90EF-F2E944C57014,PEDESTRIAN,Cross/Enter at Intersection,NO IMPROPER ACTIONS,AT INTERSECTION BUT NO CROSSWALK,No,SUSPECTED MINOR INJURY,N/A,39.05497333,-77.12605833,"(39.05497333, -77.12605833)"
MCP3201000J,190051399,Montgomery County Police,Injury Crash,10/25/2019 09:21:00 PM,Maryland (State),FREDERICK RD,MIDDLEBROOK RD,,N/A,PEDESTRIAN,SINGLE VEHICLE,CLOUDY,DRY,DARK LIGHTS ON,NO CONTROLS,N/A,N/A,F8AD25D1-FE45-426D-B2E9-BD4605B89908,PEDESTRIAN,Other,OTHER,SIDEWALK,Yes,SUSPECTED SERIOUS INJURY,NONE,39.18224333,-77.23828667,"(39.18224333, -77.23828667)"
MCP229800FY,170535645,Montgomery County Police,Injury Crash,10/09/2017 01:52:00 PM,,,,PARKING LOT OF 20906A FREDERICK ROAD,,PEDESTRIAN,OTHER,CLEAR,,DAYLIGHT,NO CONTROLS,NONE DETECTED,NONE DETECTED,6691EB75-8181-4FA7-8D73-2C6DD1F26123,PEDESTRIAN,Other,NO IMPROPER ACTIONS,AT INTERSECTION MARKED CROSSWALK,No,POSSIBLE INJURY,N/A,39.19894667,-77.247715,"(39.19894667, -77.247715)"
MCP27760039,200025372,Montgomery County Police,Injury Crash,06/29/2020 10:36:00 PM,,,,DRIVEWAY ACCESS OF 13615 GEORGIA AVE,,BICYCLIST,STRAIGHT MOVEMENT ANGLE,CLEAR,,DARK LIGHTS ON,NO CONTROLS,NONE DETECTED,NONE DETECTED,7FFDAD76-8B72-4F03-ABE7-91B9F3144066,BICYCLIST,Walking/Cycling on Sidewalk,N/A,AT INTERSECTION BUT NO CROSSWALK,No,POSSIBLE INJURY,UNKNOWN,39.07898667,-77.07245835,"(39.07898667, -77.07245835)"
MCP2974004F,230009921,Montgomery County Police,Injury Crash,02/28/2023 08:04:00 AM,County,OLD COLUMBIA PIKE,PERRYWOOD DR,,N/A,PEDESTRIAN,OTHER,CLEAR,DRY,DAYLIGHT,YIELD SIGN,UNKNOWN,NONE DETECTED,EBA68E1F-080A-4078-96A4-C5E81541587B,PEDESTRIAN,Cross/Enter at Intersection,NO IMPROPER ACTIONS,ON ROADWAY AT CROSSWALK,No,SUSPECTED MINOR INJURY,NONE,39.09572245,-76.94611098,"(39.09572245, -76.94611098)"
MCP12100052,210050367,Montgomery County Police,Injury Crash,12/11/2021 01:52:00 PM,,,,SHOPPING CENTER AT 480 N. FREDERICK AVE,,PEDESTRIAN,OTHER,CLOUDY,,DAYLIGHT,N/A,NONE DETECTED,NONE DETECTED,3BBE8313-8DAC-4603-A59E-1A8EE8562C1A,PEDESTRIAN,Other,NO IMPROPER ACTIONS,OTHER,No,SUSPECTED MINOR INJURY,NONE,39.14789586,-77.20843342,"(39.14789586, -77.20843342)"
DM8374000R,16027657,Takoma Park Police Depart,Injury Crash,06/02/2016 06:25:00 PM,Maryland (State),ETHAN ALLEN AVE,ELM AVE,,TAKOMA PARK,BICYCLIST,HEAD ON LEFT TURN,CLEAR,DRY,DAYLIGHT,NO CONTROLS,N/A,N/A,493B6BD6-349A-4D8E-B10B-FB9C56F1C5A3,BICYCLIST,Walking/Riding w/Traffic,NO IMPROPER ACTIONS,ON ROADWAY NOT AT CROSSWALK,No,SUSPECTED MINOR INJURY,NONE,38.97596,-76.99699833,"(38.97596, -76.99699833)"
MCP32710055,240049741,MONTGOMERY,Injury Crash,10/17/2024 07:45:00 PM,County Route,RAYBURN RD,BRADLEY BLVD,,,Cyclist (Electric),Single Vehicle,Clear,Dry,Dark - Not Lighted,No Controls,"Not Suspect of Alcohol Use, Not Suspect of Drug Use","Not Suspect of Alcohol Use, Not Suspect of Drug Use",9573258C-EBDD-4172-9AA8-7F5FAE5AB5BF,Cyclist (Electric),Cross/Enter at Intersection,"Dart/Dash, Failure to Yield Right-Of-Way, Not Visible (Dark Clothing, No Lighting, etc.)",Intersection Other,Yes,Suspected Serious Injury,None,38.99317686,-77.1205867,"(38.99317686, -77.1205867)"