Report Number,Local Case Number,Agency Name,ACRS Report Type,Crash Date/Time,Route Type,Road Name,Cross-Street Name,Off-Road Description,Municipality,Related Non-Motorist,Collision Type,Weather,Surface Condition,Light,Traffic Control,Driver Substance Abuse,Non-Motorist Substance Abuse,Person ID,Pedestrian Type,Pedestrian Movement,Pedestrian Actions,Pedestrian Location,At Fault,Injury Severity,Safety Equipment,Latitude,Longitude,Location
MCP2820003K,190027225,Montgomery County Police,Injury Crash,06/07/2019 12:42:00 PM,,N LEISURE WORLD BLVD,HYDE PARK DR,,N/A,PEDESTRIAN,SINGLE VEHICLE,N/A,N/A,DAYLIGHT,NO CONTROLS,NONE DETECTED,NONE DETECTED,AF6984CF-29D4-4D54-8B1F-1443DF92D74C,PEDESTRIAN,Walking/Riding against Traffic,NO IMPROPER ACTIONS,SIDEWALK,No,POSSIBLE INJURY,N/A,39.10735833,-77.07343167,"(39.10735833, -77.07343167)"
MCP2871003S,16066438,Montgomery County Police,Injury Crash,12/26/2016 05:00:00 PM,County,DEMOCRACY BLVD,ENT TO MALL,,N/A,OTHER,SINGLE VEHICLE,N/A,DRY,DUSK,PERSON,N/A,NONE DETECTED,C59FD9CF-5C4D-4E78-BF8C-3D5C07DCC187,OTHER,Other Working,NO IMPROPER ACTIONS,AT INTERSECTION BUT NO CROSSWALK,No,SUSPECTED MINOR INJURY,NONE,39.02402,-77.144265,"(39.02402, -77.144265)"
MCP2357003H,190001755,Montgomery County Police,Injury Crash,01/11/2019 12:53:00 PM,Maryland (State),PINEY BRANCH RD,DALE DR,,N/A,BICYCLIST,OTHER,CLEAR,DRY,DAYLIGHT,N/A,NONE DETECTED,NONE DETECTED,1004EAEA-6EFC-4D97-A8F9-4CB8493F322B,BICYCLIST,Unknown,NO IMPROPER ACTIONS,OTHER,Yes,SUSPECTED MINOR INJURY,NONE,38.99345833,-77.00918667,"(38.99345833, -77.00918667)"
MCP2727001D,170504059,Montgomery County Police,Injury Crash,04/25/2017 08:44:00 AM,Maryland (State),FREDERICK RD,LITTLE SENECA PKWY,,N/A,PEDESTRIAN,OTHER,N/A,DRY,DAYLIGHT,TRAFFIC SIGNAL,NONE DETECTED,NONE DETECTED,3780A9FD-FFF2-4108-8C4A-FEC2B24A59DE,PEDESTRIAN,Cross/Enter at Intersection,FAILURE TO OBEY TRAFFIC SIGNS SIGNALS OR OFFICER,AT INTERSECTION MARKED CROSSWALK,Yes,SUSPECTED MINOR INJURY,NONE,39.22321833,-77.26053333,"(39.22321833, -77.26053333)"
MCP30370045,220040999,Montgomery County Police,Injury Crash,09/20/2022 06:35:00 PM,County,ANNAPOLIS ROCK RD,DAMASCUS RD,,N/A,BICYCLIST,SAME DIR REAR END,CLEAR,DRY,DAYLIGHT,NO CONTROLS,NONE DETECTED,NONE DETECTED,AE4CAB6A-EEA5-4F13-B414-162712299B9D,BICYCLIST,Walking/Riding w/Traffic,NO IMPROPER ACTIONS,ON ROADWAY NOT AT CROSSWALK,No,SUSPECTED MINOR INJURY,MC/BIKE HELMET,39.27764333,-77.14103,"(39.27764333, -77.14103)"
MCP3270002L,240034353,MONTGOMERY,Injury Crash,07/20/2024 10:43:00 PM,Maryland (State) Route,NEW HAMPSHIRE AVE (SB/L),,,,Cyclist (non-electric),Single Vehicle,Clear,Dry,Dark - Not Lighted,No Controls,"Not Suspect of Alcohol Use, Not Suspect of Drug Use","Not Suspect of Alcohol Use, Not Suspect of Drug Use",D604DE96-4D0D-40F0-B528-5CB1FBAE9778,Cyclist (non-electric),Walking/Cycling Along Roadway With Traffic (In or Adjacent to Travel Lane),"Not Visible (Dark Clothing, No Lighting, etc.)",OnStreet Bike Lanes,No,Suspected Minor Injury,None,39.02607271,-76.98112869,"(39.02607271, -76.98112869)"
MCP1221003K,170517373,Montgomery County Police,Injury Crash,07/05/2017 09:28:00 AM,County,GAITHER RD,SHADY GROVE RD,,N/A,BICYCLIST,SINGLE VEHICLE,CLOUDY,DRY,DAYLIGHT,TRAFFIC SIGNAL,NONE DETECTED,NONE DETECTED,EAB1E642-9ECF-4519-B15E-695764D71BD3,BICYCLIST,Cross/Enter at Intersection,NO IMPROPER ACTIONS,ON ROADWAY AT CROSSWALK,No,SUSPECTED MINOR INJURY,NONE,39.112435,-77.18808333,"(39.112435, -77.18808333)"
MCP271700W4,210041405,Montgomery County Police,Injury Crash,10/15/2021 05:20:00 PM,Maryland (State),ROCKVILLE PIKE,ROLLINS AVE,,ROCKVILLE,PEDESTRIAN,OTHER,CLEAR,DRY,DAYLIGHT,STOP SIGN,UNKNOWN,NONE DETECTED,C6066F36-D1E6-4E74-A68F-33FEF42C5338,PEDESTRIAN,Other,NO IMPROPER ACTIONS,OTHER,No,SUSPECTED MINOR INJURY,NONE,39.0596305,-77.12240167,"(39.0596305, -77.12240167)"
DD5630000K,180047416,Rockville Police Departme,Injury Crash,09/22/2018 12:46:00 PM,Maryland (State),ROCKVILLE PIKE,FIRST ST,,N/A,PEDESTRIAN,SINGLE VEHICLE,CLEAR,DRY,DAYLIGHT,NO CONTROLS,NONE DETECTED,NONE DETECTED,FDED0BBF-A126-4E7C-9646-D8E725EAAB97,PEDESTRIAN,Cross/Enter not at Intersection,IN ROADWAY IMPROPERLY,ON ROADWAY NOT AT CROSSWALK,Yes,SUSPECTED MINOR INJURY,NONE,39.07697,-77.13886167,"(39.07697, -77.13886167)"
MCP2683003V,190034341,Montgomery County Police,Injury Crash,07/19/2019 03:53:00 PM,County,LAKE SHORE DR,DOCENA DR,,N/A,PEDESTRIAN,OTHER,CLEAR,DRY,DAYLIGHT,OTHER,NONE DETECTED,NONE DETECTED,20B49DDD-511A-4656-88A4-6EBD920D9B1B,PEDESTRIAN,Approach/Leaving Schoolbus,NO IMPROPER ACTIONS,IN SCHOOL BUS ZONE,No,SUSPECTED MINOR INJURY,NONE,39.16032833,-77.20080167,"(39.16032833, -77.20080167)"
MCP2348006F,230012796,Montgomery County Police,Fatal Crash,03/16/2023 01:28:00 PM,US (State),COLUMBIA PIKE,STEWART LA,,N/A,PEDESTRIAN,SINGLE VEHICLE,CLEAR,DRY,DAYLIGHT,TRAFFIC SIGNAL,NONE DETECTED,NONE DETECTED,B7541278-BD7C-4E05-9056-50239D5CACAD,PEDESTRIAN,Cross/Enter at Intersection,FAILURE TO OBEY TRAFFIC SIGNS SIGNALS OR OFFICER,ON ROADWAY AT CROSSWALK,Yes,FATAL INJURY,NONE,39.04653583,-76.98675402,"(39.04653583, -76.98675402)"
MCP3436000L,250023549,MONTGOMERY,Injury Crash,05/29/2025 06:00:00 PM,County Route,HIDDEN VALLEY LA,,,,Cyclist (non-electric),Single Vehicle,Clear,Dry,Daylight,No Controls,"Not Suspect of Alcohol Use, Not Suspect of Drug Use","Not Suspect of Alcohol Use, Not Suspect of Drug Use",03F12FEF-6B1B-4896-8071-91251B5C56C0,Cyclist (non-electric),Walking/Cycling Along Roadway With Traffic (In or Adjacent to Travel Lane),None (No Improper Action),Other,No,Suspected Minor Injury,Helmet,39.07257664,-76.96414316,"(39.07257664, -76.96414316)"
MCP2617006J,180059336,Montgomery County Police,Property Damage Crash,11/27/2018 06:20:00 PM,Maryland (State),OLNEY LAYTONSVILLE RD,SPUR FR MD 97,,N/A,PEDESTRIAN,OTHER,CLEAR,DRY,DARK LIGHTS ON,NO CONTROLS,NONE DETECTED,ALCOHOL PRESENT,93BF5695-ABF6-4243-91E9-E7D826E624E9,PEDESTRIAN,Cross/Enter not at Intersection,DART DASH,MEDIAN,Yes,NO APPARENT INJURY,NONE,39.15363833,-77.06758333,"(39.15363833, -77.06758333)"
MCP31500001,180009460,Montgomery County Police,Injury Crash,02/22/2018 04:30:00 PM,Maryland (State),16TH ST,SECOND AVE,,N/A,PEDESTRIAN,OTHER,CLEAR,DRY,DAYLIGHT,OTHER,UNKNOWN,NONE DETECTED,ED8D07EA-2271-400C-9141-B394978A6743,PEDESTRIAN,Cross/Enter at Intersection,UNKNOWN,AT INTERSECTION MARKED CROSSWALK,No,SUSPECTED MINOR INJURY,NONE,39.0031452,-77.04001933,"(39.0031452, -77.04001933)"
MCP20550035,210025522,Montgomery County Police,Injury Crash,07/03/2021 08:30:00 AM,Municipality,WATKINS MILL RD,FREDERICK RD,,N/A,PEDESTRIAN,OTHER,CLEAR,DRY,DAYLIGHT,TRAFFIC SIGNAL,NONE DETECTED,NONE DETECTED,A97DD103-02BC-44AA-90DA-50C4D5E41BAC,PEDESTRIAN,Cross/Enter at Intersection,NO IMPROPER ACTIONS,ON ROADWAY AT CROSSWALK,No,SUSPECTED MINOR INJURY,N/A,39.159595,-77.21917333,"(39.159595, -77.21917333)"
MCP3019002L,190045835,Montgomery County Police,Injury Crash,09/24/2019 06:30:00 PM,County,GROSVENOR LA,FLEMING AVE,,N/A,PEDESTRIAN,SAME DIRECTION SIDESWIPE,CLEAR,DRY,DAYLIGHT,NO CONTROLS,NONE DETECTED,NONE DETECTED,98D48BA2-CABD-41F3-8C88-073F53DDC744,PEDESTRIAN,Getting off/on Vehicle,NO IMPROPER ACTIONS,ON ROADWAY NOT AT CROSSWALK,No,POSSIBLE INJURY,NONE,39.02273833,-77.11221833,"(39.02273833, -77.11221833)"
MCP2203000N,15022465,Montgomery County Police,Injury Crash,05/11/2015 03:10:00 PM,Maryland (State),CONNECTICUT AVE,DENFELD AVE,,N/A,PEDESTRIAN,SINGLE VEHICLE,CLEAR,DRY,DAYLIGHT,TRAFFIC SIGNAL,N/A,N/A,16CF5A0B-FC9A-42F8-958E-D21C1C8B3912,PEDESTRIAN,Walking to/from school,DART DASH,ON ROADWAY AT CROSSWALK,,SUSPECTED MINOR INJURY,N/A,39.03896333,-77.07703833,"(39.03896333, -77.07703833)"
MCP1064004G,16027759,Montgomery County Police,Injury Crash,06/03/2016 11:54:00 AM,Maryland (State),NEW HAMPSHIRE AVE,ADELPHI RD,,N/A,PEDESTRIAN,OTHER,CLOUDY,DRY,DAYLIGHT,TRAFFIC SIGNAL,N/A,N/A,E3D38397-C5B2-470B-A663-73FF13713661,PEDESTRIAN,Cross/Enter at Intersection,NO IMPROPER ACTIONS,ON ROADWAY AT CROSSWALK,No,SUSPECTED SERIOUS INJURY,N/A,39.01147833,-76.97918,"(39.01147833, -76.97918)"
MCP06850018,15036248,MONTGOMERY,Injury Crash,07/23/2015 07:54:00 AM,Municipality,KING FARM BLVD,ENT TO SHADY GROVE METRO STATION (BACK),,N/A,BICYCLIST,SINGLE VEHICLE,CLEAR,DRY,DAYLIGHT,TRAFFIC SIGNAL,NONE DETECTED,NONE DETECTED,83E40E06-354E-4256-9853-793F52DB5101,BICYCLIST,Walking/Cycling on Sidewalk,DART DASH,AT INTERSECTION MARKED CROSSWALK,Yes,SUSPECTED SERIOUS INJURY,NONE,39.117225,-77.16869667,"(39.117225, -77.16869667)"
HA2414001J,25000564,MCPARK,Injury Crash,04/01/2025 08:20:00 AM,Government Route,SLIGO CREEK PKWY,,,,Pedestrian,Single Vehicle,Clear,Dry,Daylight,Stop Sign,"Unknown, Unknown","Not Suspect of Alcohol Use, Not Suspect of Drug Use",6EA6C03D-E209-4D47-B6B3-E78B99606C48,Pedestrian,Cross/Enter at Intersection,None (No Improper Action),Intersection Marked Crosswalk,No,Suspected Minor Injury,None,39.00258307,-77.01311251,"(39.00258307, -77.01311251)"
MCP28130075,190038885,Montgomery County Police,Injury Crash,08/14/2019 07:25:00 PM,County,BRIGHTVIEW ST,DALEWOOD DR,,N/A,BICYCLIST,SINGLE VEHICLE,CLEAR,DRY,DAYLIGHT,STOP SIGN,N/A,N/A,9A8D8BC1-B7E7-4B1E-89ED-66FA79FB6EC8,BICYCLIST,Cross/Enter at Intersection,NO IMPROPER ACTIONS,ON ROADWAY AT CROSSWALK,No,SUSPECTED MINOR INJURY,NONE,39.052905,-77.07298833,"(39.052905, -77.07298833)"
MCP2008001R,15063186,MONTGOMERY,Injury Crash,12/10/2015 06:35:00 PM,Maryland (State),ROCKVILLE PIKE,SPUR TO MD 547,,N/A,PEDESTRIAN,OTHER,CLEAR,DRY,DARK LIGHTS ON,N/A,NONE DETECTED,NONE DETECTED,5C2F5472-3D85-4BB0-B469-DDAA20769EB9,PEDESTRIAN,Cross/Enter at Intersection,NO IMPROPER ACTIONS,AT INTERSECTION MARKED CROSSWALK,No,POSSIBLE INJURY,N/A,39.03442667,-77.106525,"(39.03442667, -77.106525)"
MCP2978000D,15021984,Montgomery County Police,Injury Crash,05/08/2015 04:55:00 PM,Maryland (State),DARNESTOWN RD,VICARS WAY,,N/A,BICYCLIST,SINGLE VEHICLE,CLEAR,DRY,DAYLIGHT,N/A,NONE DETECTED,NONE DETECTED,DB6A4BA6-A65A-4D5F-8905-D970F38F864A,BICYCLIST,Walking/Riding w/Traffic,NO IMPROPER ACTIONS,SHOULDER,,SUSPECTED SERIOUS INJURY,UNKNOWN,39.10357,-77.28741,"(39.10357, -77.28741)"
MCP3352000F,230021049,Montgomery County Police,Injury Crash,05/02/2023 09:18:00 PM,County,CLUB HOUSE RD,RIDGELINE DR,,N/A,PEDESTRIAN,STRAIGHT MOVEMENT ANGLE,CLEAR,WET,DARK NO LIGHTS,NO CONTROLS,NONE DETECTED,NONE DETECTED,D93F4485-976B-4A2F-B65D-45FDFC668FFB,PEDESTRIAN,Cross/Enter at Intersection,NO IMPROPER ACTIONS,ON ROADWAY AT CROSSWALK,No,POSSIBLE INJURY,NONE,39.17443167,-77.20546167,"(39.17443167, -77.20546167)"
MCP2857001Y,170526713,Montgomery County Police,Injury Crash,08/24/2017 11:28:00 PM,Maryland (State),WOODFIELD RD,MUNCASTER MILL RD,,N/A,PEDESTRIAN,SINGLE VEHICLE,RAINING,WET,DARK LIGHTS ON,TRAFFIC SIGNAL,NONE DETECTED,NONE DETECTED,4A333358-6408-4862-9967-B9D8FA615193,PEDESTRIAN,Cross/Enter at Intersection,IN ROADWAY IMPROPERLY,ON ROADWAY AT CROSSWALK,Yes,SUSPECTED MINOR INJURY,NONE,39.15921167,-77.16006333,"(39.15921167, -77.16006333)"
MCP25590013,16035610,Montgomery County Police,Injury Crash,07/14/2016 09:34:00 AM,County,DECOVERLY DR,GREAT SENECA HWY,,N/A,BICYCLIST,HEAD ON LEFT TURN,CLEAR,DRY,DAYLIGHT,STOP SIGN,N/A,N/A,EB8FD3E7-22EA-4B85-9E23-4AA67E5D035F,BICYCLIST,Cross/Enter at Intersection,NO IMPROPER ACTIONS,ON ROADWAY AT CROSSWALK,No,SUSPECTED SERIOUS INJURY,UNKNOWN,39.10608105,-77.20796987,"(39.10608105, -77.20796987)"
DD56120006,17007723,Rockville Police Departme,Injury Crash,02/12/2017 06:21:00 PM,Maryland (State),E JEFFERSON ST,MONROE ST,,ROCKVILLE,PEDESTRIAN,SINGLE VEHICLE,CLEAR,DRY,DARK LIGHTS ON,TRAFFIC SIGNAL,NONE DETECTED,UNKNOWN,BB91F50E-3442-4584-ABAD-87AEE51CB93F,PEDESTRIAN,Cross/Enter at Intersection,FAILURE TO OBEY TRAFFIC SIGNS SIGNALS OR OFFICER,AT INTERSECTION MARKED CROSSWALK,Yes,SUSPECTED MINOR INJURY,NONE,39.08196045,-77.14913964,"(39.08196045, -77.14913964)"
MCP2565003V,17010234,Montgomery County Police,Injury Crash,02/25/2017 06:07:00 PM,Maryland (State),ROCKVILLE PIKE,TUCKERMAN LA,,N/A,BICYCLIST,SAME DIR REAR END,CLEAR,DRY,DARK LIGHTS ON,NO CONTROLS,NONE DETECTED,NONE DETECTED,DEF8D76B-3DEB-4AAF-9A37-3F05701EBEB5,BICYCLIST,Walking/Riding w/Traffic,N/A,ON ROADWAY NOT AT CROSSWALK,No,POSSIBLE INJURY,NONE,39.02486626,-77.10308746,"(39.02486626, -77.10308746)"
MCP2931003B,190012716,Montgomery County Police,Injury Crash,03/19/2019 06:25:00 PM,,,,PARKING LOT OF 12266 ROCKVILLE PIKE,,PEDESTRIAN,OTHER,CLEAR,,DAYLIGHT,N/A,N/A,N/A,A3428237-E38D-4AA2-AB15-45843DAE64F8,PEDESTRIAN,Other,DART DASH,SIDEWALK,No,POSSIBLE INJURY,N/A,39.05720833,-77.12202833,"(39.05720833, -77.12202833)"
MCP137800FH,16062806,Montgomery County Police,Injury Crash,12/07/2016 12:58:00 PM,Maryland (State),GREAT SENECA HWY,LAKELANDS DR,,GAITHERSBURG,PEDESTRIAN,SINGLE VEHICLE,CLEAR,DRY,DAYLIGHT,TRAFFIC SIGNAL,NONE DETECTED,NONE DETECTED,8EBECC2C-71D7-4BBD-AE69-CA92CB8DFFD5,PEDESTRIAN,Cross/Enter at Intersection,FAILURE TO OBEY TRAFFIC SIGNS SIGNALS OR OFFICER,ON ROADWAY AT CROSSWALK,Yes,POSSIBLE INJURY,NONE,39.12099,-77.225535,"(39.12099, -77.225535)"
EJ78840035,210044861,Gaithersburg Police Depar,Injury Crash,11/05/2021 05:12:00 PM,Maryland (State),CLOPPER RD,SPUR FR MD 124,,N/A,PEDESTRIAN,SINGLE VEHICLE,CLEAR,DRY,DAYLIGHT,TRAFFIC SIGNAL,NONE DETECTED,NONE DETECTED,57CB4AB7-A89A-4A08-9A74-27F8006D76E6,PEDESTRIAN,Cross/Enter at Intersection,UNKNOWN,ON ROADWAY AT CROSSWALK,Unknown,POSSIBLE INJURY,NONE,39.14250693,-77.22108205,"(39.14250693, -77.22108205)"
MCP2899005Q,220027447,Montgomery County Police,Injury Crash,06/25/2022 10:57:00 PM,Maryland (State),NEW HAMPSHIRE AVE,POWDER MILL RD,,N/A,PEDESTRIAN,OTHER,CLEAR,DRY,DARK LIGHTS ON,NO CONTROLS,UNKNOWN,UNKNOWN,42275784-1562-4C3E-949C-509C52AFBE4A,PEDESTRIAN,Cross/Enter not at Intersection,UNKNOWN,ON ROADWAY NOT AT CROSSWALK,Yes,SUSPECTED SERIOUS INJURY,NONE,39.02297333,-76.97816167,"(39.02297333, -76.97816167)"
MCP209400JG,220012123,Montgomery County Police,Injury Crash,03/21/2022 11:05:00 AM,County,QUINTANA DR,DWIGHT DR,,N/A,OTHER,OTHER,CLEAR,DRY,DAYLIGHT,NO CONTROLS,NONE DETECTED,NONE DETECTED,29DCC8DA-985E-4E6C-B4B0-72D20932A9AE,OTHER,Other,OTHER,ON ROADWAY NOT AT CROSSWALK,No,SUSPECTED SERIOUS INJURY,REFLECTIVE CLOTHING,39.00416,-77.15812833,"(39.00416, -77.15812833)"
MCP271700HL,180025508,Montgomery County Police,Injury Crash,05/24/2018 02:20:00 PM,County,LOCKWOOD DR,ENT TO SHOPPING CENTER,,N/A,PEDESTRIAN,OTHER,CLEAR,DRY,DAYLIGHT,NO CONTROLS,NONE DETECTED,NONE DETECTED,634EAB85-443E-4CC1-AB9D-55D819F8D437,PEDESTRIAN,Unknown,UNKNOWN,SHOULDER,No,SUSPECTED SERIOUS INJURY,NONE,39.04137567,-76.98476633,"(39.04137567, -76.98476633)"
MCP2348002Z,170529727,Montgomery County Police,Injury Crash,09/10/2017 02:46:00 PM,,,,PARKING LOT OF 2201 RANDOLPH RD,,PEDESTRIAN,SINGLE VEHICLE,CLEAR,,DAYLIGHT,NO CONTROLS,NONE DETECTED,NONE DETECTED,80B97B78-5A47-49EE-8DBF-D46FFA064ABF,PEDESTRIAN,Other,NO IMPROPER ACTIONS,OTHER,No,SUSPECTED MINOR INJURY,N/A,39.05990167,-77.04767167,"(39.05990167, -77.04767167)"
MCP2927003Z,210042678,Montgomery County Police,Injury Crash,10/23/2021 12:00:00 PM,,,,PARKING LOT OF 104 SCHUYLER ROAD,,PEDESTRIAN,OTHER,N/A,,DAYLIGHT,NO CONTROLS,UNKNOWN,NONE DETECTED,50D3FB8F-4CF5-464D-8B41-8DBC6C3F5830,PEDESTRIAN,Cross/Enter at Intersection,UNKNOWN,AT INTERSECTION BUT NO CROSSWALK,Unknown,SUSPECTED MINOR INJURY,N/A,39.00277261,-77.01248136,"(39.00277261, -77.01248136)"
DD5595004D,170151767,Rockville Police Departme,Injury Crash,07/06/2017 05:25:00 PM,Other Public Roadway,IVY LEAGUE LA,HUNGERFORD DR,,N/A,BICYCLIST,OTHER,CLOUDY,DRY,DAYLIGHT,STOP SIGN,NONE DETECTED,NONE DETECTED,43C50EF8-D9D7-41DD-B213-A62527CC8150,BICYCLIST,Cross/Enter at Intersection,NO IMPROPER ACTIONS,ON ROADWAY AT CROSSWALK,No,SUSPECTED MINOR INJURY,NONE,39.09494133,-77.15344183,"(39.09494133, -77.15344183)"
MCP3277002D,230004189,Montgomery County Police,Injury Crash,01/25/2023 09:00:00 PM,Maryland (State),MONTGOMERY VILLAGE AVE,LOST KNIFE RD,,N/A,PEDESTRIAN,N/A,RAINING,WET,DARK -- UNKNOWN LIGHTING,TRAFFIC SIGNAL,UNKNOWN,NONE DETECTED,46E96783-9163-4681-A9E5-057A159C0DD8,PEDESTRIAN,Cross/Enter at Intersection,UNKNOWN,ON ROADWAY AT CROSSWALK,No,SUSPECTED MINOR INJURY,NONE,39.15806039,-77.20414207,"(39.15806039, -77.20414207)"
MCP20940064,16015934,Montgomery County Police,Injury Crash,04/01/2016 03:28:00 PM,County,WESTLAKE DR,LAKEVIEW DR,,N/A,PEDESTRIAN,OTHER,CLEAR,DRY,DAYLIGHT,OTHER,N/A,NONE DETECTED,83B01788-4F40-442E-9EB4-65FA6570F22D,PEDESTRIAN,Other,NO IMPROPER ACTIONS,ON ROADWAY AT CROSSWALK,No,SUSPECTED MINOR INJURY,NONE,39.02545833,-77.14909333,"(39.02545833, -77.14909333)"
MCP2048002Z,200026557,Montgomery County Police,Injury Crash,07/08/2020 07:15:00 PM,Maryland (State),PINEY BRANCH RD,BARRON ST,,N/A,PEDESTRIAN,OTHER,CLEAR,DRY,DAYLIGHT,TRAFFIC SIGNAL,NONE DETECTED,NONE DETECTED,E5793417-4498-4515-9F77-4241CC138637,PEDESTRIAN,Cross/Enter at Intersection,NO IMPROPER ACTIONS,AT INTERSECTION MARKED CROSSWALK,No,SUSPECTED MINOR INJURY,N/A,38.999145,-76.99770833,"(38.999145, -76.99770833)"
MCP30670032,250017560,MONTGOMERY,Injury Crash,04/23/2025 07:35:00 AM,County Route,HOB HILL WAY,MONTGOMERY VILLAGE AVE,,,Pedestrian,Single Vehicle,Clear,Dry,Daylight,Pedestrian Crossing,"Not Suspect of Alcohol Use, Not Suspect of Drug Use","Not Suspect of Alcohol Use, Not Suspect of Drug Use",3E0A6530-F2E8-4BF3-80B9-4F1F4D169A6A,Pedestrian,None,None (No Improper Action),Intersection Marked Crosswalk,No,Suspected Minor Injury,None,39.18695983,-77.19826417,"(39.18695983, -77.19826417)"
MCP30850046,230060572,Montgomery County Police,Injury Crash,10/14/2023 09:09:00 PM,County,CORDELL AVE,WISCONSIN AVE,,N/A,PEDESTRIAN,OTHER,RAINING,WET,DARK LIGHTS ON,TRAFFIC SIGNAL,NONE DETECTED,NONE DETECTED,78A5D670-9115-42D1-AF3D-0246F3745445,PEDESTRIAN,Cross/Enter at Intersection,NO IMPROPER ACTIONS,ON ROADWAY AT CROSSWALK,No,POSSIBLE INJURY,NONE,38.99114833,-77.09603667,"(38.99114833, -77.09603667)"
MCP2351001G,170534931,Montgomery County Police,Injury Crash,10/05/2017 02:38:00 PM,County,PARKLAWN DR,RANDOLPH RD,,N/A,PEDESTRIAN,OTHER,CLEAR,DRY,DAYLIGHT,TRAFFIC SIGNAL,NONE DETECTED,N/A,56D8D182-0807-42B3-96CD-69B3A9B11A3D,PEDESTRIAN,Cross/Enter at Intersection,N/A,AT INTERSECTION MARKED CROSSWALK,No,POSSIBLE INJURY,OTHER,39.06397,-77.117405,"(39.06397, -77.117405)"
MCP2556004B,220032375,Montgomery County Police,Property Damage Crash,07/27/2022 08:23:00 PM,Other Public Roadway,TOPFIELD DR,PEPPERWOOD LA,,N/A,OTHER,SINGLE VEHICLE,N/A,DRY,DUSK,NO CONTROLS,ALCOHOL PRESENT,N/A,BE558C17-7280-421C-A866-E78A6EB6C21E,OTHER,N/A,NO IMPROPER ACTIONS,OTHER,No,NO APPARENT INJURY,N/A,39.15203667,-77.23350833,"(39.15203667, -77.23350833)"
MCP137800BR,16042097,Montgomery County Police,Injury Crash,08/19/2016 10:40:00 AM,County,DECOVERLY DR,DIAMONDBACK DR,,N/A,BICYCLIST,STRAIGHT MOVEMENT ANGLE,CLEAR,DRY,DAYLIGHT,STOP SIGN,NONE DETECTED,NONE DETECTED,EF06A045-9AD2-4F41-BA7F-C6663A1CBF61,BICYCLIST,Cross/Enter at Intersection,NO IMPROPER ACTIONS,ON ROADWAY AT CROSSWALK,No,SUSPECTED MINOR INJURY,NONE,39.10734025,-77.20289916,"(39.10734025, -77.20289916)"
MCP30030022,180032541,Montgomery County Police,Injury Crash,07/02/2018 09:33:00 AM,Maryland (State),WISCONSIN AVE,BRADLEY LA,,N/A,BICYCLIST,OTHER,CLEAR,DRY,DAYLIGHT,TRAFFIC SIGNAL,NONE DETECTED,NONE DETECTED,364A0FD6-6D32-41F9-99F6-CAFA0E34BE14,BICYCLIST,Cross/Enter at Intersection,NO IMPROPER ACTIONS,ON ROADWAY AT CROSSWALK,No,NO APPARENT INJURY,N/A,38.97706799,-77.09062457,"(38.97706799, -77.09062457)"
MCP1563001J,15043293,MONTGOMERY,Injury Crash,08/28/2015 08:31:00 PM,,,,parking lot of 9601 Cedar Ln,,BICYCLIST,OTHER,CLEAR,,DARK LIGHTS ON,N/A,NONE DETECTED,NONE DETECTED,D5E49F9C-070C-4F83-B617-3DFC364AD8B0,BICYCLIST,Other,UNKNOWN,N/A,Unknown,SUSPECTED MINOR INJURY,MC/BIKE HELMET,39.01379167,-77.08903167,"(39.01379167, -77.08903167)"
MCP2767000L,15003795,Montgomery County Police,Injury Crash,01/23/2015 05:30:00 PM,County,AMHERST AVE,BLUERIDGE AVE,,N/A,PEDESTRIAN,SINGLE VEHICLE,SLEET,WET,DARK LIGHTS ON,YIELD SIGN,NONE DETECTED,NONE DETECTED,384DE869-2028-4682-B18A-DCB2E130AE4A,PEDESTRIAN,Cross/Enter at Intersection,DART DASH,AT INTERSECTION MARKED CROSSWALK,,SUSPECTED SERIOUS INJURY,N/A,39.04335333,-77.047845,"(39.04335333, -77.047845)"
MCP2192003M,200034762,Montgomery County Police,Injury Crash,09/05/2020 06:15:00 AM,Maryland (State),GEORGIA AVE,OLNEY SANDY SPRING RD,,N/A,PEDESTRIAN,OTHER,N/A,DRY,DARK LIGHTS ON,N/A,UNKNOWN,N/A,494C65FD-7CA3-4707-AC14-84795D07DAEA,PEDESTRIAN,Cross/Enter not at Intersection,NO IMPROPER ACTIONS,ON ROADWAY NOT AT CROSSWALK,No,SUSPECTED MINOR INJURY,N/A,39.1536124,-77.06752065,"(39.1536124, -77.06752065)"
MCP2966005K,200004681,Montgomery County Police,Injury Crash,01/28/2020 06:00:00 PM,County,WISTERIA DR,WARING STATION RD,,N/A,PEDESTRIAN,OTHER,CLEAR,N/A,DUSK,NO CONTROLS,NONE DETECTED,N/A,A3624EFC-6250-4153-AE04-1AB871F971BC,PEDESTRIAN,Standing,INATTENTIVE,CURB,Unknown,POSSIBLE INJURY,NONE,39.16219554,-77.2508941,"(39.16219554, -77.2508941)"
MCP2766004Z,190036594,Montgomery County Police,Injury Crash,07/31/2019 09:35:00 AM,,,,PARKING LOT OF 3323 BEAVERWOOD LA,,PEDESTRIAN,SINGLE VEHICLE,CLEAR,,DARK NO LIGHTS,N/A,NONE DETECTED,NONE DETECTED,192C8072-CB2B-47D7-9005-426D860CD9CF,PEDESTRIAN,Other,NOT VISIBLE,OTHER,Yes,POSSIBLE INJURY,NONE,39.08741388,-77.06588645,"(39.08741388, -77.06588645)"