Report Number,Local Case Number,Agency Name,ACRS Report Type,Crash Date/Time,Route Type,Road Name,Cross-Street Name,Off-Road Description,Municipality,Related Non-Motorist,Collision Type,Weather,Surface Condition,Light,Traffic Control,Driver Substance Abuse,Non-Motorist Substance Abuse,Person ID,Pedestrian Type,Pedestrian Movement,Pedestrian Actions,Pedestrian Location,At Fault,Injury Severity,Safety Equipment,Latitude,Longitude,Location
MCP25630023,250016562,MONTGOMERY,Fatal Crash,04/16/2025 12:48:00 PM,,,,Parking Aisle        PARKING LOT OF 515 DOVER RD,,Pedestrian,Other,Clear,,Daylight,,"Not Suspect of Alcohol Use, Not Suspect of Drug Use","Not Suspect of Alcohol Use, Not Suspect of Drug Use",2267B18C-99B8-48AE-BF19-98CFCA30FE0F,Pedestrian,Standing,None (No Improper Action),Other,No,Fatal Injury,None,39.096795,-77.1421295,"(39.096795, -77.1421295)"
MCP1233004X,220049708,Montgomery County Police,Injury Crash,11/10/2022 05:04:00 PM,County,JONES MILL RD,WOODHOLLOW DR,,N/A,BICYCLIST,SAME DIRECTION LEFT TURN,CLOUDY,DRY,DARK NO LIGHTS,NO CONTROLS,NONE DETECTED,NONE DETECTED,DC76EE71-165D-48E1-A4E3-AE76958BE667,BICYCLIST,Other,IMPROPER PASSING,ON ROADWAY NOT AT CROSSWALK,Yes,SUSPECTED MINOR INJURY,MC/BIKE HELMET,39.00559333,-77.06322833,"(39.00559333, -77.06322833)"
DD56630025,250028444,ROCKVILLE,Injury Crash,06/26/2025 07:28:00 AM,Municipality Route,TOWER OAKS BLVD,,,,Cyclist (non-electric),Single Vehicle,Clear,Dry,Daylight,No Controls,"Not Suspect of Alcohol Use, Not Suspect of Drug Use","Not Suspect of Alcohol Use, Not Suspect of Drug Use",EFC78771-A2A8-43F2-AEFF-85DB0D185776,Cyclist (non-electric),Walking/Cycling Along Roadway With Traffic (In or Adjacent to Travel Lane),None (No Improper Action),OnStreet Buffered Bike Lanes,No,Possible Injury,Helmet,39.0568583,-77.1503252,"(39.0568583, -77.1503252)"
MCP30380053,210020082,Montgomery County Police,Injury Crash,05/27/2021 03:23:00 PM,County,FENTON ST,WAYNE AVE,,N/A,PEDESTRIAN,OTHER,CLEAR,DRY,DAYLIGHT,TRAFFIC SIGNAL,N/A,NONE DETECTED,985C0FA5-9AC3-4F4D-99CC-A530FA31CD23,PEDESTRIAN,Cross/Enter at Intersection,NO IMPROPER ACTIONS,ON ROADWAY AT CROSSWALK,No,SUSPECTED MINOR INJURY,N/A,38.99552664,-77.02445613,"(38.99552664, -77.02445613)"
DD5603004L,170532638,Rockville Police Departme,Injury Crash,09/23/2017 10:45:00 AM,Municipality,WOOTTON PKWY,FALLS RD,,N/A,PEDESTRIAN,OTHER,CLEAR,DRY,DAYLIGHT,TRAFFIC SIGNAL,NONE DETECTED,NONE DETECTED,DCA187D2-6CD0-4C67-96B1-1BC56FF2984A,PEDESTRIAN,Cross/Enter at Intersection,NO IMPROPER ACTIONS,ON ROADWAY AT CROSSWALK,No,SUSPECTED MINOR INJURY,REFLECTIVE CLOTHING,39.06992673,-77.169967,"(39.06992673, -77.169967)"
MCP2556004N,230007596,Montgomery County Police,Injury Crash,02/14/2023 08:36:00 PM,Municipality,S SUMMIT AVE,E DIAMOND AVE,,GAITHERSBURG,PEDESTRIAN,STRAIGHT MOVEMENT ANGLE,CLEAR,DRY,DARK LIGHTS ON,TRAFFIC SIGNAL,NONE DETECTED,ALCOHOL PRESENT,3B2C0893-73D3-4720-8D03-4EF3C47C41A0,PEDESTRIAN,Cross/Enter at Intersection,FAILURE TO OBEY TRAFFIC SIGNS SIGNALS OR OFFICER,AT INTERSECTION BUT NO CROSSWALK,Yes,POSSIBLE INJURY,N/A,39.14194667,-77.19340167,"(39.14194667, -77.19340167)"
MCP3112002Z,190039192,Montgomery County Police,Injury Crash,08/16/2019 05:54:00 PM,Maryland (State),WISCONSIN AVE,MIDDLETON LA,,N/A,PEDESTRIAN,OTHER,N/A,DRY,DAYLIGHT,NO CONTROLS,NONE DETECTED,NONE DETECTED,FA7EDD0F-F3B0-40A1-B656-2E6B78FD6463,PEDESTRIAN,Cross/Enter at Intersection,NO IMPROPER ACTIONS,ON ROADWAY AT CROSSWALK,No,SUSPECTED SERIOUS INJURY,N/A,38.98683767,-77.09462283,"(38.98683767, -77.09462283)"
MCP2159002H,240045306,MONTGOMERY,Injury Crash,09/23/2024 07:43:00 AM,County Route,YELLOWWOOD DR,,,,Occupant of Motor Vehicle Not in Transport,Single Vehicle,Cloudy,Dry,Daylight,No Controls,"Not Suspect of Alcohol Use, Not Suspect of Drug Use","Not Suspect of Alcohol Use, Not Suspect of Drug Use",D238A28E-C1DC-4A07-B3F2-26503E30C710,Occupant of Motor Vehicle Not in Transport,Getting Off/On Vehicle,Entering/Exiting Parked/Standing Vehicle,Shoulder/Roadside,Yes,Suspected Minor Injury,"Reflective Wear (backpack, triangles, etc.)",39.23429696,-77.23952041,"(39.23429696, -77.23952041)"
MCP2597001D,15014325,Montgomery County Police,Injury Crash,03/28/2015 08:20:00 PM,US (State),COLESVILLE RD,FENTON ST,,N/A,PEDESTRIAN,STRAIGHT MOVEMENT ANGLE,CLEAR,DRY,DARK LIGHTS ON,NO CONTROLS,NONE DETECTED,ALCOHOL PRESENT,A8BD8F2B-4B69-4CAD-9FDA-49DB8570354F,PEDESTRIAN,Cross/Enter not at Intersection,IN ROADWAY IMPROPERLY,ON ROADWAY NOT AT CROSSWALK,,SUSPECTED MINOR INJURY,NONE,38.99732434,-77.02731371,"(38.99732434, -77.02731371)"
MCP2588002W,170519407,Montgomery County Police,Property Damage Crash,07/16/2017 01:15:00 PM,County,RUSSETT RD,BAUER DR,,N/A,BICYCLIST,OTHER,CLEAR,DRY,DAYLIGHT,STOP SIGN,NONE DETECTED,NONE DETECTED,CF5AF66F-5316-442F-994E-4ECF7BBD4596,BICYCLIST,Cross/Enter at Intersection,FAILURE TO YIELD RIGHT OF WAY,ON ROADWAY AT CROSSWALK,Yes,NO APPARENT INJURY,NONE,39.05841167,-77.04803833,"(39.05841167, -77.04803833)"
MCP30000014,16043707,Montgomery County Police,Injury Crash,08/27/2016 05:28:00 PM,,,,"PARKING LOT OF 19700 N FREDERICK ROAD, GERMANTOWN, MARYLAND 20874",,BICYCLIST,STRAIGHT MOVEMENT ANGLE,CLEAR,,DAYLIGHT,STOP SIGN,NONE DETECTED,NONE DETECTED,8E0FD06A-8F3F-4138-A101-4B97936C719D,BICYCLIST,Cross/Enter at Intersection,INATTENTIVE,ON ROADWAY AT CROSSWALK,Yes,SUSPECTED SERIOUS INJURY,NONE,39.17861167,-77.23893167,"(39.17861167, -77.23893167)"
MCP9419003X,220049126,Montgomery County Police,Injury Crash,11/07/2022 02:36:00 PM,Maryland (State),HUNGERFORD DR,FREDERICK AVE #2,,ROCKVILLE,PEDESTRIAN,OTHER,CLEAR,DRY,DAYLIGHT,TRAFFIC SIGNAL,NONE DETECTED,NONE DETECTED,C26F947A-D243-45DC-9536-5F5267044ED4,PEDESTRIAN,Cross/Enter at Intersection,NO IMPROPER ACTIONS,ON ROADWAY AT CROSSWALK,No,SUSPECTED MINOR INJURY,NONE,39.09434167,-77.15334167,"(39.09434167, -77.15334167)"
DD56120035,220053012,Rockville Police Departme,Injury Crash,12/01/2022 12:13:00 PM,Maryland (State),E JEFFERSON ST,MARYLAND AVE,,ROCKVILLE,PEDESTRIAN,SINGLE VEHICLE,CLEAR,DRY,DAYLIGHT,TRAFFIC SIGNAL,NONE DETECTED,NONE DETECTED,203FE24F-E86C-4F1F-99F1-CE6C2F4AB793,PEDESTRIAN,Cross/Enter at Intersection,NO IMPROPER ACTIONS,ON ROADWAY AT CROSSWALK,No,POSSIBLE INJURY,NONE,39.08273505,-77.15121389,"(39.08273505, -77.15121389)"
MCP1174004J,200031668,Montgomery County Police,Injury Crash,08/14/2020 11:11:00 AM,,,,PARKING LOT OF 2015 EAST WEST HWY.,,PEDESTRIAN,SINGLE VEHICLE,CLEAR,,DAYLIGHT,N/A,,NONE DETECTED,8519E1A8-E780-47C0-9B49-C03CC83E73B5,PEDESTRIAN,Getting off/on Vehicle,ENTERING EXITING PARKED STANDING VEHICLE,OTHER,Yes,SUSPECTED MINOR INJURY,N/A,38.99509287,-77.04511842,"(38.99509287, -77.04511842)"
MCP3010008K,230049242,Montgomery County Police,Injury Crash,08/13/2023 12:07:00 PM,,,,PARKING LOT OF 4860 BOILING BROOK PKWY,,BICYCLIST,STRAIGHT MOVEMENT ANGLE,CLEAR,,DAYLIGHT,NO CONTROLS,N/A,N/A,19E2FCBE-B374-48A1-8B01-B631EE5765B1,BICYCLIST,Cross/Enter at Intersection,NO IMPROPER ACTIONS,OTHER,No,NO APPARENT INJURY,MC/BIKE HELMET,39.04679333,-77.099845,"(39.04679333, -77.099845)"
MCP0251000T,15061391,MONTGOMERY,Injury Crash,12/01/2015 11:00:00 AM,,,,"parking lot of 951 N. Frederick Rd. Gaithersburg,  Md. 20879",,PEDESTRIAN,SINGLE VEHICLE,UNKNOWN,,DAYLIGHT,N/A,UNKNOWN,UNKNOWN,BD53182E-F203-48A7-8CFA-5DE6D71820BD,PEDESTRIAN,Standing,NO IMPROPER ACTIONS,OTHER,No,POSSIBLE INJURY,NONE,39.155988,-77.215948,"(39.155988, -77.215948)"
MCP3141001J,190052601,Montgomery County Police,Injury Crash,10/31/2019 06:00:00 PM,County,13TH ST,GEORGIA AVE,,N/A,MACHINE OPERATOR/RIDER,STRAIGHT MOVEMENT ANGLE,N/A,DRY,UNKNOWN,NO CONTROLS,UNKNOWN,UNKNOWN,BA4D7D7C-DCDC-48FB-BD09-6CB44DC0A145,MACHINE OPERATOR/RIDER,Other,UNKNOWN,SIDEWALK,Unknown,SUSPECTED MINOR INJURY,NONE,38.98718952,-77.02727766,"(38.98718952, -77.02727766)"
MCP21590017,230052658,Montgomery County Police,Injury Crash,09/01/2023 03:23:00 PM,,,,"P-LOT OF 12988 MIDDLEBROOK RD GERMANTOWN, MD 20874",,PEDESTRIAN,OTHER,CLEAR,,DAYLIGHT,N/A,NONE DETECTED,NONE DETECTED,499BD280-B3F6-4554-9504-D795C3400FC5,PEDESTRIAN,Other,DART DASH,OTHER,Yes,SUSPECTED MINOR INJURY,NONE,39.18098967,-77.2701215,"(39.18098967, -77.2701215)"
MCP1465005S,220025349,Montgomery County Police,Injury Crash,06/13/2022 11:01:00 AM,County,NORWOOD RD,ATTLEBORO RD,,N/A,PEDESTRIAN,SINGLE VEHICLE,CLEAR,DRY,DAYLIGHT,OTHER,NONE DETECTED,NONE DETECTED,65CFE011-284E-41AB-9F6A-162EBD498663,PEDESTRIAN,Other Working,NO IMPROPER ACTIONS,OTHER,No,SUSPECTED MINOR INJURY,N/A,39.11543667,-77.01710667,"(39.11543667, -77.01710667)"
MCP15950005,15011709,Montgomery County Police,Injury Crash,03/14/2015 12:34:00 AM,Maryland (State),GEORGIA AVE,ENNALLS AVE,,N/A,PEDESTRIAN,SINGLE VEHICLE,RAINING,WET,DARK LIGHTS ON,NO CONTROLS,NONE DETECTED,UNKNOWN,15AC7B49-4BA4-4FF6-94B9-9CB234FBB13D,PEDESTRIAN,Cross/Enter not at Intersection,UNKNOWN,ON ROADWAY NOT AT CROSSWALK,,SUSPECTED SERIOUS INJURY,NONE,39.04081129,-77.05160379,"(39.04081129, -77.05160379)"
DM8463000L,180009268,Takoma Park Police Depart,Injury Crash,02/22/2018 03:18:00 PM,,,,"PARKING LOT OF 6300 NEW HAMPSHIRE AVE, TAKOMA PARK, MD 20912",,PEDESTRIAN,SINGLE VEHICLE,RAINING,,DAYLIGHT,N/A,UNKNOWN,N/A,25AC5FF6-7020-4665-B6E0-1589CEBCE5FD,PEDESTRIAN,Standing,OTHER,OTHER,No,SUSPECTED SERIOUS INJURY,N/A,38.96627446,-77.00259447,"(38.96627446, -77.00259447)"
EJ78890025,220014084,Gaithersburg Police Depar,Injury Crash,04/02/2022 06:40:00 PM,Municipality,CENTER POINT WAY,MARKET ST E,,GAITHERSBURG,PEDESTRIAN,OTHER,N/A,DRY,DUSK,NO CONTROLS,UNKNOWN,NONE DETECTED,FB6B06D9-2DBE-4EED-9F4B-FC74C89C481D,PEDESTRIAN,Standing,NO IMPROPER ACTIONS,OTHER,No,POSSIBLE INJURY,NONE,39.12182466,-77.23451514,"(39.12182466, -77.23451514)"
MCP3054000Y,170545428,Montgomery County Police,Injury Crash,11/28/2017 05:29:00 PM,County,REDLAND RD,SOMERVILLE DR,,N/A,PEDESTRIAN,SINGLE VEHICLE,CLEAR,DRY,DARK LIGHTS ON,TRAFFIC SIGNAL,NONE DETECTED,NONE DETECTED,0787032A-0216-4282-BE86-A0B5C7A6F7FE,PEDESTRIAN,Cross/Enter at Intersection,UNKNOWN,AT INTERSECTION MARKED CROSSWALK,Unknown,POSSIBLE INJURY,NONE,39.11684333,-77.16529667,"(39.11684333, -77.16529667)"
MCP3208005L,240026690,MONTGOMERY,Injury Crash,06/05/2024 05:13:00 AM,Maryland (State) Route,,,,,Pedestrian,Single Vehicle,Clear,Dry,Dark - Lighted,Pedestrian Crossing,"Unknown, Unknown","Not Suspect of Alcohol Use, Not Suspect of Drug Use",B307A39E-4470-4B94-A934-850FECA691E2,Pedestrian,Cross/Enter at Intersection,None (No Improper Action),Intersection Marked Crosswalk,No,Suspected Minor Injury,None,38.99282056,-77.03154602,"(38.99282056, -77.03154602)"
MCP28910022,16012593,MONTGOMERY,Injury Crash,03/14/2016 01:24:00 PM,,,,"PARKING LOT OF 1939 SEMINARY RD, SILVER SPRING, MD 20910",,PEDESTRIAN,SINGLE VEHICLE,CLEAR,,DAYLIGHT,N/A,NONE DETECTED,NONE DETECTED,06A91E98-553E-4571-92EF-B15540BC355C,PEDESTRIAN,Getting off/on Vehicle,NO IMPROPER ACTIONS,OTHER,No,POSSIBLE INJURY,N/A,39.00904269,-77.04148382,"(39.00904269, -77.04148382)"
MCP2361001L,200008760,Montgomery County Police,Injury Crash,02/21/2020 07:24:00 PM,County,CONTOUR RD,TUNSTALL DR,,N/A,PEDESTRIAN,OTHER,CLEAR,DRY,DARK LIGHTS ON,OTHER,NONE DETECTED,NONE DETECTED,E880E5B0-AE5F-4D08-9563-1C32D9BDD312,PEDESTRIAN,Cross/Enter at Intersection,NO IMPROPER ACTIONS,AT INTERSECTION MARKED CROSSWALK,No,SUSPECTED MINOR INJURY,NONE,39.15419667,-77.196725,"(39.15419667, -77.196725)"
MCP9366000N,16055445,Montgomery County Police,Injury Crash,10/28/2016 02:35:00 AM,Maryland (State),GEORGIA AVE,EMORY CHURCH RD,,N/A,PEDESTRIAN,SAME DIR REAR END,CLEAR,WET,DARK LIGHTS ON,N/A,ALCOHOL PRESENT,NONE DETECTED,443B5E67-CF52-435D-B8F2-86FC80A9C561,PEDESTRIAN,Standing,NO IMPROPER ACTIONS,CURB,No,SUSPECTED MINOR INJURY,NONE,39.13212667,-77.07039667,"(39.13212667, -77.07039667)"
MCP2395002F,230024407,Montgomery County Police,Injury Crash,05/21/2023 08:50:00 PM,County,DARNESTOWN RD,YEARLING DR,,N/A,PEDESTRIAN,SINGLE VEHICLE,CLEAR,DRY,DARK -- UNKNOWN LIGHTING,NO CONTROLS,NONE DETECTED,NONE DETECTED,208CCDB8-4C30-4F78-8797-CC31CB033644,PEDESTRIAN,Cross/Enter not at Intersection,IN ROADWAY IMPROPERLY,ON ROADWAY NOT AT CROSSWALK,Yes,SUSPECTED MINOR INJURY,NONE,39.09914367,-77.21122667,"(39.09914367, -77.21122667)"
DD56230023,190042665,Rockville Police Departme,Injury Crash,09/05/2019 11:35:00 PM,,,,PARKING LOT OF 888 ROCKVILLE PIKE,,PEDESTRIAN,OTHER,CLEAR,,DARK LIGHTS ON,N/A,UNKNOWN,NONE DETECTED,F9A3DE05-76AE-492E-8C61-62A6981B8BAB,PEDESTRIAN,Standing,NO IMPROPER ACTIONS,OTHER,No,POSSIBLE INJURY,N/A,39.07493983,-77.13598367,"(39.07493983, -77.13598367)"
MCP271700FB,170549278,Montgomery County Police,Injury Crash,12/18/2017 01:00:00 PM,County,JONES BRIDGE RD,GLENBROOK PKWY,,N/A,PEDESTRIAN,OTHER,CLEAR,DRY,DAYLIGHT,TRAFFIC SIGNAL,NONE DETECTED,NONE DETECTED,8448EBC1-B649-4441-91D0-6DFED6E0F30B,PEDESTRIAN,Cross/Enter at Intersection,UNKNOWN,ON ROADWAY AT CROSSWALK,Unknown,SUSPECTED MINOR INJURY,NONE,38.99687533,-77.093677,"(38.99687533, -77.093677)"
DD5605004K,170543975,Rockville Police Departme,Property Damage Crash,11/20/2017 07:30:00 PM,,,,"PARKING LOT OF 1902 VEIRS MILL RD, ROCKVILLE, MD, 20851",,BICYCLIST,OTHER,CLEAR,,DARK NO LIGHTS,NO CONTROLS,NONE DETECTED,NONE DETECTED,F1C922B5-D209-4706-B75E-1769BECD3ECC,BICYCLIST,Walking/Riding w/Traffic,UNKNOWN,AT INTERSECTION BUT NO CROSSWALK,Unknown,NO APPARENT INJURY,NONE,39.07588667,-77.11704167,"(39.07588667, -77.11704167)"
MCP3161000J,180052192,Montgomery County Police,Injury Crash,10/18/2018 01:28:00 PM,Maryland (State),OLD GEORGETOWN RD,TILDEN LA,,N/A,BICYCLIST,STRAIGHT MOVEMENT ANGLE,CLEAR,DRY,DAYLIGHT,TRAFFIC SIGNAL,NONE DETECTED,NONE DETECTED,6AA9F48C-CE12-41F9-B8D9-B523045B4C05,BICYCLIST,Unknown,UNKNOWN,ON ROADWAY AT CROSSWALK,Yes,SUSPECTED MINOR INJURY,NONE,39.04475341,-77.12065004,"(39.04475341, -77.12065004)"
DD5630001D,190022958,Rockville Police Departme,Injury Crash,05/15/2019 04:35:00 PM,County,HALPINE RD,PIER DR,,N/A,PEDESTRIAN,OTHER,CLEAR,DRY,DAYLIGHT,NO CONTROLS,NONE DETECTED,NONE DETECTED,7B495280-DE72-491A-A09A-9C81AA2C05D2,PEDESTRIAN,Cross/Enter at Intersection,NO IMPROPER ACTIONS,AT INTERSECTION BUT NO CROSSWALK,No,SUSPECTED MINOR INJURY,NONE,39.0663,-77.11594833,"(39.0663, -77.11594833)"
MCP11210033,170538396,Montgomery County Police,Injury Crash,10/23/2017 07:04:00 PM,County,SNOUFFERS SCHOOL RD,WOODFIELD RD,,N/A,PEDESTRIAN,SINGLE VEHICLE,CLOUDY,DRY,DARK NO LIGHTS,NO CONTROLS,NONE DETECTED,UNKNOWN,EDAF6FDE-4F16-49CB-AB46-5D344A68E200,PEDESTRIAN,Cross/Enter not at Intersection,IN ROADWAY IMPROPERLY,ON ROADWAY NOT AT CROSSWALK,Yes,POSSIBLE INJURY,NONE,39.16079333,-77.16329,"(39.16079333, -77.16329)"
MCP1580009X,180063772,Montgomery County Police,Injury Crash,12/21/2018 12:02:00 PM,Maryland (State),MIDCOUNTY HWY,SPUR TO SAYBROOKE OAKS BLVD,,N/A,OTHER,HEAD ON LEFT TURN,CLOUDY,DRY,DAYLIGHT,TRAFFIC SIGNAL,NONE DETECTED,NONE DETECTED,8543F13E-F9DE-4D74-B3EA-35C25AE98C60,OTHER,Other Working,NO IMPROPER ACTIONS,OTHER,No,SUSPECTED SERIOUS INJURY,N/A,39.15054,-77.17428333,"(39.15054, -77.17428333)"
MCP26890033,170505880,Montgomery County Police,Injury Crash,05/04/2017 01:24:00 PM,County,E JEFFERSON ST,ENT TO FEDERAL PLAZA SC,,N/A,OTHER CONVEYANCE,STRAIGHT MOVEMENT ANGLE,CLEAR,DRY,DAYLIGHT,NO CONTROLS,NONE DETECTED,NONE DETECTED,11CF6C28-F81E-4FA7-A012-C07343FB7F16,OTHER CONVEYANCE,Cross/Enter at Intersection,NO IMPROPER ACTIONS,OTHER,No,POSSIBLE INJURY,NONE,39.05785451,-77.12624967,"(39.05785451, -77.12624967)"
MCP3082000J,170531762,Montgomery County Police,Injury Crash,09/20/2017 01:06:00 PM,,,,FRONT OF HOSPITAL ROAUNDABOUT,,PEDESTRIAN,SINGLE VEHICLE,CLEAR,,DAYLIGHT,NO CONTROLS,N/A,N/A,DBE1F78E-B2BC-418D-A7CB-AB5043AC358B,PEDESTRIAN,Standing,NO IMPROPER ACTIONS,OTHER,No,SUSPECTED MINOR INJURY,N/A,39.01526584,-77.03566074,"(39.01526584, -77.03566074)"
MCP27540018,170505519,Montgomery County Police,Injury Crash,05/02/2017 06:21:00 PM,Maryland (State),PINEY BRANCH RD,ENT TO APTS,,N/A,PEDESTRIAN,OTHER,OTHER,DRY,DAYLIGHT,N/A,NONE DETECTED,NONE DETECTED,7D6453BD-3DE3-45A9-A6FB-9C9E46617A1C,PEDESTRIAN,Walking/Cycling on Sidewalk,N/A,SIDEWALK,No,POSSIBLE INJURY,N/A,38.99862667,-77.00000667,"(38.99862667, -77.00000667)"
MCP2968004F,220027586,Montgomery County Police,Injury Crash,06/27/2022 08:47:00 AM,County,LINCOLNSHIRE DR,FALLS CHAPEL WAY,,N/A,PEDESTRIAN,OTHER,CLEAR,DRY,DAYLIGHT,N/A,N/A,N/A,62ABED7D-4ADA-4488-B4E1-AAF2E7314B98,PEDESTRIAN,Other Working,NO IMPROPER ACTIONS,OTHER,No,NO APPARENT INJURY,REFLECTIVE CLOTHING,39.063115,-77.18202833,"(39.063115, -77.18202833)"
MCP27880018,170536709,Montgomery County Police,Injury Crash,10/17/2017 11:23:00 PM,Maryland (State),GEORGIA AVE,UNIVERSITY BLVD W,,N/A,BICYCLIST,SAME DIRECTION RIGHT TURN,CLEAR,DRY,DARK LIGHTS ON,NO CONTROLS,UNKNOWN,NONE DETECTED,1C49A5D9-5810-4E45-9BD2-D566EA5BF6A1,BICYCLIST,Walking/Riding w/Traffic,UNKNOWN,SHOULDER,No,SUSPECTED MINOR INJURY,N/A,39.04193729,-77.05223545,"(39.04193729, -77.05223545)"
EJ7875000L,190029922,Gaithersburg Police Depar,Injury Crash,06/22/2019 10:26:00 PM,Municipality,ODENDHAL AVE,RUSSELL AVE,,GAITHERSBURG,BICYCLIST,ANGLE MEETS LEFT TURN,CLEAR,DRY,DARK LIGHTS ON,TRAFFIC SIGNAL,N/A,N/A,99F3559B-3E9F-4818-B92C-078B08B43EC9,BICYCLIST,Cross/Enter at Intersection,INATTENTIVE,ON ROADWAY NOT AT CROSSWALK,Yes,POSSIBLE INJURY,NONE,39.15061333,-77.2037,"(39.15061333, -77.2037)"
MCP29820047,210039034,Montgomery County Police,Property Damage Crash,10/01/2021 06:37:00 PM,County,FRANKLIN AVE,CAROLINE AVE,,N/A,OTHER PEDALCYCLIST,OTHER,N/A,DRY,DAYLIGHT,NO CONTROLS,NONE DETECTED,NONE DETECTED,A49819AC-BBDA-439C-90C1-7CAFAB05E367,OTHER PEDALCYCLIST,Cross/Enter at Intersection,FAILURE TO YIELD RIGHT OF WAY,AT INTERSECTION BUT NO CROSSWALK,Yes,NO APPARENT INJURY,UNKNOWN,39.00936912,-77.01271447,"(39.00936912, -77.01271447)"
MCP2968002Z,190019026,Montgomery County Police,Injury Crash,04/23/2019 02:43:00 PM,County,DUFIEF MILL RD,AMBERLEA FARM DR,,N/A,BICYCLIST,OTHER,CLEAR,DRY,DAYLIGHT,N/A,N/A,N/A,33C6D0E0-B8A2-4B95-80B6-5A57CD41F713,BICYCLIST,Walking/Riding w/Traffic,NO IMPROPER ACTIONS,ON ROADWAY NOT AT CROSSWALK,No,SUSPECTED MINOR INJURY,MC/BIKE HELMET,39.08873833,-77.235815,"(39.08873833, -77.235815)"
MCP2378000P,16041783,Montgomery County Police,Property Damage Crash,08/17/2016 05:23:00 PM,Municipality,DORSET AVE,WARWICK PL,,SOMERSET,BICYCLIST,HEAD ON LEFT TURN,CLEAR,DRY,DAYLIGHT,STOP SIGN,NONE DETECTED,NONE DETECTED,BB349278-7CA9-4DC8-A632-1FE317B6C6FA,BICYCLIST,Walking/Riding w/Traffic,FAILURE TO YIELD RIGHT OF WAY,AT INTERSECTION MARKED CROSSWALK,Yes,NO APPARENT INJURY,NONE,38.96773219,-77.09322497,"(38.96773219, -77.09322497)"
EJ7866009J,200048190,Gaithersburg Police Depar,Injury Crash,12/07/2020 12:08:00 PM,Municipality,RUSSELL AVE,MARYLAND AVE,,GAITHERSBURG,PEDESTRIAN,OTHER,CLEAR,DRY,DAYLIGHT,STOP SIGN,NONE DETECTED,NONE DETECTED,02037026-53B2-440B-899C-EC17C8546201,PEDESTRIAN,Cross/Enter at Intersection,NO IMPROPER ACTIONS,ON ROADWAY AT CROSSWALK,No,POSSIBLE INJURY,NONE,39.14851765,-77.19946173,"(39.14851765, -77.19946173)"
DM8338000Y,170540342,Takoma Park Police Depart,Injury Crash,11/01/2017 11:12:00 PM,Maryland (State),CARROLL AVE,PARK AVE,,TAKOMA PARK,OTHER,SINGLE VEHICLE,CLEAR,DRY,DARK LIGHTS ON,NO CONTROLS,ALCOHOL PRESENT,N/A,A6D178E4-EBD3-4156-8C72-7E734A54BFCF,OTHER,N/A,N/A,INSIDE BUILDING,No,NO APPARENT INJURY,N/A,38.97597119,-77.0089674,"(38.97597119, -77.0089674)"
MCP3272001L,220037313,Montgomery County Police,Injury Crash,08/29/2022 10:30:00 AM,County,CRESTHAVEN DR,ROYAL RD,,N/A,PEDESTRIAN,HEAD ON,CLEAR,DRY,DAYLIGHT,NO CONTROLS,NONE DETECTED,NONE DETECTED,D0751F5A-7C8C-4B5D-A76D-991ED8084E19,PEDESTRIAN,Other Working,NO IMPROPER ACTIONS,OTHER,No,SUSPECTED MINOR INJURY,NONE,39.0275,-76.98692,"(39.0275, -76.98692)"
MCP1251000W,16037313,Montgomery County Police,Injury Crash,07/23/2016 02:01:00 PM,County,FALLS RD,RIVER RD,,N/A,PEDESTRIAN,OTHER,CLEAR,DRY,DAYLIGHT,TRAFFIC SIGNAL,NONE DETECTED,NONE DETECTED,A1E873E0-59B9-4653-9A30-9A913AE5767E,PEDESTRIAN,Cross/Enter at Intersection,N/A,ON ROADWAY AT CROSSWALK,No,SUSPECTED MINOR INJURY,NONE,39.01707667,-77.21024,"(39.01707667, -77.21024)"
MCP33480043,250007765,MONTGOMERY,Injury Crash,02/21/2025 07:03:00 PM,Maryland (State) Route,VEIRS MILL RD (WB/L),,,,Pedestrian,Single Vehicle,Clear,Dry,Dark - Lighted,No Controls,"Not Suspect of Alcohol Use, Not Suspect of Drug Use","Not Suspect of Alcohol Use, Not Suspect of Drug Use",FFF96761-F3B7-4063-AA14-5A3251085583,Pedestrian,Cross/Enter Not at Intersection,Unknown,Other,No,Suspected Minor Injury,None,39.05758155,-77.084915,"(39.05758155, -77.084915)"
MCP2702001F,16046989,Montgomery County Police,Property Damage Crash,09/13/2016 05:09:00 PM,County,FENTON ST,CAMERON ST,,N/A,PEDESTRIAN,OTHER,N/A,DRY,DAYLIGHT,TRAFFIC SIGNAL,UNKNOWN,NONE DETECTED,B0785F44-2969-4428-9991-D3487F430321,PEDESTRIAN,Cross/Enter at Intersection,UNKNOWN,ON ROADWAY AT CROSSWALK,No,NO APPARENT INJURY,N/A,38.99820167,-77.028855,"(38.99820167, -77.028855)"
MCP24560086,230070774,Montgomery County Police,Injury Crash,12/09/2023 01:00:00 PM,County,FLOWER AVE,ARLISS ST,,N/A,PEDESTRIAN,SINGLE VEHICLE,CLEAR,DRY,DAYLIGHT,NO CONTROLS,UNKNOWN,N/A,09AB9491-B9C6-4D42-A180-80C4095E969B,PEDESTRIAN,Cross/Enter not at Intersection,IN ROADWAY IMPROPERLY,ON ROADWAY NOT AT CROSSWALK,Yes,POSSIBLE INJURY,NONE,38.99923466,-77.00384109,"(38.99923466, -77.00384109)"
MCP913000BN,210016114,Montgomery County Police,Injury Crash,04/30/2021 01:25:00 PM,County,MANCHESTER RD,E WAYNE AVE,,N/A,PEDESTRIAN,SINGLE VEHICLE,CLEAR,DRY,DAYLIGHT,NO CONTROLS,NONE DETECTED,NONE DETECTED,1102BDA3-3452-403B-B86C-FD47F24DE22A,PEDESTRIAN,Cross/Enter at Intersection,NO IMPROPER ACTIONS,ON ROADWAY AT CROSSWALK,No,POSSIBLE INJURY,NONE,38.999742,-77.009792,"(38.999742, -77.009792)"