Report Number,Local Case Number,Agency Name,ACRS Report Type,Crash Date/Time,Route Type,Road Name,Cross-Street Name,Off-Road Description,Municipality,Related Non-Motorist,Collision Type,Weather,Surface Condition,Light,Traffic Control,Driver Substance Abuse,Non-Motorist Substance Abuse,Person ID,Pedestrian Type,Pedestrian Movement,Pedestrian Actions,Pedestrian Location,At Fault,Injury Severity,Safety Equipment,Latitude,Longitude,Location
MCP3263003V,230062734,Montgomery County Police,Injury Crash,10/26/2023 04:34:00 PM,,,,PARKING LOT OF 7142 ARLINGTON RD,,PEDESTRIAN,OTHER,CLEAR,,DAYLIGHT,NO CONTROLS,NONE DETECTED,NONE DETECTED,D2975EFE-F3A7-45F7-B217-32F3FAF67565,PEDESTRIAN,Other,NO IMPROPER ACTIONS,OTHER,No,SUSPECTED MINOR INJURY,NONE,38.98181883,-77.09904767,"(38.98181883, -77.09904767)"
MCP2347002D,190052227,Montgomery County Police,Injury Crash,10/30/2019 06:55:00 AM,County,E RANDOLPH RD,STRATFORD GARDEN DR,,N/A,PEDESTRIAN,OTHER,CLEAR,DRY,DUSK,NO CONTROLS,NONE DETECTED,NONE DETECTED,F2FE25C5-07DB-413A-AFE7-8CCB5197710D,PEDESTRIAN,Walking to/from school,INATTENTIVE,AT INTERSECTION BUT NO CROSSWALK,Yes,SUSPECTED MINOR INJURY,NONE,39.06496167,-76.97131167,"(39.06496167, -76.97131167)"
MCP1554003T,180063880,Montgomery County Police,Injury Crash,12/21/2018 06:26:00 PM,County,E GUDE DR,CALHOUN DR,,N/A,PEDESTRIAN,STRAIGHT MOVEMENT ANGLE,CLEAR,WET,DARK LIGHTS ON,FLASHING TRAFFIC SIGNAL,N/A,ALCOHOL PRESENT,0828B403-962B-4147-A100-7A4411B9EEFD,PEDESTRIAN,Cross/Enter not at Intersection,DART DASH,ON ROADWAY NOT AT CROSSWALK,Yes,SUSPECTED SERIOUS INJURY,N/A,39.10570667,-77.14493167,"(39.10570667, -77.14493167)"
MCP289200D0,220049701,Montgomery County Police,Injury Crash,11/10/2022 03:45:00 PM,,,,SIDEWALK ADJACENT TO THE 7-11 PARKING LOT,,PEDESTRIAN,SINGLE VEHICLE,CLEAR,,DAYLIGHT,N/A,NONE DETECTED,NONE DETECTED,16B4244D-15B3-4B6F-8DF2-34A753005E3A,PEDESTRIAN,Cross/Enter at Intersection,NO IMPROPER ACTIONS,SIDEWALK,No,POSSIBLE INJURY,NONE,39.02042767,-77.01280721,"(39.02042767, -77.01280721)"
MCP2693000M,15007335,Montgomery County Police,Injury Crash,02/13/2015 04:00:00 PM,Maryland (State),GEORGIA AVE,SHOREFIELD RD,,N/A,PEDESTRIAN,SINGLE VEHICLE,CLEAR,DRY,DAYLIGHT,TRAFFIC SIGNAL,NONE DETECTED,NONE DETECTED,F604F186-1174-4B6C-A983-2615956451A5,PEDESTRIAN,Cross/Enter at Intersection,NO IMPROPER ACTIONS,ON ROADWAY AT CROSSWALK,,SUSPECTED MINOR INJURY,N/A,39.05347833,-77.05083,"(39.05347833, -77.05083)"
MCP2910001S,15060915,MONTGOMERY,Injury Crash,11/29/2015 06:52:00 AM,US (State),GEORGIA AVE,WAYNE AVE,,N/A,PEDESTRIAN,OTHER,RAINING,WET,DARK LIGHTS ON,TRAFFIC SIGNAL,NONE DETECTED,ALCOHOL CONTRIBUTED,E9CBAB56-7B32-44D2-9C96-99476309D5E0,PEDESTRIAN,Cross/Enter at Intersection,FAILURE TO YIELD RIGHT OF WAY,ON ROADWAY NOT AT CROSSWALK,Yes,POSSIBLE INJURY,NONE,38.994665,-77.02704833,"(38.994665, -77.02704833)"
MCP1205004V,190003389,Montgomery County Police,Injury Crash,01/22/2019 02:49:00 PM,,,,DRIVEWAY OF 3810 EAST WEST HWY,,PEDESTRIAN,OTHER,CLEAR,,DAYLIGHT,NO CONTROLS,NONE DETECTED,NONE DETECTED,A8375E74-6B16-40E9-866C-148525116360,PEDESTRIAN,Other,OTHER,OTHER,Yes,SUSPECTED MINOR INJURY,NONE,38.99749333,-77.10967667,"(38.99749333, -77.10967667)"
MCP1378005P,15017307,Montgomery County Police,Injury Crash,04/14/2015 01:36:00 PM,County,SHADY GROVE RD,RAMP 1 FR IS 270 NB TO SHADY GROVE RD WB,,N/A,OTHER,SAME DIR REAR END,RAINING,WET,DAYLIGHT,TRAFFIC SIGNAL,NONE DETECTED,NONE DETECTED,0B3B09AE-3B20-41A9-904A-ABDDEED84412,OTHER,Standing,DISABLED VEHICLE RELATED,ON ROADWAY NOT AT CROSSWALK,,SUSPECTED SERIOUS INJURY,N/A,39.11166,-77.18718,"(39.11166, -77.18718)"
DD55200022,230029906,Rockville Police Departme,Injury Crash,06/22/2023 10:05:00 AM,Maryland (State),ROCKVILLE PIKE,ENT TO WOODMONT COUNTRY CLUB,,N/A,PEDESTRIAN,OTHER,RAINING,WET,DAYLIGHT,TRAFFIC SIGNAL,NONE DETECTED,NONE DETECTED,A2789456-1761-430F-841B-ABC4DF4EDD3A,PEDESTRIAN,Cross/Enter at Intersection,DART DASH,ON ROADWAY AT CROSSWALK,Yes,POSSIBLE INJURY,NONE,39.06943262,-77.13072958,"(39.06943262, -77.13072958)"
MCP29310036,180061594,Montgomery County Police,Injury Crash,12/09/2018 08:24:00 PM,,,,PARKING LOT OF 2210 VEIRS MILL RD,,PEDESTRIAN,N/A,CLEAR,,DARK NO LIGHTS,N/A,UNKNOWN,N/A,D8C135A1-3072-400F-BC4D-3375C2CE11F1,PEDESTRIAN,Other,IN ROADWAY IMPROPERLY,OTHER,Yes,POSSIBLE INJURY,N/A,39.07514162,-77.11436649,"(39.07514162, -77.11436649)"
MCP31990058,230020245,Montgomery County Police,Injury Crash,04/28/2023 05:32:00 AM,County,CONNECTICUT AVE,GEORGIA AVE,,N/A,PEDESTRIAN,SINGLE VEHICLE,RAINING,WET,DARK LIGHTS ON,TRAFFIC SIGNAL,NONE DETECTED,NONE DETECTED,F6837592-D1F3-406C-B7F1-D1497B9C81E6,PEDESTRIAN,Cross/Enter at Intersection,DART DASH,ON ROADWAY AT CROSSWALK,Yes,SUSPECTED MINOR INJURY,NONE,39.22816667,-77.428785,"(39.22816667, -77.428785)"
MCP3355001N,250015040,MONTGOMERY,Injury Crash,04/07/2025 07:34:00 AM,,,,Parking Lot Way        7-11 GAS PUMP,,Pedestrian,Single Vehicle,Rain,,Other,,"Not Suspect of Alcohol Use, Not Suspect of Drug Use","Not Suspect of Alcohol Use, Not Suspect of Drug Use",BDABC756-D33E-40F5-A0BD-24BCF39CFD48,Pedestrian,Standing,None (No Improper Action),NonTrafficway Area,No,Suspected Serious Injury,None,38.98618233,-77.0275905,"(38.98618233, -77.0275905)"
MCP3060000C,170526624,Montgomery County Police,Injury Crash,08/24/2017 02:51:00 PM,County,CLUB DR,CONNECTICUT AVE,,N/A,PEDESTRIAN,OTHER,CLEAR,DRY,DAYLIGHT,NO CONTROLS,N/A,N/A,202F601C-8DC3-4F2D-856D-F5A3DCE0B88D,PEDESTRIAN,Cross/Enter at Intersection,NO IMPROPER ACTIONS,ON ROADWAY AT CROSSWALK,No,SUSPECTED MINOR INJURY,NONE,38.988995,-77.077025,"(38.988995, -77.077025)"
MCP3119001L,190030451,Montgomery County Police,Injury Crash,06/26/2019 08:22:00 AM,County,LOCHAVEN DR,GOSHEN RD,,N/A,PEDESTRIAN,SINGLE VEHICLE,CLEAR,DRY,DAYLIGHT,N/A,NONE DETECTED,NONE DETECTED,E3DC8472-9CF4-4A92-ADEB-06F19474FA71,PEDESTRIAN,Walking/Riding against Traffic,NO IMPROPER ACTIONS,CURB,No,SUSPECTED MINOR INJURY,N/A,39.19784233,-77.18286417,"(39.19784233, -77.18286417)"
MCP3057000R,170546170,Montgomery County Police,Injury Crash,12/02/2017 06:01:00 AM,Maryland (State),GREAT SENECA HWY,MATENY RD,,N/A,BICYCLIST,STRAIGHT MOVEMENT ANGLE,N/A,DRY,DARK LIGHTS ON,N/A,N/A,NONE DETECTED,48F9CA99-CF13-4452-94FD-906C9E0426D6,BICYCLIST,Cross/Enter at Intersection,NO IMPROPER ACTIONS,AT INTERSECTION MARKED CROSSWALK,No,SUSPECTED MINOR INJURY,REFLECTIVE CLOTHING,39.18409833,-77.26336833,"(39.18409833, -77.26336833)"
MCP2504000G,15002621,Montgomery County Police,Injury Crash,01/16/2015 06:17:00 PM,County,TUCKERMAN LA,DURYEA DR,,N/A,PEDESTRIAN,SINGLE VEHICLE,CLOUDY,DRY,DARK LIGHTS ON,N/A,NONE DETECTED,NONE DETECTED,92E787A8-A90B-4CDB-8307-A15083A702A0,PEDESTRIAN,Cross/Enter not at Intersection,IN ROADWAY IMPROPERLY,ON ROADWAY NOT AT CROSSWALK,,SUSPECTED SERIOUS INJURY,NONE,39.04316833,-77.179015,"(39.04316833, -77.179015)"
MCP3093000J,180028856,Montgomery County Police,Injury Crash,06/11/2018 03:29:00 PM,Maryland (State),EAST WEST HWY,CAREY LA,,N/A,PEDESTRIAN,SINGLE VEHICLE,CLOUDY,DRY,DAYLIGHT,N/A,N/A,N/A,2082EF03-AD73-458C-A3FC-FDE7A43A3352,PEDESTRIAN,Cross/Enter not at Intersection,IN ROADWAY IMPROPERLY,ON ROADWAY NOT AT CROSSWALK,Yes,POSSIBLE INJURY,NONE,38.995275,-77.038705,"(38.995275, -77.038705)"
MCP235800C5,240002228,MONTGOMERY,Property Damage Crash,01/14/2024 12:01:00 PM,,,,"Parking Stall        WHOLE FOODS BUILDING 5269 RIVER ROAD BETHESDA, MD",,Unknown Type Of Non-Motorist,Single Vehicle,Clear,,Daylight,,"Not Suspect of Alcohol Use, Not Suspect of Drug Use","Not Suspect of Alcohol Use, Not Suspect of Drug Use",9C6245C6-602E-450C-B543-F661FFD58365,Unknown Type Of Non-Motorist,Other,"None (No Improper Action), Other",Other,No,No Apparent Injury,None,38.9657486,-77.104895,"(38.9657486, -77.104895)"
MCP235800DP,250020405,MONTGOMERY,Injury Crash,05/09/2025 06:49:00 AM,County Route,WESTBARD AVE,,,,Pedestrian,Single Vehicle,Rain,Wet,Daylight,Traffic Control Signal,"Not Suspect of Alcohol Use, Not Suspect of Drug Use","Not Suspect of Alcohol Use, Not Suspect of Drug Use",7D5B7E11-CFB0-4255-9D28-D6D4098E700A,Pedestrian,Cross/Enter at Intersection,None (No Improper Action),Intersection Marked Crosswalk,No,Suspected Minor Injury,None,38.96370034,-77.10657709,"(38.96370034, -77.10657709)"
MCP3220002R,220024808,Montgomery County Police,Injury Crash,06/09/2022 04:22:00 PM,,,,PARKING LOT OF 15 METROPOLITAN GROVE RD,,PEDESTRIAN,SAME DIR REAR END,CLEAR,,DAYLIGHT,NO CONTROLS,NONE DETECTED,NONE DETECTED,4A7B955C-3CEC-4411-9B1D-A42B4B6D8895,PEDESTRIAN,Standing,INATTENTIVE,ON ROADWAY NOT AT CROSSWALK,Yes,POSSIBLE INJURY,NONE,39.148023,-77.22563867,"(39.148023, -77.22563867)"
MCP27980040,180016957,Montgomery County Police,Injury Crash,04/08/2018 12:32:00 AM,Maryland (State),S FREDERICK RD,W DEER PARK RD,,GAITHERSBURG,PEDESTRIAN,OTHER,CLEAR,DRY,DARK LIGHTS ON,TRAFFIC SIGNAL,NONE DETECTED,NONE DETECTED,F523F66D-43BE-4449-AF8C-72EC485BF5E9,PEDESTRIAN,Cross/Enter not at Intersection,DART DASH,ON ROADWAY NOT AT CROSSWALK,Yes,POSSIBLE INJURY,NONE,39.132195,-77.18935333,"(39.132195, -77.18935333)"
DD5663001R,250001813,ROCKVILLE,Injury Crash,01/14/2025 11:45:00 AM,,,,"Parking Lot Way        CROSSWALK OF SHOPPING CENTER PARKING LOT (845 ROCKVILLE PIKE, ROCKVILLE, MD)",,Pedestrian,Single Vehicle,Clear,,Daylight,,"Not Suspect of Alcohol Use, Not Suspect of Drug Use","Not Suspect of Alcohol Use, Not Suspect of Drug Use",14511863-FCF5-485D-9CF7-49D3B46E9B62,Pedestrian,Cross/Enter Not at Intersection,None (No Improper Action),Other,No,Suspected Serious Injury,None,39.07407909,-77.13741119,"(39.07407909, -77.13741119)"
DD56470010,210026355,Rockville Police Departme,Injury Crash,07/09/2021 03:45:00 AM,Maryland (State),ROCKVILLE PIKE,SPUR TO MD 28,,N/A,PEDESTRIAN,OTHER,UNKNOWN,UNKNOWN,DARK NO LIGHTS,TRAFFIC SIGNAL,N/A,N/A,B4185304-6900-4964-B94A-0689FC1A8834,PEDESTRIAN,Cross/Enter at Intersection,UNKNOWN,ON ROADWAY AT CROSSWALK,Yes,SUSPECTED MINOR INJURY,NONE,39.08141517,-77.1456278,"(39.08141517, -77.1456278)"
MCP1378006W,15033452,MONTGOMERY,Injury Crash,07/08/2015 05:26:00 PM,Maryland (State),MONTGOMERY VILLAGE AVE,FREDERICK RD,,N/A,BICYCLIST,STRAIGHT MOVEMENT ANGLE,CLEAR,DRY,DAYLIGHT,TRAFFIC SIGNAL,UNKNOWN,NONE DETECTED,EE80C96A-F432-48CC-9EF1-D4B82A18E8A7,BICYCLIST,Cross/Enter at Intersection,NO IMPROPER ACTIONS,ON ROADWAY AT CROSSWALK,No,SUSPECTED MINOR INJURY,MC/BIKE HELMET,39.15345833,-77.21257,"(39.15345833, -77.21257)"
MCP30020030,180061734,Montgomery County Police,Injury Crash,12/10/2018 05:20:00 PM,Government,LITTLE FALLS PKWY,ARLINGTON RD,,N/A,PEDESTRIAN,OTHER,CLEAR,DRY,DARK LIGHTS ON,NO CONTROLS,NONE DETECTED,NONE DETECTED,215681E4-2F01-48F5-A310-E076407527B4,PEDESTRIAN,Cross/Enter not at Intersection,FAILURE TO YIELD RIGHT OF WAY,ON ROADWAY AT CROSSWALK,Yes,NO APPARENT INJURY,NONE,38.97350833,-77.10131167,"(38.97350833, -77.10131167)"
MCP3160000V,180056359,Montgomery County Police,Injury Crash,11/09/2018 06:30:00 PM,County,WESTLAKE DR,DEMOCRACY BLVD,,N/A,PEDESTRIAN,SINGLE VEHICLE,RAINING,WET,DARK LIGHTS ON,OTHER,NONE DETECTED,NONE DETECTED,FCC25F64-A363-4069-8D6F-F3F7497E899C,PEDESTRIAN,Cross/Enter at Intersection,NO IMPROPER ACTIONS,ON ROADWAY AT CROSSWALK,No,POSSIBLE INJURY,NONE,39.02276779,-77.15064496,"(39.02276779, -77.15064496)"
MCP15940003,16022502,Montgomery County Police,Injury Crash,05/06/2016 06:01:00 PM,County,DIXON AVE,WAYNE AVE,,N/A,PEDESTRIAN,HEAD ON LEFT TURN,RAINING,WET,DAYLIGHT,NO CONTROLS,NONE DETECTED,NONE DETECTED,2A2C7E3B-F86C-41E5-A41A-723B56687A1E,PEDESTRIAN,Cross/Enter not at Intersection,IN ROADWAY IMPROPERLY,OUTSIDE RIGHT OF WAY,Yes,SUSPECTED MINOR INJURY,NONE,38.99375551,-77.0279789,"(38.99375551, -77.0279789)"
MCP2356002H,220052093,Montgomery County Police,Injury Crash,11/25/2022 12:00:00 PM,Maryland (State),W MONTGOMERY AVE,LAIRD ST,,ROCKVILLE,PEDESTRIAN,SINGLE VEHICLE,N/A,DRY,DAYLIGHT,TRAFFIC SIGNAL,N/A,N/A,4DF15F87-7D52-48E1-B9F3-1ADCFC5ECAFA,PEDESTRIAN,Cross/Enter at Intersection,NO IMPROPER ACTIONS,AT INTERSECTION MARKED CROSSWALK,No,POSSIBLE INJURY,N/A,39.08483273,-77.1624656,"(39.08483273, -77.1624656)"
MCP271700YY,240039777,MONTGOMERY,Injury Crash,08/22/2024 06:26:00 PM,County Route,,,,,Pedestrian,Single Vehicle,Clear,Dry,Daylight,Pedestrian Crossing Sign,"Not Suspect of Alcohol Use, Not Suspect of Drug Use","Not Suspect of Alcohol Use, Not Suspect of Drug Use",4C6A0231-38C8-49F8-918F-A91911F80130,Pedestrian,Cross/Enter at Intersection,None (No Improper Action),Intersection Marked Crosswalk,No,Suspected Minor Injury,None,39.04147389,-76.98294091,"(39.04147389, -76.98294091)"
MCP2260001R,170518519,Montgomery County Police,Injury Crash,07/11/2017 06:16:00 AM,,,,SIDEWALK /DRIVEWAY OF 1911 ROCKVILLE PIKE,,PEDESTRIAN,OTHER,CLEAR,,DAYLIGHT,N/A,N/A,NONE DETECTED,9634C539-D7A4-44BC-8963-E0B0C0638C26,PEDESTRIAN,N/A,NO IMPROPER ACTIONS,OTHER,No,POSSIBLE INJURY,NONE,39.058555,-77.12148167,"(39.058555, -77.12148167)"
MCP2563000X,190036571,Montgomery County Police,Fatal Crash,07/31/2019 04:52:00 PM,Maryland (State),OLD GEORGETOWN RD,BEECH AVE,,N/A,BICYCLIST,SINGLE VEHICLE,CLEAR,DRY,DAYLIGHT,N/A,NONE DETECTED,NONE DETECTED,14DD5A10-C924-4E0F-A9CD-4EDA70279A79,BICYCLIST,Walking/Riding w/Traffic,OTHER,SIDEWALK,Yes,FATAL INJURY,MC/BIKE HELMET,39.01068724,-77.11552446,"(39.01068724, -77.11552446)"
MCP3051004S,210046678,Montgomery County Police,Injury Crash,11/17/2021 02:15:00 PM,County,RIDGEFIELD RD,WESTBARD AVE,,N/A,PEDESTRIAN,OTHER,CLEAR,DRY,DAYLIGHT,OTHER,NONE DETECTED,NONE DETECTED,45D7EEF5-3903-43BA-859B-8F0D79C80159,PEDESTRIAN,Cross/Enter at Intersection,UNKNOWN,ON ROADWAY AT CROSSWALK,Unknown,SUSPECTED MINOR INJURY,NONE,38.96588667,-77.10745,"(38.96588667, -77.10745)"
MCP12050019,15040145,MONTGOMERY,Injury Crash,08/12/2015 10:16:00 AM,County,GLENDALE RD,CYPRESS PL,,N/A,PEDESTRIAN,OTHER,CLEAR,DRY,DAYLIGHT,OTHER,NONE DETECTED,NONE DETECTED,4C88D1C4-E536-409A-A89C-45E5B3F07085,PEDESTRIAN,Other Working,NO IMPROPER ACTIONS,ON ROADWAY NOT AT CROSSWALK,No,SUSPECTED MINOR INJURY,REFLECTIVE CLOTHING,38.99092866,-77.0732975,"(38.99092866, -77.0732975)"
MCP30570008,170524769,Montgomery County Police,Property Damage Crash,08/14/2017 01:21:00 AM,,,,"WALMART PARKING LOT: 20910 FREDERICK RD., GERMANTOWN, MD",,PEDESTRIAN,OTHER,CLOUDY,,N/A,N/A,N/A,NONE DETECTED,1E383E5C-C7F5-48A4-95E9-175417221ADE,PEDESTRIAN,Other,NO IMPROPER ACTIONS,OTHER,No,NO APPARENT INJURY,N/A,39.19854624,-77.25206137,"(39.19854624, -77.25206137)"
MCP3019001G,170548188,Montgomery County Police,Injury Crash,12/12/2017 05:18:00 PM,Maryland (State),BROOKVILLE RD,E BRADLEY LA,,MATINS ADDITION,PEDESTRIAN,N/A,N/A,N/A,DARK -- UNKNOWN LIGHTING,NO CONTROLS,NONE DETECTED,NONE DETECTED,F4C6C84C-C181-46A8-8163-A5ADECE9C667,PEDESTRIAN,Cross/Enter at Intersection,N/A,AT INTERSECTION BUT NO CROSSWALK,No,POSSIBLE INJURY,NONE,38.97672333,-77.071595,"(38.97672333, -77.071595)"
MCP263900HB,250031315,MONTGOMERY,Injury Crash,07/14/2025 09:43:00 AM,Maryland (State) Route,KEY WEST AVE (WB/L),,,,Cyclist (non-electric),Single Vehicle,Clear,Dry,Daylight,No Controls,"Not Suspect of Alcohol Use, Not Suspect of Drug Use","Not Suspect of Alcohol Use, Not Suspect of Drug Use",03499F59-FD10-4BFD-B88E-9EC5D93724D1,Cyclist (non-electric),Walking/Cycling on Sidewalk,None (No Improper Action),Driveway Access,Yes,Possible Injury,Helmet,39.10562749,-77.1990546,"(39.10562749, -77.1990546)"
MCP9130003X,170532174,Montgomery County Police,Injury Crash,09/22/2017 02:37:00 PM,Maryland (State),PINEY BRANCH RD,SLIGO CREEK PKWY,,N/A,BICYCLIST,SINGLE VEHICLE,CLOUDY,DRY,DAYLIGHT,NO CONTROLS,NONE DETECTED,NONE DETECTED,68F1422D-6A6D-44F5-BDE2-77EE25A2F9A0,BICYCLIST,Cross/Enter at Intersection,NO IMPROPER ACTIONS,ON ROADWAY AT CROSSWALK,No,POSSIBLE INJURY,MC/BIKE HELMET,38.99545667,-77.00654167,"(38.99545667, -77.00654167)"
MCP2952005H,170551030,Montgomery County Police,Injury Crash,12/28/2017 11:25:00 AM,County,FENTON ST,SILVER SPRING AVE,,N/A,PEDESTRIAN,OTHER,CLEAR,DRY,DAYLIGHT,NO CONTROLS,NONE DETECTED,NONE DETECTED,B7AB03EB-C456-4C50-A174-7F4706B6A96A,PEDESTRIAN,Cross/Enter not at Intersection,IN ROADWAY IMPROPERLY,ON ROADWAY NOT AT CROSSWALK,Yes,POSSIBLE INJURY,NONE,38.99180667,-77.02403,"(38.99180667, -77.02403)"
MCP24460024,16042471,Montgomery County Police,Injury Crash,08/21/2016 03:21:00 PM,,,,IN FRONT OF 19603 CRYSTAL ROCK DR.,,BICYCLIST,STRAIGHT MOVEMENT ANGLE,CLEAR,,DAYLIGHT,NO CONTROLS,NONE DETECTED,NONE DETECTED,CBC79EDA-C7CD-4FD5-8DE4-F64B83347980,BICYCLIST,Playing,FAILURE TO YIELD RIGHT OF WAY,ON ROADWAY NOT AT CROSSWALK,Yes,SUSPECTED MINOR INJURY,UNKNOWN,39.178009,-77.259878,"(39.178009, -77.259878)"
MCP115100C5,200038122,Montgomery County Police,Injury Crash,09/28/2020 01:03:00 PM,,,,PARKING LOT OF 12835 LOCBURY CIRCLE,,PEDESTRIAN,OTHER,CLEAR,,DAYLIGHT,N/A,UNKNOWN,NONE DETECTED,ABB42588-AB9D-421F-8E58-E2AB3B967040,PEDESTRIAN,Other,NO IMPROPER ACTIONS,OTHER,No,POSSIBLE INJURY,N/A,39.18606233,-77.26458917,"(39.18606233, -77.26458917)"
MCP28480019,15037263,MONTGOMERY,Injury Crash,07/28/2015 10:54:00 AM,County,OSCEOLA RD,OSCEOLA CT,,N/A,PEDESTRIAN,OTHER,CLEAR,DRY,DAYLIGHT,NO CONTROLS,NONE DETECTED,NONE DETECTED,4DDEE032-C0BA-4946-B98E-5C07C433D5FB,PEDESTRIAN,Getting off/on Vehicle,ENTERING EXITING PARKED STANDING VEHICLE,ON ROADWAY NOT AT CROSSWALK,Yes,POSSIBLE INJURY,REFLECTIVE CLOTHING,38.96401833,-77.11839833,"(38.96401833, -77.11839833)"
MCP2689008N,220028763,Montgomery County Police,Injury Crash,07/05/2022 09:02:00 AM,County,PINEY MEETINGHOUSE RD,DEERBROOK DR,,N/A,BICYCLIST,SAME DIRECTION SIDESWIPE,CLOUDY,DRY,DAYLIGHT,NO CONTROLS,NONE DETECTED,NONE DETECTED,E0718BFC-ECD3-433F-B090-83E469C1DE91,BICYCLIST,Walking/Riding w/Traffic,NO IMPROPER ACTIONS,ON ROADWAY NOT AT CROSSWALK,No,SUSPECTED SERIOUS INJURY,MC/BIKE HELMET,39.07564833,-77.22235333,"(39.07564833, -77.22235333)"
MCP2977001F,16019630,Montgomery County Police,Injury Crash,04/21/2016 02:06:00 PM,,,,PARKING LOT OF CENTRAL SQUARE SHOPPING CENTER 8555 PINEY BRANCH RD,,PEDESTRIAN,SINGLE VEHICLE,CLEAR,,DAYLIGHT,NO CONTROLS,N/A,N/A,414196DE-D091-4D9A-ABF8-FC2755E7C782,PEDESTRIAN,Other,NO IMPROPER ACTIONS,OTHER,No,POSSIBLE INJURY,N/A,38.99818942,-77.00109109,"(38.99818942, -77.00109109)"
MCP3351000T,230023179,Montgomery County Police,Injury Crash,05/14/2023 09:26:00 PM,US (State),GEORGIA AVE,WAYNE AVE,,N/A,PEDESTRIAN,SINGLE VEHICLE,CLEAR,DRY,DARK LIGHTS ON,TRAFFIC SIGNAL,NONE DETECTED,ALCOHOL PRESENT,30848C30-B68D-4AEB-B5F3-C59BF82822EA,PEDESTRIAN,Cross/Enter at Intersection,FAILURE TO OBEY TRAFFIC SIGNS SIGNALS OR OFFICER,AT INTERSECTION MARKED CROSSWALK,Yes,SUSPECTED SERIOUS INJURY,N/A,38.99401167,-77.02675167,"(38.99401167, -77.02675167)"
MCP29400069,230003845,Montgomery County Police,Injury Crash,01/24/2023 07:58:00 AM,Maryland (State),BRADLEY BLVD,EWING DR,,N/A,OTHER,OTHER,CLEAR,DRY,DAYLIGHT,PERSON,NONE DETECTED,NONE DETECTED,DCF0C79D-BA8D-45CE-81C5-9D4C304FD566,OTHER,Standing,NO IMPROPER ACTIONS,AT INTERSECTION BUT NO CROSSWALK,No,SUSPECTED MINOR INJURY,REFLECTIVE CLOTHING,38.99493133,-77.12397233,"(38.99493133, -77.12397233)"
MCP31920036,220043914,Montgomery County Police,Injury Crash,10/07/2022 06:17:00 PM,Maryland (State),UNIVERSITY BLVD W,FERN ST,,N/A,PEDESTRIAN,SINGLE VEHICLE,CLEAR,DRY,DUSK,N/A,NONE DETECTED,NONE DETECTED,9BE05857-0836-4638-A14A-2197279FBFD9,PEDESTRIAN,Cross/Enter at Intersection,IN ROADWAY IMPROPERLY,ON ROADWAY NOT AT CROSSWALK,Yes,POSSIBLE INJURY,NONE,39.04149467,-77.05098383,"(39.04149467, -77.05098383)"
MCP229800K3,180040231,Montgomery County Police,Injury Crash,08/13/2018 02:45:00 PM,County,WARING STATION RD,WINDING CREEK WAY,,N/A,PEDESTRIAN,OTHER,CLOUDY,DRY,DAYLIGHT,N/A,NONE DETECTED,NONE DETECTED,75231928-DCAD-406F-8F18-71751E3975D9,PEDESTRIAN,Other,DART DASH,OUTSIDE RIGHT OF WAY,Yes,POSSIBLE INJURY,N/A,39.16323667,-77.24913167,"(39.16323667, -77.24913167)"
MCP003600CW,200004646,Montgomery County Police,Injury Crash,01/28/2020 03:10:00 PM,,,,PARKING LOT/BUS PICKUP KINGSVIEW MIDDLE SCHOOL 18909 KINGSVIEW RD,,PEDESTRIAN,SINGLE VEHICLE,CLOUDY,,DAYLIGHT,N/A,NONE DETECTED,NONE DETECTED,D37BE65D-0BAA-457C-A556-27FD256CA0BE,PEDESTRIAN,Standing,INATTENTIVE,CURB,No,POSSIBLE INJURY,NONE,39.16660067,-77.28542633,"(39.16660067, -77.28542633)"
MCP3034003M,190035794,Montgomery County Police,Injury Crash,07/27/2019 02:10:00 PM,County,MACARTHUR BLVD,FALLS RD,,N/A,BICYCLIST,STRAIGHT MOVEMENT ANGLE,CLEAR,DRY,DAYLIGHT,NO CONTROLS,NONE DETECTED,NONE DETECTED,304D99B2-69BB-4FB6-BA00-AF9642B4EEC5,BICYCLIST,Cross/Enter at Intersection,FAILURE TO YIELD RIGHT OF WAY,ON ROADWAY NOT AT CROSSWALK,Yes,SUSPECTED MINOR INJURY,MC/BIKE HELMET,38.99624167,-77.23095833,"(38.99624167, -77.23095833)"
MCP2875001B,15049628,MONTGOMERY,Injury Crash,09/30/2015 09:23:00 PM,Maryland (State),GREAT SENECA HWY,CLOPPER RD,,N/A,PEDESTRIAN,N/A,CLEAR,DRY,DARK LIGHTS ON,TRAFFIC SIGNAL,NONE DETECTED,NONE DETECTED,4AA2C102-88BB-42CE-A0DE-5627890453CE,PEDESTRIAN,Cross/Enter at Intersection,NO IMPROPER ACTIONS,AT INTERSECTION MARKED CROSSWALK,No,SUSPECTED MINOR INJURY,NONE,39.15913167,-77.27525167,"(39.15913167, -77.27525167)"
MCP2077002P,180054320,Montgomery County Police,Injury Crash,10/31/2018 07:10:00 AM,Maryland (State),GEORGIA AVE,SHOREFIELD RD,,N/A,PEDESTRIAN,OTHER,CLEAR,DRY,DARK -- UNKNOWN LIGHTING,TRAFFIC SIGNAL,UNKNOWN,NONE DETECTED,004C011E-36AB-4E25-BD8D-1ADE34C09A51,PEDESTRIAN,Cross/Enter at Intersection,UNKNOWN,ON ROADWAY AT CROSSWALK,Unknown,SUSPECTED MINOR INJURY,NONE,39.053,-77.051,"(39.053, -77.051)"