Report Number,Local Case Number,Agency Name,ACRS Report Type,Crash Date/Time,Route Type,Road Name,Cross-Street Name,Off-Road Description,Municipality,Related Non-Motorist,Collision Type,Weather,Surface Condition,Light,Traffic Control,Driver Substance Abuse,Non-Motorist Substance Abuse,Person ID,Pedestrian Type,Pedestrian Movement,Pedestrian Actions,Pedestrian Location,At Fault,Injury Severity,Safety Equipment,Latitude,Longitude,Location
MCP2797002L,200041075,Montgomery County Police,Property Damage Crash,10/18/2020 08:00:00 AM,County,BLOOMFIELD RD,ROLLING ACRES WAY,,N/A,OTHER,SINGLE VEHICLE,CLEAR,DRY,DAYLIGHT,NO CONTROLS,UNKNOWN,N/A,BABC3557-D50E-4ECA-9B66-0F3FF03A6FF0,OTHER,N/A,N/A,INSIDE BUILDING,No,NO APPARENT INJURY,N/A,39.16272801,-77.07300587,"(39.16272801, -77.07300587)"
MCP29630023,200014925,Montgomery County Police,Injury Crash,04/03/2020 06:11:00 PM,County,ROTHBURY DR,ARROWHEAD RD,,N/A,PEDESTRIAN,SINGLE VEHICLE,CLEAR,DRY,DAYLIGHT,STOP SIGN,NONE DETECTED,NONE DETECTED,6ED92AC6-708D-4598-AC49-3D2EC6305F75,PEDESTRIAN,Cross/Enter at Intersection,NO IMPROPER ACTIONS,AT INTERSECTION MARKED CROSSWALK,No,POSSIBLE INJURY,NONE,39.18522333,-77.19406,"(39.18522333, -77.19406)"
MCP1550002B,16044387,Montgomery County Police,Injury Crash,08/31/2016 07:30:00 AM,County,ROCK SPRING DR,OLD GEORGETOWN RD,,N/A,BICYCLIST,OTHER,CLEAR,DRY,DAYLIGHT,NO CONTROLS,NONE DETECTED,NONE DETECTED,4794EEFE-FAEF-40BC-9940-D0CC8F984239,BICYCLIST,Other,NO IMPROPER ACTIONS,OTHER,Yes,SUSPECTED MINOR INJURY,UNKNOWN,38.98124,-77.12732833,"(38.98124, -77.12732833)"
MCP209400JZ,220024162,Montgomery County Police,Injury Crash,06/06/2022 08:27:00 AM,Maryland (State),WISCONSIN AVE,STANFORD ST,,N/A,PEDESTRIAN,OTHER,CLEAR,DRY,DAYLIGHT,TRAFFIC SIGNAL,NONE DETECTED,NONE DETECTED,C61A46CC-C815-41B8-85A5-459D2225C7DB,PEDESTRIAN,Cross/Enter at Intersection,NO IMPROPER ACTIONS,ON ROADWAY AT CROSSWALK,No,POSSIBLE INJURY,N/A,38.97849333,-77.09124833,"(38.97849333, -77.09124833)"
MCP27650033,16055963,Montgomery County Police,Injury Crash,10/30/2016 07:20:00 PM,County,REACH RD,CANFIELD RD,,N/A,PEDESTRIAN,OTHER,CLEAR,WET,DARK LIGHTS ON,NO CONTROLS,ALCOHOL CONTRIBUTED,NONE DETECTED,046C527D-A352-4ECD-BFF0-68C070F544D1,PEDESTRIAN,Standing,NO IMPROPER ACTIONS,ON ROADWAY NOT AT CROSSWALK,No,POSSIBLE INJURY,NONE,39.05289319,-77.19191283,"(39.05289319, -77.19191283)"
MCP3422000G,240044521,MONTGOMERY,Injury Crash,09/16/2024 03:28:00 PM,Other Public Roadway,CROYDON CT,,,,Pedestrian,Single Vehicle,Unknown,Dry,Unknown,No Controls,"Not Suspect of Alcohol Use, Not Suspect of Drug Use","Not Suspect of Alcohol Use, Not Suspect of Drug Use",3581DED2-F4D7-4C52-843A-D4793B2BCD8B,Pedestrian,Walking/Cycling on Sidewalk,Unknown,Travel Lane Other Location,No,Suspected Minor Injury,None,39.00363152,-77.01238494,"(39.00363152, -77.01238494)"
MCP1227001X,230024315,Montgomery County Police,Fatal Crash,05/21/2023 05:04:00 AM,Maryland (State),VEIRS MILL RD,NEWPORT MILL RD,,N/A,PEDESTRIAN,SINGLE VEHICLE,CLEAR,DRY,DARK LIGHTS ON,NO CONTROLS,NONE DETECTED,ALCOHOL PRESENT,23ABB53F-ECF6-4531-8CCE-AB0EC5C3855A,PEDESTRIAN,Unknown,IN ROADWAY IMPROPERLY,ON ROADWAY NOT AT CROSSWALK,Yes,FATAL INJURY,N/A,39.0451582,-77.06532903,"(39.0451582, -77.06532903)"
MCP3196000X,190052654,Montgomery County Police,Injury Crash,11/01/2019 04:00:00 PM,County,DAIRYMAID DR,GREAT SENECA HWY,,N/A,PEDESTRIAN,SINGLE VEHICLE,CLEAR,DRY,DAYLIGHT,UNKNOWN,NONE DETECTED,NONE DETECTED,AE09B95F-3A2B-40D2-AA46-182B9EFF3CB1,PEDESTRIAN,Cross/Enter at Intersection,NO IMPROPER ACTIONS,ON ROADWAY AT CROSSWALK,No,SUSPECTED MINOR INJURY,N/A,39.183935,-77.26359,"(39.183935, -77.26359)"
MCP9130003B,170515983,Montgomery County Police,Injury Crash,06/27/2017 10:43:00 AM,County,WAYNE AVE,FENTON ST,,N/A,PEDESTRIAN,SINGLE VEHICLE,CLEAR,DRY,N/A,N/A,NONE DETECTED,NONE DETECTED,54C76958-DF93-4C07-972A-59493E15DD81,PEDESTRIAN,Cross/Enter not at Intersection,IN ROADWAY IMPROPERLY,ON ROADWAY NOT AT CROSSWALK,Yes,SUSPECTED SERIOUS INJURY,NONE,38.99495626,-77.02523232,"(38.99495626, -77.02523232)"
MCP2339008N,230055954,Montgomery County Police,Property Damage Crash,09/20/2023 03:12:00 PM,,,,PARKING LOT IN FRONT OF 12087 ROCKVILLE PIK,,OTHER,UNKNOWN,CLEAR,,DAYLIGHT,NO CONTROLS,UNKNOWN,N/A,AFD28F6D-B273-4462-959C-5E85975898F3,OTHER,N/A,OTHER,OTHER,No,NO APPARENT INJURY,N/A,39.05635317,-77.11748383,"(39.05635317, -77.11748383)"
MCP3233000X,200027461,Montgomery County Police,Injury Crash,07/15/2020 12:29:00 PM,County,FENTON ST,SLIGO AVE,,N/A,PEDESTRIAN,OTHER,CLEAR,DRY,DAYLIGHT,NO CONTROLS,NONE DETECTED,NONE DETECTED,C1DF79E4-2651-407A-BD68-C245507074AA,PEDESTRIAN,Other Working,OTHER,CURB,No,SUSPECTED MINOR INJURY,NONE,38.9974805,-77.109644,"(38.9974805, -77.109644)"
MCP9422000X,170549438,Montgomery County Police,Injury Crash,12/19/2017 08:40:00 AM,County,ROBEY RD,BRIGGS CHANEY RD,,N/A,PEDESTRIAN,SINGLE VEHICLE,CLEAR,DRY,DAYLIGHT,STOP SIGN,NONE DETECTED,NONE DETECTED,B497AD2F-FD8D-421E-B949-944BEAA903EB,PEDESTRIAN,Cross/Enter at Intersection,NO IMPROPER ACTIONS,AT INTERSECTION MARKED CROSSWALK,No,SUSPECTED SERIOUS INJURY,N/A,39.079325,-76.94485667,"(39.079325, -76.94485667)"
MCP3007002F,170535765,Montgomery County Police,Injury Crash,10/10/2017 08:15:00 AM,County,BEL PRE RD,GEORGIA AVE,,N/A,PEDESTRIAN,SINGLE VEHICLE,N/A,DRY,DAYLIGHT,N/A,N/A,N/A,00F23021-79CB-4733-A375-A2D832DE66C1,PEDESTRIAN,Cross/Enter not at Intersection,DART DASH,ON ROADWAY NOT AT CROSSWALK,Yes,SUSPECTED MINOR INJURY,NONE,39.09347325,-77.07867265,"(39.09347325, -77.07867265)"
MCP2894005H,190006431,Montgomery County Police,Injury Crash,02/09/2019 02:07:00 PM,,,,"4816 BOILING BROOK PKWY, GOODWILL PARKING LOT",,PEDESTRIAN,SAME DIR REAR END,CLEAR,,DAYLIGHT,NO CONTROLS,,NONE DETECTED,26C440B4-284A-4244-A00D-BEB01487AB64,PEDESTRIAN,Other,NO IMPROPER ACTIONS,OTHER,No,POSSIBLE INJURY,N/A,39.04524333,-77.11300833,"(39.04524333, -77.11300833)"
MCP2881001H,16038682,Montgomery County Police,Injury Crash,07/31/2016 06:20:00 AM,,,,"IFO 27 PICKERING CT, GERMANTOWN MD",,PEDESTRIAN,OTHER,N/A,,DAYLIGHT,NO CONTROLS,N/A,N/A,26793BCC-D4C5-46E8-8DC7-29BD2BD01196,PEDESTRIAN,Other,NO IMPROPER ACTIONS,OTHER,No,POSSIBLE INJURY,NONE,39.18234833,-77.24242333,"(39.18234833, -77.24242333)"
MCP3070001C,200002541,Montgomery County Police,Injury Crash,01/15/2020 05:38:00 PM,,,,PL OF 4301 WILLOW LN,,PEDESTRIAN,SINGLE VEHICLE,CLEAR,,DARK LIGHTS ON,NO CONTROLS,N/A,N/A,536D277C-E62F-46EA-864E-D0D2DA80F26E,PEDESTRIAN,Playing,INATTENTIVE,OTHER,No,SUSPECTED MINOR INJURY,NONE,38.98265833,-77.087775,"(38.98265833, -77.087775)"
MCP2348002M,170511431,Montgomery County Police,Injury Crash,06/02/2017 08:22:00 PM,County,AMHERST AVE,BLUERIDGE AVE,,N/A,PEDESTRIAN,SINGLE VEHICLE,CLEAR,DRY,DAYLIGHT,N/A,NONE DETECTED,NONE DETECTED,3B8E2A1B-7404-4227-9B1E-7790834F48F9,PEDESTRIAN,Cross/Enter at Intersection,NO IMPROPER ACTIONS,ON ROADWAY AT CROSSWALK,No,SUSPECTED MINOR INJURY,N/A,39.04333616,-77.0478715,"(39.04333616, -77.0478715)"
MCP2298006W,15057385,MONTGOMERY,Injury Crash,11/10/2015 05:26:00 PM,County,FATHER HURLEY BLVD,HOPKINS RD,,N/A,PEDESTRIAN,OTHER,SEVERE WINDS,WET,DUSK,TRAFFIC SIGNAL,NONE DETECTED,NONE DETECTED,6B82E6C9-C3A2-4E42-833A-07F8D101064C,PEDESTRIAN,Cross/Enter at Intersection,FAILURE TO OBEY TRAFFIC SIGNS SIGNALS OR OFFICER,AT INTERSECTION MARKED CROSSWALK,Yes,SUSPECTED MINOR INJURY,NONE,39.16919019,-77.28293896,"(39.16919019, -77.28293896)"
MCP29820018,16054687,Montgomery County Police,Injury Crash,10/24/2016 11:21:00 AM,County,FENTON ST,SLIGO AVE,,N/A,PEDESTRIAN,OTHER,CLOUDY,DRY,DAYLIGHT,TRAFFIC SIGNAL,NONE DETECTED,NONE DETECTED,FCB7C952-0095-45AB-805A-9C9AC9FD9B2B,PEDESTRIAN,Cross/Enter at Intersection,NO IMPROPER ACTIONS,ON ROADWAY AT CROSSWALK,No,SUSPECTED MINOR INJURY,N/A,38.9902334,-77.02399448,"(38.9902334, -77.02399448)"
MCP2770000S,15057404,MONTGOMERY,Injury Crash,11/10/2015 03:30:00 PM,,,,"Parking lot area of 10011 Stedwick Road, between the Capitol One bank and US Post Office.",,BICYCLIST,HEAD ON LEFT TURN,RAINING,,DAYLIGHT,NO CONTROLS,UNKNOWN,NONE DETECTED,6ECA0951-31A1-485C-B89C-30E2956D50D3,BICYCLIST,Walking/Riding w/Traffic,UNKNOWN,OTHER,Unknown,SUSPECTED MINOR INJURY,NONE,39.17091198,-77.20771909,"(39.17091198, -77.20771909)"
MCP2981003V,210028136,Montgomery County Police,Injury Crash,07/20/2021 11:19:00 PM,County,LIVINGSTON ST,WEISMAN RD,,N/A,PEDESTRIAN,OTHER,CLEAR,DRY,DARK LIGHTS ON,STOP SIGN,UNKNOWN,N/A,78E916CE-BCB7-418B-B728-A64C37A17CD5,PEDESTRIAN,Standing,NO IMPROPER ACTIONS,SHOULDER,No,POSSIBLE INJURY,LIGHTING,39.05558827,-77.05852806,"(39.05558827, -77.05852806)"
MCP3347000S,230029162,Montgomery County Police,Injury Crash,06/17/2023 03:38:00 PM,Maryland (State),MASSACHUSETTS AVE,WYNNWOOD RD,,N/A,PEDESTRIAN,OTHER,CLEAR,DRY,DAYLIGHT,NO CONTROLS,NONE DETECTED,NONE DETECTED,21FE0951-0184-4052-A265-A99360511AB1,PEDESTRIAN,Cross/Enter at Intersection,DART DASH,AT INTERSECTION BUT NO CROSSWALK,Yes,SUSPECTED SERIOUS INJURY,NONE,38.96671672,-77.12549103,"(38.96671672, -77.12549103)"
MCP2846007Z,220021835,Montgomery County Police,Injury Crash,05/22/2022 03:15:00 PM,Maryland (State),GEORGIA AVE,BLUERIDGE AVE,,N/A,PEDESTRIAN,HEAD ON LEFT TURN,CLEAR,DRY,DAYLIGHT,PERSON,NONE DETECTED,NONE DETECTED,FD5A2B0A-B979-462B-9CE5-65E66341CC64,PEDESTRIAN,Cross/Enter at Intersection,NO IMPROPER ACTIONS,ON ROADWAY AT CROSSWALK,No,POSSIBLE INJURY,N/A,39.04295333,-77.05214333,"(39.04295333, -77.05214333)"
MCP9318002D,220038727,Montgomery County Police,Injury Crash,09/06/2022 07:01:00 PM,Maryland (State),NEW HAMPSHIRE AVE,POWDER MILL RD,,N/A,PEDESTRIAN,OTHER,CLEAR,DRY,DUSK,NO CONTROLS,NONE DETECTED,NONE DETECTED,0597D638-5FEA-49E3-81E2-0FE035E1F9E0,PEDESTRIAN,Cross/Enter not at Intersection,IN ROADWAY IMPROPERLY,ON ROADWAY NOT AT CROSSWALK,Yes,SUSPECTED SERIOUS INJURY,N/A,39.019625,-77.00803833,"(39.019625, -77.00803833)"
MCP3153003N,220004279,Montgomery County Police,Injury Crash,02/01/2022 08:45:00 AM,Maryland (State),CONNECTICUT AVE,CONNECTICUT AVE (AHEAD),,N/A,PEDESTRIAN,STRAIGHT MOVEMENT ANGLE,CLEAR,DRY,DAYLIGHT,OTHER,NONE DETECTED,NONE DETECTED,1DAFBABA-3747-4D57-BF9A-42AF0383923A,PEDESTRIAN,Cross/Enter at Intersection,NO IMPROPER ACTIONS,AT INTERSECTION MARKED CROSSWALK,No,SUSPECTED SERIOUS INJURY,NONE,39.094905,-77.06913833,"(39.094905, -77.06913833)"
EJ78750021,210029,Gaithersburg Police Depar,Property Damage Crash,07/31/2021 09:03:00 PM,Maryland (State),GREAT SENECA HWY,LAKELANDS DR,,GAITHERSBURG,PEDESTRIAN,OTHER,CLEAR,DRY,DARK LIGHTS ON,N/A,N/A,N/A,FE010DED-0A0D-4619-BFD2-0898BD241066,PEDESTRIAN,Other,IN ROADWAY IMPROPERLY,OTHER,Yes,NO APPARENT INJURY,N/A,39.12208107,-77.22855244,"(39.12208107, -77.22855244)"
MCP2246000S,15063900,MONTGOMERY,Injury Crash,12/14/2015 05:10:00 PM,County,SPRING ST,SECOND AVE,,N/A,PEDESTRIAN,OTHER,RAINING,WET,DARK LIGHTS ON,TRAFFIC SIGNAL,NONE DETECTED,NONE DETECTED,F8AF28FE-D37C-467E-B4ED-C07429B68266,PEDESTRIAN,Cross/Enter at Intersection,NO IMPROPER ACTIONS,ON ROADWAY AT CROSSWALK,No,SUSPECTED MINOR INJURY,NONE,38.99112833,-77.027345,"(38.99112833, -77.027345)"
MCP2395001R,200046482,Montgomery County Police,Injury Crash,11/24/2020 08:36:00 PM,County,WHITES FERRY RD,WASCHE RD,,N/A,OTHER,SINGLE VEHICLE,CLOUDY,DRY,DARK NO LIGHTS,NO CONTROLS,ALCOHOL CONTRIBUTED,N/A,9CEE7789-68B5-4B48-A256-4A94061C6703,OTHER,N/A,N/A,N/A,No,NO APPARENT INJURY,N/A,39.153692,-77.44087883,"(39.153692, -77.44087883)"
MCP27220038,190034540,Montgomery County Police,Injury Crash,07/20/2019 04:20:00 PM,,,,PARKING LOT OF 3004 HEWITT AVE,,PEDESTRIAN,OTHER,CLEAR,,DAYLIGHT,NO CONTROLS,N/A,N/A,30EF4F78-8138-47AA-8F1D-1B2F31019F22,PEDESTRIAN,Standing,NO IMPROPER ACTIONS,OTHER,No,SUSPECTED MINOR INJURY,NONE,39.07951167,-77.06167667,"(39.07951167, -77.06167667)"
MCP2351004M,220033249,Montgomery County Police,Injury Crash,08/03/2022 06:44:00 AM,Maryland (State),FREDERICK RD,E GUDE DR,,N/A,OTHER,OTHER,CLEAR,DRY,DAYLIGHT,TRAFFIC SIGNAL,NONE DETECTED,NONE DETECTED,4A9BBEB9-6DD7-4477-B60C-D1CF6A131C58,OTHER,Cross/Enter at Intersection,UNKNOWN,ON ROADWAY AT CROSSWALK,Unknown,SUSPECTED MINOR INJURY,NONE,39.106885,-77.15823833,"(39.106885, -77.15823833)"
MCP21600026,210032938,Montgomery County Police,Injury Crash,08/23/2021 08:08:00 PM,County,WATKINS MILL RD,CLUB HOUSE RD,,N/A,PEDESTRIAN,SINGLE VEHICLE,CLEAR,DRY,DARK NO LIGHTS,TRAFFIC SIGNAL,N/A,N/A,C4FB9AD7-B0ED-49BF-B215-8B4BFCC1B510,PEDESTRIAN,Cross/Enter at Intersection,NO IMPROPER ACTIONS,SIDEWALK,No,SUSPECTED SERIOUS INJURY,N/A,39.17413117,-77.207822,"(39.17413117, -77.207822)"
DD5603005P,180015684,Rockville Police Departme,Injury Crash,03/31/2018 06:00:00 PM,,,,1643B ROCKVILLE PIKE (PARKING LOT/STORE),,PEDESTRIAN,SINGLE VEHICLE,CLEAR,,DAYLIGHT,NO CONTROLS,NONE DETECTED,NONE DETECTED,B2DB1C33-2312-47B7-A458-3D2A4B6B51B4,PEDESTRIAN,Standing,NO IMPROPER ACTIONS,INSIDE BUILDING,No,SUSPECTED MINOR INJURY,N/A,39.06219902,-77.12715626,"(39.06219902, -77.12715626)"
MCP93120017,200007232,Montgomery County Police,Injury Crash,02/12/2020 08:30:00 PM,Maryland (State),HUNGERFORD DR,ENT TO PARK & RIDE,,N/A,PEDESTRIAN,SINGLE VEHICLE,CLEAR,WET,DARK LIGHTS ON,TRAFFIC SIGNAL,NONE DETECTED,NONE DETECTED,77A3BD25-413E-4485-A831-43CB0D800F7D,PEDESTRIAN,Cross/Enter at Intersection,NO IMPROPER ACTIONS,AT INTERSECTION MARKED CROSSWALK,No,POSSIBLE INJURY,N/A,39.083535,-77.14691141,"(39.083535, -77.14691141)"
MCP29070034,240039986,MONTGOMERY,Property Damage Crash,08/23/2024 10:05:00 PM,Maryland (State) Route,MONTROSE RD (WB/L),,,,Cyclist (Electric),Single Vehicle,Clear,Dry,Dark - Lighted,Traffic Control Signal,"Not Suspect of Alcohol Use, Not Suspect of Drug Use","Not Suspect of Alcohol Use, Not Suspect of Drug Use",A19F6A58-760E-4610-97B2-DB69FD622861,Cyclist (Electric),Walking/Cycling on Sidewalk,None (No Improper Action),Intersection Marked Crosswalk,No,No Apparent Injury,Unknown,39.05590032,-77.14961333,"(39.05590032, -77.14961333)"
MCP2094004W,15021686,Montgomery County Police,Injury Crash,05/07/2015 10:20:00 AM,,,,"PARKING LOT OF
 11820 PARKLAWN DR",,OTHER,SINGLE VEHICLE,CLEAR,,DAYLIGHT,N/A,NONE DETECTED,NONE DETECTED,FC0D5857-6BE3-4D08-9B8E-7D839395D0FB,OTHER,N/A,OTHER,INSIDE BUILDING,,POSSIBLE INJURY,N/A,39.27647167,-77.21262167,"(39.27647167, -77.21262167)"
MCP30590044,190050076,Montgomery County Police,Injury Crash,10/18/2019 07:55:00 PM,,,,DRIVEWAY OF 12801 FLACK ST,,OTHER,OTHER,CLEAR,,DARK LIGHTS ON,N/A,NONE DETECTED,NONE DETECTED,4D15B5A6-C8E9-4819-964A-B726F6FC802C,OTHER,Other,NO IMPROPER ACTIONS,OTHER,No,SUSPECTED MINOR INJURY,N/A,39.06451886,-77.05872728,"(39.06451886, -77.05872728)"
MCP2973002W,170501570,Montgomery County Police,Injury Crash,03/27/2017 04:00:00 PM,,,,"HOME DEPOT PARKING LOT - 14000 GEORGIA AVE SILVER SPRING, MD 20906",,PEDESTRIAN,OTHER,CLEAR,,DAYLIGHT,NO CONTROLS,NONE DETECTED,NONE DETECTED,03E95798-F810-4970-9971-7BDF0A6FD7A4,PEDESTRIAN,Standing,NO IMPROPER ACTIONS,OTHER,No,POSSIBLE INJURY,N/A,39.0836115,-77.08112955,"(39.0836115, -77.08112955)"
MCP2438000S,16065112,Montgomery County Police,Injury Crash,12/19/2016 06:18:00 PM,County,CALVERTON BLVD,GRACEFIELD RD,,N/A,PEDESTRIAN,STRAIGHT MOVEMENT ANGLE,CLEAR,DRY,DARK LIGHTS ON,NO CONTROLS,UNKNOWN,N/A,486F6699-3830-44A8-8A76-0E77181DCCCE,PEDESTRIAN,Cross/Enter at Intersection,NO IMPROPER ACTIONS,ON ROADWAY AT CROSSWALK,No,POSSIBLE INJURY,N/A,39.05704667,-76.95104667,"(39.05704667, -76.95104667)"
MCP10220085,170539119,Montgomery County Police,Injury Crash,10/27/2017 08:52:00 AM,Other Public Roadway,APPLEDOWRE WAY,FRUITWOOD WAY,,N/A,PEDESTRIAN,SINGLE VEHICLE,CLEAR,DRY,DAYLIGHT,NO CONTROLS,NONE DETECTED,NONE DETECTED,99275B1A-B9C2-41FB-A193-A7572BC5B2AB,PEDESTRIAN,Other,IN ROADWAY IMPROPERLY,ON ROADWAY NOT AT CROSSWALK,Yes,SUSPECTED MINOR INJURY,N/A,39.1851,-77.23542333,"(39.1851, -77.23542333)"
DD55830022,16064028,Rockville Police Departme,Injury Crash,12/15/2016 05:16:00 PM,Municipality,FLEET ST,JEFFERSON PLAZA,,ROCKVILLE,PEDESTRIAN,SINGLE VEHICLE,CLEAR,DRY,DARK LIGHTS ON,STOP SIGN,UNKNOWN,NONE DETECTED,B4011BB5-0C35-434F-91C3-C893B162E160,PEDESTRIAN,Walking to/from school,NO IMPROPER ACTIONS,AT INTERSECTION MARKED CROSSWALK,No,POSSIBLE INJURY,N/A,39.08044886,-77.1461302,"(39.08044886, -77.1461302)"
MCP2361001Q,200031152,Montgomery County Police,Injury Crash,08/10/2020 09:58:00 PM,County,MONTGOMERY VILLAGE AVE,MIDCOUNTY HWY,,N/A,PEDESTRIAN,STRAIGHT MOVEMENT ANGLE,CLEAR,DRY,DARK LIGHTS ON,NO CONTROLS,NONE DETECTED,ALCOHOL PRESENT,630209D8-2005-4182-A5EB-EF3FE70E4403,PEDESTRIAN,Cross/Enter not at Intersection,IN ROADWAY IMPROPERLY,ON ROADWAY NOT AT CROSSWALK,Yes,SUSPECTED MINOR INJURY,NONE,39.158395,-77.203735,"(39.158395, -77.203735)"
MCP1205002D,16051145,Montgomery County Police,Injury Crash,10/05/2016 11:00:00 AM,County,SHEPHERD ST,BRENNON LA,,N/A,PEDESTRIAN,OTHER,CLEAR,DRY,DAYLIGHT,NO CONTROLS,NONE DETECTED,NONE DETECTED,DF50943C-8A7B-4057-8EBA-9134C78E98F8,PEDESTRIAN,Standing,N/A,OTHER,Unknown,SUSPECTED MINOR INJURY,REFLECTIVE CLOTHING,38.97957533,-77.0671311,"(38.97957533, -77.0671311)"
MCP2667007M,210044237,Montgomery County Police,Property Damage Crash,11/02/2021 08:39:00 AM,County,CONTOUR RD,HORIZON RUN RD,,N/A,PEDESTRIAN,SINGLE VEHICLE,CLOUDY,WET,DAYLIGHT,NO CONTROLS,NONE DETECTED,NONE DETECTED,A02BAA0F-C068-4D63-964C-27A06D1EC99D,PEDESTRIAN,Cross/Enter at Intersection,NO IMPROPER ACTIONS,ON ROADWAY AT CROSSWALK,No,NO APPARENT INJURY,NONE,39.15582984,-77.1988261,"(39.15582984, -77.1988261)"
MCP11820015,16009922,Montgomery County Police,Injury Crash,02/28/2016 12:38:00 PM,County,LOCUST AVE,ACACIA AVE,,N/A,PEDESTRIAN,HEAD ON,CLEAR,DRY,DAYLIGHT,NO CONTROLS,N/A,N/A,998BE3AB-DCFF-4807-9179-69605BE27C3C,PEDESTRIAN,Standing,NO IMPROPER ACTIONS,ON ROADWAY NOT AT CROSSWALK,No,SUSPECTED SERIOUS INJURY,N/A,39.00652833,-77.10624667,"(39.00652833, -77.10624667)"
MCP2889000R,15018140,Montgomery County Police,Injury Crash,04/18/2015 09:33:00 AM,Maryland (State),OLNEY LAYTONSVILLE RD,BOWIE MILL RD,,N/A,PEDESTRIAN,OTHER,N/A,DRY,DAYLIGHT,NO CONTROLS,NONE DETECTED,NONE DETECTED,2E8C683A-6E6E-4A2E-B785-60266845350E,PEDESTRIAN,Cross/Enter at Intersection,NO IMPROPER ACTIONS,ON ROADWAY AT CROSSWALK,,POSSIBLE INJURY,N/A,39.09912667,-77.04219833,"(39.09912667, -77.04219833)"
MCP3050005L,240003997,MONTGOMERY,Injury Crash,01/25/2024 06:44:00 PM,County Route,RIPPLING BROOK DR,,,,Pedestrian,Single Vehicle,Rain,Wet,Dark - Not Lighted,Stop Sign,"Not Suspect of Alcohol Use, Not Suspect of Drug Use","Not Suspect of Alcohol Use, Not Suspect of Drug Use",EF9F526A-6F23-4F33-9377-50A0E74A0E23,Pedestrian,Cross/Enter at Intersection,"Not Visible (Dark Clothing, No Lighting, etc.)",Intersection Marked Crosswalk,No,Possible Injury,None,39.09014707,-77.05357651,"(39.09014707, -77.05357651)"
MCP2612004Q,220056659,Montgomery County Police,Injury Crash,12/21/2022 03:54:00 PM,,N LEISURE WORLD BLVD,ROSSMOOR BLVD,,N/A,PEDESTRIAN,SINGLE VEHICLE,CLEAR,DRY,DAYLIGHT,NO CONTROLS,NONE DETECTED,NONE DETECTED,000C0302-47EE-4FA0-BB39-92BEDC8B69D9,PEDESTRIAN,Cross/Enter at Intersection,NO IMPROPER ACTIONS,ON ROADWAY AT CROSSWALK,No,SUSPECTED MINOR INJURY,NONE,39.10267833,-77.0732725,"(39.10267833, -77.0732725)"
MCP24690018,16047065,Montgomery County Police,Injury Crash,09/14/2016 07:30:00 AM,County,JACKSON RD,KERWOOD RD,,N/A,PEDESTRIAN,OTHER,N/A,DRY,DAYLIGHT,STOP SIGN,NONE DETECTED,NONE DETECTED,2D74D586-324C-47AD-96DA-BACB8EB32C4A,PEDESTRIAN,Cross/Enter at Intersection,NO IMPROPER ACTIONS,ON ROADWAY AT CROSSWALK,No,POSSIBLE INJURY,NONE,39.05556,-76.99408833,"(39.05556, -76.99408833)"
MCP2046007X,180006823,Montgomery County Police,Injury Crash,02/09/2018 08:59:00 AM,County,CAMERON ST,SECOND AVE,,N/A,PEDESTRIAN,SAME DIRECTION SIDESWIPE,CLEAR,DRY,DAYLIGHT,TRAFFIC SIGNAL,NONE DETECTED,NONE DETECTED,51515A9D-6D81-4479-B754-903FE177A431,PEDESTRIAN,Standing,OTHER,ON ROADWAY NOT AT CROSSWALK,No,SUSPECTED SERIOUS INJURY,OTHER,38.996235,-77.03155,"(38.996235, -77.03155)"
MCP31380025,200007705,Montgomery County Police,Injury Crash,02/15/2020 03:56:00 PM,,,,DRIVEWAY OF 16227 BATCHELLORS FOREST RD,,PEDESTRIAN,SINGLE VEHICLE,CLEAR,,DAYLIGHT,N/A,,N/A,06356F8E-6254-4D6A-BF1D-9C80D75B7C03,PEDESTRIAN,Getting off/on Vehicle,NO IMPROPER ACTIONS,CURB,Unknown,SUSPECTED MINOR INJURY,NONE,39.12212911,-77.06900082,"(39.12212911, -77.06900082)"
MCP29810015,17006783,Montgomery County Police,Injury Crash,02/07/2017 11:13:00 PM,Maryland (State),ROCKVILLE PIKE,SOUTHWOOD DR,,N/A,BICYCLIST,HEAD ON LEFT TURN,CLEAR,DRY,DARK LIGHTS ON,TRAFFIC SIGNAL,NONE DETECTED,NONE DETECTED,0EBAEACA-7EBD-458C-9786-97D2BA163527,BICYCLIST,Cross/Enter at Intersection,NOT VISIBLE,ON ROADWAY NOT AT CROSSWALK,Unknown,SUSPECTED MINOR INJURY,LIGHTING,38.99963,-77.09677833,"(38.99963, -77.09677833)"
MCP3176002T,240046564,MONTGOMERY,Injury Crash,09/29/2024 11:06:00 PM,US (State),COLESVILLE RD,,,,Pedestrian,Single Vehicle,Rain,Wet,Dark - Lighted,Traffic Control Signal,"Not Suspect of Alcohol Use, Not Suspect of Drug Use","Suspect of Alcohol Use, Not Suspect of Drug Use",D0C45196-07E6-4D8F-8AFE-3427799A6336,Pedestrian,Other,"In Roadway Improperly (Standing, Lying, Working, Playing)",Travel Lane Other Location,Yes,Suspected Minor Injury,None,38.99925033,-77.02606583,"(38.99925033, -77.02606583)"