Report Number,Local Case Number,Agency Name,ACRS Report Type,Crash Date/Time,Route Type,Road Name,Cross-Street Name,Off-Road Description,Municipality,Related Non-Motorist,Collision Type,Weather,Surface Condition,Light,Traffic Control,Driver Substance Abuse,Non-Motorist Substance Abuse,Person ID,Pedestrian Type,Pedestrian Movement,Pedestrian Actions,Pedestrian Location,At Fault,Injury Severity,Safety Equipment,Latitude,Longitude,Location
MCP12270019,200046895,Montgomery County Police,Fatal Crash,11/27/2020 10:10:00 PM,County,MONTROSE RD,EVELYN DR,,ROCKVILLE,OTHER CONVEYANCE,SINGLE VEHICLE,CLEAR,DRY,DARK LIGHTS ON,STOP SIGN,NONE DETECTED,NONE DETECTED,2C52E907-9A40-4234-B281-13D7402423D9,OTHER CONVEYANCE,Cross/Enter at Intersection,INATTENTIVE,AT INTERSECTION BUT NO CROSSWALK,Yes,FATAL INJURY,NONE,39.0534085,-77.13325147,"(39.0534085, -77.13325147)"
MCP24110006,15058987,MONTGOMERY,Injury Crash,11/18/2015 08:30:00 PM,Municipality,E JEFFERSON ST,ROLLINS AVE,,ROCKVILLE,PEDESTRIAN,OTHER,CLEAR,DRY,DARK -- UNKNOWN LIGHTING,TRAFFIC SIGNAL,N/A,N/A,F37F32F1-E8B8-42FE-9BF2-E923D41D927E,PEDESTRIAN,Cross/Enter not at Intersection,IN ROADWAY IMPROPERLY,ON ROADWAY NOT AT CROSSWALK,No,POSSIBLE INJURY,N/A,39.05850016,-77.12604046,"(39.05850016, -77.12604046)"
MCP28720014,15053386,MONTGOMERY,Injury Crash,10/21/2015 09:05:00 AM,County,CONTOUR RD,HORIZON RUN RD,,N/A,PEDESTRIAN,SINGLE VEHICLE,N/A,DRY,DAYLIGHT,N/A,NONE DETECTED,NONE DETECTED,9B5229AA-EB24-45BC-9392-E56D311F1BF5,PEDESTRIAN,Cross/Enter not at Intersection,FAILURE TO YIELD RIGHT OF WAY,ON ROADWAY NOT AT CROSSWALK,Yes,POSSIBLE INJURY,NONE,39.15546333,-77.19744,"(39.15546333, -77.19744)"
MCP27890050,180043679,Montgomery County Police,Injury Crash,09/01/2018 05:35:00 PM,Maryland (State),GEORGIA AVE,COLESVILLE RD,,N/A,PEDESTRIAN,SINGLE VEHICLE,CLEAR,DRY,DAYLIGHT,TRAFFIC SIGNAL,N/A,N/A,6A1362BB-6808-49D1-8357-AD17D4029552,PEDESTRIAN,Cross/Enter at Intersection,NO IMPROPER ACTIONS,AT INTERSECTION MARKED CROSSWALK,No,POSSIBLE INJURY,N/A,38.99581667,-77.02813,"(38.99581667, -77.02813)"
MCP2930001G,190016985,Montgomery County Police,Injury Crash,04/11/2019 10:49:00 PM,County,GLENALLAN AVE,RANDOLPH RD,,N/A,PEDESTRIAN,OTHER,CLEAR,DRY,DARK NO LIGHTS,TRAFFIC SIGNAL,NONE DETECTED,NONE DETECTED,35D8AE52-F1D9-4D0D-8241-D3DCEEEE0520,PEDESTRIAN,Cross/Enter at Intersection,UNKNOWN,ON ROADWAY AT CROSSWALK,No,SUSPECTED SERIOUS INJURY,N/A,39.06075333,-77.04502833,"(39.06075333, -77.04502833)"
MCP29780010,16014332,MONTGOMERY,Injury Crash,03/23/2016 11:45:00 AM,Maryland (State),ROCKVILLE PIKE,FIRST ST,,N/A,BICYCLIST,STRAIGHT MOVEMENT ANGLE,CLEAR,DRY,DAYLIGHT,STOP SIGN,UNKNOWN,NONE DETECTED,3AD24FDE-36B0-4BE9-904F-0ECF731E7499,BICYCLIST,Walking/Cycling on Sidewalk,NO IMPROPER ACTIONS,DRIVEWAY ACCESS MARKED CROSSWALK,No,SUSPECTED MINOR INJURY,UNKNOWN,39.07634285,-77.138502,"(39.07634285, -77.138502)"
MCP26270012,17001038,Montgomery County Police,Injury Crash,01/06/2017 06:15:00 PM,Maryland (State),OLD GEORGETOWN RD,GREENTREE RD,,N/A,PEDESTRIAN,SINGLE VEHICLE,CLEAR,OTHER,DARK LIGHTS ON,TRAFFIC SIGNAL,NONE DETECTED,NONE DETECTED,E74C52AD-7C61-44AB-BBFC-100AAAEDB222,PEDESTRIAN,Cross/Enter at Intersection,NO IMPROPER ACTIONS,ON ROADWAY AT CROSSWALK,Unknown,SUSPECTED MINOR INJURY,NONE,39.00039483,-77.10948717,"(39.00039483, -77.10948717)"
DD5630000B,180035731,Rockville Police Departme,Injury Crash,07/19/2018 11:35:00 AM,Municipality,MONROE ST,FLEET ST,,ROCKVILLE,PEDESTRIAN,OTHER,CLEAR,DRY,DAYLIGHT,TRAFFIC SIGNAL,NONE DETECTED,NONE DETECTED,7CBC03F4-C555-4A5A-BC96-2707699892AE,PEDESTRIAN,Cross/Enter at Intersection,N/A,ON ROADWAY AT CROSSWALK,No,SUSPECTED MINOR INJURY,NONE,39.08073411,-77.14995772,"(39.08073411, -77.14995772)"
MCP3048002Z,180016053,Montgomery County Police,Injury Crash,04/03/2018 08:15:00 AM,,,,PARKING LOT IN FRONT OF 6920 ARLINGTON RD,,PEDESTRIAN,OTHER,CLEAR,,DAYLIGHT,NO CONTROLS,NONE DETECTED,NONE DETECTED,86956F6D-6596-401E-A8F1-501C3D9114B5,PEDESTRIAN,Other,NO IMPROPER ACTIONS,OTHER,No,POSSIBLE INJURY,N/A,38.97707667,-77.09704667,"(38.97707667, -77.09704667)"
MCP3030004F,210038117,Montgomery County Police,Injury Crash,09/26/2021 05:32:00 PM,County,FALLS RD,BRICKYARD RD,,N/A,BICYCLIST,STRAIGHT MOVEMENT ANGLE,CLEAR,DRY,DAYLIGHT,STOP SIGN,N/A,N/A,9CBF7C6E-04CB-4898-81E8-6ED084E207D3,BICYCLIST,Walking/Riding w/Traffic,NO IMPROPER ACTIONS,OTHER,No,SUSPECTED SERIOUS INJURY,MC/BIKE HELMET,39.00242883,-77.2261555,"(39.00242883, -77.2261555)"
MCP12270029,250018231,MONTGOMERY,Fatal Crash,04/26/2025 09:59:00 PM,County Route,ASPEN HILL RD (SB/L),GEORGIA AVE,,,Pedestrian,Single Vehicle,Clear,Dry,Dark - Lighted,Pedestrian Crossing,"Not Suspect of Alcohol Use, Not Suspect of Drug Use","Unknown, Unknown",66384293-7DC1-47BE-90A0-B55F775C2970,Pedestrian,Unknown,Unknown,Travel Lane Other Location,No,Fatal Injury,None,39.08082916,-77.07518121,"(39.08082916, -77.07518121)"
MCP2790000V,16002885,Montgomery County Police,Injury Crash,01/15/2016 08:40:00 PM,County,GERMANTOWN RD,SHAKESPEARE BLVD,,N/A,PEDESTRIAN,SINGLE VEHICLE,RAINING,WET,DARK NO LIGHTS,N/A,NONE DETECTED,NONE DETECTED,721001E5-A29D-42ED-A78A-15D03E5DE345,PEDESTRIAN,Cross/Enter at Intersection,NO IMPROPER ACTIONS,AT INTERSECTION MARKED CROSSWALK,No,SUSPECTED MINOR INJURY,NONE,39.183875,-77.26271833,"(39.183875, -77.26271833)"
MCP28810023,17015769,Montgomery County Police,Injury Crash,03/28/2017 12:05:00 PM,Maryland (State),GERMANTOWN RD,AIRCRAFT DR,,N/A,OTHER CONVEYANCE,STRAIGHT MOVEMENT ANGLE,N/A,N/A,DAYLIGHT,TRAFFIC SIGNAL,N/A,N/A,88565610-D3CF-4B30-97D5-BE0B77B2B33C,OTHER CONVEYANCE,Cross/Enter at Intersection,FAILURE TO OBEY TRAFFIC SIGNS SIGNALS OR OFFICER,ON ROADWAY AT CROSSWALK,Yes,POSSIBLE INJURY,N/A,39.00864833,-77.113435,"(39.00864833, -77.113435)"
MCP2637004P,220031709,Montgomery County Police,Injury Crash,07/23/2022 11:30:00 AM,County,GLEN RD,TRAVILAH RD,,N/A,BICYCLIST,OTHER,CLEAR,DRY,DAYLIGHT,N/A,NONE DETECTED,NONE DETECTED,117DA1B4-CC69-48D3-BAB8-47A4D6DC7BE3,BICYCLIST,Walking/Riding w/Traffic,NO IMPROPER ACTIONS,SHOULDER,No,POSSIBLE INJURY,MC/BIKE HELMET,39.06776667,-77.25899333,"(39.06776667, -77.25899333)"
MCP3052004K,250021433,MONTGOMERY,Injury Crash,05/15/2025 11:00:00 AM,County Route,,,,,Cyclist (Electric),Single Vehicle,Clear,Dry,Daylight,No Controls,"Not Suspect of Alcohol Use, Not Suspect of Drug Use","Not Suspect of Alcohol Use, Not Suspect of Drug Use",A08CA3D1-D5F7-4C91-B642-FF616A5B9BCA,Cyclist (Electric),Walking/Cycling on Sidewalk,"Failure to Obey Traffic Signs, Signals, or Officer, Not Visible (Dark Clothing, No Lighting, etc.), Wrong-Way Riding or Walking",Driveway Access,Yes,Possible Injury,None,39.1677852,-77.17428102,"(39.1677852, -77.17428102)"
MCP28460095,230065008,Montgomery County Police,Injury Crash,11/07/2023 06:30:00 PM,County,DAYTON ST,UNIVERSITY BLVD W,,N/A,PEDESTRIAN,SINGLE VEHICLE,CLEAR,DRY,DARK -- UNKNOWN LIGHTING,NO CONTROLS,UNKNOWN,NONE DETECTED,5E5F7C03-8994-4A48-82B7-3346FAEFB196,PEDESTRIAN,Cross/Enter at Intersection,UNKNOWN,ON ROADWAY AT CROSSWALK,No,SUSPECTED SERIOUS INJURY,NONE,39.03869667,-77.04172576,"(39.03869667, -77.04172576)"
MCP33390017,230002795,Montgomery County Police,Injury Crash,01/18/2023 08:02:00 AM,County,WELLER RD,GOODHILL RD,,N/A,BICYCLIST,OTHER,CLEAR,DRY,DAYLIGHT,STOP SIGN,NONE DETECTED,NONE DETECTED,FAA2C4ED-301B-4368-84C6-BE0501AFAB70,BICYCLIST,Cross/Enter at Intersection,NO IMPROPER ACTIONS,AT INTERSECTION BUT NO CROSSWALK,No,POSSIBLE INJURY,NONE,39.063475,-77.0725245,"(39.063475, -77.0725245)"
MCP2664005H,210048328,Montgomery County Police,Injury Crash,11/28/2021 07:11:00 PM,Maryland (State),GEORGIA AVE,NORTH HIGH ST,,N/A,PEDESTRIAN,SINGLE VEHICLE,CLEAR,DRY,DARK LIGHTS ON,NO CONTROLS,NONE DETECTED,NONE DETECTED,3432F00F-99F6-491C-9081-10D07084C64A,PEDESTRIAN,Cross/Enter at Intersection,NO IMPROPER ACTIONS,AT INTERSECTION BUT NO CROSSWALK,No,POSSIBLE INJURY,NONE,39.15130217,-77.06704267,"(39.15130217, -77.06704267)"
MCP28890038,180034317,Montgomery County Police,Property Damage Crash,07/11/2018 05:58:00 PM,County,DALEWOOD DR,BLUHILL RD,,N/A,BICYCLIST,ANGLE MEETS RIGHT TURN,N/A,DRY,DAYLIGHT,NO CONTROLS,NONE DETECTED,NONE DETECTED,837D0FE7-DD27-432C-A2B9-D4424DFF3B65,BICYCLIST,Cross/Enter at Intersection,IMPROPER TURN MERGE,ON ROADWAY NOT AT CROSSWALK,Yes,NO APPARENT INJURY,NONE,39.05203,-77.07313833,"(39.05203, -77.07313833)"
EJ7858002C,180038495,Gaithersburg Police Depar,Injury Crash,08/03/2018 11:50:00 AM,Municipality,CHRISTOPHER AVE,RUSSELL AVE,,GAITHERSBURG,PEDESTRIAN,SINGLE VEHICLE,CLOUDY,DRY,DAYLIGHT,STOP SIGN,NONE DETECTED,NONE DETECTED,FFF247AB-8494-4BDD-AD74-FA9BBF94F5A1,PEDESTRIAN,Cross/Enter not at Intersection,NO IMPROPER ACTIONS,OTHER,No,SUSPECTED MINOR INJURY,NONE,39.1583657,-77.21244514,"(39.1583657, -77.21244514)"
MCP2187001J,230028783,Montgomery County Police,Injury Crash,06/12/2023 11:00:00 AM,,,,"PRIVATE PARKING LOT, 457 N FREDERICK AVE, GAITHERSBURG, MD 20877",,PEDESTRIAN,OTHER,CLEAR,,DAYLIGHT,NO CONTROLS,NONE DETECTED,UNKNOWN,D3B32506-B391-4C9F-BFC1-C313FFD394CB,PEDESTRIAN,Standing,NO IMPROPER ACTIONS,SIDEWALK,No,SUSPECTED MINOR INJURY,NONE,39.13853167,-77.19218333,"(39.13853167, -77.19218333)"
EJ78090033,220012113,Gaithersburg Police Depar,Injury Crash,03/21/2022 10:15:00 AM,,,,"9811 WASHINGTONIAN BLVD. GAITHERSBURG, MD. 20878 (KOHLS PARKING LOT / DRIVEWAY)",,BICYCLIST,STRAIGHT MOVEMENT ANGLE,CLEAR,,DAYLIGHT,STOP SIGN,NONE DETECTED,N/A,51D69BB1-800F-43F4-AC95-E6D30FD217AE,BICYCLIST,Walking/Cycling on Sidewalk,N/A,SIDEWALK,Yes,SUSPECTED MINOR INJURY,NONE,39.11740876,-77.20402021,"(39.11740876, -77.20402021)"
MCP2094004W,15021686,Montgomery County Police,Injury Crash,05/07/2015 10:20:00 AM,,,,"PARKING LOT OF
 11820 PARKLAWN DR",,OTHER,SINGLE VEHICLE,CLEAR,,DAYLIGHT,N/A,NONE DETECTED,NONE DETECTED,1E454FC7-5217-4FF3-94E6-9CE8E538C37E,OTHER,Other,OTHER,INSIDE BUILDING,,SUSPECTED SERIOUS INJURY,N/A,39.27647167,-77.21262167,"(39.27647167, -77.21262167)"
MCP29710024,16062654,Montgomery County Police,Injury Crash,12/06/2016 05:47:00 PM,US (State),COLUMBIA PIKE,MUSGROVE RD,,N/A,PEDESTRIAN,OTHER,RAINING,WET,DARK LIGHTS ON,TRAFFIC SIGNAL,NONE DETECTED,NONE DETECTED,4B6B985C-CDFC-40CB-943B-49AC394085BE,PEDESTRIAN,Cross/Enter at Intersection,NO IMPROPER ACTIONS,ON ROADWAY AT CROSSWALK,No,POSSIBLE INJURY,N/A,39.06778598,-76.95953496,"(39.06778598, -76.95953496)"
DD5614002B,170502068,Rockville Police Departme,Property Damage Crash,04/14/2017 08:00:00 AM,Maryland (State),FREDERICK RD,ENT TO SHADY GROVE METRO STATION,,N/A,PEDESTRIAN,STRAIGHT MOVEMENT ANGLE,CLOUDY,DRY,N/A,NO CONTROLS,UNKNOWN,NONE DETECTED,713AABB8-9697-47B9-AE86-7EFA39BC61B1,PEDESTRIAN,Walking/Riding against Traffic,NO IMPROPER ACTIONS,SIDEWALK,No,NO APPARENT INJURY,NONE,39.11785837,-77.16986775,"(39.11785837, -77.16986775)"
MCP292300B5,230065919,Montgomery County Police,Injury Crash,11/11/2023 02:30:00 PM,,,,EXIT OF PARKING LOT AT 2307 UNIVERSITY BLVD WEST,,PEDESTRIAN,OTHER,N/A,,DAYLIGHT,NO CONTROLS,UNKNOWN,NONE DETECTED,B079C02B-3CD7-4100-AC9F-BD6040DE5C24,PEDESTRIAN,Cross/Enter at Intersection,NO IMPROPER ACTIONS,DRIVEWAY ACCESS MARKED CROSSWALK,No,SUSPECTED MINOR INJURY,N/A,39.03434367,-77.04861933,"(39.03434367, -77.04861933)"
MCP2961000P,15051482,MONTGOMERY,Injury Crash,10/10/2015 05:53:00 PM,,,,Lower parking garage located at 11160 Veirs Mill Road (in front of Ruby Tusdays),,PEDESTRIAN,OTHER,CLEAR,,DAYLIGHT,NO CONTROLS,NONE DETECTED,NONE DETECTED,892E886E-3ABB-4B77-9F64-A8EE3FB58125,PEDESTRIAN,Walking/Riding w/Traffic,UNKNOWN,N/A,Unknown,SUSPECTED MINOR INJURY,NONE,39.03732799,-77.0552516,"(39.03732799, -77.0552516)"
MCP106400B0,200011578,Montgomery County Police,Injury Crash,03/09/2020 11:23:00 AM,Maryland (State),UNIVERSITY BLVD E,PINEY BRANCH RD,,N/A,PEDESTRIAN,OTHER,CLEAR,DRY,DAYLIGHT,N/A,N/A,N/A,FB0A720F-B2C5-4550-A79C-16EA748AA212,PEDESTRIAN,Standing,NO IMPROPER ACTIONS,SIDEWALK,No,SUSPECTED SERIOUS INJURY,N/A,39.00060833,-76.99547833,"(39.00060833, -76.99547833)"
MCP229800YM,210039830,Montgomery County Police,Injury Crash,10/06/2021 02:11:00 PM,County,SNOUFFERS SCHOOL RD,BONANZA WAY,,N/A,PEDESTRIAN,OTHER,CLOUDY,WET,DAYLIGHT,NO CONTROLS,NONE DETECTED,NONE DETECTED,7BF6BAE3-FB96-4D2D-B4BB-F44AE37DF5B5,PEDESTRIAN,Cross/Enter at Intersection,NO IMPROPER ACTIONS,AT INTERSECTION BUT NO CROSSWALK,No,POSSIBLE INJURY,NONE,39.16635853,-77.17087379,"(39.16635853, -77.17087379)"
MCP30300058,230014639,Montgomery County Police,Injury Crash,03/26/2023 05:05:00 PM,County,PERSIMMON TREE RD,OAKLYN DR,,N/A,BICYCLIST,STRAIGHT MOVEMENT ANGLE,CLEAR,DRY,DAYLIGHT,STOP SIGN,N/A,N/A,0273BC1B-C5AC-4B04-9EC2-272870145681,BICYCLIST,Cross/Enter at Intersection,OTHER,OTHER,Yes,POSSIBLE INJURY,MC/BIKE HELMET,38.99770667,-77.18886933,"(38.99770667, -77.18886933)"
MCP29740029,190012698,Montgomery County Police,Injury Crash,03/19/2019 05:29:00 PM,Maryland (State),NEW HAMPSHIRE AVE,DILSTON RD,,N/A,PEDESTRIAN,OTHER,CLEAR,DRY,DAYLIGHT,N/A,NONE DETECTED,NONE DETECTED,37E5E796-5B9D-4B6F-9A26-0B44FBD2E05B,PEDESTRIAN,Cross/Enter at Intersection,UNKNOWN,AT INTERSECTION MARKED CROSSWALK,Unknown,POSSIBLE INJURY,NONE,39.01135722,-76.97907602,"(39.01135722, -76.97907602)"
MCP2395001N,200040507,Montgomery County Police,Injury Crash,10/14/2020 02:25:00 PM,Maryland (State),FISHER AVE,FYFFE RD,,POOLESVILLE,BICYCLIST,SINGLE VEHICLE,CLEAR,DRY,DAYLIGHT,OTHER,NONE DETECTED,NONE DETECTED,EEA39DE7-EDE1-45FA-B072-393F372E0D1E,BICYCLIST,Cross/Enter at Intersection,NO IMPROPER ACTIONS,ON ROADWAY AT CROSSWALK,No,SUSPECTED MINOR INJURY,MC/BIKE HELMET,39.14494176,-77.41264201,"(39.14494176, -77.41264201)"
MCP3029000C,17011842,Montgomery County Police,Injury Crash,03/06/2017 03:35:00 PM,County,HANNES ST,HANNES CT,,N/A,PEDESTRIAN,N/A,CLEAR,DRY,DAYLIGHT,NO CONTROLS,NONE DETECTED,NONE DETECTED,368DD248-0A1B-44E9-96B4-127D7DA23F11,PEDESTRIAN,Cross/Enter not at Intersection,DART DASH,ON ROADWAY NOT AT CROSSWALK,Yes,POSSIBLE INJURY,NONE,39.03252253,-77.01897204,"(39.03252253, -77.01897204)"
HA2449000L,19002876,Maryland-National Capital,Injury Crash,10/26/2019 09:48:00 AM,County,DENNIS AVE,SLIGO CREEK PKWY,,N/A,BICYCLIST,SINGLE VEHICLE,CLEAR,DRY,DAYLIGHT,WARNING SIGN,N/A,N/A,CE1C3A9F-50CA-4A0F-8D7D-C0B93E775C03,BICYCLIST,Other,NO IMPROPER ACTIONS,ON ROADWAY AT CROSSWALK,No,SUSPECTED MINOR INJURY,MC/BIKE HELMET,39.0242296,-77.03047455,"(39.0242296, -77.03047455)"
EJ78700020,190045638,Gaithersburg Police Depar,Injury Crash,09/23/2019 08:02:00 PM,County,FIELDS RD,RIO BLVD,,GAITHERSBURG,OTHER CONVEYANCE,STRAIGHT MOVEMENT ANGLE,CLEAR,DRY,DARK LIGHTS ON,NO CONTROLS,NONE DETECTED,NONE DETECTED,AFA9DE77-1C2F-4ABE-8055-0046E48913B4,OTHER CONVEYANCE,Cross/Enter not at Intersection,FAILURE TO YIELD RIGHT OF WAY,ON ROADWAY AT CROSSWALK,Yes,POSSIBLE INJURY,NONE,39.11428548,-77.20563496,"(39.11428548, -77.20563496)"
MCP30780040,210030682,Montgomery County Police,Injury Crash,08/07/2021 01:32:00 PM,County,TUCKER LA,ASTORIA LA,,N/A,BICYCLIST,STRAIGHT MOVEMENT ANGLE,CLEAR,DRY,DAYLIGHT,STOP SIGN,NONE DETECTED,NONE DETECTED,8B9F4941-67E6-43ED-89F3-23A75E3D0E65,BICYCLIST,Cross/Enter at Intersection,FAILURE TO YIELD RIGHT OF WAY,ON ROADWAY NOT AT CROSSWALK,Yes,SUSPECTED SERIOUS INJURY,NONE,39.14694,-76.98879833,"(39.14694, -76.98879833)"
MCP1378005P,15017307,Montgomery County Police,Injury Crash,04/14/2015 01:36:00 PM,County,SHADY GROVE RD,RAMP 1 FR IS 270 NB TO SHADY GROVE RD WB,,N/A,OTHER,SAME DIR REAR END,RAINING,WET,DAYLIGHT,TRAFFIC SIGNAL,NONE DETECTED,NONE DETECTED,CE4EEED2-5E10-4006-B388-9EB95F0327AF,OTHER,Other,DISABLED VEHICLE RELATED,ON ROADWAY NOT AT CROSSWALK,,SUSPECTED SERIOUS INJURY,N/A,39.11166,-77.18718,"(39.11166, -77.18718)"
MCP10220043,16007223,Montgomery County Police,Injury Crash,02/12/2016 08:55:00 AM,,,,"PARKING LOT- HI-TECH BUILDING MONTGOMERY COLLEGE-GERMANTOWN
20200 OBSERVATION DR
GERMANTOWN, MD",,PEDESTRIAN,SINGLE VEHICLE,CLEAR,,DAYLIGHT,NO CONTROLS,NONE DETECTED,NONE DETECTED,B104F531-5EAA-4F1C-A491-E9F1BCC8CF25,PEDESTRIAN,Walking to/from school,NO IMPROPER ACTIONS,OTHER,No,POSSIBLE INJURY,NONE,39.18599167,-77.24507333,"(39.18599167, -77.24507333)"
MCP22910015,15023665,Montgomery County Police,Injury Crash,05/17/2015 05:49:00 PM,,,,entrance/driveway to 4601 N.Park Avenue (The Elizabeth Apartments),,PEDESTRIAN,OTHER,CLEAR,,DAYLIGHT,N/A,NONE DETECTED,NONE DETECTED,C4D96C75-B143-4126-AC1F-305A9427F23A,PEDESTRIAN,Standing,OTHER,CURB,,POSSIBLE INJURY,N/A,38.96341667,-77.09098333,"(38.96341667, -77.09098333)"
MCP2846001M,16010641,MONTGOMERY,Injury Crash,03/03/2016 02:49:00 PM,,,,LOWER LEVEL PARKING LOT MACYS,,PEDESTRIAN,HEAD ON LEFT TURN,CLEAR,,DAYLIGHT,OTHER,NONE DETECTED,NONE DETECTED,2DD75FE3-4C78-4E71-8320-11B5BEDD234C,PEDESTRIAN,Cross/Enter at Intersection,NO IMPROPER ACTIONS,ON ROADWAY AT CROSSWALK,No,POSSIBLE INJURY,N/A,39.03802,-77.05494667,"(39.03802, -77.05494667)"
MCP2912000P,15010313,Montgomery County Police,Injury Crash,03/05/2015 10:41:00 AM,,,,parking garage @ 5454 The Hills plz,,PEDESTRIAN,N/A,SNOW,,DAYLIGHT,NO CONTROLS,NONE DETECTED,NONE DETECTED,9AF7ED17-3A87-4F41-A456-5CCEC472D3AD,PEDESTRIAN,Unknown,UNKNOWN,OTHER,,POSSIBLE INJURY,N/A,38.96288833,-77.08758,"(38.96288833, -77.08758)"
MCP2351001D,170533176,Montgomery County Police,Injury Crash,09/26/2017 08:56:00 AM,County,TWINBROOK PKWY,HALPINE RD,,N/A,PEDESTRIAN,OTHER,CLEAR,DRY,DAYLIGHT,OTHER,NONE DETECTED,NONE DETECTED,55AD17AA-288B-4A05-BB87-F96CC7BA9F8B,PEDESTRIAN,Cross/Enter at Intersection,NO IMPROPER ACTIONS,AT INTERSECTION MARKED CROSSWALK,No,SUSPECTED MINOR INJURY,NONE,39.06642872,-77.11469203,"(39.06642872, -77.11469203)"
MCP31210057,230010592,Montgomery County Police,Injury Crash,03/03/2023 12:30:00 PM,,,,IFO PARKING AREA OF 20002 HOB HILL WAY,,PEDESTRIAN,SINGLE VEHICLE,OTHER,,DAYLIGHT,NO CONTROLS,NONE DETECTED,NONE DETECTED,16FBEFDC-DC45-4ACD-9116-F13EC5EC2AFC,PEDESTRIAN,Other,NO IMPROPER ACTIONS,CURB,No,SUSPECTED MINOR INJURY,NONE,39.18562269,-77.19750359,"(39.18562269, -77.19750359)"
MCP2788001P,180065156,Montgomery County Police,Injury Crash,12/30/2018 01:00:00 AM,Maryland (State),VEIRS MILL RD,ENNALLS AVE,,N/A,PEDESTRIAN,OTHER,CLEAR,DRY,DARK LIGHTS ON,NO CONTROLS,UNKNOWN,NONE DETECTED,1DDC6E3B-04BC-409A-98DA-29FB9A3D7843,PEDESTRIAN,Cross/Enter at Intersection,NO IMPROPER ACTIONS,ON ROADWAY AT CROSSWALK,No,SUSPECTED MINOR INJURY,NONE,39.03937833,-77.054055,"(39.03937833, -77.054055)"
MCP2936004F,210012350,Montgomery County Police,Injury Crash,04/02/2021 04:17:00 PM,County,NICHOLSON LA,WOODGLEN DR,,N/A,PEDESTRIAN,OTHER,CLEAR,DRY,N/A,TRAFFIC SIGNAL,UNKNOWN,NONE DETECTED,9958476B-BA66-433F-8F2C-80FC04DDB68F,PEDESTRIAN,Cross/Enter at Intersection,NO IMPROPER ACTIONS,AT INTERSECTION MARKED CROSSWALK,No,SUSPECTED MINOR INJURY,NONE,39.045375,-77.118855,"(39.045375, -77.118855)"
MCP1575005H,170522067,Montgomery County Police,Injury Crash,07/31/2017 09:06:00 AM,Maryland (State),FREDERICK RD,REDLAND RD,,N/A,BICYCLIST,OTHER,CLEAR,DRY,DAYLIGHT,NO CONTROLS,NONE DETECTED,NONE DETECTED,26C5B1FE-CAFE-4B52-A8A1-BF8627917602,BICYCLIST,Other,NO IMPROPER ACTIONS,SIDEWALK,No,POSSIBLE INJURY,NONE,39.11558333,-77.16568667,"(39.11558333, -77.16568667)"
MCP2864001C,15054855,MONTGOMERY,Injury Crash,10/28/2015 06:44:00 PM,County,PARKLAWN DR,BRAXFIELD CT,,N/A,PEDESTRIAN,HEAD ON LEFT TURN,RAINING,WET,DARK NO LIGHTS,STOP SIGN,NONE DETECTED,NONE DETECTED,920199CC-0F5D-47F3-92BB-DE8CDDB3E5F7,PEDESTRIAN,Cross/Enter at Intersection,NO IMPROPER ACTIONS,AT INTERSECTION MARKED CROSSWALK,No,SUSPECTED MINOR INJURY,N/A,39.056465,-77.10794333,"(39.056465, -77.10794333)"
DD5612003L,230017836,Rockville Police Departme,Property Damage Crash,04/13/2023 06:26:00 PM,,,,DRIVEWAY OF 801 ROCKVILLE PIKE,,OTHER CONVEYANCE,SINGLE VEHICLE,CLEAR,,DAYLIGHT,NO CONTROLS,UNKNOWN,UNKNOWN,8B51E094-ABF5-421F-95A2-E122A22BA3D3,OTHER CONVEYANCE,Walking/Riding against Traffic,NO IMPROPER ACTIONS,DRIVEWAY ACCESS MARKED CROSSWALK,No,NO APPARENT INJURY,N/A,39.07665858,-77.13902785,"(39.07665858, -77.13902785)"
DD56430029,220034122,Rockville Police Departme,Injury Crash,08/09/2022 03:52:00 AM,Municipality,VEIRS MILL SERV RD,BRADLEY AVE,,ROCKVILLE,BICYCLIST,OTHER,CLEAR,DRY,DARK LIGHTS ON,NO CONTROLS,UNKNOWN,NONE DETECTED,45554FE6-395F-439E-93EA-B6D12467D215,BICYCLIST,Walking/Riding w/Traffic,NO IMPROPER ACTIONS,ON ROADWAY NOT AT CROSSWALK,No,POSSIBLE INJURY,NONE,39.07600333,-77.116835,"(39.07600333, -77.116835)"
MCP1002000Y,200011326,Montgomery County Police,Injury Crash,03/07/2020 05:00:00 PM,,,,PARKING LOT IN FRONT OF 516 N FREDERICK RD,,PEDESTRIAN,SINGLE VEHICLE,CLEAR,,DAYLIGHT,NO CONTROLS,NONE DETECTED,NONE DETECTED,B98C6BC0-67E3-44D6-BC39-05CA5EE766C7,PEDESTRIAN,Cross/Enter at Intersection,NO IMPROPER ACTIONS,AT INTERSECTION MARKED CROSSWALK,No,POSSIBLE INJURY,NONE,39.14788,-77.2091,"(39.14788, -77.2091)"
MCP3169003Y,210017670,Montgomery County Police,Injury Crash,05/11/2021 09:00:00 AM,Maryland (State),GEORGIA AVE,RAMP 6 FR IS 495 EB TO MD 97 SB,,N/A,PEDESTRIAN,OTHER,CLEAR,DRY,DAYLIGHT,N/A,N/A,N/A,C00AD95C-4666-48AF-BE70-A456F966010E,PEDESTRIAN,Standing,NO IMPROPER ACTIONS,SHOULDER,No,POSSIBLE INJURY,N/A,39.01356542,-77.04205078,"(39.01356542, -77.04205078)"
MCP2339006S,220008272,Montgomery County Police,Injury Crash,02/25/2022 04:06:00 PM,Municipality,PICCARD DR,GAITHER RD,,ROCKVILLE,"OTHER, PEDESTRIAN",OTHER,CLEAR,DRY,DAYLIGHT,TRAFFIC SIGNAL,NONE DETECTED,NONE DETECTED,B32F79DC-2C2A-4423-9000-DA4AB954CD01,OTHER,Cross/Enter at Intersection,NO IMPROPER ACTIONS,ON ROADWAY AT CROSSWALK,No,POSSIBLE INJURY,NONE,39.115235,-77.17854167,"(39.115235, -77.17854167)"