Report Number,Local Case Number,Agency Name,ACRS Report Type,Crash Date/Time,Route Type,Road Name,Cross-Street Name,Off-Road Description,Municipality,Related Non-Motorist,Collision Type,Weather,Surface Condition,Light,Traffic Control,Driver Substance Abuse,Non-Motorist Substance Abuse,Person ID,Pedestrian Type,Pedestrian Movement,Pedestrian Actions,Pedestrian Location,At Fault,Injury Severity,Safety Equipment,Latitude,Longitude,Location
EJ78840035,210044861,Gaithersburg Police Depar,Injury Crash,11/05/2021 05:12:00 PM,Maryland (State),CLOPPER RD,SPUR FR MD 124,,N/A,PEDESTRIAN,SINGLE VEHICLE,CLEAR,DRY,DAYLIGHT,TRAFFIC SIGNAL,NONE DETECTED,N/A,11E656AA-A656-4325-879E-CD3C4A5AF621,PEDESTRIAN,Cross/Enter at Intersection,UNKNOWN,ON ROADWAY AT CROSSWALK,Unknown,NO APPARENT INJURY,NONE,39.14250693,-77.22108205,"(39.14250693, -77.22108205)"
MCP235300C7,230053644,Montgomery County Police,Injury Crash,09/07/2023 01:29:00 PM,Maryland (State),WISCONSIN AVE,WILLOW LA,,N/A,PEDESTRIAN,SINGLE VEHICLE,CLOUDY,DRY,DAYLIGHT,OTHER,NONE DETECTED,NONE DETECTED,5AC1AF93-0634-49B7-84BA-E9268F4E22A5,PEDESTRIAN,Cross/Enter at Intersection,FAILURE TO OBEY TRAFFIC SIGNS SIGNALS OR OFFICER,OTHER,Yes,SUSPECTED MINOR INJURY,NONE,38.98128283,-77.09254467,"(38.98128283, -77.09254467)"
MCP3000002N,190026219,Montgomery County Police,Injury Crash,06/01/2019 10:27:00 PM,County,MIDDLEBROOK RD,WARING STATION RD,,N/A,PEDESTRIAN,SINGLE VEHICLE,CLEAR,DRY,DARK LIGHTS ON,TRAFFIC SIGNAL,NONE DETECTED,NONE DETECTED,12862211-19AD-42F6-B77A-10BA5F788CB0,PEDESTRIAN,Cross/Enter at Intersection,OTHER,AT INTERSECTION MARKED CROSSWALK,No,SUSPECTED MINOR INJURY,N/A,39.17525182,-77.25361113,"(39.17525182, -77.25361113)"
DD5649003N,240005047,ROCKVILLE,Injury Crash,01/31/2024 07:39:00 PM,Municipality Route,N STONESTREET AVE,PARK RD (WB/L),,,Pedestrian,Single Vehicle,Clear,Dry,Dark - Lighted,Flashing Traffic Control Signal,"Not Suspect of Alcohol Use, Not Suspect of Drug Use","Not Suspect of Alcohol Use, Not Suspect of Drug Use",8DD1D459-191D-4EBD-9EDE-18DD214523D4,Pedestrian,Cross/Enter at Intersection,Failure to Yield Right-Of-Way,Intersection Other,No,Suspected Minor Injury,None,39.0855119,-77.1466818,"(39.0855119, -77.1466818)"
MCP29270010,16026289,Montgomery County Police,Property Damage Crash,05/26/2016 08:02:00 PM,County,WAYNE AVE,SLIGO CREEK PKWY,,N/A,BICYCLIST,HEAD ON LEFT TURN,CLEAR,DRY,DAYLIGHT,TRAFFIC SIGNAL,NONE DETECTED,NONE DETECTED,EFC21E43-6AA4-4479-B31D-D841A71EB42F,BICYCLIST,Cross/Enter at Intersection,NO IMPROPER ACTIONS,ON ROADWAY AT CROSSWALK,No,NO APPARENT INJURY,MC/BIKE HELMET,38.99964857,-77.01058343,"(38.99964857, -77.01058343)"
DD5583003D,170539999,Rockville Police Departme,Injury Crash,10/31/2017 02:45:00 PM,Maryland (State),ROCKVILLE PIKE,RICHARD MONTGOMERY DR,,ROCKVILLE,PEDESTRIAN,SINGLE VEHICLE,CLEAR,DRY,DAYLIGHT,TRAFFIC SIGNAL,UNKNOWN,NONE DETECTED,2B8EF060-2650-4557-A106-05513B07DFE2,PEDESTRIAN,Cross/Enter at Intersection,NO IMPROPER ACTIONS,AT INTERSECTION MARKED CROSSWALK,No,SUSPECTED MINOR INJURY,N/A,39.08033071,-77.14409441,"(39.08033071, -77.14409441)"
MCP3018000H,17011232,Montgomery County Police,Injury Crash,03/03/2017 05:35:00 AM,,BEL PRE RD,SUN VALLEY CIR,,N/A,PEDESTRIAN,OTHER,OTHER,WET,DARK LIGHTS ON,NO CONTROLS,NONE DETECTED,NONE DETECTED,5F454389-13C8-4CE6-8DED-A3601D644F72,PEDESTRIAN,Cross/Enter not at Intersection,FAILURE TO YIELD RIGHT OF WAY,ON ROADWAY NOT AT CROSSWALK,Yes,POSSIBLE INJURY,NONE,39.09050051,-77.04785943,"(39.09050051, -77.04785943)"
MCP33420009,220045119,Montgomery County Police,Injury Crash,10/14/2022 06:32:00 PM,Maryland (State),NEW HAMPSHIRE AVE,ASHTON OAKS CT,,N/A,PEDESTRIAN,SINGLE VEHICLE,CLEAR,DRY,DARK NO LIGHTS,NO CONTROLS,NONE DETECTED,ALCOHOL PRESENT,EE675A5C-AE35-4AB1-9381-89535E31068D,PEDESTRIAN,Walking/Riding w/Traffic,DART DASH,ON ROADWAY NOT AT CROSSWALK,Yes,SUSPECTED SERIOUS INJURY,NONE,39.15768979,-77.01388182,"(39.15768979, -77.01388182)"
MCP2769000N,15003271,Montgomery County Police,Injury Crash,01/20/2015 09:13:00 PM,,,,PARKING LOT @ 237 KENTLANDS BLVD,,PEDESTRIAN,OTHER,CLEAR,,DARK LIGHTS ON,N/A,N/A,N/A,C28CC53B-7A2B-424F-810F-2D07C0BC45C8,PEDESTRIAN,Cross/Enter at Intersection,NO IMPROPER ACTIONS,OUTSIDE RIGHT OF WAY,,POSSIBLE INJURY,N/A,39.12499,-77.239035,"(39.12499, -77.239035)"
MCP1323001N,220002521,Montgomery County Police,Property Damage Crash,01/20/2022 02:30:00 PM,Maryland (State),COLESVILLE RD,EAST WEST HWY,,N/A,BICYCLIST,SAME DIRECTION SIDESWIPE,CLOUDY,WET,DAYLIGHT,TRAFFIC SIGNAL,NONE DETECTED,NONE DETECTED,FA4F0B13-20B2-4B19-B9A4-2D548F3E562E,BICYCLIST,Cross/Enter at Intersection,UNKNOWN,ON ROADWAY AT CROSSWALK,Unknown,NO APPARENT INJURY,MC/BIKE HELMET,38.99419,-77.03125333,"(38.99419, -77.03125333)"
MCP32220025,220054508,Montgomery County Police,Injury Crash,12/09/2022 01:30:00 PM,County,NICHOLSON LA,ROCKVILLE PIKE,,N/A,PEDESTRIAN,N/A,CLOUDY,DRY,DAYLIGHT,TRAFFIC SIGNAL,UNKNOWN,NONE DETECTED,C6DE599C-A31E-42AD-8416-BCA3C91BA5D3,PEDESTRIAN,Cross/Enter at Intersection,NO IMPROPER ACTIONS,CURB,No,POSSIBLE INJURY,NONE,39.04454395,-77.11195198,"(39.04454395, -77.11195198)"
DM8503001Q,240034144,TAKOMA,Injury Crash,07/19/2024 04:59:00 PM,Municipality Route,SYCAMORE AVE,,,,Pedestrian,Single Vehicle,Clear,Dry,Daylight,No Controls,"Not Suspect of Alcohol Use, Not Suspect of Drug Use","Not Suspect of Alcohol Use, Not Suspect of Drug Use",E96216AF-A668-4867-BE44-B9D8C06780D8,Pedestrian,Getting Off/On Vehicle,"Entering/Exiting Parked/Standing Vehicle, Other",Driveway Access,No,Suspected Minor Injury,None,38.97641824,-77.00453773,"(38.97641824, -77.00453773)"
MCP3258004Y,250011265,MONTGOMERY,Property Damage Crash,03/14/2025 04:29:00 PM,Maryland (State) Route,UNIVERSITY BLVD W,,,,Cyclist (Electric),Single Vehicle,Clear,Dry,Daylight,Traffic Control Signal,"Not Suspect of Alcohol Use, Not Suspect of Drug Use","Not Suspect of Alcohol Use, Not Suspect of Drug Use",16C44B94-1B6A-440E-B8D4-1A0868D97AC2,Cyclist (Electric),Walking/Cycling Along Roadway With Traffic (In or Adjacent to Travel Lane),None (No Improper Action),Other,No,No Apparent Injury,None,39.04138277,-77.04892881,"(39.04138277, -77.04892881)"
MCP3109008S,230065376,Montgomery County Police,Injury Crash,11/09/2023 06:29:00 AM,County,AVENEL RD,NORTHAMPTON DR,,N/A,PEDESTRIAN,OTHER,CLEAR,DRY,DAWN,STOP SIGN,UNKNOWN,NONE DETECTED,3079BC78-190B-41E8-9A9E-C4C34EFBE067,PEDESTRIAN,Cross/Enter at Intersection,NO IMPROPER ACTIONS,ON ROADWAY AT CROSSWALK,No,SUSPECTED MINOR INJURY,NONE,39.00706072,-76.98051033,"(39.00706072, -76.98051033)"
MCP2892006C,190019593,Montgomery County Police,Injury Crash,04/26/2019 03:16:00 PM,County,SPRING ST,CAMERON ST,,N/A,PEDESTRIAN,OTHER,RAINING,WET,DAYLIGHT,TRAFFIC SIGNAL,NONE DETECTED,NONE DETECTED,D246FFB4-79BE-4918-A50D-7AE6AD238C87,PEDESTRIAN,Cross/Enter at Intersection,NO IMPROPER ACTIONS,ON ROADWAY AT CROSSWALK,No,POSSIBLE INJURY,NONE,38.99965111,-77.02785858,"(38.99965111, -77.02785858)"
HA24770003,20002031,Maryland-National Capital,Injury Crash,08/25/2020 07:53:00 AM,Government,BEACH DR,WEXFORD DR,,N/A,BICYCLIST,ANGLE MEETS RIGHT TURN,CLEAR,DRY,DAYLIGHT,STOP SIGN,NONE DETECTED,NONE DETECTED,A850809D-4628-439A-943F-F6D9A8BA2202,BICYCLIST,Walking/Riding w/Traffic,NO IMPROPER ACTIONS,AT INTERSECTION BUT NO CROSSWALK,No,POSSIBLE INJURY,MC/BIKE HELMET,39.03618719,-77.08453341,"(39.03618719, -77.08453341)"
HA23300007,15000703,Maryland-National Capital,Injury Crash,07/06/2015 10:11:00 AM,Maryland (State),UNIVERSITY BLVD W,SLIGO CREEK PKWY,,N/A,PEDESTRIAN,OTHER,CLEAR,DRY,DAYLIGHT,TRAFFIC SIGNAL,NONE DETECTED,NONE DETECTED,43B919F3-198F-4AAB-B2D9-18797A218B3F,PEDESTRIAN,Other,OTHER,OTHER,Yes,SUSPECTED MINOR INJURY,N/A,39.07366167,-77.00741167,"(39.07366167, -77.00741167)"
MCP2977007X,200051049,Montgomery County Police,Injury Crash,12/28/2020 01:51:00 PM,US (State),COLESVILLE RD,SOUTHWOOD AVE,,N/A,PEDESTRIAN,OTHER,CLEAR,DRY,DAYLIGHT,NO CONTROLS,N/A,N/A,15DC7ABD-53B0-4B27-8158-B8D4F3370060,PEDESTRIAN,Getting off/on Vehicle,ENTERING EXITING PARKED STANDING VEHICLE,OTHER,Yes,SUSPECTED MINOR INJURY,NONE,39.02638346,-77.01059628,"(39.02638346, -77.01059628)"
MCP115100CL,210039551,Montgomery County Police,Injury Crash,10/05/2021 07:25:00 AM,,,,PARKING LOT OF 12850 MIDDLEBROOK ROAD,,OTHER CONVEYANCE,STRAIGHT MOVEMENT ANGLE,CLEAR,,DAYLIGHT,STOP SIGN,NONE DETECTED,NONE DETECTED,AB3D6AA6-C594-4331-909A-4E8B524166BE,OTHER CONVEYANCE,Cross/Enter at Intersection,FAILURE TO YIELD RIGHT OF WAY,OTHER,Yes,SUSPECTED MINOR INJURY,NONE,39.17687833,-77.2663,"(39.17687833, -77.2663)"
MCP3127002Q,230061478,Montgomery County Police,Injury Crash,10/19/2023 03:54:00 PM,Maryland (State),EAST WEST HWY,GRUBB RD,,N/A,PEDESTRIAN,OTHER,CLEAR,DRY,DAYLIGHT,TRAFFIC SIGNAL,NONE DETECTED,NONE DETECTED,A10B41CC-0479-4A64-8EFB-69211F13AE07,PEDESTRIAN,Cross/Enter at Intersection,DART DASH,ON ROADWAY AT CROSSWALK,Yes,SUSPECTED MINOR INJURY,NONE,38.99385617,-77.0514365,"(38.99385617, -77.0514365)"
MCP22980098,16041928,Montgomery County Police,Injury Crash,08/18/2016 01:00:00 PM,County,SHAKESPEARE BLVD,FREDERICK RD,,N/A,BICYCLIST,OTHER,CLEAR,DRY,N/A,TRAFFIC SIGNAL,NONE DETECTED,N/A,08281D21-C5D4-407C-BA37-460388DBC3FA,BICYCLIST,Cross/Enter at Intersection,NO IMPROPER ACTIONS,ON ROADWAY AT CROSSWALK,No,POSSIBLE INJURY,MC/BIKE HELMET,39.19834669,-77.24505812,"(39.19834669, -77.24505812)"
MCP9419001S,180043414,Montgomery County Police,Injury Crash,08/31/2018 09:55:00 AM,County,SEVEN LOCKS RD,MONTROSE RD,,N/A,PEDESTRIAN,OTHER,CLEAR,DRY,DAYLIGHT,TRAFFIC SIGNAL,NONE DETECTED,NONE DETECTED,09EB4AAA-A314-4699-BFBD-FDD705EA7696,PEDESTRIAN,Other Working,N/A,ON ROADWAY NOT AT CROSSWALK,Yes,SUSPECTED MINOR INJURY,REFLECTIVE CLOTHING,39.05682167,-77.16154333,"(39.05682167, -77.16154333)"
MCP2016003Z,190011248,Montgomery County Police,Injury Crash,03/11/2019 01:28:00 PM,,,,PARKING LOT OF BED BATH AND BEYOND- 1519 ROCKVILLE PIKE,,PEDESTRIAN,SINGLE VEHICLE,CLEAR,,DAYLIGHT,N/A,N/A,N/A,A06B3A2F-6598-48F0-9DB3-B0B1F4A56D43,PEDESTRIAN,Other,NO IMPROPER ACTIONS,OTHER,No,SUSPECTED SERIOUS INJURY,N/A,38.953,-77.338,"(38.953, -77.338)"
DM8479001C,220021661,Takoma Park Police Depart,Injury Crash,05/21/2022 10:12:00 AM,,,,PARKING LOT,,PEDESTRIAN,N/A,N/A,,DAYLIGHT,NO CONTROLS,NONE DETECTED,NONE DETECTED,4A07043C-64F7-4703-8B5B-E53C84C844B2,PEDESTRIAN,Other,OTHER,OTHER,Unknown,POSSIBLE INJURY,NONE,38.98664837,-76.98786523,"(38.98664837, -76.98786523)"
MCP2739003R,200051544,Montgomery County Police,Injury Crash,12/31/2020 11:12:00 PM,US (State),COLESVILLE RD,CRESTMOOR DR,,N/A,BICYCLIST,SAME DIR REAR END,CLEAR,DRY,DARK LIGHTS ON,NO CONTROLS,OTHER,N/A,AE93E677-84E8-4E5D-9B89-7395C535CD08,BICYCLIST,Walking/Riding w/Traffic,N/A,SHOULDER,No,SUSPECTED MINOR INJURY,REFLECTIVE CLOTHING,39.030665,-77.00602,"(39.030665, -77.00602)"
DD5527004T,230052328,Rockville Police Departme,Injury Crash,08/30/2023 09:00:00 PM,,,,PARKING LOT OF 845 ROCKVILLE PIKE ROCKVILLE MD 20850,,PEDESTRIAN,OTHER,CLEAR,,DARK LIGHTS ON,NO CONTROLS,NONE DETECTED,NONE DETECTED,48E19622-A231-4505-8A89-77F642A45219,PEDESTRIAN,Cross/Enter not at Intersection,NO IMPROPER ACTIONS,ON ROADWAY NOT AT CROSSWALK,No,NO APPARENT INJURY,NONE,39.07432118,-77.13761745,"(39.07432118, -77.13761745)"
MCP2536000D,15040498,MONTGOMERY,Injury Crash,08/14/2015 03:20:00 AM,Maryland (State),VEIRS MILL RD,FERRARA AVE,,N/A,PEDESTRIAN,OTHER,CLEAR,DRY,DARK LIGHTS ON,NO CONTROLS,N/A,ALCOHOL PRESENT,A914D581-187F-4FA0-811F-504C65439D90,PEDESTRIAN,Walking/Cycling on Sidewalk,NO IMPROPER ACTIONS,SIDEWALK,No,SUSPECTED MINOR INJURY,NONE,39.05307167,-77.077145,"(39.05307167, -77.077145)"
MCP2780005H,210035455,Montgomery County Police,Injury Crash,09/09/2021 02:25:00 PM,County,SHAKESPEARE BLVD,OBSERVATION DR,,N/A,PEDESTRIAN,SINGLE VEHICLE,CLOUDY,DRY,DAYLIGHT,N/A,N/A,N/A,8E300ADF-0610-4D1A-8582-183B317AB2B8,PEDESTRIAN,Cross/Enter at Intersection,NO IMPROPER ACTIONS,ON ROADWAY AT CROSSWALK,No,POSSIBLE INJURY,N/A,39.19734167,-77.25220833,"(39.19734167, -77.25220833)"
MCP2800001W,15013639,Montgomery County Police,Injury Crash,03/24/2015 05:15:00 PM,Maryland (State),OLD GEORGETOWN RD,LONE OAK DR,,N/A,PEDESTRIAN,OTHER,CLEAR,DRY,DAYLIGHT,TRAFFIC SIGNAL,UNKNOWN,NONE DETECTED,E08F5CF5-3018-47C0-A751-4089663C4FDE,PEDESTRIAN,Cross/Enter at Intersection,NO IMPROPER ACTIONS,ON ROADWAY AT CROSSWALK,,POSSIBLE INJURY,N/A,39.02067667,-77.122255,"(39.02067667, -77.122255)"
MCP9301004L,230050284,Montgomery County Police,Injury Crash,08/19/2023 08:00:00 PM,Maryland (State),W DIAMOND AVE,BUREAU DR,,GAITHERSBURG,BICYCLIST,OTHER,N/A,DRY,DARK LIGHTS ON,TRAFFIC SIGNAL,N/A,N/A,F03757DD-014A-4723-852E-9187E9283F26,BICYCLIST,Walking/Riding against Traffic,IN ROADWAY IMPROPERLY,ON ROADWAY AT CROSSWALK,Yes,SUSPECTED MINOR INJURY,NONE,39.14180941,-77.21738014,"(39.14180941, -77.21738014)"
MCP3059003G,180063871,Montgomery County Police,Injury Crash,12/21/2018 07:00:00 PM,,,,PARKING LOT OF 13615 GEORGIA AVE,,PEDESTRIAN,OTHER,CLEAR,,DUSK,N/A,UNKNOWN,NONE DETECTED,F683236B-C907-44F5-AAC6-A26AF23F65AB,PEDESTRIAN,Walking/Cycling on Sidewalk,NO IMPROPER ACTIONS,SIDEWALK,No,POSSIBLE INJURY,N/A,39.07891152,-77.07230682,"(39.07891152, -77.07230682)"
MCP2667006J,190048595,Montgomery County Police,Injury Crash,10/10/2019 05:30:00 AM,County,OAKMONT AVE,RAILROAD ST,,N/A,PEDESTRIAN,OTHER,CLEAR,DRY,DARK NO LIGHTS,N/A,NONE DETECTED,NONE DETECTED,0A39FED6-93C6-4BED-BE1F-33D8E18D9C0C,PEDESTRIAN,Standing,IN ROADWAY IMPROPERLY,ON ROADWAY NOT AT CROSSWALK,Yes,SUSPECTED SERIOUS INJURY,NONE,39.13180626,-77.17504441,"(39.13180626, -77.17504441)"
MCP32790011,220004942,Montgomery County Police,Injury Crash,02/04/2022 10:43:00 PM,County,RANDOLPH RD,BENNION RD,,N/A,PEDESTRIAN,HEAD ON,CLEAR,DRY,DARK NO LIGHTS,N/A,NONE DETECTED,NONE DETECTED,4924D8BA-ACDF-4FCB-81B7-0D43672955CE,PEDESTRIAN,Getting off/on Vehicle,IN ROADWAY IMPROPERLY,ON ROADWAY NOT AT CROSSWALK,Yes,SUSPECTED SERIOUS INJURY,N/A,39.05491713,-77.08482227,"(39.05491713, -77.08482227)"
MCP3259005B,240052498,MONTGOMERY,Injury Crash,11/01/2024 03:15:00 PM,County Route,SANGAMORE RD,OVERLEA RD,,,Cyclist (non-electric),Single Vehicle,Clear,Dry,Daylight,Traffic Control Signal,"Not Suspect of Alcohol Use, Not Suspect of Drug Use","Not Suspect of Alcohol Use, Not Suspect of Drug Use",B127772C-F84B-4D67-BDD2-E6B8A1911719,Cyclist (non-electric),Walking/Cycling Along Roadway With Traffic (In or Adjacent to Travel Lane),"Inattentive (Talking, Eating, etc.)",Shoulder/Roadside,No,Suspected Minor Injury,Helmet,38.95212763,-77.12044744,"(38.95212763, -77.12044744)"
MCP2177004H,20032118,Montgomery County Police,Injury Crash,08/17/2020 02:45:00 PM,,,,PAVED DRIVEWAY OF 14031 GEORGIA AVENUE,,BICYCLIST,STRAIGHT MOVEMENT ANGLE,CLOUDY,,DAYLIGHT,NO CONTROLS,N/A,N/A,C3442C57-C500-476F-BAB2-C9A1499AD424,BICYCLIST,Walking/Cycling on Sidewalk,WRONG WAY RIDING OR WALKING,OTHER,Yes,SUSPECTED MINOR INJURY,NONE,39.08497348,-77.07818107,"(39.08497348, -77.07818107)"
MCP3201003M,230003047,Montgomery County Police,Injury Crash,01/19/2023 12:01:00 PM,County,MIDDLEBROOK RD,CROSSRIDGE DR,,N/A,PEDESTRIAN,SINGLE VEHICLE,CLOUDY,WET,DAYLIGHT,STOP SIGN,NONE DETECTED,NONE DETECTED,E47690DB-0967-403B-9456-9E3F3709FB90,PEDESTRIAN,Cross/Enter at Intersection,NO IMPROPER ACTIONS,ON ROADWAY AT CROSSWALK,No,POSSIBLE INJURY,NONE,39.174774,-77.259127,"(39.174774, -77.259127)"
MCP2864001H,15065163,MONTGOMERY,Injury Crash,12/20/2015 07:34:00 PM,Maryland (State),ROCKVILLE PIKE,HALPINE RD,,ROCKVILLE,PEDESTRIAN,OTHER,CLEAR,DRY,DARK LIGHTS ON,TRAFFIC SIGNAL,NONE DETECTED,NONE DETECTED,E8D5A850-15C1-405B-9CD7-7EDFA294EAC3,PEDESTRIAN,Cross/Enter at Intersection,NO IMPROPER ACTIONS,ON ROADWAY AT CROSSWALK,No,SUSPECTED MINOR INJURY,NONE,39.06229667,-77.1241,"(39.06229667, -77.1241)"
MCP31630085,250000880,MONTGOMERY,Injury Crash,01/07/2025 07:00:00 PM,County Route,ARLINGTON RD,,,,Pedestrian,Single Vehicle,Clear,Wet,Dark - Lighted,Traffic Control Signal,"Unknown, Unknown","Not Suspect of Alcohol Use, Not Suspect of Drug Use",F72E5564-0C6F-486A-BF2E-8DFC39678E69,Pedestrian,Cross/Enter at Intersection,None (No Improper Action),Intersection Marked Crosswalk,No,Suspected Minor Injury,None,38.97802135,-77.09870974,"(38.97802135, -77.09870974)"
MCP3163005V,230054916,Montgomery County Police,Injury Crash,09/14/2023 06:49:00 PM,County,ASHLEY DR,CREEK SHORE DR,,N/A,PEDESTRIAN,STRAIGHT MOVEMENT ANGLE,CLEAR,DRY,DAYLIGHT,N/A,N/A,N/A,A88FDE59-B28B-4EEA-9738-1A1BCC16258E,PEDESTRIAN,Playing,DART DASH,ON ROADWAY NOT AT CROSSWALK,Yes,POSSIBLE INJURY,NONE,39.04202183,-77.09122733,"(39.04202183, -77.09122733)"
MCP12510018,170543897,Montgomery County Police,Injury Crash,11/20/2017 02:14:00 PM,County,DUFIEF MILL RD,TRAVILAH RD,,N/A,BICYCLIST,SAME DIR REAR END,CLEAR,DRY,DAYLIGHT,NO CONTROLS,NONE DETECTED,NONE DETECTED,6A718394-A609-4378-9019-0F7DC219870F,BICYCLIST,Walking/Riding w/Traffic,NO IMPROPER ACTIONS,SHOULDER,No,SUSPECTED MINOR INJURY,MC/BIKE HELMET,39.08093667,-77.25052833,"(39.08093667, -77.25052833)"
MCP3040003F,190019668,Montgomery County Police,Injury Crash,04/26/2019 10:00:00 PM,,,,DRIVEWAY OF 23001 HOWARD CHAPEL RD,,PEDESTRIAN,N/A,CLEAR,,DARK NO LIGHTS,N/A,N/A,N/A,98711C8C-DD35-4B0E-A47A-75C4C5151DB6,PEDESTRIAN,Other,NO IMPROPER ACTIONS,OTHER,No,POSSIBLE INJURY,N/A,39.23350333,-77.07254667,"(39.23350333, -77.07254667)"
EJ78530024,17007184,Gaithersburg Police Depar,Injury Crash,02/12/2017 06:30:00 AM,,,,"408 N. FREDERICK AVE. GAITHERSBURG, MARYLAND 20877",,PEDESTRIAN,OTHER,N/A,,N/A,NO CONTROLS,N/A,NONE DETECTED,666DEC13-F939-4F91-B1C1-7F1C5B0701F3,PEDESTRIAN,Standing,OTHER,OTHER,No,POSSIBLE INJURY,NONE,39.139945,-77.19556833,"(39.139945, -77.19556833)"
MCP3254003F,230056238,Montgomery County Police,Injury Crash,09/28/2023 07:26:00 AM,Municipality,FIRSTFIELD RD,SPUR TO QUINCE ORCHARD BLVD,,N/A,BICYCLIST,SAME DIRECTION RIGHT TURN,CLEAR,DRY,DAYLIGHT,UNKNOWN,UNKNOWN,NONE DETECTED,0CF8C92B-507B-4909-9771-71A456855ABD,BICYCLIST,Walking/Riding w/Traffic,NO IMPROPER ACTIONS,ON ROADWAY NOT AT CROSSWALK,No,SUSPECTED SERIOUS INJURY,MC/BIKE HELMET,39.14253641,-77.22448063,"(39.14253641, -77.22448063)"
MCP3089001P,180041729,Montgomery County Police,Injury Crash,08/22/2018 08:00:00 AM,County,THAYER AVE,FENTON ST,,N/A,BICYCLIST,OTHER,N/A,DRY,DAYLIGHT,TRAFFIC SIGNAL,N/A,N/A,9AECDAB3-4C7B-4385-9509-F4CDF0168527,BICYCLIST,Walking/Riding w/Traffic,NO IMPROPER ACTIONS,SHOULDER,No,SUSPECTED MINOR INJURY,N/A,38.99449667,-77.03050833,"(38.99449667, -77.03050833)"
MCP2635006F,200036642,Montgomery County Police,Injury Crash,09/18/2020 04:40:00 PM,County,BROOKEVILLE RD,ZION RD,,N/A,BICYCLIST,STRAIGHT MOVEMENT ANGLE,CLEAR,DRY,DAYLIGHT,STOP SIGN,N/A,N/A,207482C3-3A54-4593-9508-80065812DCF8,BICYCLIST,Cross/Enter at Intersection,FAILURE TO OBEY TRAFFIC SIGNS SIGNALS OR OFFICER,AT INTERSECTION BUT NO CROSSWALK,Yes,SUSPECTED MINOR INJURY,MC/BIKE HELMET,39.1849163,-77.1008186,"(39.1849163, -77.1008186)"
MCP3060002M,190052561,Montgomery County Police,Injury Crash,11/01/2019 06:45:00 AM,County,WARREN ST,SEMINARY RD,,N/A,PEDESTRIAN,OTHER,CLEAR,DRY,DAWN,STOP SIGN,N/A,N/A,850D73F2-5F47-42E6-88C2-BC8FC6E57ED4,PEDESTRIAN,Getting off/on Vehicle,DART DASH,UNKNOWN,Yes,SUSPECTED MINOR INJURY,NONE,39.01062627,-77.04841232,"(39.01062627, -77.04841232)"
MCP0617006Z,250027478,MONTGOMERY,Injury Crash,06/19/2025 01:00:00 PM,,,,Parking Lot Way        PARKING LOT OF 12028 CHERRY HILL RD SILVER SPRING MD (GIANT FOOD),,Pedestrian,Single Vehicle,Clear,,Daylight,,"Unknown, Unknown","Unknown, Unknown",7748D664-D24A-4507-BDEA-1E2481C55957,Pedestrian,None,None (No Improper Action),Other,No,Possible Injury,None,39.05467611,-76.95587864,"(39.05467611, -76.95587864)"
MCP2789003N,170521502,Montgomery County Police,Injury Crash,07/27/2017 05:07:00 PM,County,THAYER AVE,MAYOR LA,,N/A,PEDESTRIAN,SINGLE VEHICLE,CLEAR,DRY,DAYLIGHT,NO CONTROLS,N/A,N/A,5E583374-03F8-4A27-82CD-B56A268FE257,PEDESTRIAN,Cross/Enter not at Intersection,NOT VISIBLE,ON ROADWAY NOT AT CROSSWALK,Yes,POSSIBLE INJURY,NONE,38.99309167,-77.025915,"(38.99309167, -77.025915)"
MCP3410000W,240061814,MONTGOMERY,Injury Crash,12/27/2024 08:45:00 PM,Maryland (State) Route,NEW HAMPSHIRE AVE,,,,Occupant of Motor Vehicle Not in Transport,Front to Rear,Clear,Dry,Dark - Not Lighted,No Controls,"Not Suspect of Alcohol Use, Not Suspect of Drug Use","Not Suspect of Alcohol Use, Not Suspect of Drug Use",946D7901-5279-4140-BB77-5E848631930B,Occupant of Motor Vehicle Not in Transport,Standing,"Disabled Vehicle-Related (Working on, Pushing, Leaving/Approaching)",Shoulder/Roadside,No,Suspected Serious Injury,None,39.168932,-77.016897,"(39.168932, -77.016897)"
DM84790024,250023088,TAKOMA,Injury Crash,05/24/2025 07:59:00 PM,Maryland (State) Route,CARROLL AVE,FLOWER AVE,,,Cyclist (Electric),Single Vehicle,Clear,Dry,Daylight,Traffic Control Signal,"Not Suspect of Alcohol Use, Not Suspect of Drug Use","Not Suspect of Alcohol Use, Not Suspect of Drug Use",AE147615-2C08-43D5-8581-794C2F6CD885,Cyclist (Electric),Cross/Enter at Intersection,"Failure to Obey Traffic Signs, Signals, or Officer, Failure to Yield Right-Of-Way",Intersection Marked Crosswalk,Yes,Suspected Minor Injury,None,38.98479604,-76.99852955,"(38.98479604, -76.99852955)"
MCP1453007W,190051042,Montgomery County Police,Injury Crash,10/24/2019 06:05:00 AM,Maryland (State),CLOPPER RD,ENT TO BUSINESS,,N/A,PEDESTRIAN,SINGLE VEHICLE,CLOUDY,DRY,DARK LIGHTS ON,NO CONTROLS,NONE DETECTED,NONE DETECTED,616FEABB-ECDF-4340-A058-41344BC1F094,PEDESTRIAN,Cross/Enter at Intersection,NO IMPROPER ACTIONS,AT INTERSECTION BUT NO CROSSWALK,No,SUSPECTED MINOR INJURY,N/A,39.15657,-77.26578333,"(39.15657, -77.26578333)"